context,hin_Deva
"A uniform is often viewed as projecting a positive image of an organisation. Maintaining personal hygiene is also an important aspect of personal appearance and dressing. An appearance is a bunch of attributes related with the service person, like their shoes, clothes, tie, jewellery, hairstyle, make-up, watch, cosmetics, perfume, etc.","सेवा संबंधी लोगों के लिए भेष कई गुणों का संयोजन है, जैसे कि उनके जूते, कपड़े, टाई, आभूषण, केश शैली, मेक-अप, घड़ी, कॉस्मेटिक, इत्र, आदि।"
"Ajanta, located in Aurangabad District of Maharashtra has twenty-nine caitya and vihara caves decorated with sculptures and paintings from the first century B.C.E. to the fifth century C.E. Outward projections of the figures, clearly defined and rhythmic lines are used in the Ajanta paintings. Body colour gets merged with the outer line creating the effect of volume. The figures are heavy like the sculptures of western India.",महाराष्ट्र के औरंगाबाद जिले में स्थित अजंता में उन्तीस चैत्य और विहार गुफाएँ हैं जो पहली शताब्दी ई.पू. से ले कर पाँचवीं शताब्दी ईस्वी तक की मूर्तियों तथा चित्रकारियों से सुसज्जित हैं।
"Ajanta, located in Aurangabad District of Maharashtra has twenty-nine caitya and vihara caves decorated with sculptures and paintings from the first century B.C.E. to the fifth century C.E. Outward projections of the figures, clearly defined and rhythmic lines are used in the Ajanta paintings. Body colour gets merged with the outer line creating the effect of volume. The figures are heavy like the sculptures of western India.","विस्तार का असर बनाते हुए, शरीर का रंग बाहरी रेखा में घुल-मिल जाता है।"
"Ashoka got erected many monolithic pillars of sandstone, 30 to 40 feet high, crowned by animal figures like the bull, lion and elephant, inscribed with the ideas of morality, humanity and piety, which he wished his people to follow. Ashoka started making extensive use of stone for sculptures and great monuments whereas the previous tradition consisted of working with wood and clay. Famous Ashokan pillars are from Lauriya Nandangarh in Bihar, Sanchi and Sarnath.","अशोक ने व्यापक रूप से मूर्तियों और शानदार स्मारकों को बनाने के लिए पत्थर का प्रयोग करना शुरू किया, जबकि उससे पहले पारंपरिक रूप से लकड़ी और मिट्टी का प्रयोग किया जाता है।"
"Batata means potato in Portuguese. Potatoes mixed in masalas, coated in besan batter and deep fried to perfection form this delicious and famous dish of Maharashtra. It is served hot with chutney.","महाराष्ट्र के इस स्वादिष्ट और प्रसिद्ध व्यंजन में आलुओं में मसाले को मिलाकर, बेसन के घोल की परत लगाकर, उसे अच्छी तरह से तल कर बनाया जाता है।"
"Chettinad cuisine is the cuisine of a community called the Nattukotai Chettiars, or Nagarathars as they call themselves, from the Chettinad region of Tamil Nadu state. Chettiars use a variety of sun dried meats and salted vegetables, reflecting the dry environment of the region. Most of the dishes are eaten with rice and rice based accompaniments.",चेट्टिनाड भोजन तमिल नाडु के चेट्टिनाड क्षेत्र के नाट्टूकोटाई चेट्टियार नामक समुदाय या खुद को नागारथार कहने वालों का भोजन है।
"Cinnamon is a spice derived from the bark of an evergreen tree. Cinnamon is native to India and as such, its uses range from that of a flavoring agent to a medicinal agent. Cinnamon stick is used in Indian cooking for the preparation of Pulao (also spelled Pilaf at times), Biryanis and certain curries.",दालचीनी मूल रूप से भारत की है और इस रूप में इसका प्रयोग स्वादिष्टकारक से लेकर औषधीय कारक के रूप में किया जाता है।
"Dry roast the cloves, cinnamon stick, cumin seeds, fennel, pepper corns, whole dry red chilies, coriander seeds and cashew nuts. Make this into powder with dry grinder or in stone pestle. Add this ground powder, salt the ginger garlic paste with the mutton marinate for hour.",सूखे ग्राइंडर में या फिर पत्थर के मूसल में इसका चूर्ण बना लें।
"Each city in Punjab has varied preference like people in Amritsar are particularly fond of Amritsari kulche, stuffed paranthas and milk products. In the preparation of Punjabi food, onion, ginger and garlic are used extensively to enhance the taste of the food. The spice content ranges from minimal to pleasant to high.","पंजाब के हर शहर की अपनी पसंद है, जैसे कि अमृतसर के लोग विशेष रूप से अमृतसरी कुलचे, भरवां पराठें और दूध के उत्पाद पसंद करते हैं।"
"Failing, you will lose the merit of all your great gifts and deeds. Send Rama with the sage, and send Lakshmana too. You need have no fear for their safety, When they are protected by Viswamitra, no Rakshasa can hurt them.","राम को ऋषि के साथ भेज दो, और लक्ष्मण को भी भेज दो।"
"He also said that he had no personal malice against the officers whom he shot. If there has been any personal malice, Mangal Pandays name would have been in the list of assassins and not of martyrs. But Mangal Pandays brave deed was done through devotion to a high and noble principle.",परंतु मंगल पांडे ने यह साहसिक कारनामा एक ऊँचे और श्रेष्ठ सिद्धांत के प्रति समर्पण के लिए किया।
"Heat the oil in a pressure cooker and add the onions. Fry the onions till they translucent. Once the onions are translucent, add the marinated mutton with turmeric powder and saute for sometime till all the spices are absorbed in the mutton about 5-6 minutes.",प्याज जब पारभासी हो जाए तो उसमें मसालों के मिश्रण में कुछ समय से रखे गए मांस और पिसी हल्दी डाल कर 5-6 मिनट तक हल्का-सा तलते रहें जब तक कि मांस सभी मसालों को सोख न ले।
"Hitopadesa is a book of worldly wisdom presented through the characters of birds, animals and humans. The purpose of the book appears to encourage proficiency in Sanskrit expression and the knowledge of wise behaviour. The stories are elaborate, ending with moral messages.","हितोपदेश एक पुस्तक है जिसमें सांसारिक ज्ञान पक्षियों, पशुओं, और मनुष्यों के चरित्रों के माध्यम से प्रस्तुत किया गया है।"
"Hitopadesa is a book of worldly wisdom presented through the characters of birds, animals and humans. The purpose of the book appears to encourage proficiency in Sanskrit expression and the knowledge of wise behaviour. The stories are elaborate, ending with moral messages.",ऐसा प्रतीत होता है कि पुस्तक का उद्देश्य संस्कृत अभिव्यक्ति में प्रवीणता और विवेकपूर्ण व्यवहार के ज्ञान को प्रोत्साहित करना है।
"In 1989 when there was a roaring movement for celebration of 300 years of Calcutta some eminent personalities of Howrah framed a society titled 'Howrah Jela Itihas Pranayan, Unnayan 0 Smarak Samity' and Asitbabu became the President of this Society. The main purpose of the Samity was to pen down a complete history of Howrah, the twin city of Kolkata. Professor Asitkumar Bandyopadhyay played pioneering role in compiling the complete history of his hometown Howrah titled as Howrah Saharer Itibrrito (First and Second Volume) in 1994 & 1995.","प्रोफेसर असितकुमार बन्दोपाध्याय ने 1994 और 1995 में अपने गृह-नगर, हावड़ा के संपूर्ण इतिहास को हावड़ा शहरेर इतिवृत्त (पहला और दूसरा खंड) नाम से संकलित करने में महत्वपूर्ण भूमिका निभाई है।"
"In western India, many Buddhist caves dating back to the second century B.C.E. onward have been excavated. These include Bhaja, Kanheri, Karla, Ajanta, Ellora, Bedasa, Nashik, Junnar, Pitalkhora, etc. The front of the caitya hall is dominated by the motif of a semi-circular caitya arch with an open front which has a wooden facade and, in some cases, there is no dominating caitya arch window.",चैत्य के सभागृह में सामने की ओर अर्ध-वृत्ताकार चैत्य चाप रूपांकित है जिसका सामने का हिस्सा खुला है जहां पर लकड़ी का भवनमुख है और किसी-किसी में मुख्य चैत्य चाप वाली खिड़की नहीं है।
India has very rich culinary heritage that is embedded in its thousands of years of history. Generations of 'maharaj' and 'khansamas' (as expert chefs have traditionally been called in India) have perfected the recipes over centuries and these recipes have passed through oral tradition over thousands of years. These are not only mouthwatering savories but usually based on strong foundations of wholesome food relevant to the local people in different seasons.,महाराजों और खानसामों (जैसा कि कुशल रसोइयों को परंपरागत रूप से भारत में कहा जाता है) की पीढ़ियों ने सदियों से इन पाक-विधियों को परिपूर्ण कर दिया है और अब ये पाक-विधियाँ सहस्रों वर्षों में मौखिक परमपरा के माध्यम से आगे बढ़ती आई हैं।
"It is considered sacrilege to serve any dishes based around pulses or lentils during this feast. The traditional number of courses for the wazwan is thirty-six, though there can be fewer. The preparation is traditionally done by a vasta waza, or head chef, with the assistance of a court of wazas, or chefs.","पारंपरिक रूप से रसोइयों के दल की सहायता से तैयारी वास्ता वाज़ा, या प्रधान रसोइये द्वारा की जाती है।"
"Pav Bhaji: It is a fast food dish from Maharashtra, consisting of a thick vegetable curry (bhaji) usually prepared in butter and served with a soft bread roll (pav). The dish originated in the 1850s as a fast lunchtime dish for textile mill workers in Mumbai but later gained massive popularity. It is now offered at outlets from simple hand carts to formal restaurants in India and abroad.","पाव भाजी: यह महाराष्ट्र का एक फास्ट फूड व्यंजन है, जिसमें सब्जियों का गाढ़ा मिश्रण होता है जिसे सामान्यतया मक्खन में पकाया जाता है और एक नर्म ब्रेड रोल (पाव) के साथ परोसा जाता है।"
"Poet-saints who produced literary masterpieces include Chaitanyadeva in Bengali, Surdas in Hindi, Mira Bai in Rajasthani, Jnaneshwar in Marathi and Narsinha Mehta in Gujarati. The contribution of women writers needs special mention. The Kashmiri compositions of Lal Ded and Habba Khatoon are known for their mystical flavour and intense agony of expression, Mirabais compositions in Rajasthani is known for a unique devotional quality, Andals mysticism in Tamil and Akka Mahadevis vachanas in Kannnada are testimonies to the great contribution of women to literature of the time.","हब्बा खातून और लल्ल-द्यद की कश्मीरी रचनाएं उनके आध्यात्मिक अंदाज़ और गहन भावनाओं की अभिव्यक्ति के लिए जानी जाती हैं, राजस्थान में मीराबाई की रचनाएं उनकी अद्वितीय भक्ति के लिए लोकप्रिय हैं, तमिल में आण्डाल का गूढ़ ज्ञान तथा कन्नड़ में अक्का महादेवी के वचन उस समय के साहित्य में महिलाओं के व्यापक योगदान के प्रमाण हैं।"
"The Bagh Caves, consisting of Buddhist mural paintings, are located 97 km from Dhar district of Madhya Pradesh. These rock-cut cave monuments are not natural but were carved over a period of time during the Satvahana period. The Bagh caves, like those at Ajanta, were excavated on a perpendicular sandstone rock face of a hill across the seasonal stream of Baghani.","बाघ गुफाएं, जिनमें बौद्ध भित्ति चित्र बने हुए हैं, मध्य प्रदेश के धार ज़िले से 97 कि.मी. की दूरी पर स्थित हैं।"
"The Hindi terms for the root are mula and pada. The usual meaning of the word mula in Sanskrit literature is the root of a plant or tree; but figuratively the foot or lowest part or bottom of anything. Its other meanings are basis, foundation, cause, origin, etc.","संस्कृत साहित्य में मूल शब्द का सामान्य अर्थ है किसी पौधे या वृक्ष की जड़, किंतु लाक्षणिक रूप में, यह किसी भी वस्तु का निचला हिस्सा या तल हो सकता है।"
The Indus Valley Civilisation or Harrapan civilisation spreads across in India extensively. It spread from Alamgirpur in western Uttar Pradesh (in the East) to Sutkagendor in Makaran and Bhagatrav in South Gujarat (in the West) and from Gumla and Ropar (in the North) to Daimabad in Maharastra (in the South). Indus Valley Civilisation is known for its technological knowledge in variety of fields.,सिंधु घाटी सभ्यता विभिन्न क्षेत्रों में अपने तकनीकी ज्ञान के लिए जानी जाती है।
"The battle rages for eighteen days and ends with the defeat of the Kauravas. All the Kauravas die; only the ve Pandava brothers and Krishna survive. The six set out for heaven together, but all die on the way, except Yudhishthira, who reaches the gates of heaven accompanied only by a small dog, who turns out to be an incarnation of the god Dharma.",सभी कौरव मर जाते हैं; केवल पाँच पांडव भाई और कृष्ण जीवित बचते हैं।
"The battle rages for eighteen days and ends with the defeat of the Kauravas. All the Kauravas die; only the ve Pandava brothers and Krishna survive. The six set out for heaven together, but all die on the way, except Yudhishthira, who reaches the gates of heaven accompanied only by a small dog, who turns out to be an incarnation of the god Dharma.",युद्ध अठारह दिनों तक चलता रहता है और कौरवों की पराजय के साथ समाप्त होता है।
"The central story of the Mahabharata is a conict over succession to the throne of Hastinapura, a kingdom just north of modern Delhi that was the ancestral realm of a tribe most commonly known as the Bharatas. (India was at that time divided amongst many small, and often warring, kingdoms.) The struggle is between two groups of cousins, the Pandavas, or sons of Pandu, and the Kauravas, or descendants of Kuru. Because of his blindness, Dhritarashtra, the elder brother of Pandu, is passed over as king, the throne going instead to Pandu.","महाभारत की केंद्रीय कथा हस्तिनापुर के सिंहासन पर उत्तराधिकार के लिए संघर्ष की कहानी है, एक ऐसा राज्य जो आधुनिक दिल्ली के ठीक उत्तर में है और जो भरत नाम से जानी जाने वाली एक जनजाति का पैतृक क्षेत्र है।"
"The number of vegetarians exceed the number of non-vegetarians in Karnataka; therefore, their cuisine mainly consists of vegetarian dishes. The food of Karnataka is the mildest of all. Lunch is mostly served on a plantain leaf.",कर्नाटक में शाकाहारी लोगों की संख्या मांसाहारी लोगों से अधिक है; इसलिए उनके भोजन में मुख्य रूप से शाकाहारी व्यंजन होते हैं।
"The rst is that the Gita is a conversation within a conversation. Dhritarashtra begins it by asking a question, and that is the last we hear out of him. He is answered by Sanjaya, who relates what is happening on the battle eld.","उन्हें संजय से, जो उन्हें बता रहा है कि युद्ध के मैदान में क्या हो रहा है, उत्तर मिलता है।"
"The two epics found in Tamil are Cilapathikaram and Manimekalai. Regarded as one of the great works of Tamil literature, the Silappadikaram is a poetic rendition with details of Tamil culture; its varied religions; its town plans and city types; the mingling of different people; and the arts of dance and music. Manimekalai is composed by the poet Chithalai Chathanar.",तमिल में मिलने वाले दो महाकाव्य सिलप्पदिकारम् और मणिमेकलै हैं।
The use of chilli powder in this region is done cautiously. They make a liberal use of palm sugar or brown sugar. Udupi food forms part of the cuisine of Karnataka,इस क्षेत्र में मिर्च के पाउडर का उपयोग सावधानी से किया जाता है।
"The word Yoga is derived from the Sanskrit root Yuj, meaning to join or to yoke or to unite. As per Yogic scriptures, the practice of Yoga leads to the union of an individual consciousness with that of the universal consciousness indicating a perfect harmony between the body and mind, human and nature. According to modern scientists, everything in the universe is just a manifestation of the same quantum firmament.","योग शब्द संस्कृत की युज् धातु से निकला है, जिसका अर्थ है जोड़ना या जोतना या सम्मिलित करना।"
"Tne Odissi dance form takes its name from the state of its origin, Odisha. It is approximately 60 years ago that Odissi, took its present form as seen today. Todays Odissi has evolved from the endless sculptures in various motifs carved on the temple walls of Orissa.",आज का ओड़िसी उड़ीसा के मंदिरों की दीवारों पर विभिन्न रूपांकनों में उत्कीर्ण अनगिनत प्रतिमाओं से विकसित हुआ है।
"Vasishtha now turned to the King and spoke gently: ""It ill becomes you, King, to refuse having promised once"". Born in the Ikshvaku line, you cannot do it. Having once said, 'I will do', you have no option but to do it.","वशिष्ठ अब राजा की ओर घूमे और धीरे से बोले: ""राजा , आपको शोभा नहीं देता कि आपने जिस चीज़ का एक बार वचन दिया था उससे आप मुकर जाएं।"
"When Arjuna refuses to ght, Krishna has no patience with him. Only when he realizes the extent of Arjunas despondency does Krishna change his attitude and start teaching the mysteries of dharmic action in this world. He introduces Arjuna to the structure of the universe, the concepts of prakriti, primordial nature, and the three gunas, the properties that are active in prakriti.","केवल तब जब उनको अर्जुन की हताशा की हद समझ में आई, कृष्ण ने अपना रवैया बदला और दुनिया में धार्मिक संघर्षों के रहस्य को सिखाना शुरू किया।"
"You may begin by adding a spoonful of grated coconut into the cylindrical container, followed by the well mixed rice flour. As you add the rice flour into the container, in between, you may also add small quantities of grated coconut. Make sure that the cylinder is just fully filled and now you may place it on the Puttu Kudam after covering the top portion of the cylinder.","जैसे-जैसे आप पात्र में चावल का आटा डाल रहे हों, बीच-बीच में आप कम मात्रा में घिसा हुआ नारियल भी डालें।"
"You may begin by adding a spoonful of grated coconut into the cylindrical container, followed by the well mixed rice flour. As you add the rice flour into the container, in between, you may also add small quantities of grated coconut. Make sure that the cylinder is just fully filled and now you may place it on the Puttu Kudam after covering the top portion of the cylinder.","आप बेलनाकार पात्र में एक चम्मच-भर कद्दूकस किया हुआ नारियल मिला कर शुरू कर सकते हैं, जिसके बाद अच्छी तरह मिश्रित चावल का आटा उसमें मिला दें।"
"maharajaranjitsinghsendowmentsawtheconstructionofabeautifulgurudwaraatnandedaround1835a.d.thegurudwarafeaturesanimposinggoldendomewithintricatecarvingandabreathtakinggurudwara.maharashtra,likeotherstatesofindia,hasitsownfolkmusic.thefolkmusicalprogrammelikegondhal,lavani,bharud,powadastandspopularespeciallyinruralareas.",महाराजा रणजीत सिंह के दान के कारण 1835 ई. के आस-पास नांदेड में एक सुंदर और असाधारण गुरुद्वारे का निर्माण हुआ जिसमें जटिल नक्काशी वाला एक भव्य स्वर्ण गुंबद है।
"samavedaisthecompilationoftheseselectedruchassettosvaraskeepingtheirproposedchandaorrhythmicmeters.onlythreesvarasudatta,anudattaandsvaritawereusedinsamagana.udattawasthesharppitch,anudattawasgravepitchandsvaritacombinedinitselfthecharacteristicsofboththepitches.",सामवेद इन चुनी हुई ऋचाओं का एक संग्रह है जिन्हें प्रस्तावित छंद या लयबद्ध ताल पर निर्धारित करते हुए स्वरों में व्यवस्थित किया गया है।
"tothenorthofthegangawasthegreatkingdomkosala,madefertilebytheriversarayu.itscapitalwasayodhya,builtbymanu,thefamousrulerofthesolardynasty.fromvalmiki'sdescriptionofthecapitalofkosala,itisclearthatancientayodhyawasnotinferiortoourmoderncities.",वाल्मीकि द्वारा किए गए राजधानी कोशल के वर्णन से यह सुस्पष्ट है किअयोध्या की प्राचीन राजधानी हमारे आधुनिक शहरों से किसी भी तरह से कम नहीं थी।
"vasishthanowturnedtothekingandspokegently:""itillbecomesyou,king,torefusehavingpromisedonce.bornintheikshvakuline,youcannotdoit.havingoncesaid,'iwilldo',youhavenooptionbuttodoit.","एक बार ऐसा कह देने पर कि 'मैं यह करूँगा', तुम्हारे पास इसे करने के अलावा कोई विकल्प नहीं रह जाता है।"
"A stable exchange rate is a beacon of financial and overall macroeconomic stability and market confidence. In recent days, there have been divergent views on the exchange rate of the rupee and the adequacy of our forex reserves. Let me set out the overall position once again.","हाल के वर्षों में, रुपये की विनिमय दर तथा विदेशी मुद्रा आरक्षित भंडार की पर्याप्तता पर भिन्न-भिन्न दृष्टिकोण सामने आए हैं।"
"Banks shall report a credit card account as past due to credit information companies (CICs) or levy penal charges, viz. late payment charges, etc., if any, only when a credit card account remains past due for more than three days. The number of days past due and late payment charges shall, however, be computed from the payment due date mentioned in the credit card statement.","जब कोई क्रेडिट कार्ड खाता तीन दिन से अधिक पिछला बकाया दिखाता है, केवल तभी बैंक साख सूचना कंपनियों (सी.आई.सी.) को सूचित कर सकते हैं कि इसका पिछला बकाया है या देर से भुगतान शुल्क इत्यादि जैसा जुर्माना लगा सकते हैं।"
Countries may encourage inward direct investment to improve their fnances. Firms that set up operations in host countries are subject to local tax laws and often signifcantly boost the host countrys tax revenues. Direct investment can also help a countrys balance of payments.,देश अपनी आर्थिक स्थिति में सुधार करने हेतु विदेशों से प्रत्यक्ष निवेश को बढ़ावा दे सकते हैं।
"During the pendency of the application for restructuring of the advance with the bank, the usual asset classification norms would continue to apply. The process of reclassification of an asset should not stop merely because the application is under consideration. However, as an incentive for quick implementation of the package, if the approved package is implemented by the bank within 90 days from the date of receipt of application by the bank, the asset classification status may be restored to the position which existed when the restructuring application was received by the bank.","तथापि, पैकेज के त्वरित कार्यान्वयन के लिए प्रोत्साहन के रूप में,अगर अनुमोदित पैकेज बैंक द्वारा आवेदन प्राप्त करने के 90 दिनों के भीतर कार्यान्वित किया जाता है तो आस्ति वर्गीकरण की स्थिति बैंक द्वारा पुनर्रचना का आवेदन प्राप्त करने के समय वाले स्तर पर पुनः स्थापित की जा सकती है।"
"Economic growth under capitalism may have far surpassed that of other economic systems, but inequality remains one of its most controversial attributes. Do the dynamics of private capital accumulation inevitably lead to the concentration of wealth in fewer hands, or do the balancing forces of growth, competition, and technological progress reduce inequality? Economists have taken various approaches to fnding the driver of economic inequality.","क्या निजी पूँजी संचय की गतिशीलता अनिवार्य रूप से धन के संकेन्द्रण को कुछ ही लोगों तक सीमित कर देती है, या विकास, प्रतियोगिता, तथा तकनीकी प्रगति की प्रतिकारी शक्तियों के परिणामस्वरूप असमानता कम होने लगती है?"
"First, the rupee is a freely floating currency and its exchange rate is market determined. Second, the RBI does not have any fixed exchange rate in mind. It intervenes in the market to curb excessive volatility and anchor expectations.",यह बाज़ार में अत्यधिक अस्थिरता को कम करने और स्फीति को अत्यधिक बढ़ने से रोकने के लिए हस्तक्षेप करता है।
High frequency data for Q2 indicate that economic activity remains resilient. Private consumption has been holding up. There is a sustained revival in urban demand which should get a further impetus from unfettered celebration of upcoming festivals after two and half years of living with COVID-19.,दूसरी तिमाही के उच्च आवृत्ति आँकड़े दर्शाते हैं कि आर्थिक संचालन अब भी मजबूत है।
"In macroeconomics, the subject is typically a nationhow all markets interact to generate big phenomena that economists call aggregate variables. In the realm of microeconomics, the object of analysis is a single marketfor example, whether price rises in the automobile or oil industries are driven by supply or demand changes. Te government is a major object of analysis in macroeconomicsfor example, studying the role it plays in contributing to overall economic growth or fghting infation.","समष्टि अर्थशास्त्र में, विषय विशिष्ट रूप से एक राष्ट्र होता है और इसके बाज़ार किस प्रकार से उन व्यापक घटनाओं को उत्पन्न करने में एक-दूसरे को प्रभावित करते हैं जिसे अर्थशास्त्री समग्र चर कहते हैं।"
"In ofcial statistics, the amount of money in an economy is generally measured through what is called broad money, which encompasses everything that provides a store of value and liquidity. Liquidity refers to the extent to which fnancial assets can be sold at close to full market value at short notice. Tat is, they can easily be converted into another form of money, such as cash.",चल निधि का अर्थ है किस हद तक अल्पकाल में पूरे बाजार भाव से बहुत कम अंतर पर वित्तीय संपत्ति बेची जा सकती है।
"In order to reflect a bank's actual financial health in its balance sheet and as per the recommendations made by the Committee on Financial System (Chairman Shri M. Narasimham), the Reserve Bank has introduced, in a phased manner, prudential norms for income recognition, asset classification and provisioning for the advances portfolio of the banks. Broadly, the policy of income recognition should be objective and based on record of recovery rather than on any subjective considerations.","मोटे तौर पर, आय मान्यता की नीति व्यक्तिनिष्ठ कारणों पर आधारित होने के बजाय वस्तुनिष्ठ और वसूली के विवरण पर आधारित होनी चाहिए।"
"In the case of bank finance given for industrial projects where moratorium is available for payment of interest, payment of interest becomes due only after the moratorium or gestation period is over. Therefore, such amounts of interest do not become overdue and hence NPA, with reference to the date of debit of interest. They become overdue after due date for payment of interest, if uncollected.","इसलिए, ब्याज जमा करने की तारीख के संदंर्भ में ब्याज की ऐसी राशियाँ अतिदेय नहीं रह जातीं, और परिणामस्वरूप अनर्जक आस्ति हो जाती हैं।"
"In the payments space, going forward, the focus would be on enhancing awareness about digital payments and extending the outreach of payment systems across India and beyond. Implementation of the geo-tagging framework will provide precise locations of existing payment touch points and facilitate implementation of targeted literacy programmes and intervention strategies. The possibility of linking Indias payment systems to other jurisdictions, including the ongoing initiative of interlinking Indias fast payment system - UPI - with similar systems in other jurisdictions, will enhance cross-border payment arrangements, including remittances.",भारत की सबसे त्वरित भुगतान प्रणाली - यूपीआई - को अन्य क्षेत्राधिकारों के उसी के समान भुगतान प्रणालियों से जोड़ने की जारी पहल सहित भारत की भुगतान प्रणालियों को अन्य क्षेत्राधिकार की प्रणालियों से जोड़ने की संभावना से धन के प्रेषण सहित सीमा-पार के साथ भुगतान व्यवस्थाओं में सुधार होगा।
Liquefied Natural Gas (LNG) is assuming greater importance in the energy segment as it is used to operate Power Plants and Industrial (fertilizer) Plants. Supply of LNG from source to various destinations (located in different states) through near sub-surface pipelines is techno-economically feasible and has a definite edge over other modes of transport for bulk quantity supply covering large distances. M/s.,बिजलीघरों और औद्योगिक (खाद) संयंत्रों में अपने उपयोग के कारण तरलीकृत प्राकृतिक गैस (एल.एन.जी.) ऊर्जा क्षेत्र में बहुत महत्वपूर्ण होती जा रही है।
"Marketplaces are a low-risk approach to start selling to US customers. However, while marketplaces allow you to grow sales, they do not enable you to grow a sustainable business and create your own marketable brand. Once you have established a first presence in the US, it makes sense to launch a light version of a local branded online store and focus on service and reputation building, before providing a fully functional US website, mobile experience and implementing a more aggressive and riskier marketing strategy in order to acquire new customers.","हालांकि विपणन स्थल आपको बिक्री बढ़ाने देते हैं, पर वे आपको बहुत समय तक रहने वाली कंपनी या बिक्री के योग्य ब्रांड नहीं बनाने देते।"
"Payment Aggregators (PAs) play an important role in the payments ecosystem and hence were brought under regulations in March 2020 and designated as Payment System Operators (PSOs). The current regulations are, however, applicable to Payment Aggregators processing online or e-commerce transactions. These regulations do not cover offline Payment Aggregators who handle proximity/face-to- face transactions and play a significant role in the spread of digital payments.",भुगतान के पारितंत्र में अपने महत्वपूर्ण योगदान के कारण भुगतान संग्राहकों (पी.ए.) को मार्च 2022 में नियमों के तहत कर दिया गया और उन्हें भुगतान प्रणाली संचालकों (पी.एस.ओ.) के रूप में मनोनीत किया गया।
"Payment Aggregators (PAs) play an important role in the payments ecosystem and hence were brought under regulations in March 2020 and designated as Payment System Operators (PSOs). The current regulations are, however, applicable to Payment Aggregators processing online or e-commerce transactions. These regulations do not cover offline Payment Aggregators who handle proximity/face-to- face transactions and play a significant role in the spread of digital payments.","वर्तमान विनियम, उन्हीं भुगतान समूहकों पर लागू होते हैं जो ऑनलाइन या ई-वाणिज्यिक लेन-देनों का प्रक्रमण करते हैं।"
"Ricardo observed that trade was driven by comparative rather than absolute costs (of producing a good). One country may be more productive than others in all goods, in the sense that it can produce any good using fewer inputs (such as capital and labor) than other countries require to produce the same good. Ricardos insight was that such a country would still beneft from trading according to its comparative advantageexporting products in which its absolute advantage was greatest, and importing products in which its absolute advantage was comparatively less (even if still positive).","रिकॉर्डो की अंतर्दृष्टि के अनुसार, ऐसा देश अपनी तुलनात्मक बढ़त के मुताबिक व्यापार करके, ऐसे माल का निर्यात करके जिनमें पूरा लाभ सबसे अधिक था, और ऐसा खरीद कर जिनमें यह अपेक्षाकृत कम निरपेक्ष (भले ही तब भी सकारात्मक) था, हर हाल में अंतर्राष्ट्रीय व्यापार से लाभ उठाएगा।"
"Rural demand is also gaining gradually. Investment demand is picking up and is evident from the robust growth of domestic production and import of capital goods in July and August. Bank credit grew at an accelerated pace of 16.2 per cent y-o-y as on September 9, 2022 as against 6.7 per cent a year ago.","एक साल पहले के 6.7 प्रतिशत के मुकाबले 9 सितंबर, 2022 तक बैंक साख साल-दर-साल 16.2 प्रतिशत की त्वरित गति से विकसित हुई"
"Short-term loans for raising crops, i.e. for crop loans will include traditional/non-traditional plantations, horticulture and allied activities. Medium & long-term loans for agriculture and allied activities will cover purchase of agricultural machinery, for irrigation and other developmental activities undertaken in the farm. Loans for pre-harvest and post-harvest activities cover spraying, weeding, harvesting, sorting, grading and transporting of their own farm produce.","फसल की कटाई से पहले और उसके बाद दिए जाने वाले ऋण छिड़काव, निराई, कटाई, छंटाई, वर्गीकरण और ऋषि उत्पाद के परिवहन जैसे कार्यों की लागत के लिए दिए जाते हैं।"
"Short-term loans for raising crops, i.e. for crop loans will include traditional/non-traditional plantations, horticulture and allied activities. Medium & long-term loans for agriculture and allied activities will cover purchase of agricultural machinery, for irrigation and other developmental activities undertaken in the farm. Loans for pre-harvest and post-harvest activities cover spraying, weeding, harvesting, sorting, grading and transporting of their own farm produce.",कृषि एवं उससे संबंधित संचालनों के लिए मध्यम या दीर्घकालिक ऋण खेत में सिंचाई और अन्य विकासात्मक कार्यों हेतु कृषि यंत्रों की खरीद के लिए दिए जाते हैं।
"Since the global fnancial crisis, the ofcial sector is collecting more and better information and searching for hidden vulnerabilities. Banking supervisors are examining the exposure of traditional banks to shadow banks and trying to contain it through better capital and liquidity regulationsbecause this exposure allowed shadow banks to afect the traditional fnancial sector and the economy more generally. Moreover, because many shadow banking entities were either lightly regulated or outside the purview of regulators, many authorities have expanded the scope of information reporting, and some have altered the regulatory perimeter to capture shadow-banking entities and the markets they use.",बैंकिंग निरीक्षक पारंपरिक बैंकों पर छाया बैंकों के प्रभाव की जाँच कर रहे हैं और पूंजी एवं चल निधि के लिए बेहतर विनियमन के ज़रिए इसे सीमित करने का प्रयास कर रहे हैं क्योंकि इस खुलासे से छाया बैंक पारंपरिक वित्तीय क्षेत्र तथा सामान्य तौर पर भी अर्थ व्यवस्था को प्रभावित कर पा रहे थे।
"Since the global fnancial crisis, the ofcial sector is collecting more and better information and searching for hidden vulnerabilities. Banking supervisors are examining the exposure of traditional banks to shadow banks and trying to contain it through better capital and liquidity regulationsbecause this exposure allowed shadow banks to afect the traditional fnancial sector and the economy more generally. Moreover, because many shadow banking entities were either lightly regulated or outside the purview of regulators, many authorities have expanded the scope of information reporting, and some have altered the regulatory perimeter to capture shadow-banking entities and the markets they use.",वैश्विक वित्तीय संकट के समय से आधिकारिक क्षेत्र और ज्यादा और बेहतर जानकारी एकत्रित कर रहा है और प्रच्छन्न भेद्यताएं खोज रहा है।
"Te market-clearing price is determined by the requirement that supply equal demand at that price. Demand is usually set to decline and supply to increase with price, yielding a system that moves toward the market-clearing pricethat is, equilibriumwithout intervention. Te supply-demand model can explain changes, for example, in the global equilibrium price of gold.",बाजार समाशोधन कीमत तय करने के लिए आवश्यकता होती है कि उस कीमत पर पूर्ति और माँग एक बराबर हो।
"Te standard model of supply and demand taught in introductory economics is a good example of a useful economic model. Its basic purpose is to explain and analyze prices and quantities traded in a competitive market. Te models equations determine the level of supply and demand as a function of price and other variables (for example, income).","इस प्रतिमान के समीकरण मूल्य तथा अन्य चरों (उदाहरण के तौर पर, आय) के संबंध में आपूर्ति और माँग का स्तर निर्धारित करते हैं।"
"Te trade balance is the diference between the value of exports of goods and services and the value of imports of goods and services. A trade defcit means that the country is importing more goods and services than it is exporting; a trade surplus means the opposite. Te current account balance is then the trade balance plus net factor income (such as interest and dividends from foreign investments or workers remittances) and transfers from abroad (such as foreign aid), which are usually a small fraction of the total.","फिर व्यापार संतुलन में शुद्ध कारक आय (विदेशी निवेशों या कर्मचारियों द्वारा विप्रेषित धन जैसे ब्याज और लाभांश) और विदेश से हस्तांतरणों, (जैसे विदेशी सहायता) जो प्रायः कुल राशि का एक छोटा-सा हिस्सा होते हैं, को जोड़ने पर चालू खाता शेष मिलता है।"
"Te trade balance is the diference between the value of exports of goods and services and the value of imports of goods and services. A trade defcit means that the country is importing more goods and services than it is exporting; a trade surplus means the opposite. Te current account balance is then the trade balance plus net factor income (such as interest and dividends from foreign investments or workers remittances) and transfers from abroad (such as foreign aid), which are usually a small fraction of the total.",माल निर्यात करने और सेवाओं के मूल्य में से माल आयात करने और सेवाओं के मूल्य को घटाने से प्राप्त अंतर व्यापार संतुलन है।
"The Government of India has been working continuously to make Indian MSMEs match the global standards. The constant efforts have resulted in the improvement of our ratings in the Global EoDB ranking and addressing the challenges faced by MSMEs in connecting to GVCs, said Minister of State (Independent Charge) for Micro, Small and Medium Enterprises (MSME) Shri Giriraj Singh while delivering the keynote address during the inauguration of the 15th SME Global Summit organized by the Ministry of MSME in partnership with CII, on 19 - 20 December,2018 in New Delhi. This year, the theme centered around Building Partnerships through Global Value Chains' and aimed to boost the global competitiveness of the Indian MSMEs by apprising them of the global trends, global practices and standards along with arranging experience sharing and B2B meeting with SMEs from across the globe.","राज्य मंत्री श्री गिरिजा सिंह, लघु, कुटीर एवं मध्यम उपक्रम (एम.एस.एम.ई.), (स्वतंत्र प्रभार) के अनुसार, जिन्होंने दिसंबर 19–20, 2018, को नई दिल्ली में 15वें एस.एम.ई. वैश्विक शिखर सम्मेलन के उद्घाटन में मुख्य भाषण दिया, एम.एस.एम.ई. के मंत्रालय के लगातार प्रयत्नों ने वैश्विक ई.ओ.डी.बी. के श्रेणी-क्रम में हमारी श्रेणी में सुधार किया है और जी.वी.सी से जुड़ने में एम.एस.एम.ई. को जिन मुश्किलों का सामना करना पड़ता है, उन्हें संबोधित किया है।"
"The Indian basket crude oil price was around US$ 104 per barrel in H1:2022-23. Going forward, we are now assuming it to be US$ 100 per barrel in H2:2022-23. Taking into account these factors, the inflation projection is retained at 6.7 per cent in 2022- 23, with Q2 at 7.1 per cent; Q3 at 6.5 per cent; and Q4 at 5.8 per cent, with risks evenly balanced.","इन कारकों को ध्यान में रखते हुए, मुद्रास्फीति 2022-23 में 6.7 प्रतिशत पर बने रहने पर अनुमानित है, जहां जोखिमों को समान रूप से संतुलित करते हुए दूसरी तिमाही में 7.1 प्रतिशत; तीसरी तिमाही में 6.5 प्रतिशत; और चौथी तिमाही में 5.8 प्रतिशत रहने की उम्मीद है।"
"The current account deficit (CAD) for Q1:2022- 23 is placed at 2.8 per cent of GDP with trade deficit at 8.1 per cent of GDP. Various leading indicators, including global PMIs, point to weakening of global growth momentum and downside risks to global trade. Indias import growth, though decelerating5, outpaced export growth.","भारत की आयात में वृद्धि हालांकि कम होती जा रही है, तब भी निर्यात में वृद्धि से कहीं अधिक थी।"
"The current economic discussions are heavily tilted towards balance between the social and economic performance and somewhat neglecting their interactions with the environmental performance. At present, the growth accounting is mainly focused on economic performance (growth rate, fi scal defi cit as a percentage of GDP, government debt as a per cent of GDP, tax revenue as a per cent of GDP, etc.) and social performance (poverty, inequality, level of employment, nutrition level of population, etc.). On other hand, the focus on impact of growth on environment and ecosystem services is still not considered while accounting for growth in GDP.","वर्तमान में, वृद्धि लेखा मुख्य रूप से आर्थिक प्रदर्शन (विकास दर, जी.डी.पी. के प्रतिशत के रूप में राजकोषीय घाटा, जी.डी.पी. के प्रतिशत के रूप में सरकारी कर्ज, जी.डी.पी. के प्रतिशत के रूप में कर-राजस्व, आदि) और सामाजिक प्रदर्शन (गरीबी, पक्षपात, रोजगार के स्तर, जनसाधारण के पोषण स्तर, आदि) पर केंद्रित है।"
"The current economic discussions are heavily tilted towards balance between the social and economic performance and somewhat neglecting their interactions with the environmental performance. At present, the growth accounting is mainly focused on economic performance (growth rate, fi scal defi cit as a percentage of GDP, government debt as a per cent of GDP, tax revenue as a per cent of GDP, etc.) and social performance (poverty, inequality, level of employment, nutrition level of population, etc.). On other hand, the focus on impact of growth on environment and ecosystem services is still not considered while accounting for growth in GDP.",वर्तमान आर्थिक चर्चाओं में मुख्य विषय सामाजिक और आर्थिक कार्य-प्रदर्शन के बीच संतुलन बनाए रखना है जिसमें कुछ हद तक पर्यावरणीय कार्य-प्रदर्शन के साथ इनके पारस्परिक संबंध को नज़रअंदाज़ किया गया है।
"The erosion in the fair value of the advance should be computed as the difference between the fair value of the loan before and after restructuring. Fair value of the loan before restructuring will be computed as the present value of cash flows representing the interest at the existing rate charged on the advance before restructuring and the principal, discounted at a rate equal to the bank's BPLR as on the date of restructuring plus the appropriate term premium and credit risk premium for the borrower category on the date of restructuring"". Fair value of the loan after restructuring will be computed as the present value of cash flows representing the interest at the rate charged on the advance on restructuring and the principal, discounted at a rate equal to the bank's BPLR as on the date of restructuring plus the appropriate term premium and credit risk premium for the borrower category on the date of restructuring.",पुनर्गठन के बाद ऋण के उचित मूल्य की गणना अग्रिम पर पुनर्गठन के बाद प्रभारित की गई ब्याज दर तथा पुनर्गठन की तारीख पर बैंक के बी.पी.एल.आर. की समतुल्य दर पर भुनाए गए मूलधन को दर्शाने वाले नकदी प्रवाहों के वर्तमान मूल्य तथा पुनर्गठन की तारीख को उधारकर्ता श्रेणी के लिए उचित अवधि प्रीमियम तथा ऋण जोखिम प्रीमियम के योग के रूप में की जाएगी।
"The impact of Covid-19 on debt MFs was exacerbated in March 2020 as it coincided with the tax fi ling month. The heightened volatility during Covid-19 led to redemption pressures and liquidity strains, accentuated by shallow corporate bond markets. It also led to the closure of some debt MF schemes, which sent chills across the domestic financial markets and created fears of similar winding up by other debt MFs. Subsequently, to ease the liquidity pressures and safeguard financial stability, the Reserve Bank of India had stepped in with a Special Liquidity Facility for MFs (SLF-MF) amounting to `50,000 crore, which helped in restoring confidence in the financial markets.","तदनंदर, चलनिधि संकट से उभरने के लिए एवं वित्तीय स्थायित्व को बनाए रखने के लिए, भारतीय रिज़र्व बैंक ने एमएफ (एसएलएफ-एमएफ) के लिए 50,000 करोड़ की विशेष चलनिधि सुविधा दी जिससे वित्तीय बाज़ारों में भरोसा पुनःस्थापित करने में मदद मिली।"
"The necessity of such actions is driven by their domestic considerations, but in a highly integrated global financial system, they inevitably cause negative externalities through global spillovers. The recent sharp rate hikes and forward guidance about further big rate hikes have caused a tightening of financial conditions, extreme volatility and risk aversion. All segments of the financial market including equity, bond and currency markets are in turmoil across countries.","हाल की तीव्र दर-वृद्धियों तथा अतिरिक्त विशाल दर-वृद्धियों के बारे में अग्रिम मार्गदर्शन के परिणामस्वरूप आर्थिक स्थितियाँ कस गई हैं, असाधारण अस्थिरता आई है, और लोग जोखिम उठाने के खिलाफ होते जा रहे हैं।"
"The reports of notes adjudicated by bank branches and the full value paid notes have to be remitted by all branches to the chest branches with which they have been linked and therefrom to the RBI Issue Offices concerned together with the next soiled note remittance in the manner already laid down. The half value paid notes and rejected notes, which are held by the chest branches in their cash balance, shall be packed separately with separate invoice and sent along with the full value paid notes as part of soiled remittance or sent by registered and insured post as and when required. The full value paid notes will be treated as chest remittance by the RBI Issue Office while the half value paid notes and rejected notes will be treated as notes tendered for adjudication and processed accordingly.","पूर्ण मूल्य प्रदत्त नोटों को आर.बी.आई. निर्गम कार्यालय द्वारा तिजोरी शाखाओं में विप्रेषित धन माना जाएगा, जबकि अर्ध मूल्य प्रदत्त तथा निरस्त नोट, अधिनिर्णयन हेतु प्रस्तुत किए गये नोट माने जायेंगे तथा तदनुसार उनका प्रसंस्करण किया जायेगा।"
"There has been tremendous growth in the volume of debt securities in India. A significant part of the evolution of this market-led financial intermediation system has been supported by the debt-oriented MFs, which invest in debt securities. These debt-oriented MFs subscribe to short-tenor and long-tenor securities of Government and corporates, viz., T-bills, central government securities, state development loans (SDLs), commercial papers (CPs), certificates of deposit (CDs) and corporate bonds.",भारत में ऋण प्रतिभूति के परिमाण में बहुत ज्यादा वृद्धि हुई है।
"There is nervousness in financial markets with potential consequences for the real economy and financial stability. The global economy is in the eye of a new storm. Despite this unsettling global environment, the Indian economy continues to be resilient.",अशांत वैश्विक माहौल के बावजूद भारतीय अर्थव्यवस्था स्थिति-स्थापक बनी हुई है।
"There is nervousness in financial markets with potential consequences for the real economy and financial stability. The global economy is in the eye of a new storm. Despite this unsettling global environment, the Indian economy continues to be resilient.",वित्तीय बाज़ारों में एक घबराहट सी है जिसके वास्तविक अर्थव्यवस्था और वित्तीय स्थिरता पर संभावित प्रभाव हो सकते हैं।
"Where the number of notes presented by a person is more than 5 pieces but not exceeding 5,000 in value, the tenderer shall be advised to send such notes to nearby currency chest branch by insured post giving his / her bank account details (a/c no, branch name, IFSC, etc.) or get them exchanged thereat in person. All other persons tendering mutilated notes whose value exceeds 5,000 shall be advised to approach nearby currency chest branch. Currency chest branches receiving mutilated notes through insured post shall credit the exchange value to the account of sender by electronic means within 30 days of receipt of notes.","जब दिए जाने वाले नोटों की संख्या 5 से अधिक हो और उनका कुल मूल्य 5,000 से ज्यादा हो तो नोट बदलने के लिए देने वाले व्यक्ति को सलाह दी जाती है कि वे ऐसे नोट पास की मुद्रा तिजोरी शाखा में अपने बैंक विवरण (खाता संख्या, शाखा का नाम, आई.एफ.एस.सी. इत्यादि) के साथ बीमित डाक से भेजें या फिर स्वयं मुद्रा तिजोरी शाखा जाकर नोट बदलवा लें।"
"While issuing CBDC, the central bank collects range of customer related data and, it is, therefore, essential to have defined privacy principle and data subjects rights. India presently do not have data protection law, however, in August 2017, the Supreme Court held that privacy is a fundamental right, flowing from the right to life and personal liberty under Article 21 of the Constitution. The Court also observed that privacy of personal data and facts is an essential aspect of the right to privacy and it is therefore imperative that while collecting data for issuance of CBDC, best interest of the citizens should be prioritised, only those personal identifiable data may be collected which is necessary and use these data only for the purpose for which it is collected.","न्यायालय ने इस पर भी गौर किया कि निजी जानकारी तथा तथ्यों की गोपनीयता निजता के अधिकार का एक अत्यंत महत्वपूर्ण घटक है और इसलिए सी.बी.डी.सी. के प्रकाशन के लिए जानकारी एकत्र करते समय नागरिकों के सर्वश्रेष्ठ हितों को प्राथमिकता देना अनिवार्य है, और केवल वही निजी अभिज्ञेय आँकड़े एकत्र किए जा सकते हैं जो आवश्यक हों, और जानकारी का प्रयोग सिर्फ उन उद्देश्यों के लिए हो जिनके लिए इसे प्राप्त किया गया था।"
"A cyber criminal attacks a computer or a network to reach other computers in order to disable or damage data or services. Apart from this, a cyber criminal may spread viruses and other malwares in order to steal private and confidential data for blackmailing and extortion. A computer virus is some lines of malicious code that can copy itself and can have detrimental effect on the computers, by destroying data or corrupting the system.",साइबर-अपराधी डेटा या सेवाओं को बेकार करने हेतु अन्य कंप्यूटरों तक पहुँचने के लिए किसी कंप्यूटर या नेटवर्क पर आक्रमण करता है।
All packaged and canned food items contain a very high level of sodium because of the presence of salt that is used as a preservative. If you are in the habit of adding table salt to your food you are consuming excess salt. Use of excess salt is linked with hypertension.,सभी पैक किए गए भोजनों और डिब्बाबंद भोजनों में सोडियम की बहुत अधिक मात्रा होती है क्योंकि इनमें परिरक्षा के रूप में नमक का प्रयोग किया जाता है।
"Always secure CRS safely in the vehicle or stow it in the luggage compartment if not being used. While the vehicle is in motion an unre- strained CRS could flung through the vehicle interior in the event of a sud- den braking, maneuver or an accident. This could cause injuries to the travel- ling occupants.","जिस समय वाहन गति में है उस समय अचानक ब्रेक लगाने, चलती गाड़ी में गति-परिवर्तन करने या दुर्घटना की दशा में एक अनियंत्रित सी.आर.एस. वाहन के आंतरिक भाग में घुस सकता है।"
"As he had not even two hundred and fifty men with him in the forst, the English naturally expected that the chief must have already evacuated the place. But, on that very morning, one of the white prisoners whom Narapat Singh had released came to the English camp and informed the general that he had heard Narapat Singh say that he would evacuate the fort but not until he had had his vengeance. Not until a gory fight is fought, not until one bloody defeat is inflicted will Narapat leave his fort!","लेकिन उसी सुबह, एक गोरा कैदी जिसे नरपत सिंह ने छोड़ा था, अंग्रेजों के खेमे में पहुंच गया और जेनरल को उसने सूचना दी कि उसने नरपत सिंह को कहते सुना था कि वह किले को खाली कर देगा लेकिन तब तक नहीं जब तक कि वह बदला नहीं ले लेता।"
"At this time, the greater part of the Punjab army was at Mian Mir. As the camp of Mian Mir was very near Lahore, the Lahore fort was allowed to be garrisoned purely by Sepoys. In the camp at Mian Mir, though the Sepoys outnumbered te English soldiers by four to one, the English officers had no suspicion about them until the new from Meerut arrived, and when the news did arrive they found it difficult to ascertain whether they were or were not secretly in communication with the Meerut Sepoys. At this time, the chief officer of the army of Lahore was one Robert Montgomery.","इस समय, लाहौर में सेना का मुख्य अधिकारी कोई रॉबर्ट मौंटगोमरी था।"
"At this time, the greater part of the Punjab army was at Mian Mir. As the camp of Mian Mir was very near Lahore, the Lahore fort was allowed to be garrisoned purely by Sepoys. In the camp at Mian Mir, though the Sepoys outnumbered te English soldiers by four to one, the English officers had no suspicion about them until the new from Meerut arrived, and when the news did arrive they found it difficult to ascertain whether they were or were not secretly in communication with the Meerut Sepoys. At this time, the chief officer of the army of Lahore was one Robert Montgomery.","हालांकि मियाँ मीर शिविर में अंग्रेज सैनिकों की तुलना में चार के मुकाबले एक रह कर सिपाहियों की संख्या अधिक थी, मेरठ से समाचार पहुँचने तक अंग्रेज अफसर के पास संदेह करने कोई कारण नहीं था, और जब समाचार पहुँचा, तो उन्हें यह निश्चित करने में मुश्किल हुई कि वे गुप्त रूप से मेरठ के सिपाहियों के साथ संपर्क में थे या नहीं।"
"Certain drugs serve no useful purpose; instead have adverse effects on the body. Drugs such as Marijuana, hallucinogens and tranquilisers which have an effect on the brain and drive the user into a make believe world of fantasy and provide false feelings of being free from problems. These are not only addictive but also have an adverse effect on the brain.",इनकी केवल लत ही नहीं लगती बल्कि इनका मस्तिष्क पर भी प्रतिकूल प्रभाव पड़ता है।
"Day after day, new troops were coming in on both sides. The English forces, after frequent reinforcements from the Panjab had by this time, risen to the number of seven thousand. On the other side, the regiments of Rohilkhand who had risen in revolt had reached Delhi, with Bakht Khan at their head.","दिन-प्रतिदिन, दोनों तरफ से नई टुकड़ियाँ आती जा रही थीं।"
"He also said that he had no personal malice against the officers whom he shot. If there has been any personal malice, Mangal Pandays name would have been in the list of assassins and not of martyrs. But Mangal Pandays brave deed was done through devotion to a high and noble principle.",अगर कोई भी व्यक्तिगत द्वेष होता तो मंगल पांडे का नाम शहीदों की नहीं वरन हत्यारों की सूची में होता।
"I saw the Manager and asked for a room. He eyed me for a moment, and politely saying, 'I am very sorry, we are full up', bade me good- bye. So I asked the cabman to drive to Muhammad Kasam Kamruddin's shop.","एक पल के लिए उसने मुझे देखा, और विनम्रतापूर्वक यह कहते हुए कि, 'मुझे खेद है, हमारे पास कोई खाली जगह नहीं है,' मुझे अल्विदा कह दिया।"
"In addition, we seem to have lost our aesthetic and civic sense, and carelessly litter garbage around on the roads, in the market-place, in open drains, ponds, rivers, seas, and so on. In fact, we keep throwing a lot of garbage everyday. Have you ever thought what will happen if the garbage is not removed from our homes and surroundings?",क्या आपने कभी सोचा है कि अगर हमारे घरों और आसपास के प्रतिवेश से कूड़ा न हटाया जाए तो क्या होगा?
"In recent years, the world around us has seen a lot of changes due to use of Digital Technologies. These changes have made a dramatic impact on our lives, making things more convenient, faster, and easier to handle. In the past, a letter would take days to reach, and every recipient would get his or her own copy and respond separately.",हाल के वर्षों में हमारे चारों तरफ की दुनिया में काफी परिवर्तन डिजिटल प्रौद्योगिकी के प्रयोग के कारण हुए हैं।
"In recent years, the world around us has seen a lot of changes due to use of Digital Technologies. These changes have made a dramatic impact on our lives, making things more convenient, faster, and easier to handle. In the past, a letter would take days to reach, and every recipient would get his or her own copy and respond separately.","अतीत में, एक पत्र को पहुँचने में कई दिन लग जाते थे, और हर प्राप्तकर्ता अपनी खुद की प्रति पाता था और अलग से प्रत्युत्तर देता था।"
"It is always due to some all-moving principle for which hundreds and thousands of men fight, before which thrones totter, crowns are destroyed and created, existing ideals are shattered and new ideals break forth, and for the sake of which vast masses of people think lightly of shedding sacred human blood. The moving spirits of revolutions are deemed holy or unholy in proportion as the principle underlying them is beneficial or wicked. As in private life, so also in history, the deeds of an individual or a nation are judged by the character of the motive.",क्रांतियों के मर्मस्पर्शी उत्साह को उनमें अंतर्निहित सिद्धांत के हितकारी अथवा हानिकारक होने के आधार पर पवित्र या अपवित्र माना जाता है।
"Kaba Gandhi married four times in succession, having lost his wife each time by death. He had two daughters by his first and second marriages. His last wife, Putlibai, bore him a daughter and three sons, I being the youngest.",हर बार अपनी पत्नी की मृत्यु हो जाने के कारण काबा गाँधी ने एक के बाद एक चार बार विवाह किया।
"Literature in different languages sustained the spirit of struggle for freedom from British rule. It became the social responsibility of the writers to write with a purpose of awakening people to ideas of justice, and freedom from slavery. Bankimchandra Chattopadhyaya (183894) brought out a magazine Bangadarshan to educate people on social and political issues of the time.",यह लेखकों की सामाजिक जिम्मेदारी बन गई कि वे लोगों को न्याय और गुलामी से आज़ादी की धारणा के प्रति जागरूक बनाने के लिए लिखें।
"Lord Dalhousie is described, by English historians, as one of the founders of the English Empire. This fact alone is sufficient to form an estimate of his capacity and character. In a country where unjust wars of conquest and oppression of foreign nationalities and races are universally popular, it is no wonder that those who have committed the greatest injustice and oppression are the most honoured.",केवल यह तथ्य काफी है उनकी क्षमता और चरित्र का अनुमान लगाने के लिए।
"Lord Robert says : The Rohilkhand army, having crossed the bridge of boats, began to enter the city through the Calcutta gate. We could clearly tee these thousands of Sepoys from the Ridge, entering the city with perfect discipline and drill playing martial tunes, and waving variegated flags and banners. The only force that was able to unite to some extent these different regiments in Delhi was that of love of the principle alone.",हम इन हज़ारों सिपाहियों को सामरिक धुनों की संगत में और रंग-बिरंगे झंडे और बैनर फहराते हुए पूरे अनुशासन के साथ शिखर पर से शहर में प्रवेश करते हुए स्पष्ट देख सकते थे।
"Nana Sahib and Tatia Tope were intimate friends from childhood. In childhood, these two were trained in the same school, fitted to perform the heroic deeds which they did in the great event of their later life. They had read the Ramayana and the Mahabharata together; they had read together the accounts of the war-like deeds of the Mahrattas, and their young hearts had throbbed together at the noble inspiration which the stories of Hindu heroism awoke.","उन्होंने साथ में रामायण और महाभारत पढ़ीं; साथ में मराठों के युद्ध जैसे कार्यों के वर्णन भी पढ़े, और हिंदू पराक्रम की कहानियों से उत्पन्न महान प्रेरणा से उन दोनों के युवा दिल साथ में धड़कते थे।"
"Non availability of adequate number of cloud free optical satellite datasets is a major constraint for using optical remote sensing data for agricultural applications during monsoon season. In light of this, all weather capability of RADAR, an active sensor, is an attractive option to rely upon. Microwave remote sensing techniques have all weather capability as atmosphere is transparent to microwaves at lower frequencies, penetrate clouds and are suitable for day/night operations owing to the independence of microwave sensors on Suns illumination.",पर्याप्त मात्रा में मेघ-मुक्त चाक्षुश उपग्रह डेटासेटों की अनुपलब्धता मानसून के मौसम के दौरान कृषि अनुप्रयोगों के लिए चाक्षुश सुदूर संवेदन डेटा का उपयोग करने में काफी हद तक रुकावट डालती है।
Ransomware can get downloaded when the users visit any malicious or unsecure websites or download software from doubtful repositories. Some ransomware are sent as email attachments in spam mails. It can also reach our system when we click on a malicious advertisement on the Internet.,जब हम इंटरनेट पर किसी दुर्भावनापूर्ण विज्ञापन पर क्लिक करते हैं तब यह हमारी कंप्यूटर प्रणाली में भी पहुँच सकता है।
"Seeing his cave threatened, he rushed out of the lair at Chillianwalla and, with a terrible stroke of his paw, mauled the enemy and made him bleed. But, alas ! While the lion was standing at the mouth of the cave at Chillianwalla, a traitor broke open the back-wall at Guzerat and the lion was surprised and captured.",अपनी गुफा को संकट की स्थिति में देख कर वह चिलियांवाला में अपनी माँद से बाहर की ओर भागा एवं अपने पंजे के भयंकर वार से उसने दुश्मन को क्षत-विक्षत कर लहूलुहान कर दिया।
"The Revolutionaries of Sagar and of Gwalior and bands of volunteers came and joined him. Taking them with him, Nana marched to Bithoor and threatened to attack Cawnpore. General Neill had not enough troops to march against him and so sent word to Havelock of his critical position.","उन्हें अपने साथ ले कर, नाना बिठूर को निकल गए और कानपुर पर आक्रमण करने की धमकी दी।"
The Sheth and his clerks gathered round me. I told them all that I had gone through. They were very sorry to hear it and comforted me by relating to me their own bitter experiences.,शेठ और उसके अधिकारी मुझे घेर कर खड़े हो गए।
"The West, while adopting the Greco-Roman tradition, abjured the Persian one. Post Xerxes, we have Artaxerxes, his son called Longimanus, so called because one hand was longer than the other. After him, came Xerxes II for a short while.","उसके बाद, ज़रक्सीज द्वितीय ने कुछ समय के लिए शासन किया।"
"The brothers were deeply attached to each other. My uncle would sit near my father's bed the whole day, and would insist on sleeping by his bed side after sending us all to sleep. No one had dreamt that this was to be the fateful night.",दोनों भाइयों एक-दूसरे से बहुत प्रेम करते थे।
"The first thing was to invite the rulers of Rewa and Panna (an influential ruler in Bundelkhand) to Delhi for a discussion. I felt that if they agreed to the proposal, others could be persuaded to take the same line. Both these rulers came to Delhi on 20 November and I had several discussions with them.","मुझे लगा कि अगर वे प्रस्ताव के लिए सहमत हो जाते हैं, तो अन्य लोगों को उसके लिए सहमत होने के लिए समझाया जा सकता है।"
"The most dynamic element of urban area is the various modes of transportation. Road patterns, its width and alignment can be directly identified and digitized from remote sensing data. A detailed feature/asset inventory of items like dividers, sidewalks, culverts, gutters etc can be prepared from high resolution imagery.",शहरी क्षेत्रों का सबसे गतिशील तत्व है परिवहन के विभिन्न माध्यम।
"The reason is that logging appends but installing overwrites. If an application violates this protocol by installing an update before logging it and then for some reason must abort, or the system crashes, there is no systematic way to discover the installed update and, if necessary, reverse it. The write-ahead-log protocol ensures that if a crash occurs, a recovery procedure can, by consulting the log, systematically find all completed and intended changes to cell storage and either restore those records to old values or set them to new values, as appropriate to the circumstance.","राइट-अहेड लॉग सुनिश्चित करता है कि यदि क्रैश होता है, तो लॉग की सलाह पर, पुनः प्राप्ति की प्रक्रिया व्यवस्थित रूप से सभी पूर्ण तथा नियत परिवर्तनों को सेल स्टोरेज में तलाश कर सके और परिस्थिति के अनुसार या तो उन रिकॉर्डों को पिछले मानों जैसा कर दे या नए मानों पर स्थापित कर दे।"
"The starting point is usually to employ a finer lock granularity: lock smaller objects, such as individual data records, individual pages of data records, or even fields within records. The trade-offs in gaining concurrency are first, that when there is more than one lock, more time is spent acquiring and releasing locks and second, cor rectness arguments become more complex. One hopes that the performance gain from concurrency exceeds the cost of acquiring and releasing the multiple locks.","समरूपता पाने में दुविधाएँ सबसे पहले तो ये हैं कि अगर एक से अधिक चीज़ें अवरुद्ध की गई हों तो उन तक पहुँचने और उन्हें खोलने में अधिक समय लगता है, और दूसरे, औचित्य के तर्क अधिक जटिल हो जाते हैं।"
The students should be encouraged to ask questions if they have any doubt on the procedure of the first aid in swimming. If the swimming facility is available then the life saving technique of drowning can best be practised by doing. In the classroom or physical education laboratory the students may make use of dummies.,अगर तैरने के लिए कोई सुविधा उपलब्ध हो तो डूबने से बचाने की जीवन-रक्षी तकनीक का अभ्यास वहाँ किया जा सकता है।
The students should be encouraged to ask questions if they have any doubt on the procedure of the first aid in swimming. If the swimming facility is available then the life saving technique of drowning can best be practised by doing. In the classroom or physical education laboratory the students may make use of dummies.,छात्रों को प्रश्न पूछने के लिए प्रोत्साहित किया जाना चाहिए अगर उन्हें तैरने के संबंध में प्राथमिक चिकित्सा की प्रक्रिया के बारे में कोई शंका हो।
This Robert Mortgomery and Sir John Lawrence were both trained in the school of Dalhousie. They were gifted with rare coolness and courage and could preserve their presence of mind in the midst of the most unexpected difficulties. It was necessary to find out how far the spirit of national freedom had awakened among the Punjab Sepoys.,जरूरी था यह पता लगाना कि पंजाब सिपाहियों में राष्ट्रीय स्वतंत्रता की भावना कहाँ तक जागृत हुई थी।
"This sort of sublime forgiveness was not natural to my father. I had thought that he would be angry, say hard things, and strike his forehead. But he was so wonderfully peaceful, and I believe this was due to my clean confession.",इस प्रकार की उदात्त क्षमा मेरे पिता के लिए सहज नहीं थी।
"When the Sepoys revolted on the 31 st of May and went away, Lawrence formed a splendid regiment of Sikhs and another of the most loyal Hindusthanees. The remaining division of the old Sepoy army had rebelled before the 12 th of June. This revolt pleased Sir Henry in a way, for now he had with him a select and faithful army consisting of the English regiment and artillery and the two regiments of Sikhs and Hindusthanees, whose loyalty to the English had been proved by severe tests.",इस विद्रोह ने एक प्रकार से सर हेनरी को आनंदित किया क्योंकि अब उनके पास चुनिंदा और वफादार सेना थी जिसमें अंग्रेज़ पलटन और तोपखाना था तथा सिखों और हिन्दुस्तानियों की दो पलटनें थीं जिनकी वफादारी तीव्र परीक्षाओं से सिद्ध हो चुकी थी।
"You have earned your breakfast, British soldiers, by the sweat of your brow, not, by the free flow of blood from your bodies; so, enjoy your breakfast, with your commanders, in the cool shade of the mango groves! The rays of the morning sun are welcoming you, gay because of the great victory earned so lately. Arms were arranged all around, breakfast was ready, the hungry mouths were chewing the first morsel; the cups of drink were filled ready.","हथियार चारों तरफ व्यवस्थित कर के रखे थे, नाश्ता तैयार था और भूखे लोग पहला निवाला चबा रहे थे; पेय से भरे कप तैयार रखे थे।"
"You have earned your breakfast, British soldiers, by the sweat of your brow, not, by the free flow of blood from your bodies; so, enjoy your breakfast, with your commanders, in the cool shade of the mango groves! The rays of the morning sun are welcoming you, gay because of the great victory earned so lately. Arms were arranged all around, breakfast was ready, the hungry mouths were chewing the first morsel; the cups of drink were filled ready.","अंग्रेज सैनिको, आपने अपने शरीर से रक्त बहाने के कारण नहीं, बल्कि कड़ी मेहनत से नाश्ता प्राप्त किया है; इसलिए इन आम के बागों में अपने सेनाध्यक्षों के साथ, अपने नाश्ते का लुत्फ़ उठाएं!"
"You must have seen seeds growing into seedlings, which then grow and develop into plants, or pups growing into dogs, kitten into cats and so on. Similarly an infant passes through different phases of growth from childhood to adolescence to adulthood. Although all the stages of growth and development are significant, it has been universally recognised that the stage of adolescence is the most critical one.","आपने बीज को पौध में बढ़ते देखा होगा जो फिर बढ़ कर पौधों में विकसित हो जाते हैं, या अन्य जीवों के साथ-साथ कुत्ते के पिल्लों को बढ़ते देखा होगा अथवा बिलौटों को बिल्लियाँ में विकसित होते देखा होगा।"
"Young girls and boys often become target of sexual harassment/abuse by older and powerful people. As per the research, a person who is engaged in sexual abuse of young girls and/or boys is often known to them. Boys are equally vulnerable to sexual abuse.",लड़के भी यौन उत्पीड़न से समान रूप से असुरक्षित हैं।
"andswhatdidraneebankadothen?shespenttherestofherlifeinloyaltytotheferinghi!whilethelightningwasworkingdestructionatjhansi,banka,seeingthathersonswerereadytounsheaththeirswordsofswaraj,threatenedthemthat,iftheydidunsheaththeirswords,shewouldherselfinformtheferinghisoftheirdesignsandadvisetheferinghistobeheadthem!","जब झांसी पर बिजली गिर रही थी और उसे तहस-नहस कर रही थी, उस समय बाँका ने जब अपने पुत्रों को स्वराज के लिए तलवारें मियानों से निकालने के लिए तैयार होते देखा, तो उसने उन्हें धमकाया और कहा कि यदि वे अपनी तलवारें मियान से बाहर निकालेंगे तो वह खुद फिरंगियों को उनकी चालों के बारे में सूचित करेगी और फिरंगियों से उनका सिर कलम करने को कहेगी।"
"Another popular genre starting in the silent era was the stunt film and the adventure action film. The film makers who were largely responsible for popularizing the stunt film were J.B.H Wadia and his brother Homi Wadia, of Wadia Movietone. They became the kings of this genre, starting with the railroad thriller TOOFAN MAIL (1932), which featured several fight sequences staged on the roof of a moving train.","फिल्म निर्माता जो मुख्य रूप से खतरनाक करतबों वाली फिल्म लोकप्रिय बनाने के लिए जिम्मेदार थे, वे वाडिया मूवीस्टोन के जी.बी.एच. वाडिया और उनके भाई होमी वाडिया थे।"
"Another popular genre starting in the silent era was the stunt film and the adventure action film. The film makers who were largely responsible for popularizing the stunt film were J.B.H Wadia and his brother Homi Wadia, of Wadia Movietone. They became the kings of this genre, starting with the railroad thriller TOOFAN MAIL (1932), which featured several fight sequences staged on the roof of a moving train.","ट्रेन रोमांच फिल्म तूफान मेल (1932), जिसमें मार-पीट के कई दृश्य चलती ट्रेन की छत पर फिल्माए गए थे, से शुरू करते हुए वे इस विधा के राजा बन गए।"
"Assamese cinema is cinema in the Assamese language, watched primarily in Assam, India. The industry was born in 1935 when Jyoti Prasad Agarwala released his movie Joymoti. Since then Assamese cinema has developed a slow paced, sensitive style, especially with the movies of Bhabendra Nath Saikia and Jhanu Barua.",असमी सिनेमा मुख्य रूप से असम में देखा जाने वाला असमिया भाषा का सिनेमा है।
"Classic adaptations are less than transparent. They materialize the novel into something else and the result is a hybrid affair, a mixture of genres. More crucially, a temporal sleight of hand and thus intention occurs.",सर्वोत्कृष्ट रचनाओं के रूपांतरण मूल रचनाओं जितने पारदर्शी नहीं होते हैं।
"Classic adaptations are less than transparent. They materialize the novel into something else and the result is a hybrid affair, a mixture of genres. More crucially, a temporal sleight of hand and thus intention occurs.","महत्वपूर्ण रूप से, यह एक सामयिक हाथ की सफाई जैसा है, और इससे इरादा समझ में आता है।"
"Classic adaptations are less than transparent. They materialize the novel into something else and the result is a hybrid affair, a mixture of genres. More crucially, a temporal sleight of hand and thus intention occurs.","वे उपन्यास को कुछ और ही बना देते हैं और परिणाम होता है एक संकरित मामला, कई विधाओं की खिचड़ी।"
"FTII launched first-ever Online Film Appreciation Course from 15 th June 11 th July 2020. The 24-days long course covered Film Appreciation through Film Theory, Film Production Process, Genres of Cinema, and also faculties of Filmmaking. The course was organised in coordination with National Film Archives of India, Pune.",15 जून से ले कर 11 जुलाई 2020 तक एफ.टी.आई.आई. ने सबसे पहला ऑनलाइन फिल्म प्रशंसा पाठ्यक्रम आरंभ किया है।
"FTII launched first-ever Online Film Appreciation Course from 15 th June 11 th July 2020. The 24-days long course covered Film Appreciation through Film Theory, Film Production Process, Genres of Cinema, and also faculties of Filmmaking. The course was organised in coordination with National Film Archives of India, Pune.","पाठ्यक्रम को भारत के राष्ट्रीय फिल्म अभिलेखागार, पुणे के संयोजन में तैयार किया गया है।"
"Fatma Begum has lived a life away from the arc lights for several years now, so when this first lady of Indian cinema, whos never given a media interview, agreed to speak to me on 3 May 2013, I promptly made my way to her once-impressive but now crumbling residence in Dhanraj Mahal, where she lives with her daughter Zubeida. Clad in an olive- green chiffon saree, Fatma looked every bit the begum Id imagined her to be. After supping on the best Hyderabadi kebabs and qubani ka meetha Ive ever had, we settled down on huge, heavily-cushioned sofa chairs, sipping chai, to have a chat about her life and films.",जैतूनी-हरी साड़ी में लिपटी फात्मा पूरी तरह से वैसी ही बेगम लग रही थीं जैसा मैंने उनके बारे में सोचा था।
"Filmmaker Ashim Ahluwalia, a self-confessed hardcore fan of trash and sleaze, reminds us that C movies are a legitimate part of our filmic past. His article, an excerpt from a forthcoming book, offers a vivid picture of the subterranean world of exploitation cinema. Ahluwalia provocatively argues that C-grade cinemaand not our so-called art cinema or parallel cinemais the only truly experimental Indian film form.","उनका लेख, जो उनकी आने वाली किताब से लिया गया उद्धरण है, शोषण सिनेमा की रहस्यमयी दुनिया की एक सुस्पष्ट तसवीर पेश करता है।"
"Full feature-length colour and sound cartoons came into their own with his Snow White and the Seven Dwarfs (1937) which won a special Oscar. In terms of animated dolls, arguably the most famous is the gorilla doll who is the eponymous hero of King Kong (Ernest B. Schoedask, 1933).",रंग और आवाज़ के समावेशन के साथ पूर्ण अवधि के कार्टून फिल्मों ने कामयाबी हासिल की जब उनकी स्नो व्हाइट एंड द सेवन ड्वार्फ्स (1937) ने विशेष ऑस्कर जीता।
"He argues that the soundtrack was in essence a ritualistic celebration of traditional archetypes. The non-real soundsthose located outside the films visible frameperformed the function of real sounds; they signified the action, or more precisely, were intended to perform a representational function in part, but through a fetishised dislocation and amplification. There was dissatisfaction with the real.",उनका तर्क है कि मूल रूप से ध्वनिपट्टिका पारंपरिक आद्यरूप के विधि-विधान का जश्न है।
"Indian animation has interested history . In 1912, Dadasaheb Phalke produced the first Indian animation movie , which was followed by a hiatus that lasted over 40 years. In 1956, the Films Division set up a cartoon film unit, where Clair Weeks, the veteran Disney animator , was invited to train students .",1912 में दादासाहेब फाल्के ने पहली भारतीय एनिमेशन फिल्म बनाई और उसके बाद 40 से ज़्यादा वर्षों तक एक अंतराल बना रहा।
"Indian animation has interested history . In 1912, Dadasaheb Phalke produced the first Indian animation movie , which was followed by a hiatus that lasted over 40 years. In 1956, the Films Division set up a cartoon film unit, where Clair Weeks, the veteran Disney animator , was invited to train students .","1956 में फिल्म प्रभाग ने कार्टून फिल्म इकाई स्थापित की, जहाँ डिज़्नी के लिए अनुभवी सजीवन चलचित्र निर्माता, क्लेयर वीक्स, को छात्रों को प्रशिक्षित करने के लिए आमंत्रित किया गया था।"
"Indian cinema is world famous for the staggering amount of films it produces: the number is constantly on the increase, and recent sources estimate that a total output of some 800 films a year are made in different cities including Madrass , Bangalore , Calcutta and Hyderabad . Of this astonishing number, those films made in Bombay, in a seamless blend of Hindi and Urdu, have the widest distribution within India and Internationally. The two sister languages are spoken in six northern states and understood by over 500 million people on the Indian sub continent alone reason enough for Hindi and Urdu to be chosen above the fourteen official Indian languages to become the languages of Indian Popular cinema when sound came to the Indian Silver screen in 1931.","आश्चर्यजनक संख्या में फिल्मों का उत्पादन करने के लिए भारतीय सिनेमा पूरी दुनिया में विख्यात है: यह संख्या लगातार बढ़ रही है और आधुनिक आँकड़ों के अनुसार मद्रास, बंगलोर, कलकत्ता और हैदराबाद सहित विभिन्न शहरों में कुल मिला कर 800 फिल्में प्रति वर्ष बनाई जाती हैं।"
"Indian cinema is world famous for the staggering amount of films it produces: the number is constantly on the increase, and recent sources estimate that a total output of some 800 films a year are made in different cities including Madrass , Bangalore , Calcutta and Hyderabad . Of this astonishing number, those films made in Bombay, in a seamless blend of Hindi and Urdu, have the widest distribution within India and Internationally. The two sister languages are spoken in six northern states and understood by over 500 million people on the Indian sub continent alone reason enough for Hindi and Urdu to be chosen above the fourteen official Indian languages to become the languages of Indian Popular cinema when sound came to the Indian Silver screen in 1931.","1931 में भारतीय रजतपट पर जब ध्वनि आई तो दोनों मिलती-जुलती भाषाएं, हिन्दी और उर्दू को भारतीय लोकप्रिय सिनेमा की भाषाएं बनने के लिए बाकी चौदह भाषाओं से ऊपर चुना जाने का मुख्य कारण था कि छः उत्तरी राज्यों में इन्हें बोला जाता था और भारतीय उपमहाद्वीप में 50 करोड़ लोगों से ज्यादा इन्हें समझते थे।"
"Indian cinema never understood composite sound, says K. Hariharan, an award-winning filmmaker and teacher from Chennai. The rules of melodrama dominated the approach, and the sounds, from incidental to archetypal (crickets, koels, monsoon rains etc) primarily served the purpose of heightening the melodrama.",चेन्नई के पुरस्कृत फिल्म निर्माता एवं शिक्षक के. हरिहरन कहते हैं कि भारतीय सिनेमा को कभी भी सम्मिश्रित ध्वनि समझ ही नहीं आई।
"Indian cinema thus has more than a hundred years of history, like the European or American film industry. That first show was just a show of a series of visuals, moving scenes and nothing more, but it inaugurated a long line of movies made by talented Indians. Today India has the distinction of being the country that produces the highest number of feature films every year.","इस प्रकार, यूरोपीय या अमेरिकी सिनेमा की तरह, भारतीय सिनेमा का सौ साल से भी अधिक का इतिहास है।"
"It is also worth labouring the point that this rethinking of film theory in the 1960s did not come via film criticism (as it did in the 1950s) but through other disciplines, namely structural linguistics and semiotics. This pattern would repeat itself in the 1970s with psychoanalysis and philosophy pushing the debate along, and then history in the 1980s. The significance of this new trend of essayists and philosophers turning to cinema to apply their theories cannot be underestimated.","इस पर ज़ोर देना भी महत्वपूर्ण है कि (1950 के दशक के विपरीत) 1960 के दशक में फिल्मी सिद्धांत का पुनर्विचार फिल्मों की आलोचना से नहीं बल्कि अन्य विषयों, जैसे संरचनात्मक भाषाविज्ञान तथा लाक्षणिकता, से आया था।"
"It is also worth labouring the point that this rethinking of film theory in the 1960s did not come via film criticism (as it did in the 1950s) but through other disciplines, namely structural linguistics and semiotics. This pattern would repeat itself in the 1970s with psychoanalysis and philosophy pushing the debate along, and then history in the 1980s. The significance of this new trend of essayists and philosophers turning to cinema to apply their theories cannot be underestimated.",यह प्रवृत्ति 1970 के दशक में मनोविश्लेषण और दर्शन के माध्यम से और फिर 1980 के दशक में इतिहास के माध्यम से बहस को आगे बढ़ाते हुए दोहराई जाने वाली थी।
"More modern perspectives like the New Indian Cinema appear which aim to break with the traditional Bollywoodian aesthetics. The themes show the idea of a contemporary India where the west has been assimilated, but the tradition and the true essence of India as a diverse multilingual country is evident. Films are recorded in English, but also use other languages and illustrate the contemporary Indian middle class.",नए भारतीय सिनेमा जैसा और भी आधुनिक दृष्टिकोण आया है जो पारंपरिक बॉलिवुडी कलात्मकता से परे हटने का प्रयास कर रहा है।
"More modern perspectives like the New Indian Cinema appear which aim to break with the traditional Bollywoodian aesthetics. The themes show the idea of a contemporary India where the west has been assimilated, but the tradition and the true essence of India as a diverse multilingual country is evident. Films are recorded in English, but also use other languages and illustrate the contemporary Indian middle class.","मूल विषय समकालीन भारत की कल्पना दर्शाते हैं जहाँ पश्चिम का समावेश कर लिया गया है, परन्तु परंपरा और विविध बहुभाषी देश के रूप में भारत की पहचान सुस्पष्ट है।"
"Nowadays, films gather the diversity of India through the influence of the classical epics of Sanskrit with recurrent themes like maternity and revenge or trying to maintain the traditional values that conformed the social hyerarchy of India. This influence is also felt in the narrative structure of films, often with digressions that make Indian films too long for the western audience. The influence of theatrical forms is also present, with an episodic structure, an emphasis on performance over realism and the introductions of traditional music like the sangeetas, a mixture of instrumental music, song, dance and humour, elements that come from the classical theatre and the Parsi theatre.","फिल्मों में संस्कृत के महाकाव्यों के प्रभाव के माध्यम से मातृत्व तथा प्रतिशोध जैसे बार-बार दोहराए जाने वाले मूल-विषय, या भारत की सामाजिक व्यवस्था को दिखाने वाले पारंपरिक मूल्यों को बनाए रखने की कोशिशें आजकल की फिल्मों में दिखाई देती हैं जो भारत की विविधता दिखाती हैं।"
"Nowadays, films gather the diversity of India through the influence of the classical epics of Sanskrit with recurrent themes like maternity and revenge or trying to maintain the traditional values that conformed the social hyerarchy of India. This influence is also felt in the narrative structure of films, often with digressions that make Indian films too long for the western audience. The influence of theatrical forms is also present, with an episodic structure, an emphasis on performance over realism and the introductions of traditional music like the sangeetas, a mixture of instrumental music, song, dance and humour, elements that come from the classical theatre and the Parsi theatre.","फिल्मों के कथानक की रूपरेखा में भी यह प्रभाव देखा जा सकता है, जहाँ बहुधा होने वाले विषय परिवर्तन पश्चिमी दर्शकों के लिए भारतीय फिल्मों को बहुत लंबा बना देते हैं।"
"On the question of gender-presence, certain genres appear to be gender-identified. In the western, women are, to all intents and purposes, absent. We naturally accept this narrative convention of an exclusively male point of view.",हम स्वाभाविक रूप से पुरुष के दृष्टिकोण की अनन्यता की कथात्मक परिपाटी को स्वीकार करते हैं।
"Since the commencement of academic courses in 1960, the Institute has regularly upgraded the pedagogic curriculum, enriched the quality of cinematic learning and augmented the infrastructure to realize its mandate of being truly a centre of excellence. It has succeeded in articulating and disseminating classical and contemporary theories of praxis for the creative minds to leap into the world of professional practice. The Institute has crossed many milestones towards a new paradigm in the art and craft of film making.","1960 में शैक्षणिक पाठ्यक्रम की शुरुआत के साथ ही संस्थान ने शिक्षा की पाठ्यचर्या में लगातार सुधार किया है, चलचित्र-संबंधी प्रवीणता के मानदण्डों को सुधारा है, और इसके सही अर्थों में उत्कृष्टता का केंद्र बनने के उद्देश्य को पूरा करने के लिए इसकी आधारभूत संरचना में विस्तार किया है।"
"Since the commencement of academic courses in 1960, the Institute has regularly upgraded the pedagogic curriculum, enriched the quality of cinematic learning and augmented the infrastructure to realize its mandate of being truly a centre of excellence. It has succeeded in articulating and disseminating classical and contemporary theories of praxis for the creative minds to leap into the world of professional practice. The Institute has crossed many milestones towards a new paradigm in the art and craft of film making.",संस्थान ने फिल्म निर्माण में कला एवं शिल्प में नए प्रतिमान की ओर बढ़ते हुए कई उपलब्धियाँ हासिल की हैं।
"Taking the historical development as the chronological point of departure of the development of Indian narratives in English helps us to shed light onto the sphere of the cinematic production of India, which is considered among the so-called other cinemas or cinema of other countries, with the marginality implied in these terms. It is at this point that the Indian cinema relates to the postcolonial discourse being characterized by concepts explained by Homi K. Bhabha in The Location of Culture (1994).","इस ऐतिहासिक घटना को अंग्रेज़ी में भारतीय भावात्मक वर्णनों के विकास के कालानुक्रमिक परिवर्तन की शुरुआत मानने से हमें भारतीय सिनेमा के निर्माण के क्षेत्र को समझाने में मदद मिलती है, जिसके लिए अन्य सिनेमा अथवा अन्य देशों का सिनेमा जैसे वर्गीकरण प्रयोग करके इन्हें कम गुणवत्ता का समझा जाता है।"
"The films of the Silent Era did not talk but they were never watched in silence. Dialogue was presented through inter titles, which were often in English, and two or three Indian languages. Almost every film had a background score, which ran through the length of film.",संवाद को वार्ता शीर्षकपत्रों के ज़रिए प्रस्तुत किया जाता था जो अक्सर अंग्रेज़ी एवं दो या तीन भारतीय भाषाओं में होते थे।
"The playing field, the resources and the gameso much has changed with digital technology. But it would be inaccurate to attribute this change merely to technology. Sweeping economic changes, the onset of satellite television, increased access to more western sounds and production techniques, greater formal distribution and exhibition of Hindi cinema around the worldall these come into play significantly.","भारी आर्थिक परिवर्तन, उपग्रह टेलीविजन का आगमन, पश्चिमी ध्वनियों और प्रोडक्शन तकनीकों तक अधिक पहुँच, पूरे संसार में हिंदी सिनेमा का बढ़े हुए स्तर पर औपचारिक वितरण और प्रदर्शन, सभी की महत्वपूर्ण भूमिका रही है।"
The role of literary figures in the making of Marathi films climaxed in the work of P. L. Deshpandey. In these hands cinema lost much of its visual character and was turned into a literary and wordy product.,"इनके हाथों में, सिनेमा ने काफी हद तक अपना दृष्टिक पहलू खो दिया और उसे एक साहित्यिक एवं शब्दाडंबरपूर्ण उत्पाद बना दिया गया।"
"The score was live, and helped to dramatise the narrative. Sometimes there was only a piano accompaniment, but there were several films where a violin, a harmonium, tablas and other musical instruments could be added. The first sound movie or talkie, viz, Al Jolsons Jazz Singer in the U.S. ended the silent era in October, 1927.","कभी-कभी केवल पियानो की संगत होती थी, लेकिन कई फिल्में थीं जहां पर वायलिन, हार्मोनियम, तबला और अन्य संगीतवाद्यों का भी इस्तेमाल होता था।"
"The score was live, and helped to dramatise the narrative. Sometimes there was only a piano accompaniment, but there were several films where a violin, a harmonium, tablas and other musical instruments could be added. The first sound movie or talkie, viz, Al Jolsons Jazz Singer in the U.S. ended the silent era in October, 1927.",स्वर लिपि साक्षात् बजाई जाती थी जिससे कथा को नाटकीय रूप देने में मदद मिलती थी।
"The stunt film and the adventure action film did not appeal to everyone: the educated classes saw them as populist, vulgar and a corrupting influence. This division in film styles is why distributors and producers continue to see films as being of two main categories: films for the classes and films for the masses. The assumption was that the upper classes, who were more educated, expected something substantial from cinema, whereas the poor looked to cinema as pure entertainment.","खतरनाक करतब वाली फिल्म और रोमांच वाली मारधाड़ की फिल्म सबको पसंद नहीं आती थीं: शिक्षित समूह इन्हें जनरञ्जकवादी, अश्लील और भ्रष्ट करने वाले प्रभाव मानते थे।"
"The stunt film and the adventure action film did not appeal to everyone: the educated classes saw them as populist, vulgar and a corrupting influence. This division in film styles is why distributors and producers continue to see films as being of two main categories: films for the classes and films for the masses. The assumption was that the upper classes, who were more educated, expected something substantial from cinema, whereas the poor looked to cinema as pure entertainment.",फिल्मों की शैलियों में अंतर ही वह कारण है कि वितरक और निर्माता फिल्मों का दो श्रेणियों का विभाजन करते हैं – ऊँचे दर्जे के लोगों के लिए फिल्में और साधारण जनता के लिए फिल्में।
"The winter edition of Film Appreciation Course was launched on 23 rd November 2020. This course was also in coordination with National Film Archives of India, Pune and Ms Arunaraje Patil as course coordinator. A total of 41 participants from all over India participated in the course.",फिल्म प्रशंसा पाठ्यक्रम का शीतकालीन संस्करण 23 नवंबर 2020 को प्रारंभ किया गया था।
"Thus our focus shifts from a desire to know the times the novel is referring to in socio-economic or political terms, to a desire to see the times (in terms of costume and dcor). Thus the earlier intention of the narrative a nostalgia for a past is neutered. What drives us, the audience, is a nostalgia for the present times of the novel, the lived moment of Austens heroines, or Pagnols and Forsters characters our imagined past, not that of the original text for which that present time represents unwanted change.","लिहाज़ा, उपन्यास सामाजिक-आर्थिक या राजनीतिक शब्दों में जिस वक्त का ज़िक्र कर रहा है, उसे समझने की इच्छा के बजाय अब हम उस वक्त को (परिधान और साज-सज्जा के लिहाज़ से) अनुभव करना चाहते हैं।"
"With state-of-the-art facilities, FTII provides a creative ambiance to inspire budding film makers with an innovative language of artistic expression. The films made by its students during their academic course and beyond, have been receiving both national & international accolades. Its alumni have been earning recognition regularly through their mastery over film-making.",इसके भूतपूर्व छात्र नियमित रूप से फिल्म निर्माण में प्रवीणता के लिए मान्यता प्राप्त करते रहे हैं।
"With state-of-the-art facilities, FTII provides a creative ambiance to inspire budding film makers with an innovative language of artistic expression. The films made by its students during their academic course and beyond, have been receiving both national & international accolades. Its alumni have been earning recognition regularly through their mastery over film-making.",एफ.टी.आई.आई. नवोदित फिल्म निर्माताओं में कलात्मक अभिव्यक्ति की प्रगतिशील भाषा प्रेरित करने के लिए उन्नत सुविधाओं के साथ रचनात्मक माहौल प्रदान करता है।
"thusourfocusshiftsfromadesiretoknowthetimesthenovelisreferringtoinsocio-economicorpoliticalterms,toadesiretoseethetimes(intermsofcostumeanddcor).thustheearlierintentionofthenarrativeanostalgiaforapastisneutered.whatdrivesus,theaudience,isanostalgiaforthepresenttimesofthenovel,thelivedmomentofaustensheroines,orpagnolsandforsterscharactersourimaginedpast,notthatoftheoriginaltextforwhichthatpresenttimerepresentsunwantedchange.","हम दर्शक जिससे प्रेरित होते हैं, वे हैं उपन्यास के उस काल की स्मृतियाँ, जो ऑस्टिन की नायिकाओं या पैग्नोल एवं फॉर्स्टर के पात्रों के जीवंत क्षण थे, हमारा कल्पित अतीत, न कि मूल पाठ का अतीत जिसके लिए उस समय का वर्तमान काल अवांछित परिवर्तन दर्शाता है।"
"A pedon is morphologically described in the field and sampled for laboratory investigations for their characterization and classification. Such groups of soils may occur on the landscape in a repeated manner and are delineated on a map as map unit. The delineated units on a map will be given a specific symbol, colour and name.",खेत में अपने लक्षण वर्णन और वर्गीकरण के लिए रूपात्मक संरचना के अनुसार वर्णित किए जाने के बाद प्रयोगशाला अनुसंधान के लिए एक व्यक्तिगत पेडॉन का नमूना लिया जाता है।
"A pedon is morphologically described in the field and sampled for laboratory investigations for their characterization and classification. Such groups of soils may occur on the landscape in a repeated manner and are delineated on a map as map unit. The delineated units on a map will be given a specific symbol, colour and name.","मानचित्र पर रेखांकित क्षेत्रों को विशिष्ट चिह्न, रंग और नाम दिया जाएगा।"
"All these models take the information derived from the remote sensing data. Thornthwaite and Mather model is widely used for computing water balance. It is a book-keeping method, very useful for computing runoff at preliminary stage of planning of any water resources project.",जल-संतुलन की संगणना करने के लिए थॉर्न्थवेट और माथेर प्रतिमान व्यापक रूप से प्रयोग में लाया जाता है।
"At this extreme altitude gas molecules are widely separated. Above 60 miles (100 km) from Earths surface the chemical composition of air becomes strongly dependent on altitude and the atmosphere becomes enriched with lighter gases (atomic oxygen, helium and hydrogen). Above about 100 miles (160 km) altitude the major atmospheric component becomes atomic oxygen.","पृथ्वी की सतह से 60 मील (100 कि.मी.) ऊपर हवा की रासायनिक संरचना बहुत ज्यादा ऊँचाई पर निर्भर करती है और वायुमंडल में हल्की गैसों (आणविक ऑक्सीजन, हीलियम और हाइड्रोजन) की मात्रा बढ़ जाती है।"
Climate change will make some agricultural areas more suitable for production and other areas less so. The impacts of climate change on agriculture will be less if production is allowed to move in response to changing climate. Some land that is not currently suitable for agriculture because of climate may become suitable in the future.,जलवायु परिवर्तन से कुछ कृषि क्षेत्र उत्पादन के लिए अधिक उपयुक्त बन जाएंगे और अन्य क्षेत्र कुछ कम।
Data collected in the field must be geo-referenced so that the point where the data were collected can be located on the imagery. GPS receivers are commonly used to record this location information. The type of information collected can range from detailed notes describing a site to a photograph of the site.,जिस प्रकार की जानकारी एकत्र की जाती है वह स्थल के विस्तृत वर्णन से लेकर स्थल के चित्र तक हो सकती है।
"During the season, heat wave/severe heat wave conditions were observed in March and April. In the month of May, no significant heat wave conditions were observed. During March the heat wave conditions were observed at most places with Severe Heat wave conditions at isolated places occurred over West Rajasthan during 29-31 March, Heat wave conditions were also observed at a few places over east Rajasthan during 30-31 March, over Odisha and adjoining parts of Gangetic West Bengal, Coastal Andhra Pradesh and Tamil Nadu on 31 March.","मार्च के दौरान अधिकतर जगहों पर ग्रीष्म लहर की स्थितियाँ देखी गईं, और 29-31 मार्च के दौरान पश्चिम राजस्थान में छिट-पुट जगहों पर प्रचंड ग्रीष्म लहर की स्थितियाँ हुईं।"
"Even in radiometrically corrected scene composites, some noise will remain. The most important sources are local atmospheric effects such as haze, smoke or cumulus clouds in an otherwise clear-sky scene. Small but potentially significant bidirectional reflectance effects may also be present.",यहाँ तक कि रेडियोमेट्रिक तरीके से ठीक किए गए दृश्य संयोजनों में भी कुछ शोर रहा आएगा।
"Even in radiometrically corrected scene composites, some noise will remain. The most important sources are local atmospheric effects such as haze, smoke or cumulus clouds in an otherwise clear-sky scene. Small but potentially significant bidirectional reflectance effects may also be present.","सर्वाधिक महत्वपूर्ण स्रोत स्थानीय वायुमंडलीय प्रभाव हैं, जैसे कि धुंध, धुआँ, या अन्य तरह से स्पष्ट आसमान में कपासी बादल।"
"Furthermore, such images contain systematic errors due to atmospheric effects (as a function of the path length) as well as monotonically changing spatial resolution for most coarse resolution sensors. Their classification is therefore difficult and requires interactive fine tuning for each input scene used, as well as post-classification operations to reconcile differences between adjacent scenes to ensure consistency across the mapped area. For these reasons, research in recent years has emphasised the use of image composites.",इन कारणों से हाल के सालों में शोध में छवि संयोजनों पर बल दिया जाता है।
High relative humidities in the lower and middle troposphere are also required for cyclone development. These high humidities reduce the amount of evaporation in clouds and maximizes the latent heat released because there is more precipitation. The vertical wind shear in a tropical cyclones environment is also important.,चक्रवात की उत्पत्ति के लिए निचले और मध्य क्षोभमण्डल में उच्च सापेक्ष आर्द्रता होना जरूरी है।
"If that land is not available because it has already been developed, then the farming sector will be less able to adapt. It may make sense to preserve land for future agricultural production, even if it is not currently being used for that purpose. Similarly, forest land that is currently dominated by lower-valued species may become more valuable in the future, and vice versa.","उसी प्रकार, वन क्षेत्र जहां फिलहाल कम मान के जीवों का प्रभुत्व है भविष्य में मूल्यवान साबित हो सकता है और इसका उल्टा भी हो सकता है।"
"In the past, some classification projects employing coarse resolution data were carried out with single-date, relatively cloud-free images. However, this approach is fundamentally limited because the probability of cloud-free scenes decreases as the area covered by one scene increases. It is thus very difficult to obtain useful images for land cover mapping, especially if the eligible time interval is short.","हालांकि यह उपागम मूल रूप से सीमित है क्यों कि जैसे-जैसे एक दृष्य द्वारा आच्छादित स्थान का क्षेत्र बढ़ता जाता है, बादल-रहित दृष्यों की संभावना कम होती जाती है।"
"In the recent developments, importance is being given to utilization of hyper-spectral domain for soil physical and chemical characterization. Development of soil reflectance libraries is being given utmost importance with parallel developments in hyperspectral profile matching algorithms. In this direction, an attempt has been made to calibrate soil properties to soil reflectance using Multivariate Adaptive Regression Splines (MARS).","इस दिशा में, बहुभिन्नरूपी अनुकूली प्रतिगमन स्प्लाइन (मार्स) का प्रयोग करके मृदा परावर्तन के आधार पर मृदा के गुणों को जाँचने का प्रयास किया गया है।"
"Manual, or visual, classification of remotely sensed data is an effective method of classifying land cover especially when the analyst is familiar with the area being classified. This method uses skills that were originally developed for interpreting aerial photographs. It relies on the interpreter to employ visual cues such as tone, texture, shape, pattern, and relationship to other objects to identify the different land cover classes (figure 2.3), The primary advantage of manual interpretation is its utilization of the brain to identify features in the image and relate them to features on the ground.","विभिन्न भू-आवरण वर्गों की पहचान करने के लिए व्याख्याकार द्वारा रंग भेद, संरचना, आकार, प्रतिरूप अभिज्ञान और अन्य वस्तुओं के साथ संबंध जैसे दृश्य संकेतों के प्रयोग पर यह निर्भर करता है।"
Northeast monsoon (NEM) season comprising of the months from October to December is the major rainfall season for Tamilnadu & Puduchery& Karaikkal. The normal rainfall for the subdivision for this period is 44cm. About 45% of the annual rainfall of this subdivision (about 60% for coastal regions) is accounted by the rainfall during this period.,इस समयावधि में होने वाली वर्षा इस उपखंड की वार्षिक वर्षा के 45 प्रतिशत (तटीय क्षेत्रों के लिए लगभग 60 प्रतिशत) के लिए उत्तरदायी है।
"Nutrient imbalance due to non-availability of essential nutrients to plants is also an associated problem. While, salinization is mostly associated with the coastal areas and younger alluvial plains, alkalization happens mostly in inlands and older alluvial plains. Generally, alkalization is associated with waterlogging due to poor permeability of soil by presence of sodium.","जबकि लवणीकरण ज़्यादातर तटीय क्षेत्रों और अपेक्षाकृत नवीन जलोढ़क मैदानों से संबंधित है, क्षारीयण अधिकतर स्थलीय तथा अपेक्षाकृत पुराने जलोढ़क मैदानों में होता है।"
"One possible impact from climate change is an increase in severity of storms, which would lead to an increase in flash flooding. Adaptation strategies include banning new construction in vulnerable areas with high risk of flooding, minimizing flashy runoff from impervious surfaces, changing the requirements for stormwater retention structures in new developments, and protection of wetlands that buffer runoff from heavy rainstorms Increased temperatures will make urban heat effects more severe. Land use planning should reduce urban heat effects, through maintenance of green areas, use of different building materials.","अनुकूलन रणनीतियों में उच्च जोखिम वाले बाढ़ से प्रभावित होने वाले संवेदनशील क्षेत्रों का निषेध करना, अभेद्य सतहों से होने वाले तेज़ अपवाह को कम करना, नए विकासों में तूफान के पानी को रोकने वाले निर्माणों की आवश्यकताओं में परिवर्तन करना, और अपवाह का भारी आँधी-तूफानों से बचाव करने वाले आर्द्र प्रदेशों की सुरक्षा करना शामिल हैं।"
"One possible impact from climate change is an increase in severity of storms, which would lead to an increase in flash flooding. Adaptation strategies include banning new construction in vulnerable areas with high risk of flooding, minimizing flashy runoff from impervious surfaces, changing the requirements for stormwater retention structures in new developments, and protection of wetlands that buffer runoff from heavy rainstorms Increased temperatures will make urban heat effects more severe. Land use planning should reduce urban heat effects, through maintenance of green areas, use of different building materials.",हरित स्थलों के अनुरक्षण और विभिन्न भवन निर्माण सामग्रियों के उपयोग के माध्यम से भूमि उपयोग योजना द्वारा शहरी ऊष्मा का प्रभाव कम होना चाहिए।
"PANNA , situated in the Vindhya ranges, along the banks of the River Ken, is a mere 30 km from the world famous temples at Khajuraho. With its deep ravines, cascading waterfalls and thick teak forests, Panna national park is predominantly a plateau, with sprawling flatlands punctuated by hills, deep valleys and gorges. The reserve is renowned for sightings of nilgai, sambar, chital, wild boar, crocodile, leopard, wolf, hyena, jackal, sloth bear and sometimes even tigers.","अपने गहरे दर्रों, झरते जलप्रपातों और सागौन के घने जंगलों के साथ पन्ना राष्ट्रीय उद्यान प्रमुख रूप से एक पठार है, जहाँ बीच-बीच में छिटपुट पहाड़ियों सहित चारों ओर फैली हुई सपाट भूमि, गहरी घाटियाँ और पहाड़ों के बीच के तंग मार्ग हैं।"
"Remote sensing techniques for monitoring water quality depend on the ability to measure these changes in the spectral signature backscattered from water and relate these measured changes by empirical or analytical models to water quality parameters. Major factors affecting water quality are suspended sediments, algae, chemicals, dissolved organic matter (DOM), thermal releases, aquatic vascular plants, pathogens, and oils. Some of these parameters like suspended sediments, algae, DOM, oils, aquatic vascular plants, and thermal releases directly influence the energy spectra and hence can be measured by remote sensing techniques (table 6.3).","पानी की गुणवत्ता को प्रभावित करने वाले प्रमुख कारक हैं निलंबित तलछट, शैवाल, रसायन, घुले हुए जैविक पदार्थ (डी.ओ.एम.), थर्मल रिलीज़, जलीय संवहनी पादप, रोगाणु, और तेल।"
"Remote sensing techniques for monitoring water quality depend on the ability to measure these changes in the spectral signature backscattered from water and relate these measured changes by empirical or analytical models to water quality parameters. Major factors affecting water quality are suspended sediments, algae, chemicals, dissolved organic matter (DOM), thermal releases, aquatic vascular plants, pathogens, and oils. Some of these parameters like suspended sediments, algae, DOM, oils, aquatic vascular plants, and thermal releases directly influence the energy spectra and hence can be measured by remote sensing techniques (table 6.3).","इनमें से कुछ मानदंड, जैसे कि रुकी हुई तलछट, शैवाल, भंग कार्बनिक पदार्थ, तेल, जलीय वाहिकामय पादप, और उष्मीय विमोचन सीधे ऊर्जा प्रसार को प्रभावित करते हैं और इसलिए सुदूर संवेदन तकनीकों द्वारा मापे जा सकते हैं।"
"Removing plant residues also reduces soil organic matter content. Removal of topsoil while mining for precious metals and affecting its surrounding agricultural fields is another dimension of land degradation. Hence, the top fertile soil is almost permanently lost, if properly not conserved.",भूमि क्षरण का एक अन्य पहलू है बहुमूल्य धातुओं के खनन के समय ऊपरी मिट्टी का हटाया जाना और यह किस तरह से आस-पास के कृषि-क्षेत्रों को प्रभावित करता है।
"Removing plant residues also reduces soil organic matter content. Removal of topsoil while mining for precious metals and affecting its surrounding agricultural fields is another dimension of land degradation. Hence, the top fertile soil is almost permanently lost, if properly not conserved.",पादप अवशेषों को हटाने से मिट्टी में जैविक पदार्थ की मात्रा में कमी आती है।
Salinization and alkalization are problems of semiarid and arid areas. They could be of natural or manmade. This is a major problem resulting in the desiccation of plants due to high osmotic potential exerted on plant because of high concentration of salts.,लवणन और क्षारीयन अर्द्धशुष्क और शुष्क क्षेत्रों की समस्याएं हैं।
"Soil mapping comprises of identification, description and delineation of different kinds of soils based on physiography, climate and vegetation of the area, confirmation through field work and laboratory data and depicting on a standard base map. The different soils observed within an area are put into a limited number of groups. Each group of soils is typified by a pedon or their association.",प्रत्येक मृदा समूह एक पेडॉन या उनके साहचर्य का प्रतिनिधित्व करता है।
"Soil mapping comprises of identification, description and delineation of different kinds of soils based on physiography, climate and vegetation of the area, confirmation through field work and laboratory data and depicting on a standard base map. The different soils observed within an area are put into a limited number of groups. Each group of soils is typified by a pedon or their association.","भू-मापन में भूआकृति विज्ञान, जलवायु और उस क्षेत्र की वनस्पति, क्षेत्रीय अध्ययन और प्रयोगशाला के आँकड़ों के माध्यम से तथा एक मानक आधारभूत मानचित्र पर उसके चित्रांकन द्वारा विभिन्न प्रकार की मृदाओं की पहचान, वर्णन तथा रेखांकन की पुष्टि शामिल है।"
"The global climate in future is expected to become more variable. This will increase stress on natural ecosystems. Species that rely on natural, undisturbed habitat will have difficulty surviving droughts and storms, particularly if that habitat exists only in small patches.",इससे प्राकृतिक पारिस्थितिकी तंत्रों पर दबाव बढ़ जाएगा।
"The soil is a life supporting system upon which human beings have been dependent from the dawn of the civilization. Therefore, comprehensive information on soil resources, its potential / limitations / capabilities, is required for a variety of purposes such as command area development, soil conservation in catchment areas, sustainable agriculture, watershed management, reclamation of degraded lands etc. In this context, characterization and mapping of different types of soils, developing rational / scientific criteria for land evaluation and interpretation of soils for multifarious land uses attains greater importance.","इसलिए, विभिन्न उद्देश्यों के लिए जैसे कि कमान क्षेत्र विकास, जलग्रहण क्षेत्रों में मृदा संरक्षण, टिकाऊ कृषि, जल-संभर प्रबंधन, विकृत भू-स्थलों का भूमि-पुनरुद्‍धार, इत्यादि के लिए मृदा स्रोतों और उनकी संभाव्यता/सीमाओं/क्षमताओं, पर व्यापक जानकारी की आवश्यकता है।"
"The strengths and weaknesses of seven broad, partly overlapping, categories of models: mathematical equation- based, system dynamics, statistical, expert system, evolutionary, cellular, and hybrid are discussed for comparison. This review is not exhaustive and only serves to highlight ways in which present techniques are complemented by those models that combine cellular and agent-based models. More comprehencive overview of LUCC Modeling techniques is given by Agarwal, 2000.",यह समीक्षा परिपूर्ण नहीं है और सिर्फ उन तरीकों की विशिष्टता दिखाती है जिनमें कोशिकीय तथा एजेंट-आधारित प्रतिमानों की तकनीकें मौजूदा तकनीकों की पूरक हैं।
The technique used in manual interpretation is fairly simple. The analyst views the image on either a computer screen or a hardcopy printout and then draws a polygon around areas that are identified as a particular land cover type. If the land cover delineations are done on a computer screen the land cover map is created during the delineation process.,"यदि भू-आवरण चित्रण कंप्यूटर स्क्रीन पर किए जाते हैं, तो चित्रण प्रक्रिया के दौरान भू-आवरण मानचित्र बन जाते हैं।"
The technique used in manual interpretation is fairly simple. The analyst views the image on either a computer screen or a hardcopy printout and then draws a polygon around areas that are identified as a particular land cover type. If the land cover delineations are done on a computer screen the land cover map is created during the delineation process.,विश्लेषक छवि को कंप्यूटर के पर्दे पर या फिर उसकी मुद्रित प्रति में देखता है और फिर उन क्षेत्रों के आस-पास एक बहुभुज खींचता है जो कि विशिष्ट भू-आवरण के प्रकार के रूप में पहचाने गए हैं।
The thermosphere is located above the mesosphere. The temperature in the thermosphere generally increases with altitude reaching 600 to 3000 F (600-2000 K) depending on solar activity. This increase in temperature is due to the absorption of intense solar radiation by the limited amount of remaining molecular oxygen.,तापमान में इस वृद्धि का कारण सीमित मात्रा में बची हुई आणविक ऑक्सीजन द्वारा सूर्य के तीव्र प्रकाश का अवशोषण है।
The troposphere is the atmospheric layer closest to the planet and contains the largest percentage (around 80%) of the mass of the total atmosphere. Temperature and water vapor content in the troposphere decrease rapidly with altitude. Water vapor plays a major role in regulating air temperature because it absorbs solar energy and thermal radiation from the planets surface.,ऊँचाई के साथ क्षोभमंडल में तापमान और जल वाष्प तत्व तेजी से घटते हैं।
The troposphere is the atmospheric layer closest to the planet and contains the largest percentage (around 80%) of the mass of the total atmosphere. Temperature and water vapor content in the troposphere decrease rapidly with altitude. Water vapor plays a major role in regulating air temperature because it absorbs solar energy and thermal radiation from the planets surface.,हवा के तापमान को नियमित रखने में जल वाष्प एक महत्वपूर्ण भूमिका निभाता है क्योंकि यह ग्रह की सतह पर से सौर ऊर्जा और ऊष्मा विकिरण को सोख लेता है।
"The water balance is useful for predicting some of human impacts on the hydrologic cycle. Many models are available for computing runoff or water balance in a watershed. SCS curve number method, Soil Moisture Accounting Model, Green Ampt Model, Thornthwaite and Mather model, etc., are very popular models used for computing runoff.",जलीय चक्र पर कुछ मानवी प्रभावों को पूर्वानुमानित करने में जल-संतुलन उपयोगी है।
"Then it increases gradually up to the stratopause. Because the air temperature in the stratosphere increases with altitude, it does not cause convection and has a stabilizing effect on atmospheric conditions in the region. Ozone plays the major role in regulating the thermal regime of the stratosphere, as water vapor content within the layer is very low.",फिर यह समताप सीमा तक क्रमशः बढ़ता जाता है।
"These are the areas under perpetual snow covered areas in Himalayan region. It degrades an area by two processes namely frost heaving and frost shattering. Frost heaving is defined as a process in glacial and periglacial environment where intense frost action and freezing of water evolves peculiar forms of rock, regolith and soil.","क्षरण दो प्रक्रियाओं से होता है, जो हैं मिट्टी में मिले पानी के बर्फ बनने के कारण मिट्टी का फूलना, और तुषार के कारण चट्टानों का टूटना।"
"Understanding the spectral reflectance properties of soils is fundamental to many applications of remote sensing in soils. The soil reflectance data can be acquired in the laboratory or in the field and from air / space. In the laboratory the soil reflectance measurements are made under controlled conditions, which may enable to understand the relationship between the physical and chemical properties of soil and soil reflectance.",मिट्टी के परावर्तन के आँकड़े प्रयोगशाला में या खेत में और हवा/अंतराल में पाए जा सकते हैं।
"manasissituatedalongthefoothillsofhimalayasinthenortheasternstateofassam.manasnationalparkisastunningpristinewildlifehabitat,withspectacularlandscapes.aworldheritagesite,manasnationalparkisatiger,elephantandbiospherereserve.",मानस हिमालय की तलहटी में असम के उत्तरपूर्वी राज्य में स्थित है।
"Although this policy cycle diagram is simplistic, it helps to illustrate that health reporting targets the strategic and tactical levels of policy. A lot of theories are available as to how evidence (such as a health report) affects policy-making. In the political environment, however, other influences also shape decision-making, including cultures, beliefs, societal interests and competition between parties.","यद्यपि राजनीतिक वातावरण में संस्कृति, विचारधाराएं, समाजीय रुचियां और दलों के बीच प्रतिस्पर्धा सहित अन्य प्रभाव भी निर्णय लेने को प्रभावित करते हैं।"
"As per the limit set by the rule, not more than one such matter is raised at the same sitting. In case, there are more than one matter scheduled for the same day, the Chairman decides priority on the basis of the urgency and importance of the matter. Normally, Calling Attention is taken up after the completion of the Question Hour and the laying of papers on the Table of the House and before any other item in the List of Business is taken up.","सामान्यतः, ध्यानाकर्षण प्रश्न काल के पूरा होने और सदन की मेज़ पर दस्तावेजों के रख दिए जाने के बाद तथा कामों की सूची में से किसी भी चीज़ को उठाने के पहले शुरू किया जाता है।"
"Friends, this pandemic has not yet come to an end. More dreadful variants of this virus are expected in coming days. Hence, we have to be ready for collective action and mutual cooperation to combat the pandemic and mobilise resources for a humanitarian response based on multilateralism.","इसलिए, महामारी से लड़ने और बहुपक्षीय राजनय पर आधारित मानवतावादी प्रतिक्रिया हेतु संसाधन जुटाने के लिए हमें सामूहिक कार्यवाही और आपसी सहयोग के लिए तैयार रहना होगा।"
"In 2017, the Government developed and approved its National Antimicrobial Resistance Surveil- lance Plan for laboratory-based antimicrobial resistance surveillance. The plan establishes a national surveillance network capable of detecting priority antimicrobial resistance pathogens, analysing and reporting data, characterizing resistance and generating evidence to inform the implementa- tion of targeted prevention and control programmes. It is now (20192023) accompanied with an integrated National Antimicrobial Resistance and Residue Surveillance Plan for the animal health care, plant, food safety and environment sectors.","अब (2019-2023) में इसे पशु स्वास्थ्य रक्षा, पादप, भोजन सुरक्षा तथा पर्यावरण अवखंडों के लिए राष्ट्रीय सूक्ष्मजीवी प्रतिरोध एवं अवशिष्ट निरीक्षण योजना के साथ प्रस्तुत किया गया है।"
"In the past, surcharges on direct taxes have generally been levied to meet the revenue needs arising from natural calamities. The Government has set up the National Calamity Contingency Fund to build up resources to meet emergency situations. As a corollary, surcharge on direct taxes should be removed.",प्राकृतिक आपदाओं के लिए धन की आवश्यकता को पूरा करने के लिए पहले आम तौर पर प्रत्यक्ष कर पर अधिभार वसूल किया जाता था।
"India became a signatory to the United Nations Convention on Biological Diversity, 1992 in May 1994, and the Nagoya Protocol on Access to Genetic Resources and the Fair and Equitable Sharing of Benefi ts Arising from their Utilization 2010 in October 2014. India adopted the Biological Diversity Act 2002 (BD Act) to enforce steps to protect biodiversity as per the international standards. Furthermore, the Clean Development Mechanism (CDM) initiated in the Kyoto Protocol helped India position better towards climate change.","मई 1994 में भारत संयुक्त राष्ट्र जैविक विविधता सम्मेलन 1992 का, और अक्टूबर 2014 में आनुवांशिक संसाधनों तक पहुँच और उनसे उत्पन्न होने वाले लाभों के उचित और न्यायसंगत साझाकरण 2010 पर नागोया घोषणा-पत्र का हस्ताक्षरकर्ता बना।"
"Indias support is guided by the needs and priorities of the Government and the people of Afghanistan; activities are undertaken in partnership with the Afghan government; and projects are spread across Afghanistan in wide range of areas. Both sides are on the pathway of an ambitious and forward looking next generation New Development Partnership. In September 2017, India hosted the India-Afghanistan Trade and Investment Show in New Delhi.",भारत का समर्थन सरकार एवं अफगानिस्तान के लोगों की जरूरतों और प्राथमिकताओं द्वारा निर्देशित हैं; कार्य अफगानी सरकार के साथ हिस्सेदारी में किए जाते हैं और परियोजनाएं अफगानिस्तान के व्यापक क्षेत्रों में फैली हुई हैं।
"It is important to recognise that, with almost three-quarters of our oil consumption met through imports, domestic prices of petrol and diesel have to be broadly in sync with global prices of these items. Government will set up an expert group to advise on a viable and sustainable system of pricing petroleum products. Details will be announced by my colleague, the Minister of Petroleum and Natural Gas.","विवरण मेरे सहयोगी, पेट्रोलियम और प्राकृतिक गैस मंत्री घोषित करेंगे।"
"It is important to recognise that, with almost three-quarters of our oil consumption met through imports, domestic prices of petrol and diesel have to be broadly in sync with global prices of these items. Government will set up an expert group to advise on a viable and sustainable system of pricing petroleum products. Details will be announced by my colleague, the Minister of Petroleum and Natural Gas.",सरकार पेट्रोलियम उत्पादों की कीमत-निर्धारण के लिए व्यवहार्य और संवहनीय प्रणाली के संबंध में सलाह देने के लिए विशेषज्ञ समूह स्थापित करेगी।
"It is widely acknowledged that the National Rural Employment Guarantee Act (NREGA) first implemented in February 2006, has been a magnificent success. During 2008-09, NREGA provided employment opportunities for more than 4.47 crore households as against 3.39 crore households covered in 2007-08. We are committed to providing a real wage of Rs. 100 a day as an entitlement under the NREGA.",2007-08 में नरेगा द्वारा 3.39 करोड़ परिवारों को रोज़गार के अवसर प्रदान किए जाने के मुकाबले 2008-09 में इसने 4.47 करोड़ से अधिक परिवारों को रोज़गार के अवसर दिए।
"It is widely acknowledged that the National Rural Employment Guarantee Act (NREGA) first implemented in February 2006, has been a magnificent success. During 2008-09, NREGA provided employment opportunities for more than 4.47 crore households as against 3.39 crore households covered in 2007-08. We are committed to providing a real wage of Rs. 100 a day as an entitlement under the NREGA.","यह व्यापक रूप से स्वीकार किया जाता है कि राष्ट्रीय ग्रामीण रोजगार गारंटी अधिनियम (नरेगा) जो पहली बार फरवरी 2006 में कार्यान्वित किया गया था, शानदार रूप से सफल रहा है।"
"It is widely acknowledged that the National Rural Employment Guarantee Act (NREGA) first implemented in February 2006, has been a magnificent success. During 2008-09, NREGA provided employment opportunities for more than 4.47 crore households as against 3.39 crore households covered in 2007-08. We are committed to providing a real wage of Rs. 100 a day as an entitlement under the NREGA.",हम नरेगा के तहत अधिकार के रूप में प्रति दिन रु.100 का वास्तविक मेहनताना देने के लिए प्रतिबद्ध हैं।
"Madam Speaker, Honourable Members are aware that global prices of oil and petroleum products had shot up to unprecedented levels in 2008-09. Most oil importing countries, including our neighbours, adjusted their domestic prices to reflect these global changes. Though prices have declined since then, they are already about double of the lows reached in the wake of the global financial crisis.","हालांकि कीमतों में तब से गिरावट आई है, तब भी वैश्विक आर्थिक संकट के समय जो कीमतों में गिरावट आई थी उससे वर्तमान कीमतें दुगनी हैं।"
"Madam Speaker, the Government is committed to ensure that Sri Lankan Tamils enjoy their rights and legitimate aspirations within the territorial sovereignty and framework of Sri Lankas Constitution. The Ministry of External Affairs is working closely with the Sri Lankan Government in this regard. I propose to allocate Rs. 500 crore for the rehabilitation of the internally displaced persons and reconstruction of the northern and eastern areas of Sri Lanka.",मैं श्रीलंका में आंतरिक रूप से विस्थापित लोगों के पुनर्वासन और वहां के उत्तरी एवं पूर्वी क्षेत्रों के पुनर्निर्माण के लिए रु. 500 करोड़ आवंटित करने का प्रस्ताव रखता हूँ।
"Marketplaces are a low-risk approach to start selling to US customers. However, while marketplaces allow you to grow sales, they do not enable you to grow a sustainable business and create your own marketable brand. Once you have established a first presence in the US, it makes sense to launch a light version of a local branded online store and focus on service and reputation building, before providing a fully functional US website, mobile experience and implementing a more aggressive and riskier marketing strategy in order to acquire new customers.",एक बार आपने संयुक्त राज्य अमेरिका में पहली उपस्थिति स्थापित कर ली तो पूरी तरह से क्रियाशील अमेरिकी वेबसाइट प्रदान करने से पहले मोबाइल उत्पाद उपयोगकर्ता द्वारा अनुभव और नए ग्राहक पाने के लिए एक अधिक आक्रामक और अधिक जोखिम-भरी विपणन रणनीति अमल में लाने से पहले ऑनलाइन स्टोर के स्थानीय ब्रांड के हल्के संस्करण को आरंभ करने और सेवा तथा प्रतिष्ठा निर्माण पर ध्यान देने में अधिक भलाई है।
"Media is the most potent tool that connects the Parliament with its people. Given the sophistication and transformation brought in by the technological advancements that has further widened its reach, media has acquired a distinctive character of moulding public opinion today. In a vigilant society with growing population such as ours, it is but imperative that the institution of Parliament has its own independent channel to disseminate authentic information to its constituents.",तकनीकी उन्नतीकरण के चलते मीडिया में आई विशेषज्ञता और परिवर्तन से उसकी पहुंच इतनी बढ़ गई है कि मीडिया ने अब जनमत को प्रभावित करने की एक विशिष्ट भूमिका ले ली है।
"Minimum Alternate Tax (MAT) was introduced to address inequity in taxation of corporate taxpayers. In the quest for greater equity, I propose to increase the rate of MAT to 15 per cent of book profits from the present rate of 10 per cent. However, to grant relief to corporate taxpayers, I also propose to extend the period allowed to carry forward the tax credit under MAT from seven years to ten years.","और अधिक साम्यता लाने की कोशिश में, मैं मैट की दर को बही लाभ के 10 प्रतिशत की वर्तमान दर से बढ़ा कर 15 प्रतिशत करने का प्रस्ताव देता हूँ।"
"Nearly 80,000 appointments are being released to enable the applicants to get appointments at the Passport Kendras with ease. Securing online appointments for submission of passport applications at Passport Kendras has been simplified. The current provision is allowing applicants to choose any appointment date from the earliest five available dates (working days) for scheduling/rescheduling an appointment for passport related services.",पासपोर्ट केन्द्रों में पासपोर्ट आवेदन जमा करने के लिए समयादेश ऑनलाइन प्राप्त करने की प्रक्रिया को सरल बना दिया गया है।
"Our country owes a deep debt of gratitude to our valiant ex-Servicemen. The Committee headed by the Cabinet Secretary on OROP has submitted its report and the recommendations of the Committee have been accepted. On the basis of these recommendations, the Government has decided to substantially improve the pension of pre 1 January 2006 defence pensioners below officer rank (PBOR) and bring pre 10 October 1997 pensioners on par with post 10 October 1997 pensioners.",इन अनुशंसाओं के आधार पर सरकार ने ऑफिसर श्रेणी से नीचे वाले सुरक्षाकर्मी पेंशन-भोगियों (पी.बी.ओ.आर.) की 1 जनवरी 2006 से पहले की पेंशन में काफी हद तक सुधार करने और 10 अक्टूबर 1997 से पहले के पेंशन-भोगियों को 10 अक्टूबर 1997 के बाद वाले पेंशन-भोगियों की बराबरी पर ले आने का फैसला किया है।
"Parliaments of all the democratic countries and elected public representatives will play a crucial role in all such efforts. In any democratic system, the public representatives connect with the people at the grassroots level and act as a bridge between the people and the government. Hence, on this occasion today, I would like to call upon the Presiding Officers of the Parliaments across the world to play a proactive role in formulating a concrete action plan that puts people at the centre of the response to achieve more equitable and resilient outcomes for all and Parliaments will have to play a constructive role in ensuring its effective implementation.","अधिक न्यायसंगत और सभी के लिए सशक्त परिणाम पाने के लिए, मैं पूरे संसार की संसदों के पीठासीन अधिकारियों से एक ऐसी ठोस कार्य-योजना बनाने में अग्रिम रूप से सक्रिय भूमिका निभाने अनुरोध करता हूँ जो कि लोगों को प्रतिक्रिया के केंद्र में रखती है, तथा इस योजना के असरकारी कार्यान्वयन को सुनिश्चित करनेके लिए संसदों को एक रचनात्मक भूमिका निभानी पड़ेगी।"
Rashtriya Swasthya Bima Yojana (RSBY) was operationalised last year. The initial response has been very good. More than 46 lakh BPL families in eighteen States and UTs have been issued biometric smart cards.,अठारह राज्यों और केन्द्र शासित प्रदेशों में 46 लाख से भी ज्यादा बी.पी.एल. परिवारों को जीवमितीय पहचान-युक्त स्मार्ट कार्ड जारी किए गए हैं।
"Since 1989, various steps have been taken towards this end. Live telecast of proceedings started in 1994. Two satellite TV Channels - Lok Sabha Television (LSTV) and Rajya Sabha Television (RSTV) were launched in 2004.",कार्यवाहियों का सीधा प्रसारण 1994 से शुरू हुआ।
"So as to bring about economy, efficiency and effectiveness, the Presiding Officers of both the Houses of Parliament - the Vice- President of India and Chairman of Rajya Sabha and the Speaker of Lok Sabha - agreed to merge the two Channels. Commemorating the International Day of Democracy on 15 September 2021, the Sansad TV has been launched in the august presence of the Vice-President of India, Shri M. Venkaiah Naidu, the Prime Minister of India, Shri Narendra Modi and Speaker, Lok Sabha, Shri Om Birla at the Parliament House Annexe in New Delhi.","15 सितंबर 2021 को अंतर्राष्ट्रीय लोकतंत्र दिवस मनाने के लिए संसद भवन एनेक्सी, नई दिल्ली में भारत के उप-राष्ट्रपति, श्री एम. वेंकय्या नायडू, भारत के प्रधानमंत्री, श्री नरेंद्र मोदी, तथा लोकसभा अध्यक्ष, श्री ओम बिड़ला की गरिमामय उपस्थिति में संसद टी.वी. आरंभ किया गया।"
"So as to bring about economy, efficiency and effectiveness, the Presiding Officers of both the Houses of Parliament - the Vice- President of India and Chairman of Rajya Sabha and the Speaker of Lok Sabha - agreed to merge the two Channels. Commemorating the International Day of Democracy on 15 September 2021, the Sansad TV has been launched in the august presence of the Vice-President of India, Shri M. Venkaiah Naidu, the Prime Minister of India, Shri Narendra Modi and Speaker, Lok Sabha, Shri Om Birla at the Parliament House Annexe in New Delhi.","कमखर्ची, दक्षता और प्रभावकारिता लाने के लिए, दोनो सदनों के पीठासीन अधिकारी -भारत के उपराष्ट्रपति और राज्य सभा के सभापति तथा लोक सभा के अध्यक्ष - ने दोनों चैनलों के विलय के लिए सहमति दी।"
"The Business Advisory Committee allots time for discussing the Motion of Thanks and the time is proportionately allotted to various political parties according to their strength in the House. The Leaders of the Parties give the list of speakers to the Secretary-General in respect of their Parties and a record is maintained during the discussion of the time taken by each speaker. Generally, three days are allotted for the discussion.",आमतौर पर चर्चा के लिए तीन दिन का समय आवंटित किया जाता है।
"The Ministry of External Affairs has the responsibility for issuing Passports to Indian citizens. It also renews Passports to those living abroad, while rendering other Consular services that are required for their livelihood and education. Since 2014, it has been the Modi Governments priority to make it easier for the average Indian to obtain and renew Passports, both at home and abroad.",2014 से मोदी सरकार ने प्राथमिकता दी है कि आम भारतीय के लिए देश एवं विदेश में पासपोर्ट प्राप्त करना और नवीकरण करना आसान बनाया जा सके।
"The appraisal program under NSP was planned to cover onland basins. However, in next campaign, offshore basins (East Coast, West Coast and Andaman) upto EEZ boundaries are being taken up. Till February 2022, total 22,555 LKM 2D Broadband seismic data in Andaman offshore has been acquired.","लेकिन, अगले अभियान में, अपतटीय बेसिनों (पूर्वी तट, पश्चिमी तट और अंडमान) से लेकर ई.ई.ज़ेड. सीमाओं पर काम किया जाएगा।"
"The appraisal program under NSP was planned to cover onland basins. However, in next campaign, offshore basins (East Coast, West Coast and Andaman) upto EEZ boundaries are being taken up. Till February 2022, total 22,555 LKM 2D Broadband seismic data in Andaman offshore has been acquired.",एन.एस.पी. के तहत मूल्यांकन कार्यक्रम का नियोजन तटीय बेसिनों का मूल्यांकन करने के लिए किया गया था।
"The appraisal program under NSP was planned to cover onland basins. However, in next campaign, offshore basins (East Coast, West Coast and Andaman) upto EEZ boundaries are being taken up. Till February 2022, total 22,555 LKM 2D Broadband seismic data in Andaman offshore has been acquired.","फरवरी 2022 तक अंडमान अपतट में कुल 22,555 एल.के.एम. 2डी ब्रॉडबैंड भूकंपीय विवरण का अधिग्रहण किया जा चुका है।"
"The first challenge is to lead the economy back to the high GDP growth rate of 9 per cent per annum at the earliest. Growth of income is important in itself, but it is as important for the resources that it brings in. These resources provide us with the means to bridge the critical gaps that remain in our development efforts, particularly with regard to the welfare of the vulnerable segments of our population.","यह संसाधन हमें हमारे विकास के प्रयास में रह गई महत्वपूर्ण कमियों से उभरने के उपाय प्रदान करते हैं, विशेष रूप से हमारी जनसंख्या के कमज़ोर वर्गों के कल्याण के संबंध में।"
"The low level of female literacy continues to be a matter of grave concern. It has, therefore, been decided to launch a National Mission for Female Literacy, with focus on minorities, SCs, STs and other marginalised groups. The aim will be to reduce by half, the current level of female illiteracy, in three years.",महिलाओं में निरक्षरता को तीन वर्षों में वर्तमान स्तर से उसके आधे पर लाने का लक्ष्य है।
"The population of Hyderabad was over 85 per cent Hindu. But the civil services, the police and the army were the close preserve of the Muslims. Even in the Legislative Assembly, which the Nizam set up in 1946, the Muslims had a majority of 10 over the Hindus in a House of 132.","लेकिन जनपदाधिकारी सेवा, पुलिस और सेना में मुख्य रूप से मुसलमानों का वर्चस्व था।"
"The process of sending prior information on appointments through an SMS and email to the applicant has also been introduced. Electronic Token Issuance upon arrival and an electronic Exit Letter after completion of service at the PSK has enabled in providing paperless service, protecting the environment and promoting the green initiatives of Digital India. Such seamless process has helped in increasing the speed of service delivery and reduced public grievances.","आगमन के समय इलेक्ट्रॉनिक टोकन और पी.एस.के. में सेवा पूरी हो जाने पर इलेक्ट्रॉनिक निर्गम पत्र जारी करने से कागज-रहित सेवा, पर्यावरण की रक्षा और हरित पहलों को बढ़ावा देना सक्षम हो सका है।"
"The process of sending prior information on appointments through an SMS and email to the applicant has also been introduced. Electronic Token Issuance upon arrival and an electronic Exit Letter after completion of service at the PSK has enabled in providing paperless service, protecting the environment and promoting the green initiatives of Digital India. Such seamless process has helped in increasing the speed of service delivery and reduced public grievances.",इस प्रकार की समेकित प्रक्रिया ने सेवा सुपुर्दगी की गति बढ़ाने और लोगों की शिकायतों को कम करने में मदद की है।
"There is no requirement under the rules to consult the Leader of the House or the Minister concerned in this regard. However, as per the prevailing pratice, the Chairman may consult the Business Advisory Committee or the Minister of Parliamentary Affairs. It is quite possible that a matter for Calling Attention may not be taken up in the Rajya Sabha even if such a matter has been permitted in the Lok Sabha.",नियम के अनुसार इस मामले के लिए सदन के नेता या संबंधित मंत्री से परामर्श करने की कोई आवश्यकता नहीं है।
"To bring the fiscal deficit under control, we have to initiate institutional reform measures during the current year itself. This is essential for maintaining a stable balance of payments, moderate interest rates and steady flow of external capital for corporate investment. These measures have to encompass all aspects of the Budget such as subsidies, taxes, expenditure and disinvestment.","इन उपायों में आर्थिक सहायता, कर, व्यय और विनिवेश जैसे बजट के सभी पहलुओं को शामिल किया जाना चाहिए।"
"To bring the fiscal deficit under control, we have to initiate institutional reform measures during the current year itself. This is essential for maintaining a stable balance of payments, moderate interest rates and steady flow of external capital for corporate investment. These measures have to encompass all aspects of the Budget such as subsidies, taxes, expenditure and disinvestment.","भुगतानों के स्थिर संतुलन, औसत दर्जे की ब्याज दरों और निगमित निवेशों हेतु बाह्य पूँजी के नियमित प्रवाह को बनाए रखने के लिए यह आवश्यक है।"
"US shoppers are avid cross-border shoppers. About 50% of them prefer to shop online rather than in a store and this proportion is even higher for Generation X and Y shoppers. On top of that, US shoppers are happy to spend their money abroad with the UK being their favoured destination (49%) followed by China (39%), Canada (34%), Hong Kong (20%) and Australia (18%).","इसके अलावा, अमरीकी खरीदार विदेशों में धन खर्च करना पसंद करते हैं और उनके पसंदीदा गंतव्य स्थान क्रमशः यू.के. (49%), चीन (39%), कनाडा (34%), हांगकांग (20%) और ऑस्ट्रेलिया (18%) हैं।"
"Under the MoP’s direction, states have nominated State Nodal Agencies (SNAs) to govern the implementation of public charging. State Nodal Agencies (SNAs) are mandated to select implementing agencies to install, operate and maintain public charging stations and battery swapping/charging facilities in the state. Unless otherwise specified by the state, state electricity distribution companies (DISCOMs) are the SNAs by default.","राज्य नोडल एजेंसियों (एस.एन.एज़.) को कार्यान्वयन करने वाले ऐसे संगठनों को अनुबंधित करने हेतु चुनने का अधिकार है जो राज्य में सार्वजनिक चार्जिंग स्टेशनों और बैटरी की अदला-बदली/चार्जिंग सुविधाओं को तैयार करेंगे, चलाएंगे, और बनाए रखेंगे।"
"thefinancialsectoristhelifebloodofanyeconomy.ourgovernment'ssapproachtothebankingandfinancialsectorhasbeentoensurerobustoversightandregulationwhileexpandingfinancialaccessanddeepeningmarkets.themeritofthisbalancedapproachhasbeenborneoutintherecentexperience,astheturbulenceintheworldfinancialmarketshaslefttheindianbankingandfinancialsectorrelativelyunaffected.",बैंकिंग और वित्तीय क्षेत्रों के प्रति हमारी सरकार द्वारा अपनाई गई रणनीति पर्यवेक्षण और विनियमन को मजबूत करते हुए वित्तीय पहुंच का विस्तार करने और बाजारों को गहराई प्रदान करने की रही है।
"Although age related events of growth, development and maturation in human beings are mostly the same in all cultures, however, some variations do exist. This is because growth is affected by both genetic and the environmental factors. Growth is also influenced by the sociocultural context.",ऐसा इसलिए है क्योंकि वृद्धि आनुवांशिक और परिवेशी दोनों ही कारकों से प्रभावित होती है।
"Antimicrobial resistance costs lives and money and threatens our ability to treat infections in humans and animals. Drug resistance has become a global public health crisis. Because of its effect on food production, economy and security, antimi- crobial resistance is also considered a threat to health, national security and the economy.","खाद्य उत्पादन, अर्थ व्यवस्था और सुरक्षा पर रोगाणुरोधी प्रतिरोध के प्रभावों के कारण, इसे स्वास्थ्य, राष्ट्रीय सुरक्षा और अर्थ व्यवस्था के लिए भी खतरा माना जाता है।"
"Ayurveda literally means Science of Life. Ayurveda is evolved from the various Vedic hymns rooted in the fundamental philosophies about life, disease and health. The Charak Samhita and Sushruta Samhita developed around 2500 BC are the main treatises of Ayurveda fully available today.","लगभग 2500 ईसा पूर्व में लिखी गई चरकसंहिता और सुश्रुतसंहिता, वर्तमान में आयुर्वेद के पूर्ण रूप से उपलब्ध मुख्य आलेख हैं।"
"Cardio-respiratory endurance reflects the ability of the bodys circulatory and respiratory systems to supply fuel during sustained physical activity. To improve your cardio-respiratory endurance, try activities that keep your heart rate elevated at a safe level for a sustained length of time such as walking, running, jogging, swimming, bicycling etc. The activity you choose need not be strenuous enough to improve your cardio-respiratory endurance.",लंबे समय तक शारीरिक व्यायाम के दौरान शरीर को ऊर्जा देते रहने में शरीर के परिसंचारी और श्वसन तंत्र की क्षमता हृद्श्वसन स्थिरता से मापी जाती है।
"During the exit interviews with patients at the facilities, the prescriptions were noted or photocopied, and an analysis of these prescriptions was undertaken during the analysis phase. The prescriptions were available for 13 out of 18 districts (states) of Homeopathy, Ayurveda, Siddha, and of Unani systems, as per the availability of AYUSH doctors. The remaining 5 districts had unclear prescriptions mentioning use of AYUSH medicines without their names, e.g., Haryana, Andhra Pradesh, Assam and Jharkhand, because of the methodological error in recording them by the investigators of these states.","आयुष चिकित्सकों की उपलब्धता के आधार पर 18 में से 13 ज़िलों (राज्यों) में होमियोपैथी, आयुर्वेद, सिद्ध और यूनानी प्रणालियों के औषधीय नुस्खे उपलब्ध थे।"
"Fourteen years old Suleman and George were very good friends who also shared their birth date. Sulemans parents were quite tall. While Suleman was 5 feet 6 inches tall, George was only 4 feet 9 inches.",सुलेमान के माता-पिता काफी लंबे थे।
"From the analysis of 202 responses, it is evident that all the respondents were aware of basic principles and strengths of Ayurveda. They also opined that, integration is useful to strengthen the overall health care delivery in India. Further, they expressed that the communication barrier between practitioners of Ayurveda and Biomedicine, meagre research work with respect to safety and efficacy of Ayurvedic medicines and therapies, inadequate policy initiatives are the important obstacles in realizing functional integration between Ayurveda and Biomedicine.","इसके अलावा, उन्होंने कहा कि कमज़ोर नीति पहलें, आयुर्वेदिक दवाओं और उपचारों की सुरक्षा और प्रभावकारिता में शोध की कमी, और आयुर्वेद तथा जैवचिकित्सा के चिकित्सकों के बीच संवादहीनता आयुर्वेद और जैवचिकित्सा में कार्यात्मक एकीकरण पाने में प्रमुख अवरोध हैं।"
"Given the appreciation and high utilisation of AYUSH services in most states, the unmet felt need must be recognised and catered to. A higher financial allocation needs to be made for the AYUSH services. A mere 3% of the total budget is grossly inadequate and, with the large number of institutions, can only ensure poor quality of services in them.",आयुष सेवाओं के लिए उच्चतर आर्थिक आवंटन करने की आवश्यकता होती है।
"Given the appreciation and high utilisation of AYUSH services in most states, the unmet felt need must be recognised and catered to. A higher financial allocation needs to be made for the AYUSH services. A mere 3% of the total budget is grossly inadequate and, with the large number of institutions, can only ensure poor quality of services in them.","कुल बजट का मात्र 3% निहायत अपर्याप्त है और, इतने अधिक संस्थानों में बस एक कमजोर गुणवत्ता की सेवाएँ ही सुनिश्चित कर सकता है।"
"If you dont do anything because a study said not to, that may not be good enough as a defense. The prudent doctor vs. the prudent patient: who decides for whom?",यदि आप कुछ नहीं करते क्योंकि किसी अध्ययन में कुछ न करने को कहा गया था तो हो सकता है कि यह बचाव के रूप में पर्याप्त न हो।
"If you dont do anything because a study said not to, that may not be good enough as a defense. The prudent doctor vs. the prudent patient: who decides for whom?",विवेकी डॉक्टर बनाम विवेकी रोगी: कौन किसके लिए निर्णय लेता है?
"If you think that hearing loss only affects older people, think again. Shockingly, according to the World Health Organization (WHO), not only are 430 million people currently living with disabling hearing loss, but more than 1 billion people aged between 12 and 35 years are at risk of hearing loss due to exposure to loud sounds at music gigs and clubs or on their devices. Problems with hearing loss start early but tend not to manifest immediately.",आश्चर्यजनक है कि विश्व स्वास्थ्य संगठन (डब्ल्यू.एच.ओ.) के अनुसार वर्तमान में न केवल 43 करोड़ लोग निर्योग्यकारी श्रवण हानि के साथ जी रहे हैं बल्कि 12 से 35 वर्षीय 100 करोड़ से अधिक लोगों को तेज संगीत के कार्यक्रमों और क्लबों या अपने यंत्रों से तेज संगीत सुनने के कारण श्रवण हानि होने का खतरा है।
"In a private sector model, there is a financial disincentive to scan less, an incentive to scan more (f I scan more, I earn more) . Is there any motive to scan less? We should define individual risk.",हमें व्यक्तिगत जोखिम को परिभाषित करना चाहिए।
"In fact, the caloric density, protein, carbohydrate and fat in breast milk are very important for the growth of the child. Breast milk is free from contamination by bacteria and is easier for the infants stomach to digest. Infants who are breastfed for at least eight months have reduced incidence of many diseases.","शिशु के विकास के लिए स्तन्य दुग्ध में कैलोरिक घनत्व, प्रोटीन, कार्बोहाइड्रेट और वसा अति महत्वपूर्ण होते हैं।"
"In such cases efforts are made to remove water from the stomach of the drowned person. Attempting to forcefully remove water from the victims stomach should be avoided as this may make the victim vomit and there are chances of casualty. A casualty from drowning needs to be treated by a medical doctor, even if he/she seems to recover, because, as explained in Box 12.2, a secondary drowning may occur in him/her at a later stage.","भले ही ऐसा लगे कि वह सँभल रहा/रही है, डूबने के दुर्घटनाग्रस्त को डॉक्टर के इलाज की ज़रूरत होती है, क्योंकि, जैसा बॉक्स 12.2 में बताया गया है, बाद में जा कर उसके साथ द्वितीयक डूबने की घटना भी हो सकती है।"
"India has a comparative advantage in the area of Complementary Medicine and can be a world leader in the field. This is because India has an immensely rich and mature indigenous medical heritage of its own and strong foundations in western biomedical sciences. It is the only country which has provided legal status to seven non-allopathic systems of medicine, namely Ayurveda, Yoga, Unani, Siddha, Homeopathy, Naturopathy and Tibetan / Amchi Medicine.",भारत की पूरक चिकित्सा के क्षेत्र में अपेक्षाकृत श्रेष्ठता है और इस क्षेत्र में वैश्विक अगुआ बन सकता है।
"India has a comparative advantage in the area of Complementary Medicine and can be a world leader in the field. This is because India has an immensely rich and mature indigenous medical heritage of its own and strong foundations in western biomedical sciences. It is the only country which has provided legal status to seven non-allopathic systems of medicine, namely Ayurveda, Yoga, Unani, Siddha, Homeopathy, Naturopathy and Tibetan / Amchi Medicine.",ऐसा इसलिए है क्योंकि भारत के पास अपनी खुद की एक बेहद समृद्ध और परिपक्व स्वदेशी चिकित्सीय धरोहर और पश्चिमी जैवचिकित्सा विज्ञान में मजबूत बुनियाद है।
"Medicines kill microbes and /or slow their growth. These are classified as anti-virals, anti-fungals, anti-protozoals and antibiotics according to the group of microbes they act upon. However, these medicines should be taken in the recommended dose and duration as advised by the doctor.","जिन सूक्ष्माणुओं के समूह पर ये काम करती हैं, उस आधार पर इन्हें वायरसरोधी, फंगसरोधी, प्रोटोज़ोआरोधी तथा प्रतिजैविक औषधियों के रूप में वर्गीकृत किया जाता है।"
"Observe the animals daily to check for signs of poor health. These may include reduced feed or water intake, lethargy, watery or pale white mucoid discharge from the eyes, inflammation in the eyes and abnormal stool (colour and form). Regular monitoring of the animals health helps identify, investigate and resolve their health and management problems.","इनमें भोजन और पानी के अंतर्ग्रहण में कमी, आलस्य, पनियल या फीका सफेद श्लेष्माभ नेत्र स्राव, आँखों में सूजन, असामान्य विष्ठा (रंग और रूप) शामिल हैं।"
"One of the important non-cancerous applications of therapeutic radiopharmaceuticals is their use for loco-regional administration (in contrast to systemic administration) for the treatment of rheumatoid arthritis. This treatment modality, which is known as 'Radiation Synovectomy' or 'Radiosynoviorthesis', employs administration of radiolabeled particulates or radiolabeled colloids in the synovial cavities of the affected joints. Another important loco- regional administration of therapeutic radiopharmaceuticals is reported for the treatment of hepatocellular carcinoma (liver cancer), where radiolabeled micro-spheres of specific size or radiolabeled lipiodol (a highly viscous liquid - ethyl ester of fatty acid derived from poppy seed oil) are injected through the hepatic artery of the patient.","यकृतकोशिकीय दुर्दम्य अर्बुद (यकृत कैंसर) के इलाज के लिए, एक अन्य महत्वपूर्ण विकिरण-भेषजवर्ग के स्थानीय चिकित्सार्थ दिए जाने के बारे में बताया गया है, जिसमें विशिष्ट आकार के रेडियोलेबलीकृत सूक्ष्मगोलक या रेडियोलेबलीकृत लिपियोडॉल (खसखस के तेल से व्युत्पन्न फैटी एसिड का एक अत्यधिक गाढ़ा फैटी एसिड एथिल एस्टर) रोगी को रेडियोलेबलीकृत करने के लिए इंजेक्शन से यकृत धमनी के माध्यम से दिए जाते हैं।"
"One of the important non-cancerous applications of therapeutic radiopharmaceuticals is their use for loco-regional administration (in contrast to systemic administration) for the treatment of rheumatoid arthritis. This treatment modality, which is known as 'Radiation Synovectomy' or 'Radiosynoviorthesis', employs administration of radiolabeled particulates or radiolabeled colloids in the synovial cavities of the affected joints. Another important loco- regional administration of therapeutic radiopharmaceuticals is reported for the treatment of hepatocellular carcinoma (liver cancer), where radiolabeled micro-spheres of specific size or radiolabeled lipiodol (a highly viscous liquid - ethyl ester of fatty acid derived from poppy seed oil) are injected through the hepatic artery of the patient.","उपचार के इस प्रकार में, जिसे ""विकिरण श्लेषक-कला उच्छेदन"" या "" रेडियोसिनोवोर्थेसिस"" के रूप में जाना जाता है, रेडियोलेबल कणिकाएँ या रेडियोलेबल कलिल रोग-ग्रस्त जोड़ों की स्राव गुहा में इंजेक्शन से दिए जाते हैं।"
"People who are hard of hearing usually communicate through spoken language and can benefit from hearing aids, cochlear implants, and other devices, as well as captioning. Cochlear implants also benefit people who have more significant hearing loss. People who are diagnosed as deaf mostly have profound hearing loss, which implies very little or no hearing.",कर्णावर्त प्रत्यारोपण से उन लोगों को भी फायदा होता है जो काफी हद तक बहरे हो चुके हैं।
"People who are hard of hearing usually communicate through spoken language and can benefit from hearing aids, cochlear implants, and other devices, as well as captioning. Cochlear implants also benefit people who have more significant hearing loss. People who are diagnosed as deaf mostly have profound hearing loss, which implies very little or no hearing.","जिन्हें कम सुनाई देता है, वे सामान्यतया बोल कर अपनी बात व्यक्त करते हैं और कान की मशीनों, कर्णावर्ती प्रत्यारोपणों, और अन्य उपकरणों के साथ-साथ अनुशीर्षकों से लाभ पा सकते हैं।"
"Per-rectal palpation of female reproductive organ is the most common method of pregnancy diagnosis. It is, usually, performed between 35 and 42 days after mating or AI. Per-rectal examination is a quick method (an experienced person takes 12 minutes).",मलाशय-संबंधी परीक्षण एक त्वरित विधि है (एक अनुभवी व्यक्ति को 12 मिनट लगते हैं)।
"Radiopharmaceuticals are highly pure radioactive pharmaceutical preparations which are safe enough for human administration and used for either diagnosis or therapy of various kinds of human ailments. Radiopharmaceutical employs nuclear properties of the radionuclides as well as pharmacological properties of the pharmaceuticals to show its effectiveness as diagnostic or therapeutic agent. Radiopharmaceuticals usually do not exhibit any pharmacologic effect as they are usually administered in tracer quantities and thus, differ from conventional drugs.",विभिन्न प्रकार के मानव रोगों के निदान और उपचार के लिए रेडियोधर्मी औषधियों को अत्यधिक शुद्ध रेडियोधर्मी पदार्थों से निर्मित होना चाहिए जो मनुष्यों को दिए जाने के लिए पर्याप्त रूप से सुरक्षित हों।
"Resistance to the effects of antimicrobial drugs is a serious problem in the world. Antimicrobial resistance occurs naturally over time, usually through genetic changes. However, the misuse and overuse of antimicrobials is accelerating this process.",हालांकि सूक्ष्मजीवी प्रतिरोधकों का दुरुपयोग और अति उपयोग इस प्रक्रिया को तेज़ कर रहा है।
The Government has put in place a framework with this strategic plan to address the threats that antimicrobial resistance poses to the welfare of the people and livestock of Ethiopia. The strategic plan sets out a coordinated and collaborative One Health approach involving key stakeholders in government and other sectors. The National Antimicrobial Resistance Advisory Committee will continue to coordinate the work to be done and monitor the progress.,यह रणनीतिक योजना वन हेल्थ के लिए एक समन्वित और सहयोगात्मक दृष्टिकोण स्थापित करती है जिसमें सरकार के महत्वपूर्ण भागीदार और अन्य क्षेत्र शामिल हैं।
The Institute is trying its best to set the highest standards of teaching and research in Ayurveda. Attendance of patients in OPD and IPD of the Institute has continuously increased. The Institute is serving the goal of popularizing the Ayurveda and better health care of citizens by various expo organized at national and state level.,संस्थान के ओ.पी.डी. और आई.पी.डी. में रोगियों की उपस्थिति लगातार बढ़ती गई है।
The bias to cure and save is misguided. Huge bias against doing nothing. There is a medico-legal aspect.,यह एक चिकित्सा-विधिक पहलू है।
"The quality of AYUSH services was assessed based on a set of parameters covering infrastructure, human resources, supplies, record-keeping and other inputs. While the quality varied across states, in almost all, the quality of infrastructure, presence of human resources, supply of medicines, and records were found to be unsatisfactory. Combining indicators for all these parameters a qualitative grade was composed for the quality of facilities in each state.","हालांकि पूरे राज्यों में गुणवत्ता में अंतर थे, लगभग सभी में बुनियादी संरचना की गुणवत्ता, मानव संसाधनों की उपस्थिति, दवाओं की आपूर्ति, और विवरण-दस्तावेज असंतोषजनक पाए गए थे।"
"There is no generic blueprint for how to make a health report. The best way to assemble information and present it in a health report depends on the context, the purpose of the report, the target audience and the authors degree of freedom in terms of creativity and opportunities to try out new paths. Thus, this guidance focuses on well defined quality criteria for health reports, rather than presenting a standard health report.","स्वास्थ्य रिपोर्ट किस प्रकार बनाई जाए, इसका कोई सामान्य खाका नहीं होता है।"
"There is re-emergence of the integrative approach to facilitate affordable, safe and equitable health to all. Due to the active initiatives taken up by the Government of India and other stake holders the reach of Ayurveda has expanded along with wide spread consumer acceptance. The efforts to co-locate Ayurveda centers along with bio-medical facilities across India through programs like National Rural Health Mission (NRHM are limited to the extent of only physical proximity between biomedicine and Ayurveda and far away from the possibility of functional integration granulated to the level of clinical service delivery together.",राष्ट्रीय ग्रामीण स्वास्थ्य मिशन (एन.आर.एच.एम.) जैसे कार्यक्रमों के माध्यम से पूरे भारत में आयुर्वेद केन्द्रों और जैव-चिकित्सा सुविधाओं को सह-स्थित करने के प्रयत्न केवल भौतिक निकटता तक सीमित हैं और नैदानिक सेवाओं के सह-वितरण के स्तर तक कार्यात्मक एकीकरण की संभावना उम्मीद से बहुत कम है।
"There will be discomfort and reluctance in its walking. But in case of severe infection or disease, the animal will lie on the ground for the maximum number of hours and will limp while walking. If the animal stays away from other animals in a herd, it indicates that it is having some health problem.",अगर वह जानवर झुंड में अन्य जानवरों से अलग रहता है तो इससे यह प्रकट होता है कि उसे कोई स्वास्थ्य समस्या है।
"This was unnecessary, for the inspector had only done his duty. He did not know me, and even if he had known me, he should not have done otherwise. The Medical Officer would not let me go to him again and insisted on sending an inspector to me instead.",चिकित्सा अधिकारी मुझे दोबारा अपने पास आने नहीं दे रहे थे और बल्कि एक इंस्पेक्टर को मेरे पास भेजने पर ज़ोर दे रहे थे।
Unsaturated fats are those fats that are liquid at room temperature. Olive oil and peanut oil are called monounsaturated fats because they lack one pair of hydrogen atoms. Trans fats result from adding hydrogen to vegetable oils used in commercial baked goods and for cooking in most restaurants and fastfood chains.,अधिकतर रेस्तरां और फास्ट-फूड उद्योगों में खाना बनाने और व्यावसायिक रूप से सेंकी गई वस्तुओं में इस्तेमाल होने वाले समान घटक वनस्पति तेल में हाइड्रोजन के अणु के मिलने पर पारपक्ष वसा उत्पन्न होती है।
Unsaturated fats are those fats that are liquid at room temperature. Olive oil and peanut oil are called monounsaturated fats because they lack one pair of hydrogen atoms. Trans fats result from adding hydrogen to vegetable oils used in commercial baked goods and for cooking in most restaurants and fastfood chains.,असंतृप्त वसा ऐसी वसा है जो कक्ष तापमान पर द्रव रूप में होती है।
"WHO is committed to providing a work environment that respects the inherent dignity of all persons. WHO has a responsibility to take all appropriate steps to prevent and respond to discrimination, abuse of authority, and harassment, including sexual harassment (collectively referred to as abusive conduct) in the workplace or in connection with work. WHO has zero tolerance towards abusive conduct.","डब्ल्यू.एच.ओ. का यह उत्तरदायित्व है कि कार्य-स्थल में या कार्य के सिलसिले में भेद-भाव, अधिकार का दुरुपयोग, और यौन-उत्पीड़न सहित उत्पीड़न (सामूहिक रूप से जिसे अपमानजनक आचरण कहा जाता है) को रोकने और उसका जवाब देने की दिशा में सभी उचित कदम उठाए।"
What is the harm? How much is the harm? It is very complex.,इसमें नुकसान क्या है?
Writing a health report is at the third level (knowledge) of the health information pyramid. It builds on the data collection and analysis and contextualization of the data activities. The aim of the third level is to present and communicate the results in a way that it supports decision-making.,तृतीय स्तर का उद्देश्य है परिणामों को इस प्रकार प्रस्तुत करना और संप्रेषित करना जो निर्णय लेने में सहायता कर सके।
"Yoga is essentially spiritual and it is an art and science of healthy living which focuses on bringing harmony between body and mind. The word Yoga has two meanings; the first comes from the root Yujir or Union, the second is derived from a different root yuja which means Samadhi the highest state of mind and the absolute knowledge. These two are the most important meanings of the word Yoga according to Panini, the most well-known Sanskrit grammarian.","योग शब्द के दो अर्थ हैं: पहला युजिर् धातु से निकला है जिसका मतलब है संयोजन, और दूसरा एक अलग मूल, युज्, से आया है, जिसका मतलब होता है समाधि, या चेतना तथा पूर्ण ज्ञान की चरम अवस्था।"
"""radiopharmaceuticals'arehighlypureradioactivepharmaceuticalpreparationswhicharesafeenoughforhumanadministrationandusedforeitherdiagnosisortherapyofvariouskindsofhumanailments.radiopharmaceuticalemploysnuclearpropertiesoftheradionuclidesaswellaspharmacologicalpropertiesofthepharmaceuticalstoshowitseffectivenessasdiagnosticortherapeuticagent.radiopharmaceuticalsusuallydonotexhibitanypharmacologiceffectastheyareusuallyadministeredintracerquantitiesandthus,differfromconventionaldrugs.",विकिरण-भेषजवर्ग नैदानिक ​​या उपचारात्मक उत्प्रेरक के रूप में अपनी प्रभावशीलता दिखाने के लिए रेडियोन्यूक्लाइड के परमाण्विक गुणों के साथ-साथ औषधियों के भैषजिक गुणों का उपयोग करते हैं।
"A green economy is one which promotes development while making sure that the environment is protected. The term Green Economy was first coined in a 1989 report for the Government of the United Kingdom by a group of leading environmental economists, titled Blueprint for a Green Economy. Every economy has many sectors.","वाक्यांश ""हरित अर्थव्यवस्था"" का प्रयोग पहली बार यूनाइटेड किंगडम की सरकार के लिए 1989 में तैयार की गई ब्लूप्रिंट फॉर ए ग्रीन इकोनॉमी शीर्षक वाली रिपोर्ट में अग्रणी पर्यावरण अर्थशास्त्रियों द्वारा किया गया था।"
"A white wine made from kiwi fruit called Naara Aaba, comes from Arunachal Pradesh, is produced by Lambu-Subu Food and Beverages at Hong village in Lower Subansiri district. Tage Rita Takhe, 37 is the proud manufacturer of this wine hailing from Lower Subansiri district of Arunachal Pradesh. Lambu-Subu Food produces around 40,000 litres of white wine per batch, and it takes the company around four months to produce one batch of wine.",अरुणाचल प्रदेश में नारा आबा नाम की श्वेत शराब कीवी फल से बनाई जाती है और इसका उत्पादन निचले सुबनसिरी ज़िले के हॉग गांव में लांबु-सुबु फूड एंड बेवरेजेस करता है।
Adjustable head restraints are provided to increase the height and fix at a desired comfortable position. To reduce the height press release button to move downwards. Make sure that the top of restraint is at the same height as the top of the occupants head.,नीचे की ओर जाने के लिए रिलीज़ बटन दबाकर ऊँचाई कम करें।
"All fodder crops change in nutritive profile as they mature. Fodder crops at very early stages of growth have high protein content and are, usually, easily digestible but their yield (total volume or biomass) is low. As a plant grows, the yield increases but digestibility and protein content decrease.","विकास के बहुत प्रांभिक चरणों में चारा-फसलों में उच्च मात्रा में प्रोटीन तत्व होते हैं और प्रायः आसानी से पचने योग्य होती हैं, पर उनकी उपज (कुल आयतन या जैव भार) कम होता है।"
"Armed with the passion for experimental ideas and geared with confidence and determination, Zeinorin from Ukhrul is not a regular entrepreneur. A chef friend of hers taught the process to make chocolates. Thus, Hill Wild was incorporated in November 2017 by Zeinorin along with Leiyolan Vashum, who is her founding partner.","प्रयोगात्मक विचारों के लिए जुनून से लैस और आत्मविश्वास एवं दृढ़ निश्चय से भरपूर, उखरुल की जीनोरिन सामान्य उद्यमी नहीं हैं।"
"Basically, it involves generation of biomass that can be converted to convenient energy- containing substances via different ways such as thermal conversion, chemical conversion, and biochemical conversion. This biomass conversion can result in fuels which are in solid, liquid, or gas form. Major types are bioethanol or biologically generated alcohols produced via fermentation of sugar and starches by micro-organisms.","मूलतः, इसमें जैवसंहति का उत्पादन शामिल है जिससे कि इसे ऊष्मीय परिवर्तन, रासायनिक परिवर्तन और जीवरासायनिक परिवर्तन जैसी विभिन्न विधियों से सुविधाजनक ऊर्जा-युक्त पदार्थों में परिवर्तित किया जा सके।"
"Biofuels production can also be improved using biotechnology. These are produced through biological processes rather than a fuel produced by geological processes such as coal and petroleum. Biofuels can be derived directly from plants, or indirectly from agricultural, commercial and industrial wastes.",भूवैज्ञानिक प्रक्रियाओं से बने कोयले और कच्चे तेल जैसे ईंधन के बजाए इनका उत्पादन जैविक प्रक्रियाओं से किया जाता है।
"DEEP Modern Chulha Society of Development and Environment Protection (DEEP) developed the Modern DEEP Chulha that uses biomass to reduce consumption of wood by 50%. This chulha reduces smoke by 80%, reducing environmental and health problems. The project trains masons and welders, to produce the chulhas, thus increasing employment and entrepreneurship opportunities.",विकास और पर्यावरण संरक्षण की डी.ई.ई.पी. आधुनिक चूल्हा सोसाइटी (डी.ई.ई.पी.) ने आधुनिक डी.ई.ई.पी. चूल्हा विकसित किया है जिसमें लकड़ी की खपत को 50% से कम करने के लिए जैव ईंधन का उपयोग किया जाता है।
Emphasis is being laid on the protection and improvement of indigenous breeds. Gazette notification of 197 notified indigenous breeds was done by 2020. This will help in conservation and improvement of local breeds.,2020 तक 197 अधिसूचित देशज नस्लें राजपत्र अधिसूचना में शामिल की गईं।
Enbiolet Green Solution Foundation (GSF) has created a bio-toilet solution for hygienic sanitation in villages and slums in cities that lacked sewage systems. Users or donors fund these bio-toilets while GSF provides training on toilet use and servicing involving the local population creating employment and entrepreneurship opportunities. The bio-digester tank forms the basis for this eco-friendly toilet.,एनबायोलेट ग्रीन सोल्यूशन फाउंडेशन (जी.एस.एफ.) ने उन गांवों और शहरों में झुग्गी झोंपड़ियों में स्वास्थ्यकर सफाई व्यवस्था के लिए जैविक-शौचालय बनाए हैं जहाँ पर मल व्यवस्था ठीक नहीं है।
"Enhancing food production, the export promotion and import substitution are the focus through local to global and one district one product initiatives. The processable varieties could be one potent tool to enhance the availability of raw material for processing industries and reduce their imports. ICAR has targeted to develop 30 processable varieties of field and horticultural crops by the year 2024 to substitute imports.",आई.सी.ए.आर. का वर्ष 2024 तक आयात करने के बदले 30 संसाधित करने योग्य खेती और बागवानी फसलों को विकसित करने का लक्ष्य है।
"Foreseeing a growing demand for radioisotopes and advanced research in nuclear science, the necessity for another reactor with comparatively higher neutron flux was felt way back in 1970s, which ultimately resulted in the construction and commissioning of R-5 reactor (later renamed as Dhruva reactor) at BARC, Trombay. This completely indigenous reactor is a testimony to the resolve of Indian scientists and engineers to achieve self-reliance in nuclear reactor technology. After shut down of the CIRUS reactor in 2010, Dhruva continues to cater to the radioisotope demand of our country and at the same time providing the facilities to carry out research in nuclear sciences.","1970 के दशक में ही विकिरण समस्थानिक की बढ़ती माँग का पूर्वानुमान लगाकर और नाभिकीय विज्ञान में अच्छी प्रगति से हो रहे शोध के कारण तुलनात्मक रूप से अधिक नयूट्रॉन अभिवाह वाले एक और रिएक्टर की आवश्यकता महसूस हुई जिसके परिणामस्वरूप बी.ए.आर.सी., ट्रॉम्बे में आर-5 रिएक्टर (बाद में जिसे ध्रुव रिएक्टर का नाम दिया गया) का निर्माण एवं उसे प्रवर्तन में लाना चालू हुआ।"
"HLLW contains fission products, minor actinides, traces of uranium & plutonium, corrosion products and chemicals added during reprocessing. HLLW is immobilized in inert glass (vitreous) matrix, stored for a few decades in air cooled vault and then planned to be disposed in deep repository. Conditioning of HLLW in vitreous matrix immobilizes the radioactivity in a chemically durable form and ensures isolation of radioactivity from biosphere for larger time frame.","एच.एल.एल.डब्ल्यू. में विखंडन उत्पाद, लघु ऐक्टिनाइड, यूरेनियम और प्लूटोनियम के अवशेष, संक्षारण उत्पाद, और पुनःसंसाधन करने के दौरान डाले गए रसायन होते हैं।"
"HLLW contains fission products, minor actinides, traces of uranium & plutonium, corrosion products and chemicals added during reprocessing. HLLW is immobilized in inert glass (vitreous) matrix, stored for a few decades in air cooled vault and then planned to be disposed in deep repository. Conditioning of HLLW in vitreous matrix immobilizes the radioactivity in a chemically durable form and ensures isolation of radioactivity from biosphere for larger time frame.",एच.एल.एल.डब्ल्यू. को निष्क्रिय कांच (विट्रियस) मैट्रिक्स में रेडियोधर्म को स्थिर करने के लिए रख कर वायुशीतित कक्ष में कुछ दशकों के लिए भंडारित किया जाता है और फिर उन्हें भूमिगत आधान में निपटान करने पर विचार किया जाता है।
"High yielding cows produce milk with low fat content. The composition of milk produced by individual cows of a particular breed may differ greatly (Table 3.5). Jersey cows produce milk having about 5 per cent fat content, while the milk of HolsteinFriesian contains about 3.5 per cent fat.",जर्सी गाय के दूध में 5 प्रतिशत वसा की मात्रा होती है जबकि हॉल्स्टीन-फ्रीज़ियन गाय के दूध में 3.5 प्रतिशत वसा होती है।
"Human safety mainly focuses on the safety of health, hygiene and environment of all people, including customers, employees and the management. Everyone at a workplace, including employer, supervisor, workers, employees and customers have the responsibility to promote hygiene and safety. At home, too, you must have experienced injury due to hazardous tools, equipment and materials.","मानव सुरक्षा मुख्य रूप से ग्राहकों, कर्मचारियों और प्रबंधन दल सहित सभी लोगों के स्वास्थ्य, स्वच्छता और वातावरण पर ध्यान केंद्रित करती है।"
"In India, solvent extraction-based facility has been deployed at Waste Immobilisation Plant, BARC, Trombay, where three cycle based solvent extraction process has been established. In the first cycle, residual uranium and plutonium are recovered from HLLW. While cesium recovery is aimed in the second cycle, Strontium-Actinide-Lanthanide combined separation is achieved in the third cycle from HLLW.","हालांकि सीज़ियम की पुनःप्राप्ति एच.एल.एल.डब्ल्यू के द्वितीय चक्र में की जाती है, स्ट्रॉन्शियम -ऐक्टिनाइड-लैंथनाइड का संयुक्त पृथक्करण तृतीय चक्र में पुनःप्राप्त किया जाता है।"
"Non availability of adequate number of cloud free optical satellite datasets is a major constraint for using optical remote sensing data for agricultural applications during monsoon season. In light of this, all weather capability of RADAR, an active sensor, is an attractive option to rely upon. Microwave remote sensing techniques have all weather capability as atmosphere is transparent to microwaves at lower frequencies, penetrate clouds and are suitable for day/night operations owing to the independence of microwave sensors on Suns illumination.","सूक्ष्म तरंग सुदूर संवेदन तकनीकों का प्रयोग हर प्रकार के मौसम में किया जा सकता है क्योंकि वायुमंडल कम आवृत्ति की इन सूक्ष्म तरंगों को रोकता नहीं है, और यह सूक्ष्म तरंगें बादलों से पार हो सकती हैं तथा सूक्ष्म तरंग के संवेदक चूंकि सूर्य के प्रकाश से प्रभावित नहीं होते, इसलिए यह दिन और रात के समय किए जाने वाले संचालनों के लिए उपयुक्त हैं।"
"Nuclear reactors facilitate nuclear fission to produce energy. Uranium, either in natural or enriched form, is commonly used as fuel in nuclear power plants for nuclear fission. When neutron bombards on it, uranium-235 (fissile isotope of natural uranium) split into two lighter atoms, called fission products and generates large amount of energy.",प्राकृतिक या संवर्धित यूरेनियम का प्रयोग आमतौर पर नाभिकीय विद्युत संयंत्रों में नाभिकीय विखंडन के लिए ईंधन के रूप में किया जाता है।
"Oil quality has been improved with enhanced level of oleic acid in groundnut. Besides, earliness has been induced in soybean. These improved cultivars provide better yield under stress conditions, and also possess higher nutritional value.",इसके अलावा सोयाबीन में जल्दी परिपक्व होने की क्षमता प्रेरित की गई है।
"Racking Back method is useful when full length of the wall cannot be built at one time. In this method, the full length of the wall is constructed in parts and each successive portion is racked back. Racking back is done to reduce the possibility of any settlement of cement plaster in freshly laid portion of the wall.",जब एक बार में पूरी दीवार का निर्माण नहीं किया जा सकता तो ऐसी स्थिति में सीढ़ीनुमा दीवार खड़ी करना उपयोगी होता है।
"Realization of higher agricultural production has been associated with higher chemical footprints in the environment. Unbalanced use of fertilizers in agriculture in certain crops /regions is leading to land degradation, water & air pollution, unhealthy ecosystem and unsafe food posing risks to human health. This has brought focused attention of all concerned towards chemical-free farming, including organic farming, and techniques that recover, revitalize, and restore the soil and the environment.","इससे सभी संबंधित लोगों का जैविक खेती, मृदा एवं पर्यावरण को पुनःठीक करने, उसमें दोबारा प्राण भरने और दुरुस्त करने की तकनीकों सहित रसायन-मुक्त कृषि पर ध्यान केंद्रित हुआ है।"
"Rose is a day neutral plant for flower initiation, and duration of light does not affect flowering. However, though for vegetative growth, it is a sun-loving plant, as during winter it requires bright sunshine at least for six hours daily and free ventilation. Temperature requirement is 24o27oC during the daytime and 15o17oC during night hours, that is optimum being 15o27oC with 75 per cent relative humidity.","दिन के समय का तापमान 24-27 डिग्री सेल्सियम रहना चाहिए एवं रात का 15 -17 डिग्री सेल्सियस रहना चाहिए, और 75 प्रतिशत की सापेक्ष आर्द्रता के साथ आदर्श तापमान 15-27 डिग्री सेल्सियस के बीच रहना चाहिए।"
"Small businesses were given a helping hand onto the World stage at expo 2020 Dubai. A series of events at the UN pavilion in the opportunity district unlocked the potential for growth and possible solutions for tackling problems. Various events are being organised by the International Trade centre, who highlight the needs of small businesses and entrepreneurs and and provide support for them as they grow like Digital Trade: Opportunities for youth in the MENA region, small businesses for the SDGs-Photo exhibition, young entrepreneurs in sport and Investing in Women.","ऐसे विभिन्न कार्यक्रम अंतर्राष्ट्रीय व्यापार केंद्र द्वारा आयोजित किए जा रहे हैं जो छोटे व्यवसायों और उद्यमियों की आवश्यकताओं पर प्रकाश डालते हैं और उनकी प्रगति में सहायता प्रदान करते हैं, जैसे कि डिजिटल व्यापार: मेना क्षेत्र में युवकों के लिए अवसर, एस.डी.जी. के लिए छोटे व्यवसाय - फोटो प्रदर्शनी, खेल के क्षेत्र में युवा उद्यमी और महिलाओं में निवेश।"
"Solvent extraction-based processes are the most promising for the large-scale separation of 131 Cs from highly radioactive acidic solutions. Technologies for large scale applications of the process are also well established. In this process, an organic stream containing solvent, traces of selective extractant and the aqueous waste are kept in intimate contact by employing strong agitation.","इस पद्धति में विलायक, चुनिंदा निष्कर्षक के अवशेष, जलीय अपशिष्ट-युक्त कार्बनिक प्रवाह तीव्र आलोड़न प्रयोग करके अच्छी तरह मिलाए जाते हैं।"
"Special glass matrix has been developed and deployed for making cesium glass with activity up to 5 Ci/g. The bulk cesium rich glass is drained into a dispenser, which is a smaller capacity pot for cesium re-melting furnace. Cesium glass containing dispenser is assembled remotely to dedicated re-melting furnace for making Cs glass pencils with precise control of Cesium glass in each pencil.",सीज़ियम कांच भरे डिस्पेंसर को सीज़ियम भरी कांच की पेन्सिलें बनाने के लिए विशिष्ट रूप से प्रयुक्त पुन: पिघलाने की भट्ठी से अलग स्थान पर तैयार किया जाता है जिसके लिए प्रत्येक पेंसिल में सीज़ियम कांच पर विधिपूर्वक नियंत्रण रखा जाता है।
"Substantial increase in crop production is possible by bringing additional land under cultivation (horizontal approach) and improved crop management (vertical approach) technologies such as use of high yielding input responsive, energy intensive and stress tolerant varieties, increased irrigation and integrated crop nutrition and protection. In addition, reliable and timely estimates and seasonal crop acreage and production estimates are important for formulation of marketing strategies such as export/import, price fixation, public distribution. Conventional techniques to provide this information are highly tedious, time consuming, more often subjective, whereas satellite remote sensing has the requisite potential to provide this information on a regular, synoptic, temporal, timely and in a more objective manner.","इसके अतिरिक्त, निर्यात/आयात, कीमत नियतन एवं सार्वजनिक वितरण जैसी विपणन संबंधी रणनीतियों को तैयार करने के लिए भरोसेमंद और सामयिक रूप से किए अनुमान एवं मौसम के अनुसार विशिष्ट फसलों को उगाने का क्षेत्रफल तथा उत्पादन के अनुमान महत्वपूर्ण हैं।"
"Substantial increase in crop production is possible by bringing additional land under cultivation (horizontal approach) and improved crop management (vertical approach) technologies such as use of high yielding input responsive, energy intensive and stress-tolerant varieties, increased irrigation and integrated crop nutrition and protection. In addition, reliable and timely estimates and seasonal crop acreage and production estimates are important for formulation of marketing strategies such as export/import, price fixation, public distribution. Conventional techniques to provide this information are highly tedious, time consuming, more often subjective, whereas satellite remote sensing has the requisite potential to provide this information on a regular, synoptic, temporal, timely and in a more objective manner.","कृषि के तहत ज़्यादा भूमि रख कर (क्षैतिज दृष्टिकोण) और बेहतर फसल प्रबंधन तकनीकों, जैसे कि उच्च-पैदावार निविष्टि-प्रतिक्रियाशील, ऊर्जा-गहन, तनाव-सहिष्णु विविधताएँ, बढ़ी हुई सिंचाई, समन्वित फसल पोषण और सुरक्षा, (कार्यक्षेत्र दृष्टिकोण) का प्रयोग करके, फसल उत्पादन को काफी हद तक बढ़ाया जा सकता है।"
The gearshift lever is mounted on the center console between the two front seats. The gearshift pattern is as shown on the gear lever knob. Application of Gear shifting should always be done with clutch pedal pressed.,गियर बदलने वाला लीवर सामने की दोनों सीटों के बीच मध्य कंसोल पर लगा होता है।
"The playing field, the resources and the gameso much has changed with digital technology. But it would be inaccurate to attribute this change merely to technology. Sweeping economic changes, the onset of satellite television, increased access to more western sounds and production techniques, greater formal distribution and exhibition of Hindi cinema around the worldall these come into play significantly.",लेकिन इस परिवर्तन का श्रेय केवल प्रौद्योगिकी को देना गलत होगा।
"The quality of AYUSH services was assessed based on a set of parameters covering infrastructure, human resources, supplies, record-keeping and other inputs. While the quality varied across states, in almost all, the quality of infrastructure, presence of human resources, supply of medicines, and records were found to be unsatisfactory. Combining indicators for all these parameters a qualitative grade was composed for the quality of facilities in each state.",प्रत्येक राज्य में सुविधाओं की गुणवत्ता के लिए इन सभी मानदंडों के लिए संकेतों के संयोजन से एक गुणात्मक श्रेणीकरण तैयार किया गया।
"The simple calipers can be used in these situations. For measuring, the object is held between the ends, the object removed and the ends are placed on steel scale to determine the distance. These calipers can be used to calculate the length, outside, and inside diameters.","इन कैलिपर्स का प्रयोग लंबाई, बाह्य और अंदरूनी व्यास की गणना करने के लिए किया जाता है।"
"Their nominal size is considered as 201010cm. Generally,the first and second class bricks are used for brick work. Bricks should be tested for hardness and durability before they are used in masonry.",चिनाई के काम में प्रयोग में लाने से पहले ईंटों की मजबूती और टिकाऊपन के लिए जाँच की जानी चाहिए।
There are also upside risks to food prices. Cereal price pressure is spreading from wheat to rice due to the likely lower kharif paddy production. The lower sowing for kharif pulses could also cause some pressures.,खरीफ धान के कम उत्पादन के कारण अनाज की कीमतों का दबाव गेहूं से चावल में भी फैल रहा है।
"There is re-emergence of the integrative approach to facilitate affordable, safe and equitable health to all. Due to the active initiatives taken up by the Government of India and other stake holders the reach of Ayurveda has expanded along with wide spread consumer acceptance. The efforts to co-locate Ayurveda centers along with bio-medical facilities across India through programs like National Rural Health Mission (NRHM are limited to the extent of only physical proximity between biomedicine and Ayurveda and far away from the possibility of functional integration granulated to the level of clinical service delivery together.",भारतीय सरकार और अन्य हितधारकों द्वारा की गई सक्रिय पहलों के कारण आयुर्वेद की पहुंच फैली है और साथ ही व्यापक रूप से उपभोक्ताओं ने इसे स्वीकार किया है।
"Towards utilization of a radioisotope, first and foremost, it must be separated from HLLW in a radio-chemically pure form. The extent of purity, though application specific, should be in conformity with stringent regulatory limits. Further, excluding the therapeutic applications, the radioisotope is to be converted to a non-leachable form, so that no inadvertent release of radioactivity occurs during its use.","इसके साथ, उपचारात्मक प्रयोगों के अलावा, विकिरण समस्थानिक को गैर-निक्षालनीय रूप में परिवर्तित किया जाना चाहिए जिससे इसके प्रयोग के दौरान अनभिप्रेत रेडियोऐक्टिविटी का उत्सर्जन न हो।"
"Towards utilization of a radioisotope, first and foremost, it must be separated from HLLW in a radio-chemically pure form. The extent of purity, though application specific, should be in conformity with stringent regulatory limits. Further, excluding the therapeutic applications, the radioisotope is to be converted to a non-leachable form, so that no inadvertent release of radioactivity occurs during its use.",रेडियोधर्मी समस्थानिक के उपयोग के लिए सर्वप्रथम उसे एच.एल.एल.डब्ल्यू से रेडियो रसायनतः शुद्ध रूप में अलग करना होगा।
"While granting customer credit, the sales associate has to follow certain steps, which include creation of credit policy, obtaining credit application, checking customer references, getting a personal guarantee, run a credit check, setting limits of credit and payment terms. The credit requisition contains information on the desired products, details of possible vendors, delivery instructions, accounting details, contact information, etc. The sales associate has to follow the criteria in processing credit sale application.","क्रेडिट माँगपत्र में वांछित उत्पादों की जानकारी, संभावित विक्रेताओं के विवरण, प्रदायगी निर्देश, लेखा विवरण, संपर्क जानकारी, आदि शामिल हैं।"
"With the advancement in Information and Communication Technology (ICT), electronic retailing or e-retailing has become a reality. It is the sale of goods and services through the Internet. E-retailing can include business-to-business (B2B) and business- to-consumer (B2C) sales of products and services through subscriptions to website content, or through advertising, and selling products through TV channels for which payments can be made online through credit or debit cards.",इसमें इंटरनेट के माध्यम से माल और सेवाओं को बेचा जाता है।
"Accordingly, the report lodged was sent to the officials in Gujarat. So far as respondent No.6 is concerned sanction in terms of Section 196 of the Code was prayed for alleging that there was complete inaction and, therefore, the writ petition has been filed. It was pointed out by learned counsel for the petitioners that since undisputedly, the commission of cognizable offence is disclosed even on a bare reading of the FIR lodged, the authorities were not justified in not registering the FIR.","तदनुसार, दर्ज रिपोर्ट गुजरात में अधिकारियों को भेज दी गई थी।"
"Although efforts have been made since long to ensure that marriages take place at proper age, the problem of early marriage and even child marriage is still continuing in many communities in India. The Child Marriage Restraint Act, 1978 stipulates legal age of marriage as 18 for girls and 21 for boys, but social customs encourage early marriage even now. You may have heard the word kanyadan.","बाल विवाह प्रतिषेध अधिनियम,1978 के अनुसार विवाह करने के लिए कानूनी रूप से लड़कियों की उम्र 18 वर्ष और लड़कों की 21 वर्ष होनी चाहिए, लेकिन सामाजिक प्रथाएं अभी भी कम उम्र में विवाह करने के लिए प्रोत्साहित करती हैं।"
"DoT or the TRAI may exercise regulatory or police powers imposing a penalty or strict civil liability for violation of any of the terms and conditions of the license when public interest so requires. However, BSNL does not have any statutory, regulatory or police powers to impose strict civil liability. That, strict civil liability has been recognized and upheld where it is imposed by the State exercising legislative power in respect of violation of tax liabilities.","हालांकि बी.एस.एन.एल. के पास सख्त नागरिक दायित्व लागू करने के लिए कोई संवैधानिक, नियामक, अथवा पुलिस शक्तियाँ नहीं हैं।"
"For the aforesaid reasons, we are of the considered opinion that the Tribunal did not commit any error in coming to the conclusion that M/s. Kwality Ice Cream and BBLIL are not related persons. The transaction between them is of the nature of principal to principal and the price was the sole consideration for the sale of goods.",उपर्युक्त कारणों की वजह से हमारी यह सुविचारित राय है कि न्यायाधिकरण ने मेसर्स क्वॉलिटी आइस क्रीम और बी.बी.एल.आई.एल. के संबंधित व्यक्ति न होने के निष्कर्ष पर पहुंचकर कोई त्रुटि नहीं की है।
"For the aforesaid reasons, we are of the considered opinion that the Tribunal did not commit any error in coming to the conclusion that M/s. Kwality Ice Cream and BBLIL are not related persons. The transaction between them is of the nature of principal to principal and the price was the sole consideration for the sale of goods.",इन दोनों के बीच लेन-देन मूलधन से मूलधन वाला था और माल की बिक्री के लिए केवल मूल्य ही विवेचन का विषय था।
"However, subsequently, petitioner No.2 and Shri Y. Jaganmohan Reddy filed petitions before the High Court of Andhra Pradesh for transfer of investigation to the CBI. It is submitted that thereafter the elections to the State Assembly were held on 11.04.2019 and Shri Y. Jaganmohan Reddy became the Chief Minister and took oath on 30.05.2019. Thereafter, the SIT was re-constituted twice, but there was no progress in the investigation and therefore petitioner No.1 was constrained to approach the High Court to transfer the investigation to the CBI.",यह माना जाता है कि इसके बाद राज्य विधानसभा के चुनाव 11.04.2019 में हुए और श्री वाई. जगमोहन रेड्डी मुख्य मंत्री बने एवं 30.05.2019 को उन्होंने शपथ ग्रहण की।
"In Ramesh Kumaris case (supra) the basic issue did not relate to the methodology to be adopted which was expressly dealt with in All India Institute of Medical Sciencess case (supra), Gangadhars case (supra), Minu Kumaris case (supra) and Hari Singhs case (supra). The view expressed in Ramesh Kumaris case (supra) was reiterated in Lallan Chaudhary and Ors. V. State of Bihar (AIR 2006 SC 3376).",रमेश कुमारी के मामले में (ऊपर) व्यक्त किया गया विचार लल्लन चौधरी एवं अन्य बनाम बिहार राज्य (ए.आई.आर. 2006 एस.सी. 3376) दोहराया गया था।
"In September, 2004, BSNL received several complaints from its subscribers in Gujarat that they were receiving ILD calls with local CLI Numbers. On the basis of these reports, BSNL made its own enquiries by calling the local CLI number, i.e., 0281-3041000. This was on 5th October, 2004, 6th October, 2004 and 7th October, 2004.","इन शिकायतों के आधार पर बी.एस.एन.एल. ने स्थानीय सी.एल.आई. दूरभाष संख्या यानी, 0281-3041000 पर फोन कर के अपनी ओर से जांच-पड़ताल की।"
"In the present case, the Mumbai Police has attempted to stretch the purview of Section 174 without drawing up any FIR and therefore, as it appears, no investigation pursuant to commission of a cognizable offence is being carried out by the Mumbai police. They are yet to register a FIR. Nor they have made a suitable determination, in terms of Section 175(2) CrPC.",उन्होंने अभी तक एफ.आई.आर. दर्ज नहीं की है।
"Insofar as the definition of occupier in Section 2(e) of the 1971 Act is concerned, it must be immediately stated that the said definition is not exhaustive but inclusive. Clauses (i) to (iv) of Section 2(e) definitely do not embrace within itself a trespasser but Clause (v) that reads, `occupier includes any person who is liable to pay to the owner damages for the use and occupation of any land or building would surely take within its fold and sweep a trespasser since such person is not only liable for damages for an act of trespass but also liable to pay to the owner damages for the use and occupation of any land or building trespassed by him. It is immaterial whether damages for the use and occupation are in fact claimed or not by the owner in an action against the trespasser.",अतिचारी के खिलाफ कार्यवाही करने के लिए कोई फर्क नहीं पड़ता कि मालिक प्रयोग और कब्जा करने के लिए हर्जाने की माँग करता है या नहीं।
"It has entered into agreement with BBLIL for a period ending on March 21, 1997. Later an agreement was entered into with M/s. HLL with effect from March 22, 1997.","उसने बी.बी.एल.आई.एल. के साथ एक समझौता किया जिसकी अवधि 21 मार्च, 1997 में समाप्त हो गई।"
"It has entered into agreement with BBLIL for a period ending on March 21, 1997. Later an agreement was entered into with M/s. HLL with effect from March 22, 1997.","बाद में, मैसर्स एच.एल.एल. के साथ मार्च 22, 1997 से प्रभाव में आने वाला एक करारनामा किया गया।"
"It is contended that the partisan approach of the authorities in the State of Gujarat is writ large, which is evident from a bare reading of the counter affidavit filed. The role which is to be played by the investigating agency and finally the court has been assumed by the authorities who were not competent to deal with the matter. It is pointed out that in Ramesh Kumari v.","दलील के मुताबिक, प्रस्तुत किए गए जवाबी हलफनामे को सरसरी तौर पर पढ़ने से भी दिख जाता है कि गुजरात राज्य के अधिकारियों का रवैया पक्षपातपूर्ण था।"
"It is used when an author wants to give people the right to share, use and build upon a work that they have created. GPL is primarily designed for providing public licence to a software. GNU GPL is another free software license, which provides end users the freedom to run, study, share and modify the software, besides getting regular updates.",जी.पी.एल. को मुख्य रूप से किसी सॉफ्टवेयर को सार्वजनिक लाइसेंस देने के लिए बनाया गया है।
"M/s. Kwality Ice Cream (respondent-assessee) is engaged in the manufacture of ice cream falling under the Schedule to the Central Excise Tariff Act, 1985 (for short the Act). It entered into an agreement for the sale of the entire production to BBLIL, which later merged with HLL, for marketing.","उसने पूरे उत्पादन की बिक्री बी.बी.एल.आई.एल. को करने के लिए समझौता किया, जिसमें बी.बी.एल.आई.एल. बाद में विपणन के लिए एच.एल.एल. के साथ विलय हो गई।"
"M/s. Kwality Ice Cream (respondent-assessee) is engaged in the manufacture of ice cream falling under the Schedule to the Central Excise Tariff Act, 1985 (for short the Act). It entered into an agreement for the sale of the entire production to BBLIL, which later merged with HLL, for marketing.","क्वालिटी आइस क्रीम (प्रतिवादी-निर्धारिती) एक ऐसी आइस क्रीम बनाने में लगा हुआ है जो केन्द्रीय उत्पाद शुल्क अधिनियम, 1985 (संक्षेप में, अधिनियम) की सूची के तहत आती है।"
"Moreover the Opposition Labour Party refused to take part in the Conference. The serious gap at this session, as at the first, was the absence of the Congress, for the Congress had in the meantime launched another campaign of civil disobedience. The important question considered at this short session was the composition of the federal legislature.",इस छोटे सत्र में महत्वपूर्ण माना जाने वाला प्रश्न था संघीय विधान मंडल का संयोजन।
"Moreover, learned senior counsel submitted that it is technically impossible for BSNL to trace or block a call with a tampered (masked) CLI. That, on a given day a single POI handles millions of minutes of calls which are handed over to BSNL and in such a situation it is not commercially feasible to 7 decipher which call is genuine and which call is without CLI/tampered CLI. Thus, clause 6.4.6 should be interpreted against the background knowledge referred to above and, if so read, it becomes clear that the said clause is inserted in the Agreement for commercial prudence as a thumb rule and should as such be interpreted in that manner.","इसके अलावा, विद्वान वरिष्ठ अधिवक्ता ने निवेदन किया कि ऐसी किसी फोन लाइन से जिससे छेड़-छाड़ की गई (या जो छुपाई गई) हो, किसी फोन कॉल का पता लगाना या उसे निरुद्ध करना बी.एस.एन.एल. के लिए तकनीकी रूप से असंभव है।"
"Moreover, learned senior counsel submitted that it is technically impossible for BSNL to trace or block a call with a tampered (masked) CLI. That, on a given day a single POI handles millions of minutes of calls which are handed over to BSNL and in such a situation it is not commercially feasible to 7 decipher which call is genuine and which call is without CLI/tampered CLI. Thus, clause 6.4.6 should be interpreted against the background knowledge referred to above and, if so read, it becomes clear that the said clause is inserted in the Agreement for commercial prudence as a thumb rule and should as such be interpreted in that manner.","कि, किसी भी दिन एक-एक पी.ओ.आई. दसियों लाख मिनटों की कॉल संभालता है जो बी.एस.एन.एल. को सौंपी जाती हैं और ऐसी परिस्थिति में वाणिज्यिक रूप से यह पता करना व्यवहार्य नहीं है कि कौन सी कॉल असली है और कौन सी कॉल बिना सी.एल.आई. के या छेड़-छाड़ किए गए सी.एल.आई. की है।"
"On the interpretation of clause 6.4.6, learned counsel submitted that the said clause carries a heavy penalty; that the said clause is attracted in cases of tampering/wrong routing of calls attributable to some fault on the part of the operator and not otherwise, and since in the present case the actions complained are attributable to an unscrupulous subscriber and not to Reliance, clause 6.4.6 cannot be invoked. In other words, according to the learned counsel, grey market operations of telecom are a reality affecting all telecom service operators and cannot become a ground for invoking clause 6.4.6 which is a unilateral clause regardless of the fault of the private operator. Learned senior counsel further submitted that the contention of BSNL regarding strict civil liability is entirely misplaced as BSNL does not possess any statutory power to impose such liability.","खंड 6.4.6 की व्याख्या करते हुए, विद्वान वकील ने कहा कि उक्त खंड के लिए भारी हर्जाना है; उक्त खंड प्रचालक की ओर से हुई गलती होने पर कॉल के साथ हेरा-फेरी या कॉल को गलत तरीके से रूट किए जाने पर लागू होता है और यह किसी अन्य कारण होने पर लागू नहीं होता; एवं इस वर्तमान मामले में शिकायत किए गए कृत्य रिलायंस ने नहीं बल्कि किसी अनैतिक अभिदाता ने किए हैं, इसलिए खंड 6.4.6 लागू नहीं हो सकता।"
Ransomware can get downloaded when the users visit any malicious or unsecure websites or download software from doubtful repositories. Some ransomware are sent as email attachments in spam mails. It can also reach our system when we click on a malicious advertisement on the Internet.,कुछ फिरौती माँगने वाले सॉफ्टवेयर स्पैम मेल में ई-मेल संलग्नक के रूप में भेजे जाते हैं।
"That, what BSNL can recover is either consideration for services rendered by their interconnection or compensatory damages in case of breach of any of the clauses of the said Agreement. This is because the Contract Act does not contemplate any other amount being received by one contracting party (BSNL) from the other contracting party (Reliance). That, the consideration for services rendered by interconnection is regulated by TRAI it is not open to BSNL to charge what they like.",यह इसलिए है क्योंकि संविदा अधिनियम एक संविदाकारी पक्ष (बी.एस.एन.एल.) द्वारा दूसरे संविदाकारी पक्ष (रिलायंस) से अन्य कोई राशि प्राप्त करने का प्रावधान नहीं देता है।
"The FIR according to the petitioner is contradictory and the Complaint fails to disclose how the alleged actions of the petitioner, led to the suicidal death of the actor. The petitioner projects that she has fully cooperated with the Mumbai Police in their inquiry but will have no objection if the investigation is conducted by the CBI. Mr. Shyam Divan the learned Senior Counsel submits that justice needs to be done in this case and powers under Article 142 of the Constitution can be invoked by the Court.",याची ने ऐसा दर्शाया है कि वे मुंबई पुलिस को उनकी जाँच में पूर्ण रूप से सहयोग दे रही हैं लेकिन उन्हें कोई आपत्ति नहीं होगी अगर सी.बी.आई. इस जाँच को करती है।
"The GNU General public license (GPL) and the Creative Commons (CC) are two popular categories of public licenses. CC is used for all kind of creative works like websites, music, film, literature, etc. CC enables the free distribution of an otherwise copyrighted work.",जी.एन.यू. जनरल पब्लिक लाइसेंस (जी.पी.एल.) और क्रिएटिव कॉमेन्स (सी.सी.) सार्वजनिक लाइसेंसों की दो प्रचलित श्रेणियाँ हैं।
"The NGT has in the present case abdicated its jurisdiction and entrusted judicial functions to an administrative expert committee. An expert committee may be able to assist the NGT, for instance, by carrying out a fact-finding exercise, but the adjudication has to be by the NGT. This is not a delegable function.",मौजूदा मामले में एन.जी.टी. ने अपना न्याय अधिकार त्याग दिया है और एक प्रशासनिक विशेषज्ञ समिति को निर्दिष्ट न्यायिक कार्य सौंप दिए हैं।
The appellant traversed the first respondents claim and set up the case in the written statement that the subject room was constructed by her in 1987 and she was holding a photopass for the said room. She denied that she was a trespasser. She set up a plea that subject room was situate in the slum area declared under the 1971 Act and the suit filed by the first respondent was not maintainable without written permission of the Competent Authority in view of the prohibition contained in Section 22(1)(a) of that Act.,प्रतिवादी ने बयान दिया कि प्रासंगिक कक्ष ऐसे इलाके में स्थित है जिसे 1971 अधिनियम के तहत झुग्गी झोपड़ी घोषित किया गया है और प्रथम याची द्वारा दायर किया गया मुकदमा अधिनियम की धारा 22(1)(a) में शामिल निषेध को मद्देनज़र रखते हुए योग्य अधिकारी की लिखित इजाजत के बगैर कानूनी प्रावधानों के खिलाफ था।
"The basic question is as to what course is to be adopted if the police does not do it. As was held in All India Institute of Medical Sciencess case (supra) and re-iterated in Gangadhars case (supra) the remedy available is as set out above by filing a complaint before the Magistrate. Though it was faintly suggested that there was conflict in the views in All India Institute of Medical Sciencess case (supra), Gangadhars case (supra), Hari Singhs case (supra), Minu Kumaris case (supra) and Ramesh Kumaris case (supra), we find that the view expressed in Ramesh Kumaris case (supra) related to the action required to be taken by the police when any cognizable offence is brought to its notice.","जैसा कि अखिल भारतीय आयुर्विज्ञान संस्थान में निर्णय लिया गया था और गंगाधर के मामले में दोहराया गया था, उपलब्ध उपचार ऊपर बताए अनुसार न्यायाधीश के सामने शिकायत के लिए एकदम तैयार है।"
"The basic question is as to what course is to be adopted if the police does not do it. As was held in All India Institute of Medical Sciencess case (supra) and re-iterated in Gangadhars case (supra) the remedy available is as set out above by filing a complaint before the Magistrate. Though it was faintly suggested that there was conflict in the views in All India Institute of Medical Sciencess case (supra), Gangadhars case (supra), Hari Singhs case (supra), Minu Kumaris case (supra) and Ramesh Kumaris case (supra), we find that the view expressed in Ramesh Kumaris case (supra) related to the action required to be taken by the police when any cognizable offence is brought to its notice.","हालांकि हल्के से सुझाया गया था कि अखिल भारतीय आयुर्विज्ञान संस्थान में मामले, गंगाधर के मामले, हरी सिंह के मामले, मीनू कुमारी के मामले, और रमेश कुमारी के मामले में व्यक्त विचारों के बीच टकराव था, हमने पाया कि रमेश कुमारी का मामला पुलिस के सामने संज्ञेय अपराध लाए जाने पर उसके द्वारा की जाने वाली कार्यवाही से संबंधित था।"
"The course available, when the police does not carry out the statutory requirements under Section 154 was directly in issue in All India Institute of Medical Sciencess case (supra), Gangadhars case (supra), Hari Singhs case (supra) and Minu Kumaris case (supra). The correct position in law, therefore, is that the police officials ought to register the FIR whenever facts brought to its notice show that cognizable offence has been made out. In case the police officials fail to do so, the modalities to be adopted are as set out in Sections 190 read with Section 200 of the Code.","गंगाधर का मामला, हरि सिंह का मामला, और मीनू कुमारी का मामला, अखिल भारतीय आयुर्विज्ञान संस्थान के इन सभी मामलों में वह रास्ता शामिल था जो लिया जा सकता था जब पुलिस धारा 154 के कानूनी दायित्व का पालन करने में असफल रहे।"
"The decision was hence left to the expert agencies of the Union of India. However, having regard to the hardship which was faced by the petitioners and similarly placed persons, we left it open to them to submit a representation to the Union Government. Responding to the request, an extension of the cut-off date has been granted from 31 May 2022 to 31 July 2022.",लिहाजा निर्णय भारत संघ की विशेषज्ञ एजेंसियों पर छोड़ दिया गया।
"The first respondent challenged the judgment and decree passed by the trial court in appeal before the District Court, Pune which was transferred to the court of the 8th Additional District Judge, Pune for hearing and final disposal. The first appellate court reversed the findings of the trial court on issue nos. 1 and 4 and held that the 4 suit filed by the first respondent was maintainable without the permission of the Competent Authority as she was a trespasser and in case of trespasser in occupation of slum area governed by the 1971 Act, the permission of the Competent Authority was not necessary.",प्रथम अपील न्यायालय ने मुद्दा संख्याओं 1 और 4 पर निचली अदालत के निष्कर्षों को पलट दिया और कहा कि प्रथम प्रतिवादी द्वारा दायर किए गए 4 मामलों पर योग्य अधिकारी की अनुमति लिए बगैर सुनवाई की जा सकती है क्योंकि वह एक अतिचारी थीं और अतिचारी द्वारा 1971 के अधिनियम के अनुसार शासित झुग्गी-झोंपड़ी के इलाके में कब्जा करने के मामले में योग्य अधिकारी की अनुमति की आवश्यकता नहीं होती है।
"The petitioner is a friend of the deceased, and she too is in the acting field since last many years. The petitioner and the deceased were in a live-in relationship but on 8.6.2020, a few days prior to the death of the actor, she had shifted to her own residence at Mumbai. According to the petitioner, the Mumbai Police is competent to undertake the investigation, even for the FIR lodged at Patna.","याची और मृतक साथ रहने वाले संबंध में थे लेकिन अभिनेता की मृत्यु से कुछ दिन पहले, 8.6.2020 को आवेदक मुंबई में अपने निवास में रहने चली गई थीं।"
The proceedings under Section 174 have a very limited scope. The object of the proceedings is merely to ascertain whether a person has died under suspicious circumstances or an unnatural death and if so what is the apparent cause of the death. The question regarding the details as to how the deceased was assaulted or who assaulted him or under what circumstances he was assaulted is foreign to the ambit and scope of the proceedings under Section 174 of the Code.,"इन कार्यवाहियों का उद्देश्य था यह पता लगाना कि व्यक्ति की मृत्यु संदेहजनक परिस्थितियों में या अस्वाभाविक रूप से तो नहीं हुई, और अगर हुई है, तो उसकी मृत्यु का प्रत्यक्ष कारण क्या था।"
The proceedings under Section 174 have a very limited scope. The object of the proceedings is merely to ascertain whether a person has died under suspicious circumstances or an unnatural death and if so what is the apparent cause of the death. The question regarding the details as to how the deceased was assaulted or who assaulted him or under what circumstances he was assaulted is foreign to the ambit and scope of the proceedings under Section 174 of the Code.,"मृतक पर हमला कैसे किया गया था, उस पर किसने हमला किया था या किस परिस्थिति में उस पर हमला किया गया था, इन सब वर्णनों से संबंधित प्रश्न, संहिता की धारा 174 के तहत कानूनी कार्यवाही के दायरे और विषय-क्षेत्र के बाहर हैं।"
"The role of the Competent Authority under the 1971 Act is extremely important as the legislature has conferred power on him to carry out execution of works in improvement of the slum. Sub-Section (2) of Section 22 requires the person desiring to obtain the permission to make an application in writing to the Competent Authority. As per sub-section (3) on receipt of such application, the Competent Authority by an order in writing may either grant or refuse to grant such permission after giving an opportunity to the parties of being heard and after making such summary enquiries into the circumstances of the case as it thinks fit.","उप-खंड (3) के अनुसार, इस प्रकार का आवेदन प्राप्त करने पर, दोनों पक्षों को सुने जाने का अवसर दे कर और मामले की परिस्थितियों के संबंध में संक्षिप्त जांच-पड़ताल करने के बाद, योग्य अधिकारी लिखित आदेश में ऐसी अनुमति के लिए सहमति दे भी सकते हैं या अस्वीकार भी कर सकते हैं।"
"The role of the Competent Authority under the 1971 Act is extremely important as the legislature has conferred power on him to carry out execution of works in improvement of the slum. Sub-Section (2) of Section 22 requires the person desiring to obtain the permission to make an application in writing to the Competent Authority. As per sub-section (3) on receipt of such application, the Competent Authority by an order in writing may either grant or refuse to grant such permission after giving an opportunity to the parties of being heard and after making such summary enquiries into the circumstances of the case as it thinks fit.","खंड 22 के उपखंड (2) के अनुसार, आवेदक को अनुमति पाने के लिए सक्षम प्राधिकारी को लिखित में एक आवेदन पत्र जमा करना होगा।"
"Trademark includes any visual symbol, word, name, design, slogan, label, etc., that distinguishes the brand or commercial enterprise, from other brands or commercial enterprises. For example, no company other than Nike can use the Nike brand to sell shoes or clothes. It also prevents others from using a confusingly similar mark, including words or phrases.","व्यापार-चिह्न में दृश्य चिह्न, शब्द, नाम, रूप-रेखा, प्रचार-वाक्य, लेबल आदि शामिल होते हैं जो किसी ब्रांड या वाणिज्यिक उद्यम को अन्य ब्रांड या वाणिज्यिक उद्यमों से अलग पहचान देते हैं।"
Whenever any information is received by the police about the alleged commission of offence which is a cognizable one there is a duty to register the FIR. There can be no dispute on that score. The only question is whether a writ can be issued to the police authorities to register the same.,"कथित संज्ञेय अपराध के किए जाने के बारे में जब भी पुलिस को कोई जानकारी मिलती है, तो एफ.आई.आऱ. दर्ज करना उनका कर्तव्य होता है।"
"Where there are beachfront or bayfront houses, the owners will try to protect their property, through shoreline hardening for example. It is much easier to adapt to sea level rise if those properties are not built to begin with. Land use policies that discourage shoreline building will leave communities more flexibility to deal with sea level rise.","ऐसी भूमि उपयोग नीतियाँ जो तटों पर निर्माण करने का निषेध करती हैं, समुदायों को ज्यादा आसानी से समुद्र स्तर में वृद्धि से निपटने में सहायक हो सकती हैं।"
"Where there are beachfront or bayfront houses, the owners will try to protect their property, through shoreline hardening for example. It is much easier to adapt to sea level rise if those properties are not built to begin with. Land use policies that discourage shoreline building will leave communities more flexibility to deal with sea level rise.",जहाँ पर तटाभिमुख भूमि या खाड़ी के तट पर घर होते हैं वहाँ उनके मालिक अपनी संपत्ति को सुरक्षित रखने की कोशिश में तटबन्ध को सख्त करने जैसे उपायों का प्रयोग करते हैं।
"At that time the Ashram was in Kochrab, a small village near Ahmedabad. Plague broke out in this village, and I saw evident danger to the safety of the Ashram children. It was impossible to keep ourselves immune from the effects of the surrounding insanitation, however scrupulously we might observe the rules of cleanliness within the Ashram walls.","गाँव में प्लेग फैल गया, और मुझे आश्रम के बच्चों की सुरक्षा सुस्पष्ट रूप से खतरे में दिखी।"
"During the season, heat wave/severe heat wave conditions were observed in March and April. In the month of May, no significant heat wave conditions were observed. During March the heat wave conditions were observed at most places with Severe Heat wave conditions at isolated places occurred over West Rajasthan during 29-31 March, Heat wave conditions were also observed at a few places over east Rajasthan during 30-31 March, over Odisha and adjoining parts of Gangetic West Bengal, Coastal Andhra Pradesh and Tamil Nadu on 31 March.",मार्च और अप्रैल में मौसम के दौरान ग्रीष्म लहर/प्रचंड ग्रीष्म लहर की स्थितियाँ देखी गई थीं।
"During the season, heat wave/severe heat wave conditions were observed in March and April. In the month of May, no significant heat wave conditions were observed. During March the heat wave conditions were observed at most places with Severe Heat wave conditions at isolated places occurred over West Rajasthan during 29-31 March, Heat wave conditions were also observed at a few places over east Rajasthan during 30-31 March, over Odisha and adjoining parts of Gangetic West Bengal, Coastal Andhra Pradesh and Tamil Nadu on 31 March.",मई के महीने में ग्रीष्म लहर की कोई प्रमुख स्थितियाँ नहीं देखी गईं।
"Fatma Begum has lived a life away from the arc lights for several years now, so when this first lady of Indian cinema, whos never given a media interview, agreed to speak to me on 3 May 2013, I promptly made my way to her once-impressive but now crumbling residence in Dhanraj Mahal, where she lives with her daughter Zubeida. Clad in an olive- green chiffon saree, Fatma looked every bit the begum Id imagined her to be. After supping on the best Hyderabadi kebabs and qubani ka meetha Ive ever had, we settled down on huge, heavily-cushioned sofa chairs, sipping chai, to have a chat about her life and films.","ऐसे बेहतरीन हैदराबादी कबाब और खुबानी का मीठा खाने के बाद, जैसे मैंने कभी नहीं खाया था, हम चाय के घूँट भरते हुए, उनकी फिल्मों और ज़िंदगी पर चर्चा करने के लिए विशाल, भारी गद्दीदार सोफा कुर्सियों पर आराम से बैठ गए।"
"Fatma Begum has lived a life away from the arc lights for several years now, so when this first lady of Indian cinema, whos never given a media interview, agreed to speak to me on 3 May 2013, I promptly made my way to her once-impressive but now crumbling residence in Dhanraj Mahal, where she lives with her daughter Zubeida. Clad in an olive- green chiffon saree, Fatma looked every bit the begum Id imagined her to be. After supping on the best Hyderabadi kebabs and qubani ka meetha Ive ever had, we settled down on huge, heavily-cushioned sofa chairs, sipping chai, to have a chat about her life and films.","इन दिनों फात्मा बेगम काफी सालों सें अपनी ज़िंदगी आर्क लाइट से दूर जी रही हैं, इसलिए जब भारतीय सिनेमा की यह प्रथम महिला, जिसने कभी मीडिया साक्षात्कार नहीं दिया है, 3 मई 2013 को मुझसे बात-चीत करने के लिए राज़ी हुईं तो मैं फौरन धनराज महल में उनके किसी समय भव्य किंतु अब ढहते हुए निवास की ओर चल पड़ा, जहाँ वे अपनी बेटी ज़ुबैदा के साथ रहती हैं।"
"Friends, this pandemic has not yet come to an end. More dreadful variants of this virus are expected in coming days. Hence, we have to be ready for collective action and mutual cooperation to combat the pandemic and mobilise resources for a humanitarian response based on multilateralism.",आने वाले दिनों में वायरस के और भी भीषण प्रकारों की अपेक्षा की जा रही है।
"Globally, antimicrobial resistance causes an estimated 700 000 deaths every year. Failing to tackle antimicrobial resistance could, by 2050, cause an estimated 10 million deaths a year and cost up to $100 trillion. The highest impact likely will be in Asia and Africa, which likely will account for an estimated 4.7 million and 4.2 million deaths, respectively.",लगभग 47 लाख तथा 42 लाख मौतों के साथ सबसे ज़्यादा प्रभाव एशिया और अफ्रीका में हो सकता है।
"Here I found Abdul Gani Sheth expecting me, and he gave me a cordial greeting. He had a hearty laugh over the story of my experience at the hotel. 'However did you expect to be admitted to a hotel?' he said.","यहाँ मैंने अब्दुल गनी शेठ को अपना इंतज़ार करते पाया, और उन्होंने मेरा सौहार्दपूर्ण अभिवादन किया।"
"I saw the Manager and asked for a room. He eyed me for a moment, and politely saying, 'I am very sorry, we are full up,' bade me good- bye. So I asked the cabman to drive to Muhammad Kasam Kamruddin's shop.",इसलिए मैंने गाड़ी-चालक से मुहम्मद कासम कमरुद्दीन की दुकान चलने को कहा।
"Johannesburg was the stronghold of the Asiatic officers. I had been observing that, far from protecting the Indians, Chinese and others, these officers were grinding them down. Every day I had complaints like this: 'The rightful ones are not admitted, whilst those who have no right are smuggled in on payment of 100.","मैं देख रहा था कि भारतीयों, चीनियों, और दूसरे लोगों को सुरक्षा देने के बजाय, ये अधिकारी उन्हें परेशान करने में लगे रहते थे।"
"Mangal Panday was, then, tried before a court-martial. During the inquiry, attempts were made to compel him to reveal the names of other conspirators. But the valiant youth bluntly refused to do so.",पूछताछ के दौरान उससे ज़बर्दस्ती अन्य षड्यंत्रकारियों के नाम उगलवाने की कोशिशें की गईं।
"Media is the most potent tool that connects the Parliament with its people. Given the sophistication and transformation brought in by the technological advancements that has further widened its reach, media has acquired a distinctive character of moulding public opinion today. In a vigilant society with growing population such as ours, it is but imperative that the institution of Parliament has its own independent channel to disseminate authentic information to its constituents.",संचार माध्यम सबसे ताकतवर औजार हैं जो संसद को उसके लोगों से जोड़ता है।
"On reaching Rajkot, I reported myself to the Medical officer the next morning. I was not unknown there. The Doctor felt ashamed and was angry with the inspector.","राजकोट पहँचने पर, अगली सुबह मैं चिकित्सा अधिकारी के सामने पहुँचा।"
"Our country owes a deep debt of gratitude to our valiant ex-Servicemen. The Committee headed by the Cabinet Secretary on OROP has submitted its report and the recommendations of the Committee have been accepted. On the basis of these recommendations, the Government has decided to substantially improve the pension of pre 1 January 2006 defence pensioners below officer rank (PBOR) and bring pre 10 October 1997 pensioners on par with post 10 October 1997 pensioners.",हमारा देश अपने भूतपूर्व सैनिकों के प्रति बहुत कृतज्ञ है।
Rashtriya Swasthya Bima Yojana (RSBY) was operationalised last year. The initial response has been very good. More than 46 lakh BPL families in eighteen States and UTs have been issued biometric smart cards.,प्रारंभिक प्रतिक्रिया काफी अच्छी रही है।
"She said that inequality is a sensitive challenge for all and is complex, representing inequality, discrimination, threat perception and violence. Women rights are indeed human rights. Women have a right to live with dignity and equality.",महिलाओं के अधिकार वास्तव में मानवाधिकार हैं।
"Since the centenary of Indian cinema is a milestone that cannot be ignored, our choice of theme for this issue was pretty much unavoidable. What we did take care to avoid, though, was treading the beaten path. We have slipped behind the scenes and sneaked towards the fringes, chosen the seedy over the glamorous, the fans over the superstar, the little- known over the celebrated, the background score over the hit song.","भारतीय सिनेमा की शतवार्षिकी एक ऐसा मील का पत्थर है जिसकी अनदेखी नहीं की जा सकती है, इसलिए यह काफी हद तक लाज़िमी था कि इस अंक का मुख्य विषय इससे संबंधित होगा।"
"Some of the government initiatives like Swachh Bharat Abhiyan (to create mass awareness on cleanliness and environmental pollution, to eliminate open defecation and improve solid waste management) and Namami Gange (signifi cant reduction of pollution, conservation and resuscitation of the river Ganga) are worth mentioning here. During this phase the effective policy initiatives have started providing fruitful results. The total forest cover of India increased to 7,13,789 sq.",इस चरण के दौरान प्रभावशाली नीति प्रस्तावों ने लाभदायक परिणाम देना शुरू कर दिया।
"Some of the government initiatives like Swachh Bharat Abhiyan (to create mass awareness on cleanliness and environmental pollution, to eliminate open defecation and improve solid waste management) and Namami Gange (signifi cant reduction of pollution, conservation and resuscitation of the river Ganga) are worth mentioning here. During this phase the effective policy initiatives have started providing fruitful results. The total forest cover of India increased to 7,13,789 sq.","स्वच्छ भारत अभियान (सफाई और पर्यावरणीय प्रदूषण के प्रति सार्वजनिक जागरूकता जागृत करना, खुले में शौच को समाप्त करना, और ठोस अपशिष्ट प्रबंधन को सुधारना) तथा नमामि गंगे (गंगा नदी में बड़ी सीमा तक प्रदूषण घटाना, उसे संरक्षित करना, और पुनर्जीवित करना) कुछ ऐसी सरकारी पहलें हैं जिनका यहाँ उल्लेख करना ज़रूरी है।"
"The Passport Seva Programme (PSP) has been further consolidated and strengthened during this period. Before 2014, 77 Passport Seva Kendras (PSK) were operational in the country. After 2014, 16 new PSK have been established by this Government to take the total number of PSK to 93, including all the States of the North East.","2014 से पहले, 77 पासपोर्ट सेवा केंद्रों (पी.एस.के.) में काम होता था।"
The admission notice for the academic year 2020 was published on 08.12.2019 in all leading newspapers. Online Admission Procedure was adopted for the year 2020. Last date for applying online was 31.01.2020.,ऑनलाइन आवेदन करने की अंतिम तारीख 31.01.2020 थी।
"The program concluded with a cultural event entitled 'Partition and Independence : Reflections in Literature & Cinema' organized by the employees of the Society. On this occasion a blood donation camp was also organized by the Society on 12th August, 2022. The staff members of the Society, the Council members and other members and well-wishers took active part in both organizing the program and also remaining present all through the day.",इस अवसर पर समिति द्वाारा 12 अगस्त 2022 को एक रक्तदान शिविर का भी आयोजन किया गया था।
"The program concluded with a cultural event entitled 'Partition and Independence : Reflections in Literature & Cinema' organized by the employees of the Society. On this occasion a blood donation camp was also organized by the Society on 12th August, 2022. The staff members of the Society, the Council members and other members and well-wishers took active part in both organizing the program and also remaining present all through the day.",कार्यक्रम समिति के कर्मचारियों द्वारा आयोजित एक सांस्कृतिक समारोह के साथ संपन्न हुआ जिसका नाम था 'विभाजन और स्वतंत्रता: साहित्य और सिनेमा में प्रतिबिंब'।
"The program concluded with a cultural event entitled 'Partition and Independence : Reflections in Literature & Cinema' organized by the employees of the Society. On this occasion a blood donation camp was also organized by the Society on 12th August, 2022. The staff members of the Society, the Council members and other members and well-wishers took active part in both organizing the program and also remaining present all through the day.","समिति के कर्मचारी वर्ग, परिषद् के सदस्यों, और अन्य सदस्यों तथा शुभेच्छुओं ने कार्यक्रम आयोजित करने के साथ-साथ पूरे दिन उपस्थित रहे आने तक, दोनों ही में सक्रियतापूर्वक भाग लिया।"
"The winter edition of Film Appreciation Course was launched on 23 rd November 2020. This course was also in coordination with National Film Archives of India, Pune and Ms Arunaraje Patil as course coordinator. A total of 41 participants from all over India participated in the course.",पूरे भारत से कुल मिला कर 41 प्रतिभागियों ने इस पाठ्यक्रम में हिस्सा लिया।
"There is macroeconomic stability. The financial system remains intact, with improved performance parameters. The country has withstood the shocks from COVID-19 and the conflict in Ukraine.",देश ने कोविड-19 और यूक्रेन से संघर्ष का सामना किया है।
"This year marks the Centenary year of Champaran Satyagraha, which gave a new direction to our freedom struggle and channelised janashakti in the fight against colonial power. Mahatma Gandhis ideals of Satyagraha instilled in every Indian an indomitable self-belief, and spirit of sacrifice for the larger good. This janashakti is today our greatest strength.",महात्मा गाँधी के सत्याग्रह के आदर्शों ने हर भारतीय के मन में एक अदम्य आत्मविश्वास और बहुत सारे लोगों की बेहतरी के लिए अपने बलिदान की भावना बैठा दी थी।
"Tourism 2020 vision is the World Tourism Organization long - term forecast and assessment of the development of tourism up to the first 20 years of the new millennium. An essential outcome of the Tourism 2020 vision is quantitative forecasts covering a 25 years period, with 1995 as base year and forecasts for 2000 and 2020. Tourism 2020 vision calls these motivating factors the three Es - Entertainment, Excitement and Education.",पर्यटन 2020 स्वप्न विश्व पर्यटन संस्था के नई सहस्राब्दी के पहले 20 सालों तक के पर्यटन के विकास का दीर्घकालिक पूर्वानुमान और मूल्यांकन है।
"Until recently, no attempt had been made to prepare map showing different types of wastelands in India. The area reported by various government agencies under wastelands varies from 38 M ha, to 175M. ha.",विभिन्न सरकारी एजेंसियों ने बताया कि बंजर भूमि के अंतर्गत आने वाले क्षेत्र में 38 लाख हेक्टेयर से ले कर 175 लाख हेक्टेयर तक का अंतर है।
"We are also going to organize a few important lectures including the programmed of observance of 'Azadi Ka Amrit Mahotsav'. Dr. Kalpana Kannabiran, eminent Sociologist and Social Activist delivered Indira Gandhi Memorial Lecture, 2021 on 20.07.2022. Professor Sudipta Sen received Sir William Jones Memorial Medal for 2021 and delivered a brief talk on William Jones and the Rule of Law in Late Eighteenth Century Calcutta on 22.07.2022.",'आज़ादी का अमृत महोत्सव' के कार्यक्रम के अनुपालन सहित हम कई महत्वपूर्ण व्याख्यान भी आयोजित करने जा रहे हैं।
"We are also going to organize a few important lectures including the programmed of observance of 'Azadi Ka Amrit Mahotsav'. Dr. Kalpana Kannabiran, eminent Sociologist and Social Activist delivered Indira Gandhi Memorial Lecture, 2021 on 20.07.2022. Professor Sudipta Sen received the Sir William Jones Memorial Medal for 2021 and delivered a brief talk on William Jones and the Rule of Law in Late Eighteenth Century Calcutta on 22.07.2022.",प्रोफेसर सुदीप्त सेन ने 2021 के लिए सर विलियम जोन्स मेमोरियल मेडल प्राप्त किया और 22.07.2022 को विलियम जोन्स और अठारहवीं सदी के अंत में विधि अनुसार शासन पर एक संक्षिप्त व्याख्यान दिया।
"johannesburgwasthestrongholdoftheasiaticofficers.ihadbeenobservingthat,farfromprotectingtheindians,chineseandothers,theseofficersweregrindingthemdown.everydayihadcomplaintslikethis:'therightfulonesarenotadmitted,whilstthosewhohavenorightaresmuggledinonpaymentof100'.","हर रोज़ मुझे इस तरह की शिकायतें मिला करती थीं: 'सही लोगों को नहीं लिया जाता है, जबकि ऐसे लोग जिनका कोई हक नहीं बनता है, उन्हें 100 देने पर चोरी-छिपे अंदर ले आया जाता है।'"
Another famous iron pillar is located at Mookambika temple in Kodachari Hill in a town near Mangalore. It also belongs to the same period. The iron beams lying in the Surya temple at Konark are still bigger in size.,कोणार्क के सूर्य मंदिर में पड़ी लोहे की शहतीरें और भी बड़ी हैं।
Aparigraha is the first step towards advancement on the road of Dharma - Righteousness. An Aparigrahi is always above self. The Jain doctrine of non-acquisition could lead to more equitable distribution of wealth and resources in society.,अपरिग्रह का जैन सिद्धांत समाज में संपत्ति और संसाधनों के ज़्यादा न्यायसंगत वितरण की ओर ले जा सकता है।
"As is mentioned elsewhere in this work, Yima or King Jamshed and his father Vivanhusa are both mentioned in Chapter 32.8 as persons whose example Zarathustra does not wish to follow as they illumine the material aspects of life. Likewise, two particularly evil human beings, Grehma and Bendva, are mentioned in Chapters 32.12, 32.13, and 32.14 and Chapters 49.1 and 49.2 respectively. Fryana, said to be a Turanian, i.e. a Mongol, is also mentioned in Chapter 46.12 as being a person who has embraced the faith.","उसी प्रकार, दो विशेष रूप से दुष्ट मानव, ग्रेम्मा और बेंडवा का उल्लेख क्रमशः अध्याय 32.12, 32.13, 32.14 और 49.1, 49.2 में किया गया है।"
"Buddhism advocates the middle path. Its goal is neither nihilism, for there is nothing permanent to annihilate nor eternal- ism, for there is no permanent soul to eternalize. The Buddhist goal can be achieved in this life itself.","इसका लक्ष्य न तो शून्यवाद है, क्योंकि ऐसा स्थायी कुछ भी नहीं है जिसे जड़ से मिटाया जा सके, न ही अनंतवाद है, क्योंकि कहीं कोई स्थायी आत्मा नहीं है जिसे चिरायु बनाया जा सके।"
Great was his compassion for the two dear ones at this parting moment. Greater was his compassion for suffering humanity. He was not worried about the future worldly hap- piness and comfort of the mother and child as they had every thing in abundance and were well protected.,विदा के इस पल में दो प्रिय लोगों के लिए उसे बहुत सहानुभूति थी।
Great was his compassion for the two dear ones at this parting moment. Greater was his compassion for suffering humanity. He was not worried about the future worldly hap- piness and comfort of the mother and child as they had every thing in abundance and were well protected.,वह माँ और बच्चे के आराम तथा सांसारिक सुख के प्रति चिंतित नहीं था क्योंकि उनके पास हर चीज़ प्रचुरता में थी और वे अच्छी तरह से सुरक्षित थे।
"I could not endure this. I must have stood there to hear them once only, but that was enough to dissuade me from repeating the experiment. About the same time, I heard of a well known Hindu having been converted to Christianity.",उसी समय मुझे पता चला कि एक जाने-माने हिंदू का ईसाई धर्म में परिवर्तन किया गया था।
"In the following verses, we are told that God appoints Zarathustra as a teacher for mankind, to tell them of the path of truth and how to live in accordance with truth. The prophet invokes the embodiment of truth itself to fulfill his guardianship as planned. In a verse of great poignancy, he shows his humility by asking the Almighty to take pity on him when he is judged.","आगे दिए गए पद्यों में हमें बताया जाता है कि ईश्वर ने ज़रथुष्ट्र को मानव जाति को सत्य के मार्ग के बारे में और सत्य के साथ कैसे जीना है, यह बताने के लिए शिक्षक के रूप में नियुक्त किया है।"
"In the three worlds there is not, and there will never be, any to equal him in martial or spiritual prowess. When he was king he obtained from the gods mastery of all weapons. He beholds the past, the present and the future.",तीनों लोकों में सामरिक अथवा आध्यात्मिक ओज में उसकी बराबरी करने वाला न कोई हुआ है और न कभी होगा।
In those happy days when there were no political distur- bances the intellectuals of India were preoccupied with the study and exposition of some religious system or other. All facilities were provided for those more spiritually inclined to lead holy lives in solitude in accordance with their tempera- ments and most of these teachers had large followings of disci- ples. So it was not difficult for the ascetic Gotama to find another religious teacher who was more competent than the former.,ऐसे लोगों को सभी सुविधाएं उपलब्ध कराई जाती थीं जिनका आध्यात्मिक झुकाव होता है जिससे वे अपने स्वभाव के अनुसार एकांत में साधु जीवन यापन करते थे और इनमें से अधिकतर गुरुओं के अनेकों अनुयायी होते थे।
In those happy days when there were no political distur- bances the intellectuals of India were preoccupied with the study and exposition of some religious system or other. All facilities were provided for those more spiritually inclined to lead holy lives in solitude in accordance with their tempera- ments and most of these teachers had large followings of disci- ples. So it was not difficult for the ascetic Gotama to find another religious teacher who was more competent than the former.,अतः तपस्वी गौतम के लिए ऐसा अन्य धार्मिक गुरु ढूँढना कठिन नहीं था जो पहले वाले से अधिक सक्षम हो।
Jainism has laid down and described in much detail these five great vows for the path of liberation. These are to be observed strictly and entirely by the monks and nuns. The partial observance is laid down for the householders with additional seven vows.,गृहस्थ लोगों के लिए आंशिक रूप से इनके पालन के साथ ही सात अतिरिक्त वचनों का पालन करना निर्धारित है।
"Likewise, the second grade, the Airyamna or friend, is attacked by those who slander him such persons should be kept away from him. And as far as the workers on the ground are concerned, since there will be opposition at home from members of the old faith, they should be protected. Further, the first two grades are exhorted to live according to the spiritual law received by them so that they can set a good example to the last grade, which is the worker.","उसी तरह से, द्वितीय श्रेणित्र, आर्यम्ना, अथवा मित्र, पर वे लोग हमला करते हैं जो उसकी बदनामी करते हैं; ऐसे लोगों को उससे दूर रखा जाना चाहिए।"
"Meditation on Nam burns countless sins. Singing the glory of the Lord through the Divine Word, can redeem a repentant sinner and, thus, doctrine of Karma ceases to operate. Such is the splendor of Guru Nanak's doctrine of God's Grace and Compassion.",दिव्य वचन के ज़रिए ईश्वर की महिमा के बारे में गाने से पश्चात्तापी पापी भी मुक्ति पा सकता है और इससे कर्म का सिद्धांत से उसे संचालित नहीं करता है।
"One very important aspect of spreading the revelation received from Almighty God is the instrument by which it is to be spread the Magha brotherhood. This brotherhood consists of three grades the highest is the Xvaitu, who is no longer in need of religious instruction but is self-reliant; the Airyamna or friend who befriends persons so that they do not go astray; and the Verezanah, or the worker who is the active field worker on the ground, who is to spread the faith. Thus, in a significant verse, those who are self-reliant in the first rung of the Magha brotherhood should beware of perverse thought the idea being that humility and not arrogance ought to be followed by persons who have reached the highest grade.","सबसे शीर्ष पर है ज्वाएतु, जो स्वतःपर्याप्त है और अब उन्हें धार्मिक निर्देश देने की आवश्यकता नहीं है; ऐर्यम्न, या मित्र जो लोगों के साथ मित्रता करते हैं और उन्हें पथभ्रष्ठ होने से रोकते हैं; और हैं वेरेज़ाना, या कर्मी जो सक्रिय कार्यकर्ता हैं और ज़मीनी स्तर पर धर्म का प्रचार करते हैं।"
"The Buddha cites this illustration of fire and adds that the question is wrongly put. One may be confused. But, it is not surprising.",बुद्ध आग के उदाहरण का उल्लेख करते हैं और आगे कहते हैं कि प्रश्न गलत रूप से रखा गया है।
"The Buddha says it is not right to state that an Arahant exists nor does not exist after death. If, for in- stance, a fire burns and is extinguished, one cannot say that it went to any of the four directions. When no more fuel is added, it ceases to burn.",बुद्ध कहते हैं कि यह कहना सही नहीं है कि मृत्यु के बाद अरहंत का अस्तित्व रहता है या नहीं।
"The Buddha was the first most active missionary in the world. He wandered from place to place for forty-five years preaching His doctrine to the masses and the intelligentsia. Till His last moment, He served humanity both by example and by precept.","अपनी अंतिम सांस तक, उन्होंने मिसाल कायम करके एवं उपदेश देकर मानवता की सेवा की।"
"The basic intent of this vow is to conquer passion and to prevent the wastage of energy. Positively stated, the vow is meant to impart the sense of serenity to the soul. In this vow, the householder must not have a sensual relationship with anybody but his own lawfully wedded spouse.","इस व्रत में, गृहस्थ के अपने कानून विवाहित जीवनसाथी के अलावा अन्य किसी के भी साथ रत्यात्मक संबंध नहीं होने चाहिए।"
"The battle rages for eighteen days and ends with the defeat of the Kauravas. All the Kauravas die; only the ve Pandava brothers and Krishna survive. The six set out for heaven together, but all die on the way, except Yudhishthira, who reaches the gates of heaven accompanied only by a small dog, who turns out to be an incarnation of the god Dharma.","सभी छः लोगों ने स्वर्ग के लिए एक साथ चलना शुरू किया लेकिन मार्ग में युधिष्ठिर के अलावा बाकी सबकी मृत्यु हो गई और युधिष्ठिर के साथ केवल एक छोटा कुत्ता स्वर्ग के द्वार पर पहुंच सका, जो कि धर्म देव का अवतार था।"
"The idealistic approach of Sikhism is that it recognizes the existence of the same heavenly Light in every human being, rich or poor, high or low irrespective of caste, creed, color, race, sex, religion or nationality. Therefore the doors of the Sikh temple called Gurdwara (House of the Guru) are open for all in this world without any prejudice or social discrimination. Every person in this world has equal right to enter and join the services in the Gurdwara.","सिक्ख धर्म के आदर्शवादी दृष्टिकोण के अनुसार यह अमीर, गरीब, उच्च या नीच, जाति, धार्मिक मत, वर्ण, वर्ग, लिंग, धर्म, अथवा राष्ट्रीयता पर ध्यान दिए बिना हर मनुष्य में एक समान दिव्य प्रकाश देखता है।"
"The idealistic approach of Sikhism is that it recognizes the existence of the same heavenly Light in every human being, rich or poor, high or low irrespective of caste, creed, color, race, sex, religion or nationality. Therefore the doors of the Sikh temple called Gurdwara (House of the Guru) are open for all in this world without any prejudice or social discrimination. Every person in this world has equal right to enter and join the services in the Gurdwara.",इसलिए सिख मदिरों के गुरुद्वारा (गुरु का घर) कहलाने वाले दरवाज़े बिना किसी पूर्वाग्रह या सामाजिक भेद-भाव के दुनिया में सभी के लिए खुले हैं।
The law of Karma or fatalism is repugnant to Sikh Religion as it does not reconcile with the merciful trait of the Almighty Lord. There is no such thing in Sikhism as eternal damnation or an everlasting pit of fire created by the revengeful God. Guru's grace erases the blot of thousands of evil deeds of the past and the present. It is also the savior of the future.,यह भविष्य का उद्धारक भी है।
"The mode of revelation is pointed out in some of these verses, which is the Pure Mind entering Zarathustra and telling him what he should tell mankind. In an interesting verse, he lays down two important principles one, to fight evil to the extent that one is capable of so doing, and second, to pray to Fire being the physical embodiment of a spiritual being, namely Truth. In perhaps the most important verse in the Gathas, Chapter 45 Verse 8, Prophet Zarathustra finally gets to perceive Almighty God himself with his minds eye, pursuant to which the Holy Trinity of good thoughts, good words, and good deeds is laid down as the path of truth which mankind is to follow.","शायद गाथाओं के सबसे महत्वपूर्ण पद्य, अध्याय 45, पद्य 8 में पैगंबर जरथुस्त्र ने अंततः सर्वशक्तिमान ईश्वर को अपने मन की आंखों से महसूस किया, जिसके बाद अच्छे विचार, अच्छे शब्द और अच्छे कर्म का पवित्र त्रित्व स्थापित किया जो सच्चाई का मार्ग था जिसका मानव जाति को पालन करना चाहिए।"
"The mode of revelation is pointed out in some of these verses, which is the Pure Mind entering Zarathustra and telling him what he should tell mankind. In an interesting verse, he lays down two important principles one, to fight evil to the extent that one is capable of so doing, and second, to pray to Fire being the physical embodiment of a spiritual being, namely Truth. In perhaps the most important verse in the Gathas, Chapter 45 Verse 8, Prophet Zarathustra finally gets to perceive Almighty God himself with his minds eye, pursuant to which the Holy Trinity of good thoughts, good words, and good deeds is laid down as the path of truth which mankind is to follow.","कुछ पद्यों में रहस्योद्घाटन का तरीका बताया गया है, जो है परिशुद्ध चित्त का ज़रथुष्ट्र में प्रवेश करना और उसे बताना कि वह मानव जाति को क्या बताएगा।"
"The other person mentioned by name is Grehma, who may well have been some evil priest or king. He is said to doom life to death, but once reformed by suffering will ask to be instructed correctly. The third person mentioned by name is Bendva, who again is said to be both a liar and duplicitous by nature, thus leading Zarathustra to forbid his flock from associating with such persons in general.","तीसरे व्यक्ति का बेंदवा नाम से उल्लेख है, जिसके बारे में फिर ऐसा माना गया कि वह झूठा और स्वभाव से धोखेबाज है, जिसके परिणामस्वरूप ज़रथुष्ट्र ने अपने आदमियों को सामान्यतया ऐसे लोगों की संगत रखने से मना किया।"
"The rest of the Gita deepens and supplements the ideas presented before the epiphanythe importance of self-control and faith, of equanimity and unselshness, but above all, of bhakti, or devotion. Krishna explains to Arjuna how he can obtain immortality by transcending the properties which qualify not only primordial matter, but also human character and behavior. Krishna also emphasizes the importance of doing ones duty, declaring that it is better to do ones own duty without distinction than to do anothers duty well.","शेष गीता विस्तारपूर्वक बताती है और आविर्भाव के पहले प्रस्तुत किए गए संयम और आस्था, प्रशांति और परोपकारिता, पर इन सबसे बढ़ कर, भक्ति, या समर्पण के विचारों का समर्थन करती है।"
"The verses chosen below refer only to the holy spirit Angra Mainyu being spoken about in the two great sermons of Zarathustra which will be set out a little later. In these verses, Zarathustra chooses to be like Spenta Mainyu, who is equated with the highest that any human mind can achieve. This spirit speaks in accordance with the Pure Minds revelations and fulfills the tasks that any right-minded person must do, inspired by the fact that God alone is the Father of Truth.","इन पद्यों में, ज़रथुष्ट्र स्पेंटा माइन्यू की तरह होना चुनता है, जिसकी तुलना मानव प्रज्ञा के चरमोत्कर्ष से की गई है।"
"Then he takes Arjuna on a tour of philosophical ideas and ways of salvation. He discusses the nature of theory and action, the importance of ritual, the ultimate principle, Brahman, all the while gradually disclosing his own nature as the highest god. This part of the Gita culminates in an overwhelming vision: Krishna allows Arjuna to see his supernal form, the Vishvarupa, which strikes terror into Arjunas heart.",फिर वे अर्जुन को तत्वज्ञान और मुक्ति के तरीकों के बारे में समझाते हैं।
"Then he takes Arjuna on a tour of philosophical ideas and ways of salvation. He discusses the nature of theory and action, the importance of ritual, the ultimate principle, Brahman, all the while gradually disclosing his own nature as the highest god. This part of the Gita culminates in an overwhelming vision: Krishna allows Arjuna to see his supernal form, the Vishvarupa, which strikes terror into Arjunas heart.","गीता का इस भाग का समापन एक प्रबल अलौकिक दृश्य के साथ होता है: कृष्ण अर्जुन को अपने दिव्य स्वरूप, विश्वरूप, का दर्शन देते हैं जिससे अर्जुन के हृदय में भय उत्पन्न हो जाता है।"
"Then there was a bastard king, Darius Nothos; Nothos means the son of somebody who is illegitimate, like William the Conqueror. Then we have Artaxerxes II, the man who was thoughtful (Mnemon). We have the Great Battle of Cunaxa in 400 BC fought against his brother Cyrus the Younger where he defeats him, and then we have Artaxerxes III, Arsaces.","फिर एक वर्णसंकर राजा था, डारियस नोथोस; नोथोस का अर्थ है ऐसे व्यक्ति की संतान जो अवैध है, जैसे विलियम विजयी।"
"Then there was a bastard king, Darius Nothos; Nothos means the son of somebody who is illegitimate, like William the Conqueror. Then we have Artaxerxes II, the man who was thoughtful (Mnemon). We have the Great Battle of Cunaxa in 400 BC fought against his brother Cyrus the Younger where he defeats him, and then we have Artaxerxes III, Arsaces.","फिर हमारे पास आर्टाज़रक्सीस है, एक ऐसा व्यक्ति जो विचारशील था।"
"Three persons are singled out by name. The first is Yima, who is none other than the famous King Jamshed after whom the Navroz festival on 21st March of every year is named. He is said to have illumined the material side of this earth instead of the spiritual, and is thus condemned by Zarathustra.",ज़रथुष्ट्र उसकी निंदा करता है क्योंकि उसने कथित तौर पर पृथ्वी के आध्यात्मिक पक्ष को न उजागर करके भौतिक पक्ष को उजागर किया।
"Three persons are singled out by name. The first is Yima, who is none other than the famous King Jamshed after whom the Navroz festival on 21st March of every year is named. He is said to have illumined the material side of this earth instead of the spiritual, and is thus condemned by Zarathustra.","पहला यीमा है, जो और कोई नहीं बल्कि प्रसिद्ध राजा जमशेद है, जिसके नाम पर हर साल 21 मार्च को होने वाले त्योहार का नाम नवरोज़ पड़ा।"
"To remove this delusion, one takes the vow of non-possession and realizes the perfection of the soul. One must impose a limit on one's needs, acquisitions and possessions such as land, real estate, goods, valuables, animals, money etc. All surplus should be used for the common good.",इस भ्रम को हटाने के लिए लोग अपरिग्रह की प्रतिज्ञा लेते हैं और आत्मा की पूर्णता को जान पाते हैं।
"Unlike the nagara temple, the Dravida temple is enclosed within a compound wall. The front wall has an entrance gateway in its centre, known as gopuram. The shape of the main temple tower known as Vimna is similar to a stepped pyramid that rises up geometrically rather than the curving ikhara of north India.","नागर मंदिरों के विपरीत, द्रविड़ मंदिरों के प्रांगण दीवार से घिरे होते हैं।"
"We have already seen how Mother Earth wanted a protector to be appointed and how Zarathustra was so appointed. In one verse, he describes himself as a Ratu, with characteristic humility. However, he is really a Soshyant who has come with a message from God to save mankind from evil.","लेकिन, वे साओश्यंत है जो मानवजाति को बुराई से बचाने के लिए ईश्वर का संदेश लेकर आए हैं।"
"We have already seen how Mother Earth wanted a protector to be appointed and how Zarathustra was so appointed. In one verse, he describes himself as a Ratu, with characteristic humility. However, he is really a Soshyant who has come with a message from God to save mankind from evil.",हमने यह पहले ही देखा है कि कैसे पृथ्वी माता एक रक्षक को नियुक्त करना चाहती थी और किस प्रकार से ज़रथुष्ट्र को इस रूप में नियुक्त किया गया।
"When Arjuna refuses to ght, Krishna has no patience with him. Only when he realizes the extent of Arjunas despondency does Krishna change his attitude and start teaching the mysteries of dharmic action in this world. He introduces Arjuna to the structure of the universe, the concepts of prakriti, primordial nature, and the three gunas, the properties that are active in prakriti.",जब अर्जुन लड़ने से मना कर देते हैं तो कृष्ण के धैर्य का बांध टूट जाता है।
"oneveryimportantaspectofspreadingtherevelationreceivedfromalmightygodistheinstrumentbywhichitistobespreadthemaghabrotherhood.thisbrotherhoodconsistsofthreegradesthehighestisthexvaitu,whoisnolongerinneedofreligiousinstructionbutisself-reliant;theairyamnaorfriendwhobefriendspersonssothattheydonotgoastray;andtheverezanah,ortheworkerwhoistheactivefieldworkerontheground,whoistospreadthefaith.thus,inasignificantverse,thosewhoareself-reliantinthefirstrungofthemaghabrotherhoodshouldbewareofperversethoughttheideabeingthathumilityandnotarroganceoughttobefollowedbypersonswhohavereachedthehighestgrade.","इस प्रकार से, एक महत्वपूर्ण पद्य में बताया गया है कि जो लोग माघ समुदाय के प्रति आत्मनिर्भर हैं उन्हें इस सोच के साथ भ्रष्ट विचारों से बचना चाहिए, कि जो लोग उच्चतम स्तर तक पहुँच गए हैं, उन्हें विनम्रता के मार्ग का पालन करना चाहिए न कि अहंकार के मार्ग का।"
"""During the Tokyo Olympic cycle, I would go to a psychologist, but I never made it a priority and didn't look after my body. Now I speak to psychologists regularly because it is draining. Training every day, you have stress from the outside and other people, and you still need to focus because you have goals in mind.""","टोकियो ओलंपिक चक्र के दौरान, मैं मनोवैज्ञानिक के पास जाता था लेकिन मैंने इसे कभी भी प्राथमिकता नहीं दी और अपने शरीर का ध्यान नहीं रखा।"
"""I still needed to train hard. I still needed to find funding. It's great to be an Olympian, but there is the stress and anxiety afterwards.",मुझे अभी भी कड़ी मेहनत के साथ प्रशिक्षित होने की जरूरत थी।
"""I still needed to train hard. I still needed to find funding. It's great to be an Olympian, but there is the stress and anxiety afterwards.",ओलंपिक खिलाड़ी होना बहुत बढ़िया है लेकिन बाद में तनाव और चिंता भी होती है।
"""It is after the Olympic Games that it hit me the most. It felt like I was almost not at the Olympic Games. And yes, you are an Olympian, but what do you get for it?","और हाँ, आप ओलंपिक में खेल चुके हैं लेकिन उसके लिए आपको क्या मिला?"
"""That was for my grandad, Niall,"" Walsh said afterwards. ""I didnt achieve it before he died in 2014. I felt he was there with me watching over me tonight.""",मैं 2014 में उनकी मृत्यु से पहले इसे नहीं प्राप्त कर सका था।
"""That was for my grandad, Niall,"" Walsh said afterwards. ""I didnt achieve it before he died in 2014. I felt he was there with me watching over me tonight.""","मुझे लगा कि वे मेरे साथ थे, आज रात वे मेरी रक्षा कर रहे थे।"
"A penalty kick is awarded for offences taking place in the penalty and goal areas. A nominated member of the team is allowed to strike at goal from the penalty spot, with only the goalkeeper to beat. The goalkeeper must remain on his line until the ball has been kicked, and all other players must be outside the penalty area behind the penalty spot.",दल के एक मनोनीत सदस्य को पेनल्टी स्थान से गोल की तरफ गेंद को पांव से मारने की अनुमति दी जाती है जिसमें उन्हें केवल गोलकीपर से जीतने की आवश्यकता होती है।
"A penalty kick is awarded for offences taking place in the penalty and goal areas. A nominated member of the team is allowed to strike at goal from the penalty spot, with only the goalkeeper to beat. The goalkeeper must remain on his line until the ball has been kicked, and all other players must be outside the penalty area behind the penalty spot.",गोलकीपर को अपनी सीमा में रहना चाहिए जब तक कि गेंद को किक नहीं किया जाता और बाकी अन्य खिलाड़ियों को पेनल्टी क्षेत्र में पेनल्टी स्थल के पीछे होना चाहिए।
"A team game means organised physical activity with players working together towards a shared objective. In team games a group of individuals in the same team, work together to achieve the objective of being the winners of the game. Team members set points and scores, make decisions, communicate among themselves, manage conflicting situations, and solve problems in a supportive, trusting atmosphere in order to achieve their objectives.",सामूहिक खेल का अर्थ है व्यवस्थित शारीरिक गतिविधि जिसमें खिलाड़ी साझा उद्देश्य प्राप्त करने के लिए एक साथ मिल कर काम करते हैं।
"A team game means organised physical activity with players working together towards a shared objective. In team games a group of individuals in the same team, work together to achieve the objective of being the winners of the game. Team members set points and scores, make decisions, communicate among themselves, manage conflicting situations, and solve problems in a supportive, trusting atmosphere in order to achieve their objectives.","सामूहिक खेलों में, एक ही दल के लोगों का समूह खेल के विजेता बनने के उद्देश्य से मिल कर काम करता है।"
"A team game means organised physical activity with players working together towards a shared objective. In team games a group of individuals in the same team, work together to achieve the objective of being the winners of the game. Team members set points and scores, make decisions, communicate among themselves, manage conflicting situations, and solve problems in a supportive, trusting atmosphere in order to achieve their objectives.","दल के सदस्य उनके लक्ष्यों को प्राप्त करने के लिए पॉइंट और अंक निर्धारित करते हैं, निर्णय लेते हैं, आपस में चर्चा की जाती है, संघर्ष की परिस्थितियों का प्रबंध किया जाता है और समस्याओं का निवारण एक समर्थक, विश्वसनीय माहौल में किया जाता है।"
"Although she had achieved almost everything she had dreamt about as a young girl, Whitebooi was left with a sense of discontent after Tokyo. The global pandemic has taken some shine off the experience of the Olympics. Whitebooi recovered from COVID-19 in the buildup to the showpiece, was knocked out in her first round, and left Tokyo with only a tiny taste of competing at the Games and life in the athlete's village.","हालांकि व्हाइटबुई ने वह सब कुछ हासिल कर लिया था जिसका उसने अपनी किशोरावस्था में सपना देखा था, लेकिन टोकियो के बाद उसके मन में असंतुष्टि सी रह गई थी"
"Although she had achieved almost everything she had dreamt about as a young girl, Whitebooi was left with a sense of discontent after Tokyo. The global pandemic has taken some shine off the experience of the Olympics. Whitebooi recovered from COVID-19 in the buildup to the showpiece, was knocked out in her first round, and left Tokyo with only a tiny taste of competing at the Games and life in the athlete's village.",वैश्विक महामारी ने ओलंपिक खेलों के अनुभव का उत्साह थोड़ा कम कर दिया है।
"During a demonstration game, someone remarked that the players seemed to be volleying the ball back and forth over the net, and perhaps volleyball would be a more descriptive name for the sport. The game of Volleyball was invented by William G. Morgan in the year 1895 in Holyoke, Massachusetts by YMCA (USA).","एक प्रदर्शन खेल के दौरान किसी ने दिप्पणी की कि ऐसा लगता है जैसे खिलाड़ी गेंद को ज़मीन पर न लगने देते हुए जाल के ऊपर से एक तरफ से दूसरी तरफ वॉली मारते चले जा रहे हैं, और शायद इस खेल का ज़्यादा वर्णनात्मक नाम वॉलीबॉल होगा।"
"During a demonstration game, someone remarked that the players seemed to be volleying the ball back and forth over the net, and perhaps volleyball would be a more descriptive name for the sport. The game of Volleyball was invented by William G. Morgan in the year 1895 in Holyoke, Massachusetts by YMCA (USA).","वॉलीबॉल का खेल 1895 में विलियम जी. मॉर्गन ने हॉलियोक, मैसचूसेट्स के वाइ.एम.सी.ए. (यू.एस.ए.) में आविष्कार किया था।"
"Field Hockey is a team game, in which a team of players attempt to score goals by hitting/Scooping, pushing or flicking a ball into an opposing teams goal using curved sticks. However, the name Field Hockey is used in countries in which the word Hockey is generally reserved for another form of hockey, such as ice hockey or street hockey. The players should learn and practice the basic skills of dribbling, passing, tapping and hitting.","फील्ड हॉकी एक सामूहिक खेल है जिसमें दल के खिलाड़ी घुमावदार छड़ियों का प्रयोग करके गेंद को बलपूर्वक मार कर, गेंद को हवा में उड़ा कर, धकेल कर या हल्के से मार कर विरोधी दल के गोल में गेंद डाल कर गोल करने की कोशिश करते हैं।"
"Field Hockey is a team game, in which a team of players attempt to score goals by hitting/Scooping, pushing or flicking a ball into an opposing teams goal using curved sticks. However, the name Field Hockey is used in countries in which the word Hockey is generally reserved for another form of hockey, such as ice hockey or street hockey. The players should learn and practice the basic skills of dribbling, passing, tapping and hitting.","हालांकि, जिन देशों में ""हॉकी"" शब्द आम तौर पर हॉकी के अन्य प्रकार के खेल के लिए आरक्षित रहता है, जैसे बर्फ हॉकी या गली हॉकी, वहाँ ""मैदानी हॉकी"" नाम का प्रयोग किया जाता है।"
"Field Hockey is a team game, in which a team of players attempt to score goals by hitting/Scooping, pushing or flicking a ball into an opposing teams goal using curved sticks. However, the name Field Hockey is used in countries in which the word Hockey is generally reserved for another form of hockey, such as ice hockey or street hockey. The players should learn and practice the basic skills of dribbling, passing, tapping and hitting.","खिलाड़ियों को ड्रिबल करने, दूसरे खिलाड़ी को गेंद देने, टैपिंग और हिट करने के मौलिक कौशल सीखने चाहिए और उनका अभ्यास करना चाहिए।"
"In the 21st century, a new limited over form, Twenty 20, has made an immediate impact. The first T-20 international match took place on August 5 2004, between the womens teams of England and New Zealand. The first T-20 international match between mens teams was played on February 17 2005, between Australia and New Zealand.","टी-20 का पहला अंतर्राष्ट्रीय मैच ऑस्ट्रेलिया एव न्यू जीलैंड के पुरुषों के दलों के बीच 17 फरवरी, 2005 को खेला गया था।"
"In the 21st century, a new limited over form, Twenty 20, has made an immediate impact. The first T-20 international match took place on August 5 2004, between the womens teams of England and New Zealand. The first T-20 international match between mens teams was played on February 17 2005, between Australia and New Zealand.","प्रथम टी-20 अंतर्राष्ट्रीय मैच 5 अगस्त, 2004 में इंगलैंड और न्यू ज़ीलैंड की महिला दलों के बीच हुआ था।"
"It was superseded by the Marylebone Cricket Club (M.C.C) with its headquarters at Lords, London. Cricket became an international game with the formation of the Imperial Cricket Conference (I.C.C) in 1909. The name of Imperial Cricket Conference was changed to International Cricket Conference (later, Council) to enable countries outside the common wealth to become its members.",इम्पीरियल क्रिकेट कॉन्फरेंस का नाम बदल कर इंटरनैशनल क्रिकेट कॉन्फरेंस (बाद में इसे काउंसिल रखा गया) रखा गया जिससे राष्ट्र मंडल के बाहर के देश भी इसके सदस्य बन सकें।
"Originally named Mintonette, it was created as a gentle indoor sport for older players to be able to exert a bit of athletic effort by keeping the ball in the air. The idea of using a net was borrowed from tennis. It was raised to a height above the average mans height.",मूल रूप से मिंटोनेट नाम वालेे इस खेल का आविष्कार उम्रदराज़ खिलाड़ियों के लिए घर के अंदर किए जाने वाले मध्यम श्रेणी के क्रियाकलाप के रूप में किया गया था जिसमें वे गेंद को हवा में ही रहने देने के लिए थोड़ी मेहनत कर सकें।
"Originally named Mintonette, it was created as a gentle indoor sport for older players to be able to exert a bit of athletic effort by keeping the ball in the air. The idea of using a net was borrowed from tennis. It was raised to a height above the average mans height.",नेट प्रयोग में लाने का विचार टेनिस से लिया गया था।
"Passing involves giving the ball to partners. Perfect decision making is required before a perfect pass. Before pass, see the target, approach the ball, and look at the ball holding the head steady.","अपने साथी को गेंद देने से पहले, लक्ष्य को देखें, गेंद की ओर बढ़ें और सिर को स्थिर रखते हुए गेंद को देखें।"
"That's where the confusion kicks in. The Titans players piled on Ajinkya and there was no room for him to escape. The referee, who was six yards away, pointed both his palms downwards to signal the defenders to ease out of the tackle.","रेफरी ने, जो छः गज दूर था, अपनी दोनों हथेलियाँ नीचे की ओर करके बचाव पक्ष को आराम से धर-पकड़ से निपटने का इशारा किया।"
"The game of cricket, as it is played today, has its origin in the south eastern part of England. Cricket became a generally adopted sport in the second half of the seventeenth century. The Hambeldon club which was founded in about 1750s had played a significant part in the evolution of the game.",सत्रहवीं शताब्दी के दूसरे अर्द्धांश में क्रिकेट व्यापक रूप से लोकप्रिय खेल बन गया था।
"The game of cricket, as it is played today, has its origin in the south eastern part of England. Cricket became a generally adopted sport in the second half of the seventeenth century. The Hambeldon club which was founded in about 1750s had played a significant part in the evolution of the game.",हैम्बल्डन क्लब की स्थापना 1750 के दशक में हुई थी जिसने खेल के क्रमिक विकास में महत्वपूर्ण भूमिका निभाई थी।
"The game of cricket, as it is played today, has its origin in the south eastern part of England. Cricket became a generally adopted sport in the second half of the seventeenth century. The Hambeldon club which was founded in about 1750s had played a significant part in the evolution of the game.","आज जिस प्रकार से क्रिकेट खेला जाता है, उसकी उत्पत्ति इंगलैंड के दक्षिण-उत्तरी भाग से हुई है।"
"The objective of rebounding is to successfully gain possession of the basketball after a missed field point or free throw, as it rebounds from the ring or backboard. This plays a major role in the game, as most possessions end when a team misses a shot. There are two categories of rebounds: offensive rebounds, in which the ball is recovered by the offensive side and does not change possession, and defensive rebounds, in which the defending team gains possession of the loose ball.",दो तरह के प्रतिघात होते हैं: आक्रामक और रक्षात्मक। आक्रामक प्रतिघात में आक्रामक दल गेंद को पुनः प्राप्त करता है और उस पर अधिकार बनाए रखता है। रक्षात्मक प्रतिघात में रक्षा करने वाला दल कमजोर गेंद पर कब्जा कर लेता है।
"The objective of rebounding is to successfully gain possession of the basketball after a missed field point or free throw, as it rebounds from the ring or backboard. This plays a major role in the game, as most possessions end when a team misses a shot. There are two categories of rebounds: offensive rebounds, in which the ball is recovered by the offensive side and does not change possession, and defensive rebounds, in which the defending team gains possession of the loose ball.",यह खेल में एक महत्वपूर्ण भूमिका निभाता है क्योंकि अधिकतर बार जब दल का शॉट चूक जाता है तो उनके हाथों से गेंद निकल जाती है।
"The receiving team must not let the ball be grounded within their court. The rally continues, with each team allowed up to three consecutive touches, until either a team grounds the ball on the opponents court and wins the rally or a team commits a fault and loses the rally. The team that wins the rally is awarded a point, and serves the ball to start the next rally.","रैली के दौरान प्रत्येक दल गेंद को आगे बढ़ाने के लिए तीन बार तक लगातार छू सकता है, और यह तब तक चलता रहता है जब तक कि एक दल विपक्षी दल की तरफ के मैदान में गेंद को ज़मीन में गिरा कर रैली को जीत नहीं लेता या दूसरा दल कोई गलती करके रैली हार नहीं जाता।"
"The receiving team must not let the ball be grounded within their court. The rally continues, with each team allowed up to three consecutive touches, until either a team grounds the ball on the opponents court and wins the rally or a team commits a fault and loses the rally. The team that wins the rally is awarded a point, and serves the ball to start the next rally.",गेंद प्राप्त करने वाले दल को सुनिश्चित करना होगा कि गेंद उनकी तरफ के कोर्ट में न रह जाए।
"They should learn how to attack and score goals and how to work with others to defend and stop goals from being scored. To do this they need to learn how to keep possession by dribbling effectively and moving the ball accurately and quickly between players. As they progress, skills should become more consistent and efficient, and the players should be introduced to set play situations.","जैसे जैसे वे प्रगति करते हैं, उनका हुनर और संगत एवं प्रभावशाली होता जाएगा, तथा खिलाड़ियों को सेट प्ले परिस्थितियों के बारे में बताया जाना चाहिए।"
"They should learn how to attack and score goals and how to work with others to defend and stop goals from being scored. To do this they need to learn how to keep possession by dribbling effectively and moving the ball accurately and quickly between players. As they progress, skills should become more consistent and efficient, and the players should be introduced to set play situations.","इसे करने के लिए, उन्हें गेंद को अपने अधिकार में रखने के लिए प्रभावकारी तरीके से ड्रिबल करना और खिलाड़ियों के बीच सटीक तरह से और तेजी से गेंद देना सीखना होगा।"
"This one could come down to a battle of the forwards. Will Harry Kane and Son Heung-min blow Milan away with their quality, or will former Chelsea and Arsenal forward Olivier Giroud return to haunt Spurs again? And does 41-year-old Zlatan Ibrahimovic still have one big goal in him?",और क्या 41 वर्षीय ज़्लाटन इब्राहिमोविच में अभी भी एक और शानदार गोल करने की क्षमता है?
"This one could come down to a battle of the forwards. Will Harry Kane and Son Heung-min blow Milan away with their quality, or will former Chelsea and Arsenal forward Olivier Giroud return to haunt Spurs again? And does 41-year-old Zlatan Ibrahimovic still have one big goal in him?",यह फॉर्वर्ड खिलाड़ियों के बीच प्रतिस्पर्धा बन कर रह सकती है।
"This one could come down to a battle of the forwards. Will Harry Kane and Son Heung-min blow Milan away with their quality, or will former Chelsea and Arsenal forward Olivier Giroud return to haunt Spurs again? And does 41-year-old Zlatan Ibrahimovic still have one big goal in him?","क्या हैरी केन और सोन ह्यूँग-मिन अपनी गुणवत्ता से मिलान का दिल जीत लेंगे, या फिर पूर्व चेल्सा और आर्सेनल फॉर्वर्ड ओलिवियर गिरौद स्पर्स को डराने के लिए वापस लौटेंगे?"
"Volleyball is a fast game played by two teams of 6 players each. It can be played indoors or outdoors. A player on one of the teams begins a rally by serving the ball from behind the back line of the court, over the net, and into the receiving teams court.",यह अंतःकक्ष में या खुले में खेला जा सकता है।
"Volleyball is a fast game played by two teams of 6 players each. It can be played indoors or outdoors. A player on one of the teams begins a rally by serving the ball from behind the back line of the court, over the net, and into the receiving teams court.",वॉलीबॉल एक तेज गति का खेल है जो दो दलों के बीच खेला जाता है जिसमें प्रत्येक दल में छः खिलाड़ी होते हैं।
"itwassupersededbythemarylebonecricketclub(m.c.c)withitsheadquartersatlords,london.cricketbecameaninternationalgamewiththeformationoftheimperialcricketconference(i.c.c)in1909.thenameofimperialcricketconferencewaschangedtointernationalcricketconference(later,council)toenablecountriesoutsidethecommonwealthtobecomeitsmembers.","इसे मैरीलेबोन क्रिकेट क्लब (एम.सी.सी.), जिसका मुख्यालय लंदन में लॉर्ड्स में है, द्वारा हटा दिया गया था।"
A visa is a certificate prepared by the immigration officials of the foreign country with stamp marked on a passport after verifying the persons credentials. It gives the person the right to enter a country and stay for a temporary period. Applying for a visa to India must be submitted to the High Commission of India in the country of the person who wishes to travel to India.,वीज़ा विदेश के आप्रवासन अधिकारियों द्वारा व्यक्ति के विवरणों की जाँच करने के बाद तैयार किया गया प्रमाणपत्र है जिसके लिए पासपोर्ट पर स्टैम्प लगाया जाता है।
A visa is a certificate prepared by the immigration officials of the foreign country with stamp marked on a passport after verifying the persons credentials. It gives the person the right to enter a country and stay for a temporary period. Applying for a visa to India must be submitted to the High Commission of India in the country of the person who wishes to travel to India.,यह व्यक्ति को देश में प्रवेश करने और अस्थायी अवधि के लिए रहने का अधिकार देता है।
"As per the report of Sargent Committee, Tourist Traffic Committee was appointed in 1948. On the recommendation a Tourist Traffic Branch was setup in 1949 with regional offices at Kolkata and Chennai. The tourist traffic branch was further expanded in 1955-56 from one branch to four branches and hand over a function to them viz 1) Tourist Traffic 2) Tourist Administration 3) Tourist Advertisements 4) Distribution Section","सार्जेन्ट समिति की रिपोर्ट के अनुसार, पर्यटक यातायात समिति 1948 में गठित की गई थी।"
"Attraction, accommodation, supporting facilities, and infrastructure are the basic elements of tourism. For the better development of tourism, these facilities should be developed in respective areas and for this public as well as private sector should take a lead. The flow of domestic tourists will depend on the location of tourist spot and population density of an area.","आकर्षक स्थल, आवास, सहायक सुविधाएं और मूलभूत सुविधाएं पर्यटन के मूल तत्व हैं।"
"Attraction, accommodation, supporting facilities, and infrastructure are the basic elements of tourism. For the better development of tourism, these facilities should be developed in respective areas and for this public as well as private sector should take a lead. The flow of domestic tourists will depend on the location of tourist spot and population density of an area.","पर्यटन के बेहतर विकास के लिए, इन सुविधाओं को संबंधित क्षेत्रों में विकसित किया जाना चाहिए और इसके लिए सार्वजनिक एवं निजी क्षेत्र को अगुआई करनी चाहिए।"
"BACKWATERS of Kerala encompass a complex network of lagoons, lakes, & canals, that are best experienced aboard traditional thatch- roofed rice houseboat, known as 'Kettuvallam'. On display is life on the banks, lush green rice fields, and coconut groves with an occasional temple or church as you cruise through the backwaters. The houseboats come along with a chef on board, preparing authentic Kerala cuisine.","केरल के अप्रवाही जल में समुद्रताल, झील और नहरों का एक जटिल जाल है जिनका सर्वोत्तम अनुभव 'केट्टुवल्लम' नामक पारंपरिक छप्पर की छत लगी चावल की ढुलाई करने वाली गृहनौकाओं में चढ़ कर लिया जा सकता है।"
"BACKWATERS of Kerala encompass a complex network of lagoons, lakes, & canals, that are best experienced aboard traditional thatch- roofed rice houseboat, known as 'Kettuvallam'. On display is life on the banks, lush green rice fields, and coconut groves with an occasional temple or church as you cruise through the backwaters. The houseboats come along with a chef on board, preparing authentic Kerala cuisine.","अप्रवाही जल में नौकाविहार करते हुए आप देख सकेंगे तटीय इलाके का जीवन, हरे-भरे धान के खेत, और नारियल के बाग जिनके बीच-बीच में कोई मंदिर या गिरिजाघर होगा।"
"BODHGAYA (Bihar), was the place where Prince Siddhartha attained enlightenment and became Lord Buddha. It was here that Lord Buddha entered into meditation after being moved by the sufferings of mankind. Bodhgaya is often visited by the Dalai Lama and other Lamas (Buddhist religious heads).",बोधगया (बिहार) वह स्थान था जहाँ पर राजकुमार सिद्धार्थ को प्रबोधन प्राप्त हुआ और वे भगवान बुद्ध बने।
"During the British period, tourism in India becomes more organized. They built Dak Bungalows on the road side for the convenience of dak traveler. The finest of Indias cuisines is as rich and diverse as its civilization.",उन्होंने डाक यात्रियों की सुविधा के लिए सड़क के बगल में डाक बंगलों का निर्माण कराया।
"Golden Chariot inherits its name from the Stone Chariot in Hampi. Taking you on an enchanting and mesmerising journey through Karnataka, the Golden Chariot complements the rich culture of the state of Karnataka, and is a marvel in itself. The coach chambers of the train are steeped in history, under a sky of intricate craftsmanship that narrates timeless tales.","कर्नाटक के एक जादुई और सम्मोहित करने वाले सफर पर ले जाने वाली स्वर्ण रथ, राज्य की समृद्ध संस्कृति की पूरक है और खुद में एक चमत्कार है।"
"Golden Chariot inherits its name from the Stone Chariot in Hampi. Taking you on an enchanting and mesmerising journey through Karnataka, the Golden Chariot complements the rich culture of the state of Karnataka, and is a marvel in itself. The coach chambers of the train are steeped in history, under a sky of intricate craftsmanship that narrates timeless tales.","बारीकी से की गई कलाकारी से सुसज्जित, ट्रेन के डब्बों के कक्ष इतिहास की शाश्वत कथाओं को व्यक्त करते हैं।"
"In the heart of Rajasthan, lie a number of small towns and villages, which define the true essence of this land. A visit to these hidden gems, provides an opportunity to learn about the people, culture and lifestyle of rural India. Stay at erstwhile forts and palaces, which have now been converted to heritage hotels, and experience the intriguing traditions and customs of tribal Rajasthan.",राजस्थान के बीचों-बीच कई छोटे नगर और गांव हैं जो इस भूमि के असली मूलतत्व को स्पष्ट करते हैं।
"India is a land of great variety and contrast. Its unique cultural mystique, exotic heritage, aesthetic environment and outstanding natural resources have attracted international tourists. Tourism has emerged as one of Indias important industry.",भारत महान विविधता और वैषम्य की भूमि है।
"India is a land of great variety and contrast. Its unique cultural mystique, exotic heritage, aesthetic environment and outstanding natural resources have attracted international tourists. Tourism has emerged as one of Indias important industry.",पर्यटन भारत के महत्वपूर्ण उद्योगों में से एक के रूप में उभर रहा है।
"Indias glorious traditions and rich cultural heritage are closely related with the development of tourism. Its magnificent monuments attract a large number of tourists from all over the world. The natural surroundings, the architectural masterpieces, the music, dance, paintings, customs and languages all these go to make India as tourist paradise.","प्राकृतिक परिवेश, वास्तुकला की महान कृतियाँ, संगीत, नृत्य, चित्रकारी, रीतियाँ, और भाषाएं, यह सब मिलकर भारत को पर्यटकों के लिए स्वर्ग बनाते हैं।"
Interaction with tourists creates the path for receiving new ideas and values. It also improves the confidence and social values of the host communities. Interaction with the tourists helps to develop hospitable conduct amongst the workers associated to tourism industry in local areas.,पर्यटकों के साथ बातचीत करने से स्थानीय क्षेत्रों में पर्यटन उद्योग से संबंधित कर्मियों में आतिथेय व्यवहार विकसित होता है।
"KOCHI , the most cosmopolitan city of Kerala, is also known as ' Queen of the Arabian Sea'. The distinctive architecture seen in Dutch mansions, Portuguese churches, Jewish synagogue, British store houses and 14th century Chinese fishing nets, reflects Kochi's long history as an important sea port and trading centre. Kochi is renowned for its spectacular Kathakali performance, one of the oldest theatre forms in India.","डच निवास्थानों में दिखने वाली विशिष्ट वास्तुकला, पुर्तगाली गिरजाघर, यहूदी उपासनागृह, अंग्रेज़ों के भंडारघर और 14वीं शताब्दी के मछली पकड़ने के चीनी जाल कोची के महत्वपूर्ण बंदरगाह और व्यापारिक केंद्र होने के लंबे इतिहास को दर्शाते हैं।"
"Located along south western coast of India, Kerala resembles a banana leaf clinging between the Western Ghats and beaches of Arabian sea. Kerala has been included in the top 50 tourist destinations for once in a life time visit by National Geographic Channel. The beauty of Kerala lies in its placid nature encompassing serene backwaters, beaches, hill stations, spice plantations, flora and fauna, Ayurveda, boat races, natural harbours and more.",नेशनल ज्योग्राफिक चैनल ने जीवन में कम से कम एक बार देखने योग्य शीर्ष 50 पर्यटक स्थलों की सूची में केरल को शामिल किया है।
"Located along south western coast of India, Kerala resembles a banana leaf clinging between the Western Ghats and beaches of Arabian sea. Kerala has been included in the top 50 tourist destinations for once in a life time visit by National Geographic Channel. The beauty of Kerala lies in its placid nature encompassing serene backwaters, beaches, hill stations, spice plantations, flora and fauna, Ayurveda, boat races, natural harbours and more.","केरल की सुंदरता उसकी शांत प्रकृति के कारण है जिसमें शामिल है अप्रवाही जल, तट, पहाड़ी इलाके, मसालों के बाग, वनस्पति और जीव, आयुर्वेद, नौका दौड़, प्राकृतिक बंदरगाह और काफी कुछ।"
"MUNNAR , a famous hill resort in east Kerala, had long fascinated Europeans and became the southern summer resort of British India. Munnar valley was developed by Scottish planters in the early 20th century. Munnar is carpeted by thick forests and tea estates.",मुन्नार घने जंगलों और चाय के बागानों से ढका हुआ है।
"Maharashtra contains a number of sites of historical importance. Of these, some monuments also figure in the list of World Heritage Sites recognized by UNESCO. These sites are Ajanta, Ellora and Elephanta, providing support to the states tourism initiatives; the Central Government has promised ` 50 crore worth of aid in Vidarbha for developing ecotourism and ` 25 crore to develop the tourism sector in Aurangabad.",इनमें से कुछ स्मारक यूनेस्को द्वारा मान्य विश्व धरोहर स्थलों की सूची में भी शामिल हैं।
"Maharashtra has recognized tourism as a major thrust area for economic growth in the state because Sahyadri Mountain is the backbone of Maharashtra. Maharashtra is a land of rich culture, tradition and festivals and is a major trade and tourist destination of India, attracting thousands of tourists from across the world every year. As a result Maharashtra is the first state to declare Tourism District for the tourism development.",महाराष्ट्र ने पर्यटन को राज्य में आर्थिक विकास के लिए प्रमुख ध्यान देने योग्य क्षेत्र माना है क्योंकि सह्याद्रि पहाड़ महाराष्ट्र की रीढ़ है।
"Meet and Greet Service at the airport is an important service for tourists as well as for the company, since it helps the tourists in fast-track clearance through arrivals or departures, helping with transfers, baggage and family travel and ensures a swift, smooth and safe passage through the airport. The Customer Service Executives (Meet and Greet Officers) help in dealing with any issues that might arise due to cultural differences or language difficulties. Travel companies even have their own lounges, reserved exclusively for the tourists or their customers.","विमानपत्तन पर स्वागत सेवा आगंतुकों और कंपनी दोनों ही के लिए एक अत्यंत महत्वपूर्ण सेवा है क्योंकि यह आगंतुकों को आगमन या प्रस्थान के समय त्वरित और आसान पारगमन, स्थानांतरण, सामान, और परिवार-सहित यात्राओं में सहायक होती है, और हवाई अड्डे से शीघ्र, बाधारहित और सुरक्षित मार्ग सुनिश्चित करती है।"
"On a 720 kms long strip between the Western Ghats and the Arabian Sea, lie a host of hidden beaches and creeks. Only a few of them are known to the regular beach hopper. These solitary beaches, alongside the wild and verdant Western Ghats, are a quiet alternative to the more boisterous goan counterpart.",पश्चिमी घाटी और अरब सागर के बीच 720 कि.मी. लंबी पट्टी में कई छुपे हुए समुद्री तट और सँकरी खाड़ियाँ हैं।
"On a 720 kms long strip between the Western Ghats and the Arabian Sea, lie a host of hidden beaches and creeks. Only a few of them are known to the regular beach hopper. These solitary beaches, alongside the wild and verdant Western Ghats, are a quiet alternative to the more boisterous goan counterpart.",हरे-भरे पश्चिमी घाटों से लगे ये एकांत समुद्र तट शोरगुल वाले गोआ के सुमुद्री तटों के लिए एक शांत विकल्प हैं।
"PERIYAR , the hub of spice plantations in Kerala, is also famous for its wildlife park which is best experienced aboard a boat cruise on Lake Periyar. The wildlife sanctuary is home to elephants, deer, wild boars, bears, flying squirrels, and a variety of bird and reptile species. The town is fragranced with the spicy aromas of pepper, cardamom, cinnamon, cloves, ginger and nutmeg.","पेरियार, केरल के मसालों के बागानों का केंद्र, अपने वन्यजीव अभयारण्य के लिए भी जाना जाता है, जिसका सर्वश्रेष्ठ अनुभव पेरियार झील में नौका-विहार करते हुए लिया जा सकता है।"
"Regional offices are located in all capital cities in India. Besides, there are several other offices at focal point of international tourist interest. Tourist destination in the country are improved and provided more facilities to attract the foreign tourists.","इसके अलावा, कई अन्य कार्यालय अंतर्राष्ट्रीय पर्यटकों की रुचि वाले स्थानों में भी हैं।"
"SRINAGAR , set along the banks of River Jhelum in Kashmir valley, was aptly named by the Mughals as 'Paradise on Earth'. Set like a jeweled crown on the map of India, Kashmir changes its hues with seasons - in winter, when snow carpets the mountains, there is skiing and sledge riding along the gentle slopes; in spring and summer, the honey-dewed orchards, rippling lakes make the valley breathtakingly beautiful. Drifting down the serene lakes in Shikaras and living in wooden houseboats are unique experiences offered by Srinagar.",श्रीनगर शांत झीलों में शिकारे में घूमने और लकड़ी की बनी गृहनौकाओं में रहने जैसे अद्वितीय अनुभव प्रदान करता है।
"SRINAGAR , set along the banks of River Jhelum in Kashmir valley, was aptly named by the Mughals as 'Paradise on Earth'. Set like a jeweled crown on the map of India, Kashmir changes its hues with seasons - in winter, when snow carpets the mountains, there is skiing and sledge riding along the gentle slopes; in spring and summer, the honey-dewed orchards, rippling lakes make the valley breathtakingly beautiful. Drifting down the serene lakes in Shikaras and living in wooden houseboats are unique experiences offered by Srinagar.","भारत के मानचित्र पर रत्नजटित मुकुट की तरह जड़ा हुआ काश्मीर मौसम के साथ अपने रंग बदलता है – शीत ऋतु में, जब पर्वतों पर हिम की कालीन बिछ जाती है, तब मंद ढलानों पर स्की करना और स्लेज पर सवारी करना; वसंत और ग्रीष्म में, मधुरस से भरे फलों के बागान, लहरों वाली झीलें इस घाटी को असाधारण रूप से खूबसूरत बनाते हैं।"
"So, foreign tourists are the best means of bringing in foreign currency to the host nation. In 2015, Foreign Exchange Earnings for India from the industry were 16.94 billion dollars. This was 1 per cent more than the previous year.","2015 में, इस उद्योग से भारत की विदेशी मुद्रा की आय 1.694 करोड़ डॉलर थी।"
"The Bagh Caves, consisting of Buddhist mural paintings, are located 97 km from Dhar district of Madhya Pradesh. These rock-cut cave monuments are not natural but were carved over a period of time during the Satvahana period. The Bagh caves, like those at Ajanta, were excavated on a perpendicular sandstone rock face of a hill across the seasonal stream of Baghani.",अजंता की गुफाओं के समान ही बाघ गुफाएं बाघिनी नदी की मौसमी धारा के किनारे बलुआ पत्थर की पहाड़ी की खड़ी ढाल पर स्थित हैं।
"The state has a separate department for tourism, set up in 1969, but the Maharashtra State Tourism Development Corporation (MTDC), a government body to promote tourism was established in 1975. The offices of the MTDCs are located in most of the major cities of the state, and also outside state as in New Delhi, Goa and other places. There is opportunity to develop tourism industry on large scale in Maharashtra.","राज्य ने 1969 में पर्यटन के लिए एक अलग विभाग स्थापित किया था लेकिन 1975 में पर्यटन को बढ़ावा देने के लिए एक सरकारी निकाय, महाराष्ट्र पर्यटन विकास निगम (एम.टी.डी.सी.) स्थापित किया गया।"
"Tourism emerged as the largest global industry of the 20 th century and is projected to grow even faster in the 21 st century. India has immense possibilities of growth in the tourism sector with vast cultural and religious heritage, varied natural attractions, but comparatively small role in the world tourism scenario. The government of India announced the first tourism policy in November 1982, but new initiatives towards making tourism as the catalysts in employment generation, environmental re-generation.",भारत के विस्तृत सांस्कृतिक और धार्मिक धरोहर एवं विविध प्राकृतिक आकर्षणों के कारण पर्यटन क्षेत्र में प्रगति करने की उसकी अच्छी संभावना है लेकिन वैश्विक पर्यटन के परिदृश्य में तुलनात्मक रूप से इसकी भूमिका कम रही है।
"Tourism emerged as the largest global industry of the 20 th century and is projected to grow even faster in the 21 st century. India has immense possibilities of growth in the tourism sector with vast cultural and religious heritage, varied natural attractions, but comparatively small role in the world tourism scenario. The government of India announced the first tourism policy in November 1982, but new initiatives towards making tourism as the catalysts in employment generation, environmental re-generation.",20वीं शताब्दी में पर्यटन सबसे बड़े वैश्विक उद्योग के रूप में उभरा और अनुमान है कि 21वीं शताब्दी में यह और तेजी से बढ़ेगा।
"Tourism is our business, but each tour is a travellers' memory. We take responsibility to ensure these memories are cherished forever. We understand the significance of meticulous planning, cross checks, and follow ups to ensure seamless service.",पर्यटन हमारा व्यवसाय है लेकिन हर सफर यात्री के लिए एक स्मृति है।
"Travel agents are authorised to process the necessary documents on behalf of the money exchangers, foreign consulate offices, passport offices, income tax office, insurance office, etc. Travel documentations are processed for clients and customers before their confirmation for purchasing a tour package. Travel documents include passport, visa, currency certificate or endorsement of currency in the passport, travel insurance, income tax statements, health certificates, etc.","यात्रा दस्तावेज़ों में शामिल हैं पासपोर्ट, वीज़ा, मुद्रा प्रमाणपत्र या पासपोर्ट में मुद्रा का अनुमोदन, यात्रा बीमा, आयकर कथन, स्वास्थ्य प्रमाणपत्र, आदि।"
"Under the aegis of the corporation a number of tourist homes, resorts, and hotels operate from several tourist sites to accommodate visitors and provide information and also arrange guided tours. The corporation also organizes numerous festivals at some of the well-known tourist places like the culture and traditional performances, dance, and music providing visitors an opportunity to experience the land, its heritage, its people and their customs. Some of these festivals are the Ellora festival, The Pune Ganesh festival, The Gharapuri festival, Paryatan Mahotsav in Murud (Raigad) and others.","इन समरोह में से कुछ हैं एलोरा महोत्सव, पुणे गणेश महोत्सव, घारापुरी महोत्सव, मुरुड (रायगड) में पर्यटन महोत्सव तथा और भी।"
"Under the aegis of the corporation a number of tourist homes, resorts, and hotels operate from several tourist sites to accommodate visitors and provide information and also arrange guided tours. The corporation also organizes numerous festivals at some of the well-known tourist places like the culture and traditional performances, dance, and music providing visitors an opportunity to experience the land, its heritage, its people and their customs. Some of these festivals are the Ellora festival, The Pune Ganesh festival, The Gharapuri festival, Paryatan Mahotsav in Murud (Raigad) and others.","यात्रियों की सुविधा के लिए एवं जानकारी प्रदान करने तथा निर्देशित पर्यटन के लिए, निगम के तत्‍वावधान में विभिन्न पर्यटन साइटों के माध्यम से कई पर्यटन गृह, रिसॉर्ट, और होटल संचालित किए जा रहे हैं।"
"Without planning and controlling mechanism the development of tourism may end by having social cultural and economic distortions, which will be reflected in the relationship between tourists and local people. As soon as tourism grows and expands, it brings the social and economic changes in the respective region. This can be positive as well as negative.","यह सकारात्मक एवं नकारात्मक, दोनों ही हो सकता है।"
"withoutplanningandcontrollingmechanismthedevelopmentoftourismmayendbyhavingsocialculturalandeconomicdistortions,whichwillbereflectedintherelationshipbetweentouristsandlocalpeople.assoonastourismgrowsandexpands,itbringsthesocialandeconomicchangesintherespectiveregion.thiscanbepositiveaswellasnegative.","उचित योजना और नियंत्रण तंत्रों के बिना, सामाजिक, सांस्कृतिक और आर्थिक विकृतियों से पर्यटन विकास का अंत हो सकता है जो पर्यटकों और स्थानीय लोगों के बीच के संबंधों में परिलक्षित होगा।"
"According to Nepali mythology, eight is a lucky number. The pleats or Kallis signify the Pancha Buddha or Pancha Ratna. The closed neck of the Daura signifies the snake around the Lord Shivas neck.",चुन्नटें या कैलिस पंच बुद्ध या पंच रत्न को दर्शाती हैं।
"Apatani also live among the Nyishi, but are distinct. In the centre, one finds predominantly Galo people, with the major sub-groups of Karka, Lodu, Bogum, Lare and Pugo among others, extending to the Ramo and Pailibo areas (which are close in many ways to Galo). In the east, one finds the Adi with many subtribes including Padam, Pasi, Minyong and Bokar, among others.","पूर्व में आपको मिलेंगी आदि और उनके साथ कई उपजातियाँ, जिसमें अन्य उपजातियों में पदम, पासी, मिनयौंग और बोकर हैं।"
"As with the Mughals, under European colonial rule, architecture became an emblem of power, designed to endorse the occupying power. Numerous European countries invaded India and created architectural styles reflective of their ancestral and adopted homes. The European colonizers created architecture that symbolized their mission of conquest, dedicated to the state or religion.",यूरोपीय उपनिवेशवादियों ने एक ऐसे वास्तुशिल्प का निर्माण किया जो राज्य या धर्म को समर्पित उनकी विजय के लक्ष्य का प्रतीक था।
"Bhajan, Janan, Oriya songs based on ragas, Rangila Chaupadi etc. are grouped under Light classical music, which forms an important segment of Oriya music. Sri Geetagovinda, Anirjukta Pravadha, Divya Manusi Prabandha, Chautisa, Chhanda, Chaupadi (now known as Odissi), Champu, Malasri, Sariman, nVyanjani, Chaturang, Tribhang, Kuduka Geeta, Laxana and Swaramalika are the various sub-forms, which individually or collectively constitute the traditional Odissi music.","भजन, जनन, और रागों पर आधारित उड़िया गीत, रंगीला चौपड़ी, आदि को हल्के शास्त्रीय संगीत के तहत समूहीकृत किया जाता है, जो उड़िया संगीत का एक प्रमुख अनुभाग है।"
"During his final years, and especially after the death of Hephaestion, Alexander began to exhibit signs of megalomania and paranoia. His extraordinary achievements, coupled with his own ineffable sense of destiny and the flattery of his companions, may have combined to produce this effect. His delusions of grandeur are readily visible in his will and in his desire to conquer the world, in as much as he is by various sources described as having boundless ambition, an epithet, the meaning of which has descended into a historical clich.",उनकी अनिर्वचनीय नियति की भावना तथा साथियों की चापलूसी के साथ-साथ उनकी असाधारण उपलब्धियों ने मिलकर शायद यह असर पैदा किया होगा।
"Ganga has been revered in Cambodia since the Khmer empire. In Shiva's iconographical form Uma-Gangapatisvarar (Khmer: ), Shiva is depicted with Ganga and his wife Uma (Parvati). Ganga's images are located in Bakong, Lintel in Thommanon and exhibit in International Council of Museums.",गंगा को ख्मेर साम्राज्य के समय से परम पूजनीय माना गया है।
"Having been a Portuguese territory for over 450 years, Goan culture is an amalgamation of both Eastern and Western styles, with the latter having a more dominant role. The tableau of Goa showcases religious harmony by focusing on the Deepastambha, the Cross, and Ghode Modni followed by a chariot. European royal attire of kings is as much part of Goa's cultural heritage as are regional dances performed depicting a unique blend of different religions and cultures of this State.","गोआ की झांकी धार्मिक सद्भावना दर्शाती है जिसमें दीपस्तम्भ, क्रॉस और घोड़े मोदनी पर ध्यानाकर्षण किया गया है और उसके पीछे रथ है।"
"He wrote the book, Mizo Nge Israel? (""Mizo or Israeli?"") (2004), exploring this issue. He does not think the people have a legitimate claim to Jewish descent.","उन्होंने 2004 में इस मुद्दे पर एक किताब लिखी मीज़ो न्गे इजराइल? (""मीज़ो या इजराइली?"")।"
"Historical linguists broadly estimate that a continuum of Indo-Iranian languages probably began to diverge by 2000 BCE, if not earlier,:3839 preceding both the Vedic and Iranian cultures. The earliest recorded forms of these languages, Vedic Sanskrit and Gathic Avestan, are remarkably similar, descended from the common Proto-Indo-Iranian language. The origin and earliest relationship between the Nuristani languages and that of the Iranian and Indo-Aryan groups is not completely clear.","इन भाषाओं के प्राचीनतम अभिलिखित प्रारूप, वैदिक संस्कृत और गाथिक अवेस्तन आश्चर्यजनक ढंग से काफी समान हैं, जो एक समान प्रोटो-हिन्द-ईरानी भाषा से विकसित हुए हैं।"
"In Southern India, the Pallava period beginning with Simhavishnu (575 CE 900 CE) was a transitional stage in southern Indian society with monument building, establishment of (bhakti) sects of Alvars and Nayanars, flowering of rural Brahmanical institutions of Sanskrit learning, and the establishment of Chakravartin model of kingship over a territory of diverse people; which ended the pre-Pallavan era of territorially segmented people, each with their culture, under a tribal chieftain. The Pallava period extolled ranked relationships based on ritual purity as enjoined by the shastras. Burton distinguishes between the Chakravatin model and the Kshatriya model, and likens kshatriyas to locally based warriors with ritual status sufficiently high enough to share with Brahmins; and states that in south India the kshatriya model did not emerge.","दक्षिण भारत में पल्लव युग, जो सिंहविष्णु (570 ई.-900 ई.) के साथ शुरू हुआ, दक्षिण भारतीय समाज में एक पारंपरिक चरण था जिसके दौरान स्मारक निर्माण, अल्वरों और नयनारों के भक्ति पंथों की स्थापना, संस्कृत शिक्षा की ग्रामीण ब्राह्मणवादी संस्थाओं की वृद्धि, और विभिन्न प्रकार के लोगों के क्षेत्र पर राजत्व के चक्रवर्ती प्रतिरूप की स्थापना हुई और इस युग ने पूर्व- पल्लवन युग को समाप्त कर दिया, जिसमें क्षेत्रीय रूप से खंडित लोग अपनी-अपनी संस्कृति के साथ तथा आदिवासी मुखिया के अधीन रहते थे।"
"In the 19th century, Swabhab Kavi Gangadhar Meher (1862-1924), Fakir Mohan Senapati (18431918), Gouri Shankar Ray, Gopal Chandra Praharaj, Pandit Nilmani Vidyaratna, Kabibar Radhanath Ray were few of the prominent figures in prose and poetry writings of Odia literature. In the 20th century Godabarish Mohapatra, Kalindi Charana Panigrahi, Kanhu Charan Mohanty (19061994), Godabarish Mishra, Gopinath Mohanty (19141991), Sachidananda Routray (19162004), Sitakant Mahapatra (born 17 September 1937), Surendra Mohanty, Manoj Das, Kishori Charan Das, Ramakanta Rath (born 13 December 1934), Binapani Mohanty, Jagadish Mohanty, Sarojini Sahoo, Rajendra Kishore Panda, Padmaj Pal, Ramchandra Behera, Pratibha Satpathy, Nandini Sahu, Debaraj Samantray are few names who created Odia literature. Recently the Government of India accorded classical status to Odia in 2014.","20वी शताब्दी में ओडिया साहित्य की रचना करने वालों में से कुछ हैं गोदावरीश महापात्र, कालिंदी चरण पाणिग्रही, कान्हू चरण मोहंती (1906-1994), गोदावरीश मिश्रा, गोपीनाथ मोहंती (1914-1991), सच्चिदानंद राउतराय(1916-2004), सीताकांत महापात्र (जन्म 17 सितम्बर 1937), सुरेंद्र मोहंती, मनोज दास, किशोरी चरण दास, रमाकांत रथ (जन्म 13 दिसम्बर 1934), बीनापानी मोहंती, जगदीश मोहंती, सरोजिनी साहू, राजेन्द्र किशोर पांडा, पद्मज पाल, रामचंद्र बेहरा, प्रतिभा सतपथी, नंदिनी साहू और देबराज सामंतरे।"
"Islamic Bengal was noted for its production of the finest cotton fabrics and saris, notably the Jamdani, which received warrants from the Mughal court. The Bengal School of painting flourished in Kolkata and Shantiniketan in the British Raj during the early 20th century. Its practitioners were among the harbingers of modern painting in India.","इस्लामी बंगाल अपने सर्वोत्तम सूती वस्त्रों और साड़ियों के उत्पादन के लिए जाना जाता था, खास कर के जामदानी के लिए, जिसे मुगल दरबार का समर्थन प्राप्त था।"
"Islamic civilization is credited with further advancing the accuracy of clocks with elaborate engineering. In 797 AD (or possibly 801 AD), the Abbasid caliph of Baghdad, Harun al-Rashid, presented Charlemagne with an Asian elephant named Abul-Abbas together with a ""particularly elaborate example"" of a water clock. Pope Sylvester II introduced clocks to northern and western Europe around 1000 AD.","797 ईस्वी (या शायद 801 ईस्वी) में, बगदाद के अब्बासिद खलीफा, हारून अल-राशिद ने शार्लेमेन को जल घड़ी के एक ""विशिष्ट रूप से अलंकृत नमूने"" के साथ अबुल-अब्बास नाम का एक एशियाई हाथी भेंट में दिया था।"
"Many children were born to unofficial partnerships: 54% of the children baptised at St. John's, Calcutta between 1767 and 1782 were Anglo-Indian and illegitimate. British women of good social standing were scarce; in 1785 surgeon John Stewart wrote to his brother from Cawnpore: ""Many of the women here are mere adventuresses from Milliners shops on Ludgate Hill and some even from Covent Garden and Old Drury [well known areas of prostitution in late 18th century London]. They possess neither sentiment nor education, and are so intoxicated by their sudden elevation, that a sensible man can only regard them with indignation and outrage.""","अच्छी सामाजिक हैसियत वाली अंग्रेज महिलाएं गिनी-चुनी ही थीं; 1785 में अपने छोटे भाई को कानपुर से एक पत्र में शल्य-चिकित्सक जॉन स्टूअर्ट ने लिखा: यहाँ ज़्यादातर औरतें पैसों के लिए संबंध बनाने वाली, लुडगेट हिल की महिलाओं की टोपी की दुकान से हैं, और कुछ तो ओल्ड ड्रुरी (18वीं सदी के लंदन के जाने-माने वेश्यावृत्ति स्थल) से भी हैं।"
"No place along her banks is more longed for at the moment of death by Hindus than Varanasi, the Great Cremation Ground, or Mahashmshana. Those who are lucky enough to die in Varanasi, are cremated on the banks of the Ganges, and are granted instant salvation. If the death has occurred elsewhere, salvation can be achieved by immersing the ashes in the Ganges.","अगर मृत्यु कहीं और हुई हो, तो अस्थियों को गंगा में विसर्जित करने पर मुक्ति प्राप्त हो सकती है।"
"On 18 August 2017, following an ""instruction"" from a Chinese import agency, Cambridge University Press used the functionality that had been built into Cambridge Core to temporarily delete politically sensitive articles from The China Quarterly on its Chinese website. The articles focused on topics China regards as taboo, including the 1989 Tiananmen massacre, Chairman Mao Zedong's Cultural Revolution, Hong Kong's fight for democracy and ethnic tensions in Xinjiang and Tibet. On 21 August 2017, in the face of growing international protests, Cambridge University Press announced it would immediately repost the articles to uphold the principle of academic freedom on which the university's work is founded.","यह लेख उन विषयों पर ध्यान केंद्रित करता है जिन्हें चीन निषिद्ध करता है, जिसमें 1989 का तियानमेन चौक नरसंहार, अध्यक्ष माओ त्सेतुंग का सांस्कृतिक आंदोलन, हांग कांग की लोकतंत्र के लिए लड़ाई एवं शिंजियांग तथा तिब्बत में नस्ली तनाव शामिल हैं।"
"On 26 January 1950, India became a sovereign republic. This series was introduced on 15 August 1950 and represented the first coinage of Republic India. The British monarch's portrait was replaced by the Lion Capital of Ashoka.",अंग्रेज़ रानी की तस्वीर के स्थान पर अशोक के सिंहचतुर्मुख स्तम्भशीर्ष की तस्वीर लगाई गई।
"Pausanias writes that Alexander wanted to dig through the Mimas mountain (in today's Karaburun area), but didn't succeed. He says this was Alexander's only unsuccessful project. Pliny the Elder adds that the planned distance was 12 kilometres (7.5mi), and the purpose was to cut a canal through the isthmus to connect the Caystrian and Hermaean bays.",प्लिनी द एल्डर ने यह भी कहा कि नियोजित दूरी 12 किलोमीटर (7.5 मील) की थी और इसका उद्देश्य केस्ट्रीयन और हर्मेइन खाड़ी को जोड़ने के लिए थलसन्धि में नहर बनाने का था।
"Quarter svarna coins have been excavated from gandhara. Besides svarna being a term for gold coins (called Svarna Rupa), it was also a weight standard which replaced Purana or Dharana in ancient India. According to Arthashastra one svarna or karsha was equal to 80 rattis (based on 1 masha = 5 ratti standard)","अर्थशास्त्र के अनुसार, एक सुवर्ण या कर्ष 80 रत्तियों के बराबर था (1 माशा = 5 रत्ती के मानक के अनुसार)"
"Recent C14 datings and stylistic comparisons with Amri II-B period pottery shows the first two phases should be termed Pre-Harappan Dholaviran Culture and re-dated as follows: Stage I (c. 3500-3200 BCE), and Stage II (c. 3200-2600 BCE).",हाल ही में किए गए सी14 निर्धारणों और अमरी द्वितीय-बी युग के मिट्टी के पात्रों के साथ शैलीगत तुलना से पता चलता है प्रथम दो चरणों को पूर्व-हड़प्पा धोलावीरा संस्कृति कहा जाना चाहिए और इसके होने की अवधि में पुनःपरिवर्तन निम्नलिखित है: प्रथम चरण (लगभग 3500 - 3200 ईसा पूर्व) और द्वितीय चरण (लगभग 3200 - 2600 ईसा पूर्व)।
"Russian historian Lev Gumilev wrote that Xiongnu, Mongols (Mongol Empire, Zunghar Khanate) and Turkic peoples (First Turkic Khaganate, Uyghur Khaganate) played a role to stop Chinese aggression to the north. The Turkic Khaganate had special policy against Chinese assimilation policy. Another interesting theoretical analysis on the historical-geopolitics of the Central Asia was made through the reinterpretation of Orkhun Inscripts.","रूसी इतिहासकार लेव गुमिलेव ने लिखा था कि श्योंग्नू, मंगोल (मंगोल राज्य,ज़ुंघर खनाते) और तुर्किक लोगों (प्रथम तुर्किक खागनाते, उईगुर खागनाते) ने उत्तर की ओर चीनी अतिक्रमण को रोकने में भूमिका निभाई।"
"Sandansa/Sandamsa (hell of pincers): The Bhagavata Purana and the Devi Bhagavata Purana state that a person who robs a Brahmin or steals jewels or gold from someone, when not in dire need, is confined to this hell. However, the Vishnu Purana tells the violators of vows or rules endure pain here. His body is torn by red-hot iron balls and tongs.","सन्दंश/संदम्सा (सदंशिका का नर्क): भागवत पुराण और देवी भागवत पुराण बताते हैं कि जो व्यक्ति किसी ब्राह्मण से कुछ चोरी करता है या आवश्यकता नहीं होने पर भी किसी से आभूषण या सोना चुराता है, तो उसे इस नर्क में कैद किया जाता है।"
"The Aparokshanubhuti and Atma bodha are also attributed to Shankara, as his original philosophical treatises, but this is doubtful. Paul Hacker has also expressed some reservations that the compendium Sarva-darsana-siddhanta Sangraha was completely authored by Shankara, because of difference in style and thematic inconsistencies in parts. Similarly, Gayatri-bhasya is doubtful to be Shankara's work.",पॉल हैकर ने भी सार-संग्रह सर्व-दर्शन-सिद्धांत संग्रह के संबंध में संदेह व्यक्त किया है कि शायद इसे पूर्ण रूप से शंकर ने नहीं रचा है क्योंकि कुछ-कुछ भागों में शैली में अंतर और विषयक असंगतताएं हैं।
"The Bengali New Year is observed as a public holiday in Bangladesh. It is celebrated across religious boundaries by its Muslim majority and Hindu minority. According to Willem van Schendel and Henk Schulte Nordholt, the festival became a popular means of expressing cultural pride and heritage among the Bangladeshi as they resisted Pakistani rule in the 1950s and 1960s.","विलेम वैन शेंडल और हेंक शुल्ते नोर्डहोल्ट के अनुसार, 1950 और 1960 के दशकों में पाकिस्तानी शासन का विरोध करने के बाद बांग्लादेशियों के बीच यह पर्व सांस्कृतिक गौरव तथा विरासत को अभिव्यक्त करने का एक लोकप्रिय जरिया बन गया।"
"The Ghurids initially ruled as vassals of the Ghaznawids and later of the Seljuks. However, the long-standing rivalry between the Seljuks and Ghaznawids created a power vaccum in Khurasan to which the Ghurids cashed in and began their territorial expansion, during the early twelfth century. Ala al-Din Husayn launched a devastating raid in the Ghaznavid territory and sacked their capital, although he was defeated by the Seljuks which for briefly halted the rapid Ghurid expansion.","अला अल-दिन हुसैन ग़ज़नवी शासित क्षेत्र में विध्वंसकारी धावा बोला और उसकी राजधानी को तहस-नहस कर दिया, हालांकि सलजूकों ने उसको हराया था जिससे कुछ समय के लिए तेजी से फैल रहे घुरिद कुछ समय के लिए रुक गए।"
"The Pallavas were instrumental in the transition from rock-cut architecture to stone temples. The earliest examples of Pallava constructions are rock-cut temples dating from 610 CE to 690 CE and structural temples between 690 CE and 900 CE. A number of rock-cut cave temples bear the inscription of the Pallava king, Mahendravarman I and his successors.",पल्लव निर्माण के प्राचीनतम उदाहरण हैं चट्टान काट कर बनाए गए मंदिर जो 610 ईस्वी से लेकर 690 ईस्वी के बीच बनाए गए थे और संरचनागत मंदिर जो 690 ईस्वी से लेकर 900 ईस्वी के बीच बनाए गए।
"The Salankayanas were an ancient dynasty that ruled the Andhra region between Godavari and Krishna with their capital at Vengi (modern Pedavegi) from 300 to 440CE. The Eastern Chalukyas of Vengi, whose dynasty lasted for around five hundred years from the 7th century until 1130CE, eventually merged with the Chola dynasty. They continued to rule under the protection of the Chola dynasty until 1189CE when the kingdom succumbed to the Hoysalas and the Yadavas.",शालंकायन एक प्राचीन वंश था जो 300 से 440 ईस्वी तक गोदावरी और कृष्णा नदियों के बीच आंध्र क्षेत्र पर शासन करता था और उसकी राजधानी वेंगी (आज का पेड्डवेगि) थी।
"The Standard Cross-Cultural Sample described the occurrence of extramarital sex by gender in over 50 pre-industrial cultures. The occurrence of extramarital sex by men is described as ""universal"" in 6 cultures, ""moderate"" in 29 cultures, ""occasional"" in 6 cultures, and ""uncommon"" in 10 cultures. The occurrence of extramarital sex by women is described as ""universal"" in 6 cultures, ""moderate"" in 23 cultures, ""occasional"" in 9 cultures, and ""uncommon"" in 15 cultures.","पुरुषों द्वारा विवाहेतर यौन संबंध रखना 6 संस्कृतियों में ""सामान्य"" होने के रूप में वर्णित है, 29 संस्कृतियों में ""कुछ हद तक सामान्य"" कहा गया है, 6 संस्कृतियों में ""कभी-कभार"" होने वाला कहा है और 10 संस्कृतियों में इसे ""असामान्य"" माना गया है।"
"The biggest prize that galvanised English trade was the seizure of a large Portuguese carrack, the Madre de Deus by Sir Walter Raleigh and the Earl of Cumberland at the Battle of Flores on 13 August 1592. When she was brought in to Dartmouth she was the largest vessel ever seen in England and she carried chests of jewels, pearls, gold, silver coins, ambergris, cloth, tapestries, pepper, cloves, cinnamon, nutmeg, benjamin (a tree that produces frankincense), red dye, cochineal and ebony. Equally valuable was the ship's rutter (mariner's handbook) containing vital information on the China, India, and Japan trade routes.","उतनी ही बहुमूल्य थी जहाज की विवरण पुस्तिका (नाविक की हस्तपुस्तिका), जिसमें चीन, भारत, और जापान के व्यापार मार्गों की महत्वपूर्ण जानकारी दी गई थी।"
"The modern art movement in Bangladesh took shape during the 1950s, particularly with the pioneering works of Zainul Abedin. East Bengal developed its own modernist painting and sculpture traditions, which were distinct from the art movements in West Bengal. The Art Institute Dhaka has been an important centre for visual art in the region.","इस क्षेत्र में कला संस्थान ढाका, दृश्य कला का महत्वपूर्ण केंद्र रहा है।"
"The possibility of different interpretations of the Vedic literature, states Arvind Sharma, was recognized by ancient Indian scholars. The Brahmasutra (also called Vednta Sutra, composed in 1st millennium BCE) accepted this in verse 1.1.4 and asserts the need for the Upanishadic teachings to be understood not in piecemeal cherrypicked basis, rather in a unified way wherein the ideas in the Vedic texts are harmonized with other means of knowledge such as perception, inference and remaining pramanas. This theme has been central to the Advaita school, making the Brahmasutra as a common reference and a consolidated textual authority for Advaita.","ब्रह्मसूत्र (जिसे वेदांत सूत्र भी कहा जाता है, प्रथम सहस्राब्दी ई.पू. में रचित) के पद 1.1.4 में इसे स्वीकार करते हुए उपनिषदीय शिक्षाओं को टुकड़ों में नहीं बल्कि एक ऐसे व्यापक तरीके से समझने की आवश्यकता पर जोर दिया गया है जहां वैदिक ग्रंथों में विचारों को धारणा, अनुमान और शेष प्रमाणों जैसे ज्ञान के अन्य रूपों के साथ देखना भी शामिल है।"
"The roles and guises recommended for Vyanjana (appearance) agents by the Arthashastra include ascetics, forest hermits, mendicants, cooks, merchants, doctors, astrologers, householders, entertainers, dancers, female agents and others. It suggests that members from these professions should be sought to serve for the secret service. A prudent state, states the text, must expect that its enemies seek information and are spying inside its territory and spreading propaganda, and therefore it must train and reward double agents to gain identity about such hostile intelligence operations.",यह सुझाव देता है कि इन पेशों के सदस्यों को इस गुप्तचर सेवा में शामिल होने के लिए बुलाया जाना चाहिए।
"The section concludes by listing the names of actions or deeds possible with various weapons, including 32 positions to be taken with sword and shield (khagacarmavidhau); 11 techniques for using a rope in fighting, 5 acts in the rope operation, lists of deeds pertaining to the chakram (war-quoit), the spear, the tomara (iron club), the gada (mace), the axe, the hammer, the bhindipla or laguda, the vajra, the dagger, the slingshot, and a bludgeon or cudgel. A short passage near the end addresses larger concerns of warfare and explains the various uses of war elephants and men. The text concludes with a description of how to appropriately send the well-trained fighter off to war.",अंत में एक छोटा पाठ्यांश युद्ध संबंधी महत्वपूर्ण शंकाओं को संबोधित करता है और युद्ध हाथियों एवं लोगों के विभिन्न उपयोगों को समझाता है।
"The text consists of 1,430 angs (pages) and 5,894 shabads (line compositions), which are poetically rendered and set to a rhythmic ancient north Indian classical form of music. The bulk of the scripture is divided into 31 main ragas, with each Granth raga subdivided according to length and author. The hymns in the scripture are arranged primarily by the rgas in which they are read.","धर्मग्रंथ का अधिकांश भाग 31 मुख्य रागों में विभाजित है, और प्रत्येक ग्रंथ राग उसकी लंबाई और रचनाकार के अनुसार पुनर्विभाजित है।"
"The text is a prose style Upanishad, with a motley collection of different sized paragraphs. The first section has four paragraphs, the second has seven, the third presents five paragraphs, while the fourth section contains six. As appendices, the fifth lesson has two paragraphs, while the sixth Prapathaka is the longest section with thirty eight paragraphs.","इस उपनिषद का पाठ गद्य शैली में है, जिसमें भिन्न लंबाई के पाठ्यांशों का मिश्रित समूह है।"
"These are also called the Astika (theistic) philosophical traditions and are those that accept the Vedas as an authoritative, important source of knowledge. Ancient and medieval India was also the source of philosophies that share philosophical concepts but rejected the Vedas, and these have been called nstika (heterodox or non-orthodox) Indian philosophies. Nastika Indian philosophies include Buddhism, Jainism, Charvaka, Ajivika, and others.","भारतीय नास्तिक धारणाओं में शामिल हैं बौद्ध संप्रदाय, जैन संप्रदाय, चार्वाक, आजीविका और अन्य।"
"Trickster tales played a major role in the Winnebago tribe. These stories were passed down orally and depicted humorous lessons through animals, nature and trickery. For example, ""The Trickster and Talking Bulb"" tells the story of ""The Old Man"", who disregards the warnings of a bulb and, in turn, gets punished for his defiance.","उदाहरण के लिए, ""चालबाज़ और बोलने वाला बल्ब"" उस ""बूढ़े आदमी"" की कहानी है जो बल्ब की चेतावनियों को नज़रअंदाज़ करता है और परिणामतः, अवज्ञा के लिए उसे दंडित किया जाता है।"
"Uniscribed die struck coins appeared around 4th century BC in Taxila and Ujjain. These coins were mostly in copper and rarely in silver, the metal dies were cast carefully with the required designs. These coins had some symbols similar to Punch marked coins.","यह सिक्के आम तौर पर तांबे के थे और बहुत कम चांदी के हुआ करते थे, धातु के सांचे आवश्यक प्रारूप के साथ ध्यानपूर्वक ढाले जाते थें।"
"katha upanishad's fifth valli is an eschatological treatise. it begins by stating that human body is like a pura (sanskrit: , town, city) with eleven gates that connect him to the universe. the individual, asserts katha upanishad, who understands and reveres this town of eternal, non-changing spirit, is never crooked-minded, is always free.","कठोपनिषद का कहना है कि जो व्यक्ति शाश्वत का मनन करता है न कि कुटिलता का, वह उन्मुक्त हो जाता है और कभी विषाद का अनुभव नहीं करता है।"
"the section concludes by listing the names of actions or deeds possible with various weapons, including 32 positions to be taken with sword and shield (khagacarmavidhau); 11 techniques for using a rope in fighting, 5 acts in the rope operation, lists of deeds pertaining to the chakram (war-quoit), the spear, the tomara (iron club), the gada (mace), the axe, the hammer, the bhindipla or laguda, the vajra, the dagger, the slingshot, and a bludgeon or cudgel. a short passage near the end addresses larger concerns of warfare and explains the various uses of war elephants and men. the text concludes with a description of how to appropriately send the well-trained fighter off to war.","यह भाग उन कार्यों या कर्मों के नामों की एक सूची के साथ पूरा होता है, जो विभिन्न प्रकार के हथियारों के साथ संभव हैं, जिसमें तलवार और ढाल (खगकर्मविधौ) के साथ ली जाने वाली 32 स्थितियाँ, लड़ाई में रस्सी का उपयोग करने की 11 तकनीकें, 5 रस्सी संचालन के कार्य, साथ ही चक्र, भाला, तोमर (लोहे की लाठी), गदा, कुल्हाड़ी, हथौड़ा, भिन्दिपाल या लगुड़ा, वज्र, खंजर, गुलेल, और सोंटा या डंडे से संबंधित कर्मों की सूची शामिल हैं।"
"After the fall of Socialist Yugoslavia, the economy experienced several shocks that damaged the local economy. Starting with the Western embargo on the Yugoslavian common market, and ending with the Greek embargo on North Macedonia over the country's former name, Republic of Macedonia. The economy began to recover in 1995 and experienced a full recovery after the 2001 insurgency by ethnic Albanians.","यह यूगस्लाविया के आम बाज़ार पर पश्चिमी देशों द्वारा लगाए गए प्रतिबंध से शुरू हो कर उत्तरी मैसेडोनिया के पिछले नाम, मैसेडोनिया गणराज्य के संबंध में यूनान द्वारा लगाए गए प्रतिबंध के साथ समाप्त होता है।"
"After the sharp devaluation in 1991 and transition to current account convertibility in 1994, the value of the rupee has been largely determined by market forces. The rupee has been fairly stable during the decade 20002010. In October 2018, rupee touched an all-time low 74.90 to US dollar.",1991 में भारी अवमूल्यन और 1994 में चालू खाता परिवर्तनीयता में अवस्थांतर के बाद से रुपये का मूल्य काफी हद तक आर्थिक कारकों द्वारा निर्धारित होता है।
"Anuthin is heir to a major construction company fortune. His family's company, Sino-Thai Engineering and Construction PCL, built several government mega-projects such as Bangkoks Suvarnabhumi Airport. An engineer, Anuthin served as president of Sino-Thai.","उनके परिवार की कंपनी, चीनी-थाई इंजीनियरिंग एवं निर्माण पी.सी.एल., ने बैंकॉक के सुवर्णभूमि जैसी कई सरकारी बृहद्-परियोजनाओं का निर्माण किया।"
"Apple evangelists were actively engaged by the company at one time, but this was after the phenomenon had already been firmly established. Apple evangelist Guy Kawasaki has called the brand fanaticism ""something that was stumbled upon,"" while Ive explained in 2014 that ""People have an incredibly personal relationship"" with Apple's products. Apple Store openings and new product releases can draw crowds of hundreds, with some waiting in line as much as a day before the opening.","ऐपल स्टोर का खुलना और नए उत्पादों का विमोचन सैकड़ों लोगों को अपनी ओर खींचता है, जिनमें से कुछ तो खुलने के एक दिन पहले से ही कतार में प्रतीक्षा करते रहते हैं।"
"Apple evangelists were actively engaged by the company at one time, but this was after the phenomenon had already been firmly established. Apple evangelist Guy Kawasaki has called the brand fanaticism ""something that was stumbled upon,"" while Ive explained in 2014 that ""People have an incredibly personal relationship"" with Apple's products. Apple Store openings and new product releases can draw crowds of hundreds, with some waiting in line as much as a day before the opening.","एप्पल इंजीलवादी गाय कावासाकी ने ब्रांड कट्टरता को ""ऐसा कुछ जो बस संयोग से हुआ था,"" बताते हुए कहा कि 2014 में उन्होंने बताया था कि एप्पल उत्पादों के साथ ""लोगों का अनोखा व्यक्तिगत संबंध है""।"
"Bloomberg Television is a 24-hour financial news television network. It was introduced in 1994 as a subscription service transmitted on satellite television provider DirecTV, 13 hours a day, 7 days a week. In 1995, the network entered the cable television market and by 2000, Bloomberg's 24-hour news programming was being aired to 200 million households.","इसे 1994 में शुल्क आधारित सेवा के रूप में शुरू किया गया था जिसे सैटेलाइट टेलिविज़न प्रदाता डायरेकटीवी, दिन में 13 घंटे, सप्ताह के सातों दिन प्रसारित करता था।"
"By 2019, Zee Entertainment Enterprises Ltd (ZEEL) was Essel Group's only profit-generating company; the group had accumulated an overall debt of around 20,000 crore (equivalent to 210 billion or US $2.6billion in 2020). During the next year, Essel Group sold off part of its pledged shares in ZEEL for the repayment of some of its debt. Invesco Oppenheimer acquired an 11% stake in the company, while Essel Group's decreased to 22.37%.","2019 में एसेल समूह में केवल ज़ी एंटरटेनमेंट एंटरप्राइजेज लि. (ज़ील) ही लाभ देने वाली कंपनी थी; समूह का समग्र कर्ज लगभग 20,000 करोड़ था (2020 में यह 210 बिलियन के बराबर या 2.6 बिलियन अमरीकी डॉलर के बराबर था)।"
"EDS eventually shed hundreds of jobs at A.T. Kearney, reduced compensation, consolidated back-office functions, and eventually relocated A.T. Kearney's headquarters from Chicago to Plano, Texas. By mid-2005, A.T. Kearney had experienced 11 straight quarters of shrinking revenues, including being unprofitable the final three quarters. In 2006, A.T. Kearney CEO Henner Klein and the consultancy's management struck a deal with EDS CEO Michael Jordan to buy the firm back, and A.T. Kearney was once again an independent firm.","ई.डी.एस. ने ए.टी.कर्नी में सैकड़ों लोगों को नौकरी से निकाला, मुआवज़ा कम किया, बैक-ऑफिस के कार्यों को सुदृढ़ किया और अंत में ए.टी. कर्नी का मुख्यालय शिकागो से स्थानांतरित करके प्लेनो, टेक्सस ले गए।"
"Eventually admitting that adoption of the socialist model of economic centralization and state control was a mistake, the Ratsiraka regime in 1980 initiated a return to a more classic liberal economic model that the Zafy regime wholeheartedly adopted following its inauguration in 1993. The post-1980 Ratsiraka and Zafy regimes have overseen the privatization of parastatals, the disbanding of agricultural marketing boards, the ratification of more liberal investment codes favoring foreign investment, the privatization of the banking industry, diversification of traditional, primary-product exports, and greater investment in food production. The Zafy regime has made reinvigoration of the Malagasy economy its number-one priority.","अर्ध-सरकारी संगठनों का निजीकरण, कृषिक विपणन समितिययों का विलयन, विदेशी निवेशों का समर्थन करने वाले अधिक उदार निवेश कोडों का अनुमोदन, बैंकिंग क्षेत्र का निजीकरण, पारंपरिक, प्राथमिक-उत्पाद आयातों का विविधीकरण, तथा खाद्य उत्पादन में बढ़े हुए निवेश 1980 के बाद के रत्सिराका और ज़ाफ़ी शासनों के अंतर्गत किए गए हैं।"
"External commercial borrowing (ECBs) are loans in India made by non-resident lenders in foreign currency to Indian borrowers. They are used widely in India to facilitate access to foreign money by Indian corporations and PSUs (public sector undertakings). ECBs include commercial bank loans, buyers' credit, suppliers' credit, securitised instruments such as floating rate notes and fixed rate bonds etc., credit from official export credit agencies and commercial borrowings from the private sector window of multilateral financial Institutions such as International Finance Corporation (Washington), ADB, AFIC, CDC, etc.","अंतर्राष्ट्रीय वित्त निगम (वाशिंगटन), ए.डी.बी., ए.एफ.आई.सी., सी.डी.सी., आदि जैसे बहुपक्षीय वित्तीय संस्थानों के निजी क्षेत्र के गतिविधि-केन्द्र से वाणिज्यिक बैंक ऋण, क्रेता-ऋण, आपूर्तिकर्ता-ऋण, फ्लोटिंग-रेट नोट और फिक्स्ड-रेट बांड आदि जैसे प्रतिभूतिकृत उपकरण, आधिकारिक निर्यात ऋण एजेंसियों से ऋण, और आधिकारिक निर्यात ऋण एजेंसियों से ऋण वाणिज्यिक उधार ई.सी.बी. के उदाहरण हैं।"
"Following a merger process, the merger of the 5 remaining associate banks, (viz. State Bank of Bikaner and Jaipur, State Bank of Hyderabad, State Bank of Mysore, State Bank of Patiala, State Bank of Travancore); and the Bharatiya Mahila Bank) with the SBI was given an in-principle approval by the Union Cabinet on 15 June 2016. This came a month after the SBI board had, on 17 May 2016, cleared a proposal to merge its five associate banks and Bharatiya Mahila Bank with itself.","यह 17 मई, 2016 में एस.बी.आई. बोर्ड द्वारा उसके पाँच सहायक बैंकों और भारतीय महिला बैंक को अपने में विलय करने के प्रस्ताव के पारित होने के एक महीने बाद आया।"
"For the fiscal year 2017, American Express reported earnings of US$2.634billion, with an annual revenue of US$35.583billion, an increase of 5.2% over the previous fiscal cycle. Its shares traded at over $83 per share, and its market capitalization was valued at over US$86.5billion in October 2018. American Express ranked #86 in the 2018 Fortune 500 list of the largest United States corporations by total revenue.",कुल राजस्व के अनुसार सबसे बड़े संयुक्त राज्य अमेरिकी निगमों की 2018 की फ़ॉरचून सूची में अमेरिकन एक्सप्रेस 86वें स्थान पर रहा।
"Foreign investment in Bolivia was buoyed in 1995 by privatization. Investment in mining and natural gas extraction increased, as did investment in the banking sector. However, the economic decline of the late 1990s, along with political unrest, caused foreign investors to pull out of Bolivia once again.","खनन तथा प्राकृतिक गैस निष्कर्षण में निवेश में वृद्धि हुई, साथ ही बैंकिंग क्षेत्र के निवेश में भी।"
"Honduras's international economic activity surged in the early 20th century. Between 1913 and 1929, its agricultural exports rose from $3million ($2million from bananas) to $25million ($21million from bananas). These ""golden"" exports were supported by more than $40million of specialized banana company investment in the Honduran infrastructure and were safeguarded by US pressure on the national government when the companies felt threatened.",1913 से 1929 के बीच इसका कृषिक आयात 30 लाख डॉलर (20 लाख डॉलर केलों से) से बढ़ कर 2.5 करोड़ डॉलर (2.10 करोड़ केलों से) हो गया।
"However, the economic fluctuations of the business cycle did affect Poland's unemployment rate, which by early 2013 reached almost 11%. This level was still below European average and has begun falling subsequently. As of October 2017, Poland's unemployment rate stood at 4.6% according to Eurostat.","अलबत्ता व्यापार चक्र की आर्थिक अस्थिरता ने पोलैण्ड की बेरोजगारी दर को अवश्य प्रभावित किया, जो कि 2013 की शुरुआत में लगभग 11 प्रतिशत तक पहुँच गया था।"
"In 1986, the BSE developed the S&P BSE SENSEX index, giving the BSE a means to measure the overall performance of the exchange. In 2000, the BSE used this index to open its derivatives market, trading S&P BSE SENSEX futures contracts. The development of S&P BSE SENSEX options along with equity derivatives followed in 2001 and 2002, expanding the BSE's trading platform.",बी.एस.ई. ने इस सूचकांक का उपयोग करते हुए एस. एण्ड पी. बी.एस.ई. सेनसेक्स वायदा अनुबंधों का व्यापार करके 2000 में अपना संजात बाज़ार खोला है।
"In 1986, the BSE developed the S&P BSE SENSEX index, giving the BSE a means to measure the overall performance of the exchange. In 2000, the BSE used this index to open its derivatives market, trading S&P BSE SENSEX futures contracts. The development of S&P BSE SENSEX options along with equity derivatives followed in 2001 and 2002, expanding the BSE's trading platform.",2001 और 2002 में बी.एस.ई. के व्यापार मंच का विस्तार करते हुए हिस्सेदारी संजातों के साथ-साथ एस. एण्ड पी. बी.एस.ई. सेंसेक्स विकल्पों का विकास हुआ।
"In 1997, FAO launched TeleFood, a campaign of concerts, sporting events and other activities to harness the power of media, celebrities and concerned citizens to help fighting hunger. Since its start, the campaign has generated close to US$28 million, 15 million in donations. Money raised through TeleFood pays for small, sustainable projects that help small-scale farmers produce more food for their families and communities.","1997 में एफ.ए.ओ. ने टेलीफूड शुरू किया जो संगीत समारोह, खेल-कूद के कार्यक्रम और अन्य क्रियाओं का अभियान था जिससे मीडिया, ख्याति प्राप्त व्यक्तियों और लोगों की चिंता करने वाले नागरिकों के सामर्थ्य को काम में लाया जा सके और लोगों की भूख मिटाने में मदद मिल सके।"
"In 2006 the main sectoral data are: for trade there are 1,600,000 enterprises, equal to 26% of the Italian entrepreneurial fabric, and over 3,500,000 work units. Transport, communications, tourism and consumption outside the home, over 582,000 businesses, equal to 9.5% of the entrepreneurial fabric, almost 3,500,000 work units. Business services: 630,000 registered companies, equal to 10.3% of the entrepreneurial fabric, over 2,800,000 work units.","व्यवसाय सेवाएँ: 2,800,000 से अधिक कार्य इकाइयों के साथ 630,000 पंजीकृत कंपनियाँ, जो उद्यमी ताने-बाने के 10.3 प्रतिशत के बराबर हैं।"
"In 2016, Shayne Elliott became CEO. In April ANZ partnered with Apple to bring Apple Pay to its customers. In 2017, ANZ acquired REALas property price predictor start-up.",2017 में ए.एन.ज़ेड. ने रियलास संपत्ति मूल्य पूर्वानुमानक स्टार्ट-अप प्राप्त कर लिया।
"In 2020, Finance Minister Nirmala Sitaraman introduced a bill to amend the Act. The bill sought to bring all cooperative banks under the Reserve Bank of India. It brought 1,482 urban and 58 multi-state cooperative banks under the supervision of the RBI. The bill granted the RBI ability to reconstruct or merge banks without moratoriums.","इससे 1,482 शहरी और 58 बहु-राज्यीय सहकारी बैंक भारतीय रिज़र्व बैंक की देख-रेख में आ गए।"
"In August 2000, Barclays took over the recently de-mutualised Woolwich PLC, formerly the Woolwich Building Society, in a 5.4 billion acquisition. Woolwich thus joined the Barclays group of companies, and the Woolwich name was retained after the acquisition. The company's head office remained in Bexleyheath, south-east London, four miles (6km) from the original head office in Woolwich.","इस प्रकार वूलविच बर्कले समूह की कंपनियों से जुड़ गया, और अधिग्रहण के बाद वूलविच नाम कायम रखा गया।"
"In August 2011, AMD announced that former Lenovo executive Rory Read would be joining the company as CEO, replacing Meyer. In November 2011, AMD announced plans to lay off more than 10% (1,400) of its employees from across all divisions worldwide. In October 2012, it announced plans to lay off an additional 15% of its workforce to reduce costs in the face of declining sales revenue.","अक्टूबर 2012 में गिरते हुए बिक्री राजस्व के कारण, खर्चे कम करने के लिए इसने अपने जनबल के अतिरिक्त 15 प्रतिशत को हटाने की घोषणा की।"
"In October 1908, at the International Conference on Electric Units and Standards in London, so-called ""international"" definitions were established for practical electrical units. Siemens' definition was adopted as the ""international"" watt. (Also used: 1A2 1.) The watt was defined as equal to 107 units of power in the ""practical system"" of units.","सीमेंस की परिभाषा ""अंतर्राष्ट्रीय"" वॉट के रूप में अंगीकृत की गई थी।"
"In addition, the Bajaj Group has also undertaken several educational activities. They not only focus on mainstream education through the maintenance and running of Bal Sanskar Kendras, Balwadis and conducting study tours, but also on vocational education through tailoring classes, literacy and hobby classes, training programmes for self-employment, and so on. Jamnalal Bajaj Award was established in 1978 by the Jamnalal Bajaj Foundation.","इसके अलावा, बजाज समूह ने कई शैक्षिक गतिविधियाँ भी आरंभ की हैं।"
"India's GDP growth during JanuaryMarch period of 2015 was at 7.5% compared to China's 7%, making it the fastest growing MAJOR economy. During 201415, India's GDP growth recovered marginally to 7.3% from 6.9% in the previous fiscal. During 201415, India's services sector grew by 10.1%, manufacturing sector by 7.1% & agriculture by 0.2%.","2015 की जनवरी से मार्च की अवधि के दौरान चीन के 7 प्रतिशत की तुलना में भारत का सकल घरेलू उत्पाद विकास 7.5 प्रतिशत था, जो इसे सबसे तेजी से बढ़ने वाली अर्थव्यवस्था बनाता है।"
"Often referred to simply as ""investments"". Long-term investments are to be held for many years and are not intended to be disposed of in the near future. This group usually consists of three types of investments:",दीर्घकालिक निवेश कई सालों तक के लिए किए जाने चाहिए न कि निकट भविष्य में निपटा देने के इरादे से।
"On 28 December 2010, the non-governmental organisation, Coalition to Uproot Ragging from Education (CURE) co-founder Harsh Agarwal wrote a letter to the Raghavan Committee, a panel headed by former HRD Ministry R. K. Raghavan, explaining distress over a particular scene, where the lead actors gets ragged by seniors. The organisation asked the committee to write a letter to the censor board to revisit and re-examine the particular scene.","पूर्व मानव संसाधन विकास मंत्री आर. के. राघवन की अध्यक्षता वाले एक समूह, राघवन कमेटी, को शिक्षा-क्षेत्र से रैगिंग को जड़ से उखाड़ने के लिए बने एक गठबंधन (क्योर) के सह-संस्थापक हर्ष अग्रवाल की तरफ से 28 दिसंबर 2010 को, एक दृश्य के बारे में, जहाँ वरिष्ठ खिलाड़ियों द्वारा प्राथमिक खिलाड़ियों की रैगिंग की जाती है, अपनी नाखुशी जताते हुए एक पत्र मिला।"
"Revival efforts also included appointing Jean-Charles de Castelbajac as artistic director and re-appointing photographer Oliviero Toscani. As of 2020, United Colors of Benetton has 1,500 employees and uses 25,000 workers through subcontractors. In March 2020, Massimo Renon was named CEO of the company.",पुनरुत्थान के प्रयासों में जीन-चार्ल्स डी कास्टेलबजैक को कलात्मक निर्देशक के रूप में नियुक्त करना और ऑलिवेरो टोस्कैनी को फोटोग्राफर के रूप में पुनःनियुक्त करना शामिल था।
"Semex was founded as a joint venture between Sharp and Mexican investors which acts as an autonomous independent company which Sharp only maintains partial control over. The company manufactures whole products such televisions and designs individual components on behalf of Sharp such as LCD modules and in return Semex is granted access to Sharp capital, technology, research capacity and branding. Notable foreign companies which have set up joint venture entities in Mexico include Samsung which formed Samex, a local designer and manufacturer of finished televisions, white goods and individual electronic components like printed circuit boards, LCD panels and semiconductors, Toshiba, who formed Toshiba de Mxico, S.A. de C.V., an administratively autonomous subsidiary which produces electronics parts, televisions and heavy industrial equipment.","प्रसिद्ध विदेशी कंपनियाँ जिन्होंने मेक्सिको में संयुक्त उद्यम कंपनियाँ स्थापित की हैं, उनमें हैं सैमसंग जिसने स्थानीय डिज़ाइनर और निर्माता, सैमेक्स, की स्थापना की है जो तैयार टेलिविज़न, फ्रिज, कपड़े धोने की मशीन, आदि और भिन्न प्रकार के इलेक्ट्रौनिक पुर्जे जैसे कि प्रिंट किए हुए सर्किट बोर्ड, एल.सी.डी. पैनेल और अर्धचालकों का उत्पादन करते हैं; और तोशिबा जिसने तोशिबा द मेक्सिको, एस.ए. द सी.वी. की स्थापना की, जो प्रशासनिक रूप से स्वायत्त सहायक कंपनी है और यह इलेक्ट्रौनिक पुर्जे, टेलिविशन और भारी औद्योगिक उपकरण का उत्पादन करती है।"
"The Government of India has amended FDI policy to increase FDI inflow. In 2014, the government increased foreign investment upper limit from 26% to 49% in insurance sector. It also launched Make in India initiative in September 2014 under which FDI policy for 25 sectors was liberalised further.",2014 में सरकार ने बीमा क्षेत्र में विदेशी निवेश की ऊपरी सीमा 26 प्रतिशत से बढ़ा कर 49 प्रतिशत कर दी।
"The Indian banking sector is broadly classified into scheduled and non-scheduled banks. The scheduled banks are those included under the 2nd Schedule of the Reserve Bank of India Act, 1934. The scheduled banks are further classified into: nationalised banks; State Bank of India and its associates; Regional Rural Banks (RRBs); foreign banks; and other Indian private sector banks.",अनुसूचित बैंक वे हैं जिन्हें भारतीय रिज़र्व बैंक अधिनियम 1934 की द्वितीय अनुसूची के तहत शामिल किया गया है।
"The Residence accommodates one or two people, in a space of 125 square feet (11.6m2). It features a private living room, bedroom, and bathroom. It features a 60.6-inch (154cm)-wide two-seater reclining sofa and 32-inch (81cm) TV monitor in the lounge; an ensuite bathroom with shower, an 82-inch (210cm)-long, 47.5-inch (121cm)-wide double bed in the bedroom which also includes a 27-inch (69cm) TV monitor, and a personal butler.","एक 32 इंच (81 से.मी.) का टी.वी. मॉनीटर, 60.6 इंच (154 से.मी.) चौड़ा दो सीटों वाला लेटने वाला सोफा, कमरे से लगा हुआ फुहारे वाला स्नानघर, 82 इंच (210 से.मी.) लंबा, 47.5 इंच (121 से.मी.) चौड़ा डबल बेड, और साथ ही साथ एक निजी नौकर, सब-कुछ इस कमरों के सेट के साथ शामिल है।"
"The World State in Aldous Huxley's Brave New World (1932) and Airstrip One in George Orwell's Nineteen Eighty-Four (1949) provide fictional depictions of command economies, albeit with diametrically opposed aims. The former is a consumer economy designed to engender productivity while the latter is a shortage economy designed as an agent of totalitarian social control. Airstrip One is organized by the euphemistically named Ministry of Plenty.","पहली उत्पादकता पैदा करने के लिए अभिकल्पित उपभोक्ता अर्थव्यवस्था है, जबकि बाद वाली सर्वसत्तावादी सामाजिक नियंत्रण के एजेंट के रूप में अभिकल्पित अभाव अर्थव्यवस्था है।"
"The initial public offering (IPO) market in India has been small compared to NYSE and NASDAQ, raising US$300million in 2013 and US$1.4billion in 2012. Ernst & Young stated that the low IPO activity reflects market conditions, slow government approval processes, and complex regulations. Before 2013, Indian companies were not allowed to list their securities internationally without first completing an IPO in India.","2013 से पहले, भारतीय कंपनियों को अंतर्राष्ट्रीय स्तर पर अपनी प्रतिभूतियाँ सूचीबद्ध करने की अनुमति नहीं थी जब तक कि वे भारत में आई.पी.ओ. पूरा नहीं कर लेते।"
"The opening of New York City's Apple Fifth Avenue store in 2006 was highly attended, and had visitors from Europe who flew in for the event. In June 2017, a newlywed couple took their wedding photos inside the then-recently opened Orchard Road Apple Store in Singapore. The high level of brand loyalty has been criticized and ridiculed, applying the epithet ""Apple fanboy"" and mocking the lengthy lines before a product launch.","उच्च स्तर की निष्ठा की आलोचना और उपहास ""एप्पल फैनबॉय"" का संकेतपद प्रयोग करके किया गया है जिसके ज़रिए उत्पाद के पेश किए जाने से पहले लगी लंबी कतारों का मज़ाक बनाया जा रहा है।"
"The opening of New York City's Apple Fifth Avenue store in 2006 was highly attended, and had visitors from Europe who flew in for the event. In June 2017, a newlywed couple took their wedding photos inside the then-recently opened Orchard Road Apple Store in Singapore. The high level of brand loyalty has been criticized and ridiculed, applying the epithet ""Apple fanboy"" and mocking the lengthy lines before a product launch.",2006 में न्यू यॉर्क सिटी के फिफ्थ ऐवेन्यू में एप्पल स्टोर के उद्घाटन में काफी लोग आए और इस कार्यक्रम के लिए कई दर्शक यूरोप से हवाई जहाज से आए।
"To achieve the target of an average of 5.6% per annum, investment of 23.2% of the gross domestic product was required. The incremental capital ratio is 4.1. The saving for investment was to come from domestic sources and foreign sources, with the rate of domestic saving at 21.6% of gross domestic production and of foreign saving at 1.6% of gross domestic production.","निवेश के लिए बचत घरेलू एव विदेशी स्रोतों से आनी थी, जिसमें से घरेलू बचत की दर सकल घरेलू उत्पाद का 21.6% था और विदेशी बचत की दर सकल घरेलू उत्पाद का 1.6% था।"
"another motivation is speed to market. to make this work, a new process was developed: ""outsource the outsourcing process"". details of managing dupont's chief information officer cinda hallman's $4 billion 10-year outsourcing contract with computer sciences corporation and accenture were outsourced, thus avoiding ""inventing a process if we'd done it in-house"".","ड्यूपॉन्ट की मुख्य सूचना अधिकारी, सिंडा हॉलमैन ने ""एक प्रक्रिया बनाने से बचने के लिए, अगर हम इसे संस्थानिक रूप से करते,"" कंप्यूटर विज्ञान निगम और एक्सेंचर के साथ 4 करोड़ डॉलर वाले 10-वर्षीय आउटसोर्सिंग अनुबंध के प्रबंधन का विवरण आउटसोर्स किया था।"
"the robert b. atwood building in anchorage, alaska, was at one time named the bank of america center, renamed in conjunction with the bank's acquisition of building tenant security pacific bank. this particular branch was later acquired by alaska-based northrim bank and moved across the street to the linny pacillo parking garage.","एंकरेज, अलास्का में रॉबर्ट बी. एटवुड बिल्डिंग को एक समय बैंक ऑफ अमेरिका सेंटर नाम दिया गया था, लेकिन बैंक के भवन-किरायेदार, सिक्योरिटी पैसिफ़िक बैंक के अधिग्रहण के साथ इसका नाम बदल दिया गया।"
"A braincomputer interface (BCI), is a direct communication pathway between an enhanced or wired brain and an external device. BCI differs from neuromodulation in that it allows for bidirectional information flow. BCIs are often directed at researching, mapping, assisting, augmenting, or repairing human cognitive or sensory-motor functions.",बी.सी.आई. न्यूरोमॉड्युलेशन से इस प्रकार से भिन्न है कि इसमें द्विदिश सूचना प्रवाह हो सकता है।
"A chaotic system may have sequences of values for the evolving variable that exactly repeat themselves, giving periodic behavior starting from any point in that sequence. However, such periodic sequences are repelling rather than attracting, meaning that if the evolving variable is outside the sequence, however close, it will not enter the sequence and in fact, will diverge from it. Thus for almost all initial conditions, the variable evolves chaotically with non-periodic behavior.","लेकिन, ऐसे आवर्ती अनुक्रम आकृष्ट करने के बजाय प्रतिरोध करते हैं, अर्थात् विकसित होने वाली चर राशि अगर अनुक्रम के बाहर है, चाहे जितने भी कम अंतर पर हो, अनुक्रम में शामिल नहीं होगी, और वास्तव में उससे अलग होती जाएगी।"
"A leap second is a one-second adjustment that is occasionally applied to Coordinated Universal Time (UTC), to accommodate the difference between precise time (International Atomic Time (TAI), as measured by atomic clocks) and imprecise observed solar time (UT1), which varies due to irregularities and long-term slowdown in the Earth's rotation. The UTC time standard, widely used for international timekeeping and as the reference for civil time in most countries, uses TAI and consequently would run ahead of observed solar time unless it is reset to UT1 as needed. The leap second facility exists to provide this adjustment.","एक लीप सेकंड एक सेकंड का समायोजन है जो समन्वित वैश्विक समय (यू.टी.सी.) में प्रयुक्त किया जाता है जिससे सटीक समय (आणविक घड़ियों से मापा गया अन्तर्राष्ट्रीय परमाण्विक काल (टी.ए.आई.)) और गलत सौर समय (यू.टी.1) के बीच सामंजस्य ठीक किया जा सके, और यह अंतर एक समान नहीं रहता तथा यह पृथ्वी के घूर्णन में लंबे समय से होने वाली गति में कमी के कारण होता है।"
"A study on teachers by Kremer etc. found out that 25% of private sector teachers and 40% of public sector medical workers were absent during the survey. Among teachers who were paid to teach, absence rates ranged from 14.6% in Maharashtra to 41.9% in Jharkhand.",क्रेमर एवं अन्य लोगों द्वारा शिक्षकों पर किए गए अध्ययन में पाया गया कि निजी क्षेत्र के 25% शिक्षक और सार्वजनिक क्षेत्र के 40% चिकित्सा कर्मचारी सर्वेक्षण के दौरान अनुपस्थित थे।
"Albert Einstein in 1905 explained of the photoelectric effect; a particle description of light as photons. In 1916, Sommerfeld explains fine structure; the splitting of the spectral lines of atoms due to first order relativistic corrections. The Compton effect of 1923 provided more evidence that special relativity does apply; in this case to a particle description of photonelectron scattering.","1923 के कॉम्प्टन प्रभाव ने और अधिक साक्ष्य प्रस्तुत किए कि विशिष्ट आपेक्षिकता वास्तव में लागू होती है, इस मामले में फ़ोटॉन-इलेक्ट्रॉन के बिखरने के कण के विवरण पर।"
"An electromagnetic field very far from currents and charges (sources) is called electromagnetic radiation (EMR) since it radiates from the charges and currents in the source, and has no ""feedback"" effect on them, and is also not affected directly by them in the present time (rather, it is indirectly produced by a sequences of changes in fields radiating out from them in the past). EMR consists of the radiations in the electromagnetic spectrum, including radio waves, microwave, infrared, visible light, ultraviolet light, X-rays, and gamma rays. The many commercial applications of these radiations are discussed in the named and linked articles.","विद्युत प्रवाह और आवेश (स्रोत) से बहुत दूर के विद्युत् चुम्बकीय क्षेत्र को विद्युत् चुम्बकीय विकिरण (ई.एम.आर.) कहा जाता है क्योंकि यह स्रोत के प्रवाह और आवेश से विकीर्ण करता है, इसका उनपर कोई ""प्रतिक्रियात्मक"" प्रभाव नहीं होता है और वर्तमान समय में उससे प्रत्यक्ष रूप से प्रभावित भी नहीं होता है (बल्कि, यह अप्रत्यक्ष रूप से जो पूर्व में क्षेत्र में विकीर्ण हुए क्रमिक परिवर्तनों से उत्पन्न होता है)।"
"As noted above, most DNA molecules are actually two polymer strands, bound together in a helical fashion by noncovalent bonds; this double-stranded (dsDNA) structure is maintained largely by the intrastrand base stacking interactions, which are strongest for G,C stacks. The two strands can come aparta process known as meltingto form two single-stranded DNA (ssDNA) molecules. Melting occurs at high temperatures, low salt and high pH (low pH also melts DNA, but since DNA is unstable due to acid depurination, low pH is rarely used).","जैसा की ऊपर कहा गया है, डी.एन.ए. के अणुओं के दो बहुलक तंतु हैं जो गैर सहसंयोजी आबंध से घुमावदार तरीके से जुड़े होते हैं; यह द्वि-तंतु संरचना बनी रहती है इंट्रास्ट्रैंड बेस स्टैकिंग की परस्पर अभिक्रिया से जो जी और सी स्टैकों के बीच सबसे मजबूत होती है।"
"By his delineation (in 1817) of isothermal lines, he at once suggested the idea and devised the means of comparing the climatic conditions of various countries. He first investigated the rate of decrease in mean temperature with the increase in elevation above sea level, and afforded, by his inquiries regarding the origin of tropical storms, the earliest clue to the detection of the more complicated law governing atmospheric disturbances in higher latitudes. This was a major contribution to climatology.",सबसे पहले उन्होंने समुद्री स्तर से बढ़ती ऊँचाई के साथ औसत तापमान के घटने की दर की जाँच की जिससे उष्णकटिबंधीय तूफान के सृजन के संबंध में उनकी खोजों से उन्हें उच्च अक्षांशों में वायुमंडलीय विक्षोभ को नियंत्रित करने वाले अधिक जटिल नियमों का आरंभिक संकेत मिला।
"Carbon clusters were first detected by Eric A. Rohlfing, Donald M. Cox, and Andrew Kaldor in 1984, in experiments where graphite was vaporized by laser and the vapor was quenched by a helium atmosphere.","कार्बन क्लस्टर का पता पहली बार एरिक ए. रोह्लफिंग, डोनल्ड एम. कॉक्स और ऐन्ड्रू काल्डर ने 1984 में लगाया था, उन प्रयोगों में जिनमें काले सीसे को लेज़र से वाष्पित किया गया और इस वाष्प का हीलियम के वातावरण में द्रुतशीतन किया गया।"
"Determining the complexity of an algorithm means finding upper bounds or estimates of how many elementary operations such as additions and multiplications of scalars are necessary to perform some algorithm, for example, multiplication of matrices. Calculating the matrix product of two n-by-n matrices using the definition given above needs n3 multiplications, since for any of the n2 entries of the product, n multiplications are necessary. The Strassen algorithm outperforms this ""naive"" algorithm; it needs only n2.807 multiplications.","किसी कलन विधि की जटिलता का पता लगाने का अर्थ होता है उसकी ऊपरी सीमा ज्ञात करना या अनुमान करना कि किसी कलन विधि को करने के लिए, उदाहरण के लिए, आव्यूह का गुणन करने के लिए, कितने अदिशों के योग और गुणा जैसी मौलिक संक्रियाओं की आवश्यकता होगी।"
"During this time the British came into conflict with Bengal's Mughal governors. In 1652, the British had been exempted from customs payments in exchange for giving yearly sums to the nawab. But the nawab foisted fees upon them, which the British opposed.","इस अवधि के दौरान, अंग्रेज़ों का बंगाल के मुगल राज्यपालों के साथ टकराव हो गया।"
"Early AM radio transmitters relied on carbon microphones for voice modulation of the radio signal. In the first long-distance audio transmissions by Reginald Fessenden in 1906, a continuous wave from an Alexanderson alternator was fed directly to the transmitting antenna through a water-cooled carbon microphone. Later systems using vacuum tube oscillators often used the output from a carbon microphone to modulate the grid bias of the oscillator or output tube to achieve modulation.","1906 में रेजिनल्ड फेसेन्डन द्वारा प्रथम लंबी-दूरी के श्रव्य प्रसारण में, एलेक्ज़ैंडरसन ऑल्टर्नेटर से एक निरंतर तरंग को सीधे संचार ऐंटेना में जल से ठंडे किए गए कार्बन माइक्रोफोन के माध्यम से भेजा गया।"
Educational assessment with technology may be either formative assessment or summative assessment. Instructors use both types of assessments to understand student progress and learning in the classroom. Technology has helped teachers create better assessments to help understand where students who are having trouble with the material are having issues.,"प्रौद्योगिकी ने शिक्षकों को बेहतर मूल्यांकन तैयार करने में मदद की है जिससे वे समझ सकें कि उन छात्रों को जिन्हें सामग्री के संबंध में मुश्किलों का सामना करना पड़ रहा है, उनके मुद्दे क्या हैं।"
Endocrine signaling occurs through molecules secreted into the bloodstream. Paracrine signaling uses molecules diffusing between two cells to communicate. Autocrine is a cell sending a signal to itself by secreting a molecule that binds to a receptor on its surface.,ऑटोक्राइन एक कोशिका है जो अपनी सतह पर एक अभिग्राहक को बांधने के लिए एक अणु को स्रावित करते हुए अपने-आपको सिग्नल भेजती है।
"Following the rebellions in the Poonch and Mirpur area and the Pakistan-backed Pashtun tribal intervention from the Khyber Pakhtunkhwa, the Maharaja asked for Indian military assistance. India set the condition that Kashmir must accede to India for it to receive assistance. The Maharaja complied, and the Government of India recognised the accession of the princely state to India.",पुंछ और मीरपुर क्षेत्रों में विद्रोह के कारण और खैबर पख्तूनवा से पाकिस्तान समर्थित पश्तून जनजातीय हस्तक्षेप के चलते महाराजा ने भारतीय सैनिक सहायता माँगी।
"Have you carefully read the help pages and thoroughly fixed the problem? Or have you made a considered decision that the template is not, or is no longer, applicable? Great!",या फिर आपने क्या विचार करने के बाद निर्णय लिया है कि फर्मा अब प्रयोग नहीं होगा या उसे अब प्रयोग में लाया नहीं जा सकता है?
"If a wheat crop is destroyed by a pest we may plant a hardier variety of wheat the next year, relying on intraspecific diversity. We may forgo wheat production in that area and plant a different species altogether, relying on interspecific diversity. Even an agricultural society that primarily grows monocultures relies on biodiversity at some point.","यदि गेहूँ की फसल किसी परोपजीवी के कारण नष्ट हो जाती है, तो आंतरजातीय विविधता के आधार पर अगले वर्ष हम गेहूँ की ज्यादा पुष्ट फसल लगा सकते हैं।"
"In 1967, Manuel Blum formulated a set of axioms (now known as Blum axioms) specifying desirable properties of complexity measures on the set of computable functions and proved an important result, the so-called speed-up theorem. The field began to flourish in 1971 when Stephen Cook and Leonid Levin proved the existence of practically relevant problems that are NP-complete. In 1972, Richard Karp took this idea a leap forward with his landmark paper, ""Reducibility Among Combinatorial Problems"", in which he showed that 21 diverse combinatorial and graph theoretical problems, each infamous for its computational intractability, are NP-complete.","जब स्टीफेन कुक और लियोनिड लेविन ने व्यावहारिक रूप से प्रासंगिक एन.पी.-पूर्ण समस्याओं की मौजूदगी को साबित कर दिया, तब 1971 में यह क्षेत्र उन्नति करने लगा।"
"In the early medieval Alpine upland, a simpler central heating system where heat travelled through underfloor channels from the furnace room replaced the Roman hypocaust at some places. In Reichenau Abbey a network of interconnected underfloor channels heated the 300 m large assembly room of the monks during the winter months. The degree of efficiency of the system has been calculated at 90%.","प्रारंभिक मध्ययुगीन ऐल्पाइन पहाड़ी में, कुछ स्थानों में रोमी अधः तापक कक्ष के स्थान पर एक सरल केंद्रीय ताप प्रणाली प्रयोग की जाने लगी जिसमें भट्टी कक्ष से ज़मीन के नीचे की चैनलों के माध्यम से ताप प्रवाहित होता था।"
"LDMOS are power MOSFETs with a lateral structure. They are mainly used in high-end audio power amplifiers, and RF power amplifiers in wireless cellular networks, such as 2G, 3G, and 4G. Their advantage is a better behaviour in the saturated region (corresponding to the linear region of a bipolar junction transistor) than the vertical MOSFETs. Vertical MOSFETs are designed for switching applications, so they are only used in On or Off states.","इनका मुख्य रूप से प्रयोग उच्च दर्जे के ध्वनि शक्ति प्रवर्धकों और वायरलेस सेलुलर नेटवर्को में आर.एफ. शक्ति प्रवर्धकों में किया जाता है , जैसे कि 2जी, 3जी और 4जी में।"
"Mains filter capacitors are usually encapsulated wound-plastic-film types, since these deliver high voltage rating at low cost, and may be made self-healing and fusible. Mains filter capacitors are often ceramic RFI/EMI suppression capacitors. The additional safety requirements for mains filtering are:",मेन्स फिल्टर संधारित्र आम तौर पर प्लास्टिक पन्नी में लिपटे और डब्बा बंद होते हैं क्योंकि यह कम लागत पर उच्च वोल्टता क्षमता देते हैं और इन्हें स्व-उपचार और गलनीय बनाया जा सकता है।
"Many applications of reinforcement learning do not involve just a single agent, but rather a collection of agents that learn together and co-adapt. These agents may be competitive, as in many games, or cooperative as in many real-world multi-agent systems. Multi-agent reinforcement learning studies the problems introduced in this setting.",बहु-एजेंट सुदृढ़ीकरण शिक्षा इस स्थिति में उठाए गए इन मुद्दों का अध्ययन करती है।
"National Institute of Electronics & Information Technology Aurangabad (NIELIT Aurangabad) is located inside the Dr. B.A.M. University campus. It is a central government engineering institute under the Ministry of Communication & Information Technology Government of India. It offers DEPM, B.TECH (Electronics Engineering), M.tech (Electronics Design Technology), Ph.D., and short-term courses.","यह डी.ई.पी.एम, बी.टेक (इलेक्ट्रॉनिक्स इंजीनियरिंग), एम.टेक (इलेक्ट्रॉनिक डिज़ाइन टेक्नोलॉजी), पीएच. डी. तथा छोटी अवधि के पाठ्यक्रम उपलब्ध कराता है।"
"Other definitions are used by other authors. For example, what John Polkinghorne terms 'conceptual' or 'epistemological' reductionism is the definition provided by Simon Blackburn and by Jaegwon Kim: that form of reductionism which concerns a program of replacing the facts or entities involved in one type of discourse with other facts or entities from another type, thereby providing a relationship between them. Richard Jones distinguishes ontological and epistemological reductionism, arguing that many ontological and epistemological reductionists affirm the need for different concepts for different degrees of complexity while affirming a reduction of theories.","उदाहरणस्वरूप, जॉन पोल्किंघोर्न ने जिसे 'धारणात्मक' या 'ज्ञानमीमांसीय' न्यूनीकरण के रूप में संदर्भित किया उसे साइमन ब्लैकबर्न और जैगवॉन किम ने परिभाषित किया: न्यूनीकरणवाद का वह रूप जिसमें एक प्रकार के वार्तालाप में शामिल तथ्यों या संस्थाओं को अन्य तथ्यों या संस्थाओं से बदलने का कार्यक्रम, उन दोनों के बीच में एक संबंध बनाते हुए, शामिल होता है।"
"Primary and secondary education is compulsory, and is financed by the state and free of charge in public schools. Bangladesh has a literacy rate of 74.7% percent as of 2019: 77.4% for males and 71.9% for females. The country's educational system is three-tiered and heavily subsidised, with the government operating many schools at the primary, secondary and higher secondary levels and subsidising many private schools.",2019 तक बांग्लादेश की साक्षरता दर 74.7% है: पुरुषों के लिए 77.4% है और महिलाओं के लिए 71.9% है।
"The Indian numbering system corresponds to the Western system for the zeroth through fourth powers of ten: one (100), ten (101), one hundred (102), one thousand (103), and ten thousand (104). For higher powers of ten, the names no longer correspond. In the Indian system, the next powers of ten are called one lakh, ten lakh, one crore, ten crore, one arab (or one hundred crore), and so on; there are new words for every second power of ten (105 + 2n): lakh (105), crore (107), arab (109),","भारतीय संख्या प्रणाली पश्चिमी प्रणाली से दहाई के शून्यकोटि से चौथे घात तक समान हैं: एक, दस, सौ, एक हज़ार, और दस हज़ार।"
"The SI derived unit for measuring the catalytic activity of a catalyst is the katal, which is quantified in moles per second. The productivity of a catalyst can be described by the turnover number (or TON) and the catalytic activity by the turn over frequency (TOF), which is the TON per time unit. The biochemical equivalent is the enzyme unit.",किसी उत्प्रेरक की उत्प्रेरण अभिक्रिया को नापने के लिए एस.आई. व्युत्पन्न इकाई है कटैल जिसका मोल प्रति सेकंड में परिमाण निर्धारित किया जाता है।
"The endonym (Rmana ""the land of the Romans, i.e. the Eastern Roman Empire"") was understood as another name for the province by the invading Seljuq Turks, who founded a Sultanate of Rm in 1077. Thus (land of the) Rm became another name for Anatolia. By the 12th century Europeans had started referring to Anatolia as Turchia.","1077 में रम की सल्तनत की स्थापना करने वाले आक्रमणकारी सेल्जुक तुर्कों के लिए अंतःनाम (रुमाना, ""रोमन लोगों की भूमि,"" अर्थात् पूर्वी रोम के राज्य) प्रांत का एक और नाम था।"
"The first observation of gravitational waves on 14 September 2015 was announced by the LIGO and Virgo interferometer collaborations on 11 February 2016. However, the Virgo interferometer in Italy was not operating at the time, and the GEO600 was in engineering mode and is not sensitive enough, and so could not confirm the signal. The GEO600 began taking data simultaneously with Advanced LIGO on September 18, 2015.",हालांकि उस समय इटली में वर्गो इंटरफेरोमीटर काम नहीं कर रहा था और जी.ई.ओ.600 इंजीनियरिंग मोड में था तथा वह इतना सुग्राही भी नहीं है जिसके कारण उससे संकेत की पुष्टि नहीं की जा सकी।
"The migration of Hindus from East Pakistan to India continued unabated after partition. The 1951 census in India recorded that 2.5 million refugees arrived from East Pakistan, of which 2.1 million migrated to West Bengal while the rest migrated to Assam, Tripura, and other states. These refugees arrived in waves and did not come solely at partition.",यह सभी शरणार्थी बंटवारे के समय एक साथ नहीं आए थे बल्कि समूहों में आते रहे थे।
"The one-hybrid variation of this technique is designed to investigate proteinDNA interactions and uses a single fusion protein in which the AD is linked directly to the binding domain. The binding domain in this case however is not necessarily of fixed sequence as in two-hybrid proteinprotein analysis but may be constituted by a library. This library can be selected against the desired target sequence, which is inserted in the promoter region of the reporter gene construct.","अनुक्रमों के इस संग्रह को वांछित लक्ष्य अनुक्रम के खिलाफ़ चुना जा सकता है, जिसे रिपोर्टर जीन निर्माण के प्रवर्तक क्षेत्र में डाला जाता है।"
"The open-chain form is thermodynamically unstable, and it spontaneously isomerizes to the cyclic forms. (Although the ring closure reaction could in theory create four- or three-atom rings, these would be highly strained, and are not observed in practice.) In solutions at room temperature, the four cyclic isomers interconvert over a time scale of hours, in a process called mutarotation. Starting from any proportions, the mixture converges to a stable ratio of : 36:64.","कक्ष तापमान पर रखे गए घोलों में, उत्परिवर्तन नामक एक प्रक्रिया में चार चक्रीय समावयवी घंटों के काल-मान में एक-दूसरे में परिवर्तित होते हैं।"
"The sense coil (6) is a differential current transformer which surrounds (but is not electrically connected to) the live and neutral conductors. In normal operation, all the current down the live conductor returns up the neutral conductor. The currents in the two conductors are therefore equal and opposite and cancel each other out.",सेंस कॉइल एक अंतरीय विद्युत प्रवाह परिवर्तक है जो विद्युन्मय और उदासीन परिचालकों के चारों ओर रहता है (लेकिन विद्युत से जुड़ा नहीं होता है)।
"The shape of parenchyma cells varies with their function. In the spongy mesophyll of a leaf, parenchyma cells range from near-spherical and loosely arranged with large intercellular spaces, to branched or stellate, mutually interconnected with their neighbours at the ends of their arms to form a three-dimensional network, like in the red kidney bean Phaseolus vulgaris and other mesophytes. These cells, along with the epidermal guard cells of the stoma, form a system of air spaces and chambers that regulate the exchange of gases.","पत्ते के स्पंजी पर्णमध्योतक में, पैरेंकाइमा कोशिकाएं प्रायः गोलाकार और बड़े अंतरकोशिकीय खाली स्थानों में छितरी हुई व्यवस्था से लेकर शाखित या तारे की आकृति में हो सकते हैं, जो अपनी भुजाओं के छोर पर बगल के भुजा से एक-दूसरे के साथ जुड़ कर तीन-आयामी जाल बनाते हैं जैसे कि लाल राजमा -फेज़िऑलस वुल्गैरिस और अन्य मेसोफाइट में होता है।"
"Thomas precession is a kinematic effect in the flat spacetime of special relativity. In the curved spacetime of general relativity, Thomas precession combines with a geometric effect to produce de Sitter precession. Although Thomas precession (net rotation after a trajectory that returns to its initial velocity) is a purely kinematic effect, it only occurs in curvilinear motion and therefore cannot be observed independently of some external force causing the curvilinear motion such as that caused by an electromagnetic field, a gravitational field or a mechanical force, so Thomas precession is usually accompanied by dynamical effects.","हालांकि थॉमस अयन (वास्तविक घूर्णन जब कोई संछेदी अपनी प्रारंभिक गति पर वापस आ जाता है) पूर्ण रूप से गतिमितीय प्रभाव है, यह केवल वक्ररेखी गति में होता है और इसलिए इस वक्ररेखी गति देने वाले विद्युत्-चुंबकीय क्षेत्र, गुरुत्वाकर्षण क्षेत्र या यांत्रिक बल जैसे बाह्य बल से मुक्त नहीं देखा जा सकता है, अतः आम तौर पर थॉमस अयन गतिकीय प्रभावों के साथ होता है।"
"Unlike a traditional incandescent lamp, an LED will light only when voltage is applied in the forward direction of the diode. No current flows and no light is emitted if voltage is applied in the reverse direction. If the reverse voltage exceeds the breakdown voltage, a large current flows and the LED will be damaged.","पारंपरिक उद्दीप्त लैंप के विपरीत, एक एल.ई.डी. तभी प्रकाशित होगा जब द्विअग्र को वोल्टेज आगे की दिशा में मिलेगा।"
"Using Polaroid filters meant an entirely new form of projection, however. Two prints, each carrying either the right or left eye view, had to be synced up in projection using an external selsyn motor. Furthermore, polarized light would be largely depolarized by a matte white screen, and only a silver screen or screen made of other reflective material would correctly reflect the separate images.","दो प्रिंटों को, जिनमें से एक में दाहिनी आंख का दृश्य है और दूसरे में बाई आंख का दृश्य है, एक बाह्य सेल्सिन मोटर प्रयोग करके चित्र प्रदर्शन में समक्रमिक किया जाता है।"
"When machine learning techniques are initially used in new applications or industries, there is often not enough training data available to apply traditional processes. Some industries have the benefit of decades' worth of training data readily available; those that do not are at a significant disadvantage. In such cases, obtaining training data may be impractical, expensive, or impossible without waiting years for its accumulation.","हालांकि यंत्र अधिगम तकनीकें जब नए प्रयोगों या उद्योगों में शुरू में प्रयुक्त की जाती हैं, तब अक्सर वहां पारंपरिक प्रक्रियाओं में प्रयुक्त करने हेतु प्रशिक्षण के लिए पर्याप्त जानकार उपलब्ध नहीं होती है।"
"Word2vec is a technique for natural language processing published in 2013. The word2vec algorithm uses a neural network model to learn word associations from a large corpus of text. Once trained, such a model can detect synonymous words or suggest additional words for a partial sentence.","एक बार सिखाए जाने के बाद, ऐसा मॉडल पर्यायवाची शब्द का पता लगा सकता है या आंशिक वाक्य के लिए अतिरिक्त शब्दों का सुझाव दे सकता है।"
"the encyclopdia britannica (latin for ""british encyclopaedia"") is a general knowledge english-language encyclopaedia. it is published by encyclopdia britannica, inc.; the company has existed since the 18th century, although it has changed ownership various times through the centuries. the encyclopaedia is maintained by about 100full-time editors and more than 4,000contributors.","इसे एक कंपनी ब्रिटानिका विश्वकोश, इंक. द्वारा प्रकाशित किया गया है, जो 18वीं शताब्दी के आसपास से अस्तित्व में है, हालांकि पिछली कुछ शताब्दियों में इसका स्वामित्व कई बार बदला है।"
"10 years after the film's release, Arbaaz Khan had stated in an interview that the film's budget was hiked from 30 crore (equivalent to 57crore or US$7.2million in 2020) to 49 crore (equivalent to 93crore or US$12million in 2020), leading to few losses for him, but after the monumental success, he paid the salary for Salman Khan. In January 2022, the official merchandise of the film featuring movie clips, posters, and stills, among other collectables were released through non-fungible tokens (NFT). It was headlined by Salman Khan-backed BollyCoin in collaboration with the technology-backed marketplace creator NFTically.","फिल्म रिलीज होने के 10 साल बाद अरबाज खान ने एक साक्षात्कार में कहा कि फिल्म का बजट 30 करोड़ (2020 में 57 करोड़ या यू.एस. 72 लाख डॉलर के बराबर) से बढ़ाकर 49 करोड़ (2020 में 93 करोड़ या यू.एस. 120 लाख डॉलर के बराबर) कर दिया गया था), जिससे उन्हें कुछ नुकसान हुआ, लेकिन भारी सफलता के बाद, वे सलमान खान का वेतन दे सके।"
"A Battle-Hardened and an Rebellious Indian Army Officer goes in search of his ex-girlfriends Child who is mysteriously kidnapped. Neha reaches out to the only person who can help her with her plight Ronnie. He goes deep into the underbelly of Goa, facing off aganist drug lords, menacing Russian henchmen, and blood-thirsty animals.",भारतीय सेना का युद्ध में अनुभवी और बागी अधिकारी अपनी पूर्व महिला-मित्र के बच्चे की खोज में निकलता है जिसका रहस्यमय ढंग से अपहरण कर लिया गया है।
"About one thousand and thirty Gujarati films were made between 1932 and 2011 but very few are archived. At the National Film Archive of India (NFAI), only twenty Gujarati films including two Parsi-Gujarati films, Pestoneei (1987) directed by Vijaya Mehta and Percy (1989) directed by Pervez Merwanji, are archived. No silent films or talkies of 1930s and 1940s survived.","1932 और 2011 के बीच लगभग एक हज़ार तीस गुजराती फिल्में बनाई गई थीं, लेकिन बहुत कम ही को संग्रह में रखा गया।"
"Amiya Chakravarty (30 November 1912 6 March 1957) was an Indian film director, screenwriter and producer, who was leading film director in Hindi cinema of the 1940s and 1950s. He is noted for films like Daag (1952), Patita (1953), and Seema (1955) for which he won the 4th Filmfare Award for Best Story. Chakravarty is also credited along with Devika Rani for discovering Dilip Kumar, whom he gave his first break in 1944 film Jwar Bhata (1944 film).Chakravarty also produced and directed Daag (1952 film) in 1952 for which Dilip Kumar won his first ever Filmfare Award for Best Actor.","अमिय चक्रवर्ती (30 नवम्बर 1912 -6 मार्च, 1957) एक भारतीय फिल्म निर्देशक, पटकथा लेखक और निर्माता थे जो 1940 और 1950 के दशकों में हिन्दी सिनेमा के अग्रणी फिल्म निर्देशक थे।"
"As a director, Rakesh is known for making films with his son Hrithik Roshan and having music directed by his brother Rajesh Roshan. Other actors he has frequently collaborated with include Rekha, Madhuri Dixit, Anil Kapoor, Shah Rukh Khan, and Amrish Puri. As a director, his every film's name have starting with 'K'.","अन्य अभिनेता जिनके साथ उन्होंने अक्सर मिल कर काम किया वे हैं रेखा, माधुरी दीक्षित, अनिल कपूर, शाहरुख खान और अमरीश पुरी।"
"Baahubali is simply spectacular."" In her review for The Hindu, Sangeetha Devi Dundoo wrote, ""The war formations that form a chunk of the latter portions of the film are the best we've seen in Indian cinema so far. These portions are spectacular and show the technical finesse of the cinematographer (K.K. Senthil Kumar) and the visual effects teams. The waterfall, the mystical forests and water bodies above the cliffs and the lead pair escaping an avalanche all add to the spectacle.","जलप्रपात, रहस्यमयी जंगल और पहाड़ियों के शीर्ष पर जल निकाय और मुख्य भूमिका निभा रहे नायक-नायिका का हिमस्खलन से बचना, दृश्य को और बेजोड़ बनाते हैं।"
"Babli then arrives with his gang and later reveals that he hid the diamonds in the urn Somnath was carrying as he returned to India. Pandurang, an assassin previously sent by Babli as an undercover servant, later joins Gopal's side on hearing about Sameer's truth and fights the gangsters off, with the fight finally ending with Gopal being accidentally stabbed by Babli in his butt with a knife, and falling unconscious soon after, but not before warning Madhav, Lucky and Laxman to not touch the knife, leaving the three friends in laughter. Babli also falls unconscious after seeing blood flowing from Gopal's butt.","पांडुरंग एक हत्यारा है जिसे पहले बबली ने गुप्त रूप से एक नौकर के रूप में भेजा था, जो समीर के सच को जान कर बाद में गोपाल के पक्ष में हो जाता है और बदमाशों को मार कर भगा देता है, और अंततः यह लड़ाई धोखे से बबली द्वारा गोपाल के नितंब में चाकू मारने से समाप्त होती है, जिसके कारण वह थोड़ी देर में बेहोश हो जाता है, लेकिन बेहोश होने से पहले वह माधव, लकी, और लक्ष्मण को चेतावनी देना नहीं भूलता कि वे चाकू को हाथ न लगाएँ, जिससे उनकी हँसी छूट जाती है।"
"Badri helps Vaidehi's elder sister, Kritika find a husband in local singer Bhushan Mishra and even resolves a dowry crisis with Bhushan's father Jitendra Mishra, after which Vaidehi agrees to marry him. On their wedding day, however, Vaidehi does not show up is revealed to have run away to Mumbai. Furious, Ambar commands a heartbroken Badri to find Vaidehi and bring her back so they can punish her.",किंतु अपने विवाह के दिन वैदेही नहीं पहुँचती है और पता चलता है कि वह मुंबई भाग गई है।
"Bantu then manages to enter Ramachandra's house, named ""Vaikuntapuram"". ARK is fond of Bantu for saving Ramachandra. Bantu begins to address the issues plaguing the house by patching up Ramachandra's broken relationship with Yasu (which was fragile, as Ramachandra had an affair once with a woman 7 years ago), settling the dispute with Paidathalli, and reforming the corrupt family members, Kashiram and Sitaram.","यसु के साथ रामचंद्र के टूटे रिश्ते को (जो रामचंद्र के सात साल पहले एक महिला के साथ प्रेम संबंध हो जाने के कारण कमजोर था) सुधारना, पैदातल्ली के साथ मतभेद सुलझाना, और परिवार के बेईमान सदस्यों, काशीराम और सीताराम को सुधारना, जैसी घर की समस्याओं से बंटू निपटना शुरू करता है।"
"Because a single channel was catering to an ever-growing audience, television programming quickly reached saturation. Hence the government started another channel that had part of national programming and part regional. This channel was known as DD 2 (later DD Metro).","क्योंकि केवल एक ही चैनल दर्शकों की बढ़ती संख्या की मनोरंजन कीआवश्यकताएं पूरी कर रहा था, टेलिविजन कार्यक्रम तेजी से संतृप्ति की सीमा पर पहुंच गए।"
"Beta (Translation: Son) is a 1992 Indian Hindi drama film, directed by Indra Kumar and written by Naushir Khatau and Kamlesh Pandey. It featured Anil Kapoor, Madhuri Dixit and Aruna Irani in lead roles. The soundtrack was composed by Anand-Milind.","बेटा (अनुवाद: पुत्र) 1992 की एक भारतीय हिन्दी ड्रामा फिल्म है, जिसका निर्देशन इन्द्र कुमार ने किया और नौशीर खटाउ एवं कमलेश पांडे ने इसे लिखा था।"
"Broadcasters in one country have several reasons to reach out to an audience in other countries. Commercial broadcasters may simply see a business opportunity to sell advertising or subscriptions to a broader audience. This is more efficient than broadcasting to a single country, because domestic entertainment programs and information gathered by domestic news staff can be cheaply repackaged for non-domestic audiences.","घरेलू मनोरंजन कार्यक्रम और समाचार, घरेलू कर्मियों द्वारा प्राप्त जानकारी को गैर-घरेलू दर्शकों के लिए सस्ते में रीपैकेज किया जा सकता है, यह एक राष्ट्र को प्रसारित करने की तुलना में अधिक दक्षतापूर्ण है।"
"Dhinendra, who becomes angered by Chitti's victory, releases Pakshi's spirit from the synthesizer. Pakshi possesses Vaseegaran and attacks the public again, but Chitti refuses to attack his creator. Nila gets the red chip and reprograms Chitti to his evil 2.0 alter ego, after altering it to not harm the innocent and commanding him only to fight Pakshi.","धीनेन्द्र, जो चिट्टी की विजय से गुस्सा हो जाता है, पक्षी की आत्मा को संश्लेषक से मुक्त कर देता है।"
"Director and film critic Sudhish Kamath called Enthiran ""a superhero film, a sci-fi adventure, a triangular love story with a hint of the Ramayana"", while remarking that Enthiran's similarities to The Terminator (1984) were ""more than obvious. Not just visuallywhere we see the Superstar with one human eye and one scarred metallic eye but also intentionally spelt out when the bad robot announces that he has created ""Terminators"". Kamath compared two of the film's robots to C-3PO and R2-D2, droids from the Star Wars film series, which was referenced in Enthiran when Vaseegaran refers to one of his creations as ""R2"". The film was noted to have similarities with the 2002 Kannada film Hollywood which had its lead actor playing three roles one of which was a scientist and another was a humanoid robot invented by that scientist which falls in love with the girlfriend of his creator.","न सिर्फ देख कर, जहाँ हम एक मानव आँख और एक क्षतिग्रस्त धात्विक आँख वाले सुपरस्टार को देखते हैं, बल्कि जान-बूझ कर स्पष्ट रूप से बोल कर भी बताया गया है जब बुरा रोबोट घोषणा करता है कि उसने ""टर्मिनेटरों"" की सृष्टि कर दी है।"
"Following its success, the film was screened in the East Asian markets; the film was released in Taiwan on 17 December 2010, followed by Hong Kong on 1 September 2011. In China, it was released as San Ge Shagua (""Three Idiots""), on 15 December 2011. In South Korea, it was released on 29 December 2011.","फिल्म को इसकी सफलता के बाद पूर्वी एशियाई बाजारों में प्रदर्शित किया गया; इसे ताइवान में 17 दिसंबर, 2010 को रिलीज़ किया गया था, जिसके पश्चात 1 सितंबर, 2011 को हांगकांग में।"
"Greece participated in the Eurovision Song Contest 35 times after its debut at the 1974 Contest. In 2005, Greece won with the song ""My Number One"", performed by Greek-Swedish singer Elena Paparizou. The song received 230 points with 10 sets of 12 points from Belgium, Bulgaria, Hungary, the United Kingdom, Turkey, Albania, Cyprus, Serbia & Montenegro, Sweden and Germany and also became a smash hit in different countries and especially in Greece.","बेल्जियम, बुल्गारिया, हंगरी, यूनाइटेड किंगडम, अल्बानिया, साइप्रस, सर्बिया और मॉन्टेनेग्रो, स्वीडन, और जर्मनी से 12 अंकों के दस सेटों के साथ गीत को 230 अंक मिले और यह विभिन्न देशों में भी, विशेष रूप से ग्रीस में, ज़बर्दस्त रूप से सफल रहा।"
"He is best known for directing the critically acclaimed Gharaonda (1977) starring Amol Palekar and Zarina Wahab, and Dooriyaan (1979) starring Sharmila Tagore and Uttam Kumar. He is also known for creating the animation short film Ek Anek Aur Ekta (1974) which aired on Doordarshan in the 70s. Bhimsain has also directed India's largest animation series Vartmaan (1994).",उन्हें अमोल पालेकर और ज़रीना वहाब अभिनीत घरोंदा (1977) तथा शर्मिला टगौर एवं उत्तम कुमार अभिनीत दूरियाँ (1979) जैसी समीक्षकों द्वारा सराही गई फिल्मों के निर्देशन के लिए सबसे ज्यादा जाना जाता है।
"In 1912, a biographical silent film titled The Victoria Cross, starring Julia Swayne Gordon as Nightingale, was released, followed in 1915 by another silent film, Florence Nightingale, featuring Elisabeth Risdon. In 1936, Kay Francis played Nightingale in the film titled The White Angel. In 1951, The Lady with a Lamp starred Anna Neagle.","1951 में ""द लेडी विद द लैंप"" में ऐना नीगल ने मुख्य भूमिका निभाई थी।"
"In 192728, the Dhaka Nawab Family produced a short film named Sukumary (The Good Girl). After the success of Sukumary, the Nawab's family went for a bigger venture. To make a full-length silent film, a temporary studio was made in the gardens of the family's estate, and they produced a full-length silent film titled The Last Kiss, released in 1931.","एक पूरी अवधि की मूक फिल्म बनाने के लिए, परिवार की जमीन के बगीचे में एक अस्थायी स्टूडियो तैयार किया गया और द लास्ट किस नाम की एक पूर्ण अवधि की मूक फिल्म का निर्माण किया गया जिसे 1931 में प्रदर्शित किया गया।"
"In 1991, Pacino starred in Frankie and Johnny with Michelle Pfeiffer, who co-starred with Pacino in Scarface. Pacino portrays a recently paroled cook who begins a relationship with a waitress (Pfeiffer) in the diner where they work. It was adapted by Terrence McNally from his own off-Broadway play Frankie and Johnny in the Clair de Lune (1987), that featured Kenneth Welsh and Kathy Bates.",इसे क्लेयर डी ल्यून (1987) में अपने खुद के ऑफ-ब्रॉडवे नाटक फ्रेंकी और जॉनी से टेरेंस मैकनेली द्वारा रूपांतरित किया गया था जिसमें केनेथ वेल्श और कैथी बेट्स थे।
"In 2011, Kashyap directed That Girl in Yellow Boots, a thriller starring Kalki Koechlin who also co-wrote the film with him. The film was screened at many festivals including 2010 Toronto International Film Festival, 67th Venice International Film Festival, Indian Film Festival of Los Angeles and the London Indian Film Festival. Shot in thirteen days, the film was released in September 2011.","2011 में कश्यप ने कल्कि कोएच्लिन द्वारा अभिनीत एक रोमांचक फिल्म, दैट गर्ल इन यलो बूट्स, का निर्देशन किया जिसमें वह उनके साथ सह-लेखक भी थी।"
"In 2013, she acted in the Tamil-language action film Ameerin Aadhi-Bhagavan alongside Jayam Ravi. She has completed filming for a Greek film Home Sweet Home, in which she plays an Indian girl. She had to learn Greek for the film and also dubbed herself.",उन्हें इस चलचित्र के लिए ग्रीक भाषा सीखनी पड़ी थी और उन्होंने खुद ध्वनि अंतरण किया।
"In 2016, Kashyap co-wrote and directed Raman Raghav 2.0, a thriller inspired by the notorious serial killer Raman Raghav. It starred Nawazuddin Siddiqui as the title character along with Vicky Kaushal. The film premiered at the 2016 Sydney Film Festival and the 2016 Cannes Film Festival, in the Director's Fortnight section to a positive response.","इस फिल्म का पहला सार्वजनिक प्रदर्शन 2016 में सिडनी फिल्म समारोह और 2016 के कान फिल्म समारोह में डायरेक्टर्स फोर्टनाइट खंड में किया गया, जहां लोगों ने इसे सराहा था।"
"In China, it was nominated for the Best Foreign Film prize at the first Beijing International Film Festival in 2011. In Japan, it was nominated in the Best Outstanding Foreign Language Film category at the 37th Japan Academy Awards in 2014; the award was eventually won by Les Miserables. In addition, 3 Idiots won the Grand Prize at the 4th Videoyasan Awards, held by a Japanese organisation of home video retailers in 2014; 3 Idiots was selected as 2013's best video release, beating thousands of films, anime and television shows, including domestic Japanese and foreign Hollywood productions.","इसके अलावा, 3 ईडियट्स ने 2014 में घरेलू वीडियो खुदरा विक्रेताओं के एक जापानी संगठन द्वारा आयोजित चौथे वीडियोयासन पुरस्कारों में भव्य पुरस्कार जीता; घरेलू और विदेशी हॉलीवुड प्रस्तुतियों सहित हज़ारों फिल्मों, ऐनिमे, और टेलीविजन कार्यक्रमों को मात देते हुए 3 ईडियट्स 2013 की सर्वोत्तम वीडियो रिलीज़ के रूप में चुनी गई।"
"In his 2017 autobiography Khullam Khulla: Rishi Kapoor Uncensored, Rishi Kapoor revealed that he paid someone 30,000 (equivalent to 760,000 or US$9,600 in 2020) to win him an award for Best Actor. Although it is inferred as Filmfare Award, he said in an interview that ""I did not write a Filmfare Award [in the book]. I have not said any names.","उन्होंने एक साक्षात्कार के दौरान कहा कि हालांकि अनुमान लगाया गया कि वह फिल्म फेयर पुरस्कार था लेकिन ""मैंने फिल्म फेयर पुरस्कार नहीं लिखा था।"""
"In the Jordan Peele film Us, Addy as a little girl in 1986 walks up to and into the Shaman's Vision Quest attraction, the entrance of which is topped by a Native American man with a headdress on and his right hand pointing at potential questers. Underneath him, just above the entrance, light bulbs form the words ""FIND YOURSELF"" and an arrow slowly flashing on and off. Although difficult to hear, closed captioning makes clear that a recorded narration on the speaker system for the attraction is recounting aspects of the Hopi creation story:","जॉर्डन पील की फिल्म अस में 1986 में एक छोटी लड़की, ऐडी चलते हुए शमन के विशन क्वेस्ट से आकर्षित होकर उसमें प्रवेश करती है, जिसके द्वार पर एक उत्तरी अमेरिका का मूल निकासी सिर पर हेडड्रेस पहने और दाहिने हाथ से संभावित खोजकर्ताओं की ओर संकेत करते खड़ा है।"
"Indian cinema is a global enterprise and its films have wide viewership and fanbase throughout South Asia and have spread internationally. Modern film releases are dubbed into many languages, forming a Pan-India films movement. Millions of Indians overseas watch Indian films, accounting for 12% of revenue.","आधुनिक फिल्में, एक अखिल भारतीय फिल्म आन्दोलन बनाते हुए, कई भाषाओं में ध्वनि अंतरण करके प्रदर्शित की जाती हैं।"
"It was rumoured earlier that the film was titled Kajri. It is a remake of the Tamil film, Ghajini (2005). Aamir Khan, who had never before made a remake film in his career, was initially hesitant to do the film, but was convinced by Suriya, the original star of the Tamil Ghajini, who told him he was ""the only one who could do justice to the character."" Suriya was a fan of Khan, and had some involvement in the film's development, discussing minute details with Khan for two years during the film's development.","आमिर खान, जिन्होंने अपने कार्यकाल में पहले कभी कोई पुनर्निर्मित फिल्म नहीं बनाई थी, शुरू में इसे करने में झिझक रहे थे, लेकिन तमिल गजनी के मूल मुख्य कलाकार सूर्या ने उन्हें यह कह कर आश्वस्त किया कि ""केवल वही हैं जो इस चरित्र के साथ न्याय कर सकते हैं।"""
"Legendary Grateful Dead frontman Jerry Garcia joined guitarist Sanjay Mishra on his classic CD ""Blue Incantation"" (1995). Mishra also wrote an original score for French Director Eric Heumann for his film Port Djema (1996) which won best score at Hamptons film festival and The Golden Bear at Berlin. in 2000 he recorded Rescue with drummer Dennis Chambers (Carlos Santana, John McLaughlin et al.) and in 2006 Chateau Benares with guests DJ Logic and Keller Williams (guitar and bass).","2000 में, ड्रमवादक डेनिस चेम्बर्स (कार्लोस सैंटाना, जॉन मैकलॉक्लिन, और अन्य), के साथ उसने रेस्क्यू रिकॉर्ड किया, और 2006 में डीजे लॉजिक और केलर विलियम्स (गिटार और बास) के साथ शैटो बनारस का विमोचन किया।"
Most programmes are available for four weeks after broadcast as streaming audio from Radio 4's listen again page and via BBC Sounds. A selection of programmes is also available as podcasts or downloadable audio files. Many comedy and drama programmes from the Radio 4 archives are broadcast on BBC Radio 4 Extra.,रेडियो 4 के पुरालेखागार से कई हास्यप्रद एवं नाटक के कार्यक्रम बी.बी.सी. के रेडियो 4 एक्सट्रा में प्रसारित किए जाते हैं।
National Film Awards are also given to the best films in the regional languages of India. Awards for the regional languages are categorised as per their mention in the Eighth schedule of the Constitution of India. Awardees included producers and directors of the film.,राष्ट्रीय फिल्म पुरस्कार भारत की क्षेत्रीय भाषाओं की सर्वोत्तम फिल्मों के लिए भी दिए जाते हैं।
"Neha's in-laws think Nikita has died, and Nikita realizes that a way out of her problems is to impersonate Neha. Her plan works and she becomes well-adjusted to Neha's new family, except Sameer and the twins' cousin cause trouble for her, believing that she is Neha. Nikita slowly transforms to the dutiful wife Neha was and develops feelings for Rajive.",नेहा के ससुराल वाले सोचते हैं कि निकिता की मृत्यु हो चुकी है और निकिता को एहसास होता है कि उसकी समस्याओं से बाहर निकलने का एक तरीका है नेहा का भेष लेना।
"Popular Telugu actor Kota Srinivasa Rao lent his vocals for a song in the film. Lyrics for the two songs were penned by Sahithi and remaining songs were written by Ramajogayya Sastry, Chandrabose, Devi Sri Prasad and Bhaskarabhatla. Devi Sri Prasad had written the lyrics for the song ""Pilla"".","दोनों गानों के बोल साहिति ने लिखे थे और बाकी गाने रामजोगय्या शास्त्री, चंद्रबोस, देवी श्री प्रसाद और भास्कराभाटला ने लिखे थे।"
"Sonia Chopra from Sify also scored the film 3 out of 5, noting that the characters were ""written with an over-the-top quirky edge which adds to the fun."" She also praised the lead pair's performance writing that ""Chopra maintains her cool, effortless acting style and her comic timing is a revelation. Kapoor is suitably restrained and, at times, in keeping with his reticent character, often overshadowed by Chopra's exuberance. Together, the pair is eminently watchable, balancing each other's dispositions nicely."" Shubhra Gupta of The Indian Express gave the film 2.5 out of 5, complimenting the lead performers who ""play well together"", but are forced to ""boost a limp story."" India Today also scored it 2.5 out of 5, calling it ""a pastiche of a pastiche ...","मुख्य अदाकारों की तारीफ़ में यह कहते हुए कि उन्होंने ""एक साथ अच्छा प्रदर्शन किया है"" किंतु वे ""एक मरियल कहानी को प्रोत्साहन देने के लिए विवश हैं"", द इंडियन एक्सप्रेस की शुभ्रा गुप्ता ने फिल्म को 5 में से 2.5 दिए।"
"The 52nd International Film Festival of India opened on 20 November 2021 with The King of All the World (El Rey de Todo El Mundo) by Carlos Saura in Goa. Like 51st edition this edition was also held in hybrid format, that combined online and face-to-face participation. BRICS Film Festival is being held alongside main festival, in which films from BRICS nations, namely Brazil, Russia, South Africa, China and India are showcased. These five countries are 'country of focus' in the 52nd edition of the festival.","51वें संस्करण के समान ही, इस संस्करण को भी मिश्रित प्रारूप में आयोजित किया गया जिसमें ऑनलाइन सहभागिता एवं प्रत्यक्ष रूप से आमने-सामने रह कर भाग लिया जा सकता था।"
"The film was extensively shot in India and Thailand. Soma Kerala Palace, Kochi was shown in the movie as the KARMA Institute (school of Guruswamy). Song Sab Tera was shot in the exotic Poda Island.","सोमा केरल पैलेस, कोच्ची को चलचित्र में कर्मा संस्थान (गुरुस्वामी का विद्यालय) के रूप में दिखाया गया था।"
"The soundtrack was composed by the duo VishalShekhar and consists of nine compositions seven original, and a remix and an unplugged version of 2 original songs. The lyrics are written by: Neelesh Misra, Vishal Dadlani, Shekhar Ravjiani, Amitabh Bhattacharya, Anvita Dutt Guptan, Kumaar, Kausar Munir and Irshad Kamil. The vocals were performed by: Nikhil D'Souza, Monali Thakur, Lucky Ali, Rahat Fateh Ali Khan, Shekhar Ravjiani, Caralisa Monteiro, Mohit Chauhan, Shruti Pathak, Vishal Dadlani, Shilpa Rao and Abhijit Vaghani.","स्वर थे निखिल डिसूज़ा, मोनाली ठाकुर, लकी अली, राहत फतह अली खान, शेखर रावजियानी, कैरालिसा मॉन्टीरो, मोहित चौहान, श्रुति पाठक, विशाल डडलानी, शिल्पा राव और अभिजीत वाघानी के।"
"Unaware of this, Yasu remarks that Bantu is equal to Raj as he saved Nandu and the family, thereby giving Bantu 50% of its shares. Yasu then asks Valmiki to train Raj for five years to be as competent as Bantu and become the CEO. After arriving at Valmiki's house, Raj, however, feels that Valmiki, with a nurse's help, should have switched the babies 25 years ago so he could've ended up at Valmiki's house and Bantu at Ramachandra's, much to the dismay of Valmiki.",यसु फिर वाल्मीकि से राज को पांच वर्ष तक प्रशिक्षण देने को कहते हैं जिससे वह भी बंटू के समान दक्ष बन जाए और सी.ई.ओ. बन सके।
"When they follow each other in their cars, Raj saves Meera from dying and tells to never see him again. Meera declares her love for Raj, who forgives her and they renew their relationship. Raj and Meera reveal their relationship to Randhir and Dev, who agree.","जब वे कारों में एक-दूसरे का पीछा कर रहे होते हैं, राज मीना को मरने से बचाता है और उन लोगों से कहता है कि वे आइंदा उसे कभी न मिलें।"
"anupama chopra from hindustan times gave 4.5 stars out of 5, terming it ""soaring, searing and visually sumptuous"", and writing, ""bajirao mastani plays out a like an operatic, swooning, feverish love poem."" she felt that singh wasn't ""instantly convincing"", but nonetheless praised him (as the film progressed) for ""combin[ing] towering strength with aching vulnerability and helplessness"", chopra for having the ""maximum impact"" despite fewer scenes, and called padukone ""riveting"". however, she criticized azmi's acting. the times of india also gave 4 stars out of 5, pointing out its ""outstanding"" cinematography and writing, ""every visual resembles a grand painting courts with shadows and chandeliers, courtiers with tilaks and teers, chambers gleaming with mirrors, skies blushing with passion.""","हिंदुस्तान टाइम्स की अनुपमा चोपड़ा ने इसे 5 में से 4.5 सितारे देते हुए इसे ""बुलंदियों को छूती, दिल भेदने वाली, और देखने में शानदार"" बताते हुए लिखा कि ""बाजीराव मस्तानी ऑपेरा के समान संगीतमय, गश खाती, तपती प्रेम कविता की तरह है।"""
About 44 million tonnes of cargo is moved annually through the country's major rivers and waterways. Groundwater supplies 40% of water in India's irrigation canals. 56% of the land is arable and used for agriculture.,लगभग 4 करोड़ 40 लाख मीट्रिक टन का माल हर वर्ष देश की प्रमुख नदियों और जलमार्गों के माध्यम से परिवहन किया जाता है।
"According to a 2010 report, only about 2.1% (or 1,350,000 ha) of Afghanistan is forested. Some steps have been taken in recent years in planting trees in the urban areas across Afghanistan. Even the Taliban spiritual leader has recently called for planting more trees.","2010 की एक रिपोर्ट के अनुसार, अफगानिस्तान में केवल 2.1% (या 1,350,000 हेक्टेअर) वनभूमि है।"
"All continental crust is ultimately derived from mantle-derived melts (mainly basalt) through fractional differentiation of basaltic melt and the assimilation (remelting) of pre-existing continental crust. The relative contributions of these two processes in creating continental crust are debated, but fractional differentiation is thought to play the dominant role. These processes occur primarily at magmatic arcs associated with subduction.",सभी महाद्वीपीय पर्पटी अंत में बैसाल्ट के पिघलन के भिन्नात्मक पृथक्करण और पहले से मौजूद महाद्वीपीय पर्पटी के समावेश (पुनःपिघलन) के माध्यम से प्रावरक-प्राप्त पिघलन (मुख्य रूप से बैसाल्ट) से व्युत्पन्न होते हैं।
"Although Japan is usually self-sufficient in rice (except for its use in making rice crackers and processed foods) and wheat, the country must import about 50% of its requirements of other grain and fodder crops and relies on imports for half of its supply of meat. Japan imports large quantities of wheat and soybeans. Japan is the 5th largest market for the European Union's agricultural exports.","हालांकि जापान चावल (चावल के कुरकुरे व्यंजन और प्रसंस्कृत खाद्य पदार्थों में इसके प्रयोग के अलावा) और गेहूँ में आत्मनिर्भर है, लेकिन देश को अन्य अनाज और चारा फसलों का 50% आयात करना पड़ता है और मांस की आधी आपूर्ति के लिए आयातों पर निर्भर रहता है।"
American geologist Grove Karl Gilbert first argued in 1885 that the barrier sediments came from longshore sources. He proposed that sediment moving in the breaker zone through agitation by waves in longshore drift would construct spits extending from headlands parallel to the coast. The subsequent breaching of spits by storm waves would form barrier islands.,अमरीकी भूवैज्ञानिक ग्रोव कार्ल गिल्बर्ट ने 1885 में सबसे पहले तर्क प्रस्तुत किया कि बैरियर अवसाद के स्रोत दीर्घतट थे।
Asansol has hot and dry summers and mild winters. In summers temperatures soar above 45C with dry hot air blowing known as 'loo' while in winter temperatures go below 10C. Monsoon lasts from June to September.,ग्रीष्म ऋतु के दौरान आसनसोल गर्म और सूखा रहता है और सर्दियाँ हल्की होती हैं।
"Asansol is a cosmopolitan city located on the lower Chota Nagpur Plateau, which occupies most of Jharkhand, between the Damodar and Ajay rivers. Another river, the Barakar, joins the Damodar near Dishergarh. Two small rivulets, Nunia and Garui flows past Asansol.","दो छोटी नदिकाएं, नुनिया और गारूई, आसनसोल से होकर गुज़रती हैं।"
"At the Earth's surface, earthquakes manifest themselves by shaking and displacing or disrupting the ground. When the epicenter of a large earthquake is located offshore, the seabed may be displaced sufficiently to cause a tsunami. Earthquakes can also trigger landslides.","जब किसी बड़े भूकंप के उपरिकेंद्र की स्थिति अपतटीय होती है, तो समुद्र तल इतना विस्थापित हो सकता है कि सूनामी का कारण बन सकता है।"
"Autumn temperatures average around 1617C (6163F). Winter starts in December and continues until late February. Snow and sleet are common during the winter in upper Dharamshala (including McLeodganj, Bhagsu Nag and Naddi).","सर्दी के मौसम में धर्मशाला (जिसमें मैक्लॉडगंज, भागसू नाग और नड्डी भी हैं) के ऊपरी क्षेत्रों में बर्फ और ओले गिरना आम है।"
"Cocoa is grown throughout Jamaica and local sales absorb about 1/3 of the output to be made into instant drinks and confectionery. Citrus fruit is mainly grown in the central parts of Jamaica, particularly between the elevations of 1,000-2,500 feet. The picking season lasts from November to April.","निंबू वंश के फल मुख्य रूप से जमैका के मध्य भागों में, विशेष रूप से 1000-2500 फीट की ऊँचाई पर उगाए जाते हैं।"
"Dehradun city receives potable water from two primary sources- surface water and groundwater to meet its supply needs. The sources of water were mainly from Kaulu khet Spring, Maussifall, Bindal River, Bijapur canal and more than 100 tubewells. It suffers from lack of sufficient ground water recharge and depleting ground water tables.",देहरादून शहर की पीने योग्य पानी की आपूर्ति दो प्राथमिक स्रोतों से होती है: सतही जल और भूजल।
"Different kinds of fruits such as mango, sapota, orange, banana, papaya, pineapple and root crops are grown on hilly land owned by farmers. Spices such as pepper, clove, nutmeg, and cinnamon are grown under a multi-tier cropping system. Rubber, red oil, palm, noni and cashew are grown on a limited scale in these islands.","विभिन्न प्रकार के फल जैसे कि आम, सपोता, संतरा, केला, पपीता, अनानास और जड़ फसलें किसानों की खुद की पहाड़ी ज़मीन पर उगाई जाती हैं।"
"Fishing is a flourishing but minor industry. Fish caught are principally sardines, bonito, mackerel, smelt and sprats. Fresh fish are exported to France, dried and preserved fish to Spain and Italy.",ताजी मछली फ्रांस को निर्यात की जाती है और सूखी एवं संरक्षित मछली स्पेन और इटली को निर्यात की जाती है।
"Haddhunmathi Atoll ( 'Haddummati' in the Admiralty Chart) is regular in shape and 48 kilometres (30 miles) in length. Excepting for the projection of the reef at its NE corner (Isdh Muli), it closely resembles Kolhumadulhu. Its reefs are generally of little breadth, with no signs of vilu, except for its eastern fringes which are covered with islands that are quite large by Maldive standards.","इसकी भित्तियाँ आमतौर पर कम चौड़ाई की हैं, जिनमें पूर्वी किनारों को छोड़कर कहीं भी विलू नहीं नज़र आते और यह द्वीपों से ढके हैं जो मालदीव के मानकों से काफी बड़े हैं।"
"High water and pesticide use in cotton cultivation has prompted sustainability concerns and created a market for natural fiber alternatives. Other cellulose fibers, such as hemp, are seen as more sustainable options because of higher yields per acre with less water and pesticide use than cotton. Cellulose fiber alternatives have similar characteristics but are not perfect substitutes for cotton textiles with differences in properties like tensile strength and thermal regulation.","सेलुलोज़ तंतु के विकल्पों की समान विशिष्टताएं हैं लेकिन यह उपयुक्त रूप से सूती कपड़े की जगह नहीं ले सकते, क्योंकि यह तन्य क्षमता और ताप नियंत्रण में भिन्न हैं।"
"High water and pesticide use in cotton cultivation has prompted sustainability concerns and created a market for natural fiber alternatives. Other cellulose fibers, such as hemp, are seen as more sustainable options because of higher yields per acre with less water and pesticide use than cotton. Cellulose fiber alternatives have similar characteristics but are not perfect substitutes for cotton textiles with differences in properties like tensile strength and thermal regulation.",कपास की खेती में अत्यधिक पानी और कीटनाशकों के इस्तेमाल ने संवहनीयता संबंधी शंकाओं को प्रेरित किया है और प्राकृतिक तंतु के विकल्पों के लिए बाज़ार तैयार किया है।
"In warm, clear tropical waters corals are more abundant than towards the poles where the waters are cold. Calcium carbonate contributors, including plankton (such as coccoliths and planktic foraminifera), coralline algae, sponges, brachiopods, echinoderms, bryozoa and mollusks, are typically found in shallow water environments where sunlight and filterable food are more abundant. Cold-water carbonates do exist at higher latitudes but have a very slow growth rate.","ध्रुवों के पास ठंडे पानी की तुलना में गर्म, साफ, उष्णकटिबन्धीय पानी में प्रवाल प्रचुर मात्रा में पाए जाते हैं।"
"India has 7,516 kilometres (4,670mi) of marine coastline, 3,827 fishing villages and 1,914 traditional fish landing centers. India's fresh water resources consist of 195,210 kilometres (121,300mi) of rivers and canals, 2.9million hectares of minor and major reservoirs, 2.4million hectares of ponds and lakes, and about 0.8million hectares of flood plain wetlands and water bodies. As of 2010, the marine and freshwater resources offered a combined sustainable catch fishing potential of over 4million metric tonnes of fish.","भारत में 7,516 किलोमीटर (4,670 मील) लंबा समुद्री तट है, 3,827 मछुआरों के गांव हैं और 1,914 पारंपरिक पकड़ी हुई मछलियों को तट पर उतारने के केंद्र हैं।"
"Manipur's climate and soil conditions make it ideally suited for horticultural crops. Growing there are rare and exotic medicinal and aromatic plants. Some cash crops suited for Manipur include Lychee, Cashew, Walnut, Orange, Lemon, Pineapple, Papaya, Passion Fruit, Peach, Pear and Plum.","मणिपुर के लिए उपयुक्त नकदी फसलों में शामिल हैं लीची, काजू, अखरोट, संतरा, नींबू, अनानास, पपीता, पैशन फल, आड़ू, नाशपाती और आलूबुखारा।"
"Modern habitat exhibits attempt to display a diversity of species of different animal classes within one enclosure to represent ecosystem concepts. Groups of enclosures are organized by themes, relating to, for example, zoogeography and bioclimatic zones, rather than taxonomy. The shift in exhibit arrangements is changing the scope of work for animal keepers, as they become habitat keepers, with a necessary working knowledge of living environment care, including landscape maintenance, plant care, climate control, and expanded knowledge of animals husbandry for many more species across taxonomic classes.","प्रदर्शन व्यवस्थाओं में बदलाव पशुपालकों के लिए काम के विस्तार में परिवर्तन ला रहा है क्योंकि परिदृश्य रखरखाव, पौधों की देखभाल, जलवायु नियंत्रण, और रहने के माहौल की देखभाल, और सभी वर्गीकृत श्रेणियों में कई और प्रजातियों के लिए पशुपालन की विस्तारित समझ सहित कार्यसाधक ज्ञान रखते हुए वे प्राकृतिक आवास-पालक बन रहे हैं।"
"Notable mammals which became or are presumed extinct within the country itself include the Indian / Asiatic cheetah, Javan rhinoceros and Sumatran rhinoceros. While some of these large mammal species are confirmed extinct, there have been many smaller animal and plant species whose status is harder to determine. Many species have not been seen since their description.","भारतीय या एशियाई चीता, जावन गैंडा और सुमात्रा गैंडा देश के महत्वपूर्ण स्तनधारी हैं जो विलुप्त हो गए हैं या जो विलुप्त माने जा रहे हैं।"
"Rice is the main food crop, and pulses (legume), Ragi (Finger Millet), and other food crops are also grown. Main cash crops are arecanut, coconut, cashew nut, sugar cane, and fruits like banana, mango, and pineapple. Goa's state animal is the Gaur, the state bird is the Flame-throated Bulbul, and the state tree is the Indian Laurel.","गौर गोवा का राजकीय पशु है, फ्लेम-थ्रोटेड बुलबुल राजकीय पक्षी है, और राजकीय वृक्ष इंडियन लॉरेल है।"
"Rice is the main food crop, and pulses (legume), Ragi (Finger Millet), and other food crops are also grown. Main cash crops are arecanut, coconut, cashew nut, sugar cane, and fruits like banana, mango, and pineapple. Goa's state animal is the Gaur, the state bird is the Flame-throated Bulbul, and the state tree is the Indian Laurel.","चावल मुख्य खाद्य फसल है, और दलहन (फलियाँ), रागी (फिंगर मिलेट), और अन्य खाद्य फसलें भी उगाई जाती हैं।"
"Summer is exceedingly hot; temperatures in low-lying areas may exceed 50C (122F) during May, leading to heat waves that can each kill hundreds of Indians. The rainy season lasts from June to September; annual rainfall averages between 7501,500mm (3059in) across the region. Once the dry northeast monsoon begins in September, most significant precipitation in India falls on Tamil Nadu and Puducherry leaving other states comparatively dry.",ग्रीष्मकाल में बहुत गर्मी होती है; जहां निचले इलाकों में मई के दौरान तापमान 50 डिग्री सेल्सियस (122 डिग्री फेरन्हाइट) से भी अधिक हो सकता है जिससे ताप लहर के कारण सैकड़ों भारतीयों की मृत्यु हो सकती है।
"Temperate deciduous forest biomes are plant communities distributed in North and South America, Asia, Southern slopes of the Himalayas, Europe and for cultivation purposes in Oceania. They have formed under climatic conditions which have great seasonable temperature variability with growth occurring during warm summers and leaf drop in autumn and dormancy during cold winters. These seasonally distinctive communities have diverse life forms that are impacted greatly by the seasonality of their climate, mainly temperature and precipitation rates.","समशीतोष्ण पर्णपाती वन जीवोम पादप समूह हैं जो उत्तरी और दक्षिणी अमेरिका, हिमालय के दक्षिणी ढालों, यूरोप में फैले हैं और ओशीनिया में खेती के प्रयोजन से फैले हुए हैं।"
"Temperate deciduous forest biomes are plant communities distributed in North and South America, Asia, Southern slopes of the Himalayas, Europe and for cultivation purposes in Oceania. They have formed under climatic conditions which have great seasonable temperature variability with growth occurring during warm summers and leaf drop in autumn and dormancy during cold winters. These seasonally distinctive communities have diverse life forms that are impacted greatly by the seasonality of their climate, mainly temperature and precipitation rates.","ये मौसमी तौर पर विशिष्ट समूहों के विविध जीव हैं जो काफी ज्यादा जलवायु के मौसम तत्व से प्रभावित होते हैं, विशेष रूप से तापमान और वर्षा की मात्रा से।"
"The Arabian Sea has been crossed by many important marine trade routes since the 3rd or 2nd millennium BCE. Major seaports include Kandla Port, Mundra Port, Pipavav Port, Dahej Port, Hazira Port, Mumbai Port, Nhava Sheva Port (Navi Mumbai), Mormugo Port (Goa), New Mangalore Port and Kochi Port in India, the Port of Karachi, Port Qasim, and the Gwadar Port in Pakistan, Chabahar Port in Iran and the Port of Salalah in Salalah, Oman. The largest islands in the Arabian Sea include Socotra (Yemen), Masirah Island (Oman), Lakshadweep (India) and Astola Island (Pakistan).","महत्वपूर्ण बंदरगाहों में शामिल हैं भारत के कांडला बंदरगाह, मुंद्रा बंदरगाह, पीपावाव बंदरगाह, दहेज बंदरगाह, हज़ीरा बंदरगाह, मुंबई बंदरगाह, न्हावा शेवा बंदरगाह (नवी मुंबई), मोरमुगाँव बंदरगाह (गोआ), नया मैंगलोर बंदरगाह और कोच्चि बंदरगाह; पाकिस्तान में कराची बंदरगाह, कासिम बंदरगाह और ग्वादर बंदरगाह; ईरान में चाबहार बंदरगाह; और ओमान में सलाला में सलाला बंदरगाह।"
"The Gondwana and Vindhyan include within its fold parts of Madhya Pradesh, Chhattisgarh, Odisha, Bihar, Jharkhand, West Bengal, Andhra Pradesh, Maharashtra, Jammu and Kashmir, Punjab, Himachal Pradesh, Rajasthan and Uttarakhand. The Gondwana sediments form a unique sequence of fluviatile rocks deposited in Permo-Carboniferous time. The Damodar and Sone river valleys and Rajmahal hills in eastern India contain a record of the Gondwana rocks.","गोंडवाना और विंध्य अपनी सीमाओं में मध्य प्रदेश, छत्तीसगढ़, ओडिशा, बिहार, झारखंड, पश्चिम बंगाल, आंध्र प्रदेश, महाराष्ट्र, जम्मू -कश्मीर, पंजाब, हिमाचल प्रदेश, राजस्थान और उत्तराखंड के भाग शामिल करते हैं।"
"The chemistry of xenoliths and seismic tomography both favor the two accretional models over the plume model. However, other geochemical evidence favors mantle plumes. Tomography shows two layers in the craton roots beneath North America.",टोमोग्राफी दर्शाती है कि उत्तरी अमेरिका के नीचे क्रेटॉन रूट में दो परतें हैं।
"The climate is maritime temperate with significant precipitation in all seasons (Kppen climate classification: Cfb), like most of northwest Europe. The average temperature is lowest in January at 3C (37.4F) and highest in July at 18C (64.4F). The average precipitation per month varies between 54mm (2.1in) for February and April, to 78mm (3.1in) for July.",प्रति महीने औसत वर्षा फरवरी और अप्रैल में 54 मि.मी. (2.1 इंच) से लेकर जुलाई में 78 मि.मी. (3.1 इंच) तक होती है।
"The difficulty of accessing social services and infrastructure in the outer atolls has meant that geography is a key reason for poverty and income disparity in Maldives. In islands far from the capital, there tends to be lack of production, inadequate use of fishery resources, low value chain development and insufficient credit for small-scale producers and entrepreneurs. The scarcity of land and water, the underdeveloped farming practices and absence of support services in atolls has meant low production and thus low incomes in these regions.","प्रवाल द्वीपों पर भूमि और पानी की कमी, खेती की अल्पविकसित तकनीकें और समर्थन सेवाओं के न होने के कारण उत्पादकता कम है और इस वजह से इन क्षेत्रों में आय कम है।"
"The important forest products are bamboo canes, Maratha barks, chillar barks, and the bhirand. Coconut palm trees are common throughout Goa barring the elevated regions. A variety of deciduous trees, such as teak, Sal tree, cashew, and mango trees are present.","सबसे महत्वपूर्ण वन उत्पाद हैं बांस, मराठा छाल, चिलर छाल और भिरंड।"
"The largest grown crop is wheat. Other important crops are rice, cotton, sugarcane, pearl millet, finger millet, sorghum, maize, barley and fruits. Among the fodder crops are bajra and jowar.","अन्य महत्वपूर्ण फसलें हैं चावल, कपास, गन्ना, बाजरा, रागी, ज्वार, भुट्टा, जई और फल।"
"The rare and threatened animal species identified are green sea turtle (EN), dugong (VU), Irrawaddy dolphin (EN), blackbuck (NT), Spoon billed sandpiper (CR), Chilika limbless skink (CR) and fishing cat (VU). 24 mammalian species were reported. 37 species of reptiles and amphibians are also reported.",सरीसृप और जलथलचर की 37 प्रजातियों की भी जानकारी दी गई है।
"The second choice for a Central American canal was a Panama canal. The De Lessups company, which ran the Suez Canal, first attempted to build a Panama Canal in the 1880s. The difficulty of the terrain and weather (rain) encountered caused the company to go bankrupt.",स्वेज़ नहर का निर्माण करने वाली डी लेसेप्स कंपनी ने पहले 1880 के दशक में पनामा नहर का निर्माण करने का प्रयत्न किया था।
"Three waterways cross the municipality: the Weespertrekvaart from west to south, the Amsterdam-Rhine Canal from north to east, and the river Diem from south to north. The river is the namesake of Diemen. The town can be divided into three neighbourhoods: Diemen Noord, Diemen Centrum, and Diemen Zuid.","तीन जल-मार्ग इस नगरपालिका से गुज़रते हैं: पश्चिम से दक्षिण की ओर वीसपरट्रेकवार्ट, उत्तर से पूर्व की ओर ऐम्स्टर्डैम-राइन नहर और दक्षिण से उत्तर की ओर डीयेम नदी।"
Two types of agricultural management practices include organic agriculture and conventional agriculture. The former encourages soil fertility using local resources to maximize efficiency. Organic agriculture avoids synthetic agrochemicals.,दो प्रकार की कृषि प्रबंधन विधियों में जैविक खेती और पारंपरिक खेती शामिल हैं।
"Volcanic gases can reach the stratosphere, where they form sulfuric acid aerosols that can reflect solar radiation and lower surface temperatures significantly. Sulfur dioxide from the eruption of Huaynaputina may have caused the Russian famine of 16011603. Chemical reactions of sulfate aerosols in the stratosphere can also damage the ozone layer, and acids such as hydrogen chloride (HCl) and hydrogen fluoride (HF) can fall to the ground as acid rain.",समतापमण्डल में सल्फेट ऐरोसोल की रासायनिक अभिक्रिया से ओज़ोन परत क्षतिग्रस्त हो सकती है और हाइड्रोजन क्लोराइड (HCl) और हाइड्रोजन फ्लोराइड (HF) भूमि पर अम्ल वर्षा के रूप गिर सकते हैं।
"With the tropical monsoon climate, Assam is temperate (summer max. at 95° - 100° F or 35° - 38° C and winter min. at 43° - 46° F or 6° - 8° C) and experiences heavy rainfall and high humidity. The climate is characterised by heavy monsoon downpours reducing summer temperatures and affecting foggy nights and mornings in winters, which are also frequent during the afternoons. Spring (March–April) and autumn (September–October) are usually pleasant with moderate rainfall and temperature.",उष्णकटिबंधीय मानसून जलवायु होने के कारण असम समशीतोष्ण है (जहाँ गर्मियों का अधिकतम तापमान 95° - 100° फारेनहाइट या 35° - 38° सेल्सियस तथा सर्दियों में 43° - 46° फारेनहाइट 6° - 8° सेल्सियस है) और यहाँ भारी वर्षा और उच्च आर्द्रता रहती है।
"the region is covered by the mighty brahmaputra-barak river systems and their tributaries. geographically, apart from the brahmaputra, barak and imphal valleys and some flatlands in between the hills of meghalaya and tripura, the remaining two-thirds of the area is hilly terrain interspersed with valleys and plains; the altitude varies from almost sea-level to over 7,000 metres (23,000ft) above msl. the region's high rainfall, averaging around 10,000 millimetres (390in) and above creates problems of the ecosystem, high seismic activity, and floods.","इस क्षेत्र की उच्च वर्षा, जो औसतन लगभग 10,000 मिलीमीटर (390 इंच) और उससे ऊपर है, और उसके साथ-साथ उच्च भूकंपीय गतिविधि और बाढ़, पारिस्थितिकी तंत्र के लिए समस्याएं पैदा करती है।"
"As of 2021, India has 28 states each with own government elected separately from the national government (also called union or federal government), and 8 union territories which are administered by the union government. Each state can find and fund own state level technical education institutes and it can also approve such institutes in the private sector, both of these legally remained confined to the specific state within and by which they were created. All these institutes must also obtain AICTE approval for conformation to the engineering and technology education teaching infrastructure and minimum standards.","2021 तक भारत में 28 राज्य हैं, जिनमें उनकी खुद की चुनी हुई सरकार हैं जो राष्ट्रीय सरकार से अलग से चुनी गई हैं (जिसे केंद्र सरकार या संघीय सरकार भी कहा जाता है) तथा 8 केंद्रशासित प्रदेश हैं जो केंद्र सरकार द्वारा प्रशासित हैं।"
"At the Battle of Pulo Aura, which was probably the company's most notable naval victory, Nathaniel Dance, Commodore of a convoy of Indiamen and sailing aboard the Warley, led several Indiamen in a skirmish with a French squadron, driving them off. Some six years earlier, on 28 January 1797, five Indiamen, Woodford, under Captain Charles Lennox, Taunton-Castle, Captain Edward Studd, Canton, Captain Abel Vyvyan, Boddam, Captain George Palmer, and Ocean, Captain John Christian Lochner, had encountered Admiral de Sercey and his squadron of frigates. On this occasion the Indiamen succeeded in bluffing their way to safety, and without any shots even being fired.","इस अवसर पर, इंडियामेन बिना कोई गोली चले सफलतापूर्वक चकमा देकर सुरक्षित निकल आए।"
"Country-wide rail services in India, are provided by the state-run Indian Railways under the supervision of the Ministry of Railways. IR is divided into eighteen zones including the Kolkata Metro Railway. The IR are further sub-divided into sixty seven divisions, each having a divisional headquarters.",भारतीय रेलवे को और भी उपविभाजित करते हुए सड़सठ विभागों में बाँटा गया है जिसमें प्रत्येक का एक मंडलीय मुख्यालय है।
"Fleeing before the advancing Red Army, large numbers of the inhabitants of the German provinces of East Prussia, Silesia, and Pomerania died during the evacuations, some from cold and starvation, some during combat operations. A significant percentage of this death toll, however, occurred when evacuation columns encountered units of the Red Army. Civilians were run over by tanks, shot, or otherwise murdered.","बढ़ती हुई लाल सेना से बचने के लिए पूर्वी प्रशिया, साइलेशिया और पौमरेनिया के जर्मन प्रांतों से भाग रहे निवासियों की निर्वातन के दौरान मृत्यु हो गई, कुछ की ठंड और भुखमरी के कारण और कुछ की युद्ध की लड़ाई के कारण।"
"If the variation of STV used allows transfers to candidates already elected, when a candidate is eliminated and the next preference on the ballot shows preference for a candidate already elected, votes are transferred to already victorious candidate, forming a new surplus. The new surplus votes for the victorious candidate (transferred from the eliminated candidate) are then transferred to the next preference of the victorious candidate, as happened with their initial surplus, but just using the recently transferred votes as guide. Vote transfers from the victorious candidate to a candidate who has been eliminated are impossible, and reference must be made to the next marked preference, if any.","मतों के स्थानांतरण विजेता उम्मीदवार से हारे हुए उम्मीदवार को करना असंभव है और अगर कोई अगली चिह्नित वरीयता हो, तो उस पर गौर किया जाता है।"
"In 1927, the British government, to promote the market in India for British films over American ones, formed the Indian Cinematograph Enquiry Committee. The ICC consisted of three British and three Indians, led by T. Rangachari, a Madras lawyer.","आई.सी.सी. में मद्रास के एक वकील, टी. रंगाचारी, के नेतृत्व में तीन अंग्रेज और तीन भारतीय थे।"
"In 2020, Finance Minister Nirmala Sitaraman introduced a bill to amend the Act. The bill sought to bring all cooperative banks under the Reserve Bank of India. It brought 1,482 urban and 58 multi-state cooperative banks under the supervision of the RBI. The bill granted the RBI ability to reconstruct or merge banks without moratoriums.",2020 में वित्त मंत्री निर्मला सीतारमण ने अधिनियम में संशोधन के लिए बिल प्रस्तुत किया।
"In December 2012, a tiger was shot by the Kerala Forest Department on a coffee plantation on the fringes of the Wayanad Wildlife Sanctuary. Chief Wildlife Warden of Kerala ordered the hunt for the animal after mass protests erupted as the tiger had been carrying away livestock. The Forest Department had constituted a special task force to capture the animal with the assistance of a 10-member Special Tiger Protection Force and two trained Indian elephants from the Bandipur Tiger Reserve in Karnataka.","दिसंबर 2012 में, वायनाड वन्यजीव अभयारण्य के किनारे पर एक कॉफी बागान में केरल वन विभाग ने एक बाघ को गोली मार दी।"
"In December 2012, a tiger was shot by the Kerala Forest Department on a coffee plantation on the fringes of the Wayanad Wildlife Sanctuary. Chief Wildlife Warden of Kerala ordered the hunt for the animal after mass protests erupted as the tiger had been carrying away livestock. The Forest Department had constituted a special task force to capture the animal with the assistance of a 10-member Special Tiger Protection Force and two trained Indian elephants from the Bandipur Tiger Reserve in Karnataka.",केरल के मुख्य वन्य जीव वार्डन ने बाघ का शिकार करने का आदेश दिया जब बाघ द्वारा मवेशियों को उठा ले जाने पर बड़े पैमाने पर विरोध प्रदर्शन हुआ।
"In December 2019, he introduced the Citizenship (Amendment) Act, 2019, which grants Indian citizenship to religiously persecuted minority communities who migrated to the country before 2015 from the Muslim-majority countries of Pakistan, Bangladesh and Afghanistan. In Northeast India, the act raised concerns about the impact of immigration on local culture and politics, which caused people to protest against the Act. Elsewhere, the opposition parties criticised the Act's exclusion of Muslims as detrimental to India's pluralism. Shah insisted the bill was not anti-Muslim, because it did not change their existing path to citizenship.",शाह ने जोर देकर कहा कि यह बिल मुस्लिम-विरोधी नहीं है क्योंकि इसने नागरिकता के लिए उनके वर्तमान रास्ते को नहीं बदला है।
"In January 1992, the Union government sanctioned the induction of women into non-combatant branches of the Army while holding short-service commissions. On 28 November 1992, the Indian Navy became the first armed force to commission women on short-service commissions in non-medical streams (Education, Logistics and Naval Law). The Air Force approved the induction of women officers for ground duties in 1992, with those officers receiving their commissions on 1 June 1993, and opened the flying (non-fighter) and technical branches to women the same year, commissioning its first seven female pilots on 17 December 1994.",जनवरी 1992 में केंद्रीय सरकार ने सेना में लघु सेवा आयोग को स्वीकृति देते हुए महिलाओं की अयोद्धा शाखाओं में नियुक्ति का अनुमोदन किया है।
"In response to the recession, U.S. president Barack Obama launched the SelectUSA program in 2011. In January 2012, Obama issued a Call to Action to Invest in America at the White House ""Insourcing American Jobs"" Forum. Obama met with representatives of Otis Elevator, Apple, DuPont, Master Lock, and others which had recently brought jobs back or made significant investments in the U.S.","ओबामा ने जनवरी 2012 में व्हाइट हाउस में ""अमेरिकी नौकरियों को प्राप्त करने"" के फोरम पर अमेरिका में निवेश करने का आह्वान किया।"
"Jhelum in Punjab saw a mutiny of native troops against the British. Here 35 British soldiers of Her Majesty's 24th Regiment of Foot (South Wales Borderers) were killed by mutineers on 7 July 1857. Among the dead was Captain Francis Spring, the eldest son of Colonel William Spring.","यहाँ महामहिम की 24वीं पैदल सेना (साउथ वेल्स बॉर्डरर्स) के 35 अंग्रेज सैनिक विद्रोहियों द्वारा 7 जुलाई, 1857 में मारे गए थे।"
"Kumar was appointed Sheriff of Mumbai (an honorary position) for 1980. The Government of India honoured Kumar with the Padma Bhushan in 1991, the Dadasaheb Phalke Award in 1994 and the Padma Vibhushan in 2015. The Government of Andhra Pradesh honoured Kumar with NTR National Award in 1997.",आँध्रप्रदेश की सरकार ने 1997 में एन.टी.आर. राष्ट्रीय पुरस्कार के साथ कुमार का सम्मान किया।
"Large iron ore deposits exist in central Iran, near Bafq, Yazd and Kerman. The government owns 90% of all mines and related industries and is seeking foreign investment. The sector accounts for 3% of exports.",सभी खदानों और उससे जुड़े उद्योगों का 90 प्रतिशत सरकार का है और वह विदेशी निवेश तलाश कर रही है।
"Like NASA funded Jet Propulsion Laboratory (JPL) managed by California Institute of Technology (Caltech), ISRO with Indian Institute of Space Science and Technology (IIST) implemented a joint working framework in 2021 in which an Empowered Overseeing Committee (EOC) under Capacity Building Programme Office (CBPO) of ISRO located in Bengaluru will approve all short, medium and long term space research projects of common interest. In return, an Advance Space Research Group (ASRG) formed at IIST under the guidance of EOC will have full access to ISRO facilities. The primary aim is to transform IIST into a premier space research and engineering institute by 20282030 that can lead future space exploration missions of ISRO.","2021 में इसरो ने, जो कि कैलिफोर्निया प्रौद्योगिकी संस्थान (कैल्टेक) द्वारा प्रबंधित, नासा द्वारा वित्त पोषित जेट प्रणोदन प्रयोगशाला (जे.पी.एल.) के समान है, और भारतीय अंतरिक्ष विज्ञान और प्रौद्योगिकी संस्थान (आई.आई.एस.टी.) ने एक संयुक्त कार्य रूपरेखा लागू की जिसमें बेंगलुरु में स्थित इसरो के क्षमता निर्माण कार्यक्रम कार्यालय (सी.बी.पी.ओ.) के तहत एक अधिकार-प्राप्त निरीक्षण समिति (ई.ओ.सी.) सभी लघु, मध्यम, और साझा हित की दीर्घकालिक अंतरिक्ष अनुसंधान परियोजनाओं को मंजूरी देगी।"
"Most Indian states had granted general consent to the CBI to investigate crimes within their territory. However, as of 2020, several states have withdrawn their 'general consent' for the CBI to operate, and require a special consent to be granted on a case to case basis. In November 2018, Andhra Pradesh and West Bengal governments withdrew general consents for the CBI to investigate, and accused the Central Government of using federal agencies to destabilise state politics.",अधिकतर भारतीय राज्यों ने अपने क्षेत्र के भीतर अपराधों की जाँच करने के लिए सी.बी.आई. को आम सहमति दी थी।
"Open market operation is the activity of buying and selling of government securities in open market to control the supply of money in banking system. When there is excess supply of money, central bank sells government securities thereby sucking out excess liquidity. Similarly, when liquidity is tight, RBI will buy government securities and thereby inject money supply into the economy.","उसी प्रकार जब नकदी की सख्त कमी हो, तो आर.बी.आई. सरकारी प्रतिभूतियाँ खरीदेगा और इस प्रकार अर्थव्यवस्था में धन की आपूर्ति करेगा।"
"Ratan Tirkey, a former BJP politician and activist, said that Murmu had not done enough to make sure that the self-governance rights granted to tribal communities were properly implemented. These rights were granted under the Fifth Schedule and the Panchayats (Extension to Scheduled Areas) Act, 1996 or PESA. Tirkey said, ""Despite several requests, the then governor never exercised her powers to implement the Fifth Schedule provisions and Pesa in letter and spirit"".","पूर्व भाजपा राजनीतिज्ञ एंव कार्यकर्ता, रतन तिर्के ने कहा कि मुर्मू ने जनजातीय समुदाय को दिए गए अधिकारों के सही प्रकार से कार्यान्वयन को सुनिश्चित करने के लिए पर्याप्त काम नहीं किया है।"
"Relations with neighbouring Myanmar have been severely strained since 20162017, after over 700,000 Rohingya refugees illegally entered Bangladesh fleeing persecution, ethnic cleansing, genocide, and other atrocities in their native state. The parliament, government, and civil society of Bangladesh have been at the forefront of international criticism against Myanmar for military operations against the Rohingya, and have demanded their right of return to Arakan. In 2021, Bangladesh provided a US$200 million loan to Sri Lanka and a US$7.7 million donation to Sudan as economic assistance.","2021 में, बांग्लादेश ने आर्थिक सहायता के रूप में श्रीलंका को 2000 लाख यू.एस. डॉलर का ऋण और सूडान को 77 लाख यू.एस. डॉलर का दान दिया।"
"Some navies operate ocean-going hospital ships to lend medical assistance in high casualty situations like wars or natural disasters. These hospital ships fulfill the criteria of an ambulance (transporting the sick or injured), although the capabilities of a hospital ship are more on par with a Mobile Army Surgical Hospital. In line with the laws of war, these ships can display a prominent Red Cross or Red Crescent to confer protection under the appropriate Geneva Convention.",कुछ नौसेनाएं युद्ध या प्राकृतिक आपदाओं जैसी दुर्घटनाओं की परिस्थितियों में चिकित्सीय सहायता प्रदान करने के लिए समुद्री अस्पताल जहाज परिचालित करती हैं।
"The ASEAN Framework Agreement on Trade in Services (AFAS) was adopted at the ASEAN Summit in Bangkok in December 1995. Under the agreement, member states enter into successive rounds of negotiations to liberalise trade in services with the aim of submitting increasingly higher levels of commitment. ASEAN has concluded seven packages of commitments under AFAS.","समझौते के अनुसार, सदस्य देश सेवाओं में व्यापार को उदार बनाकर निरंतर उच्च प्रतिबद्धता प्राप्त करने के उद्देश्य से बातचीत के लगातार दौरों में भाग लेते हैं।"
"The ASEAN Socio-Cultural Community (ASCC) was also adopted during the 14th ASEAN Summit. It envisions an ""ASEAN Community that is people-centered and socially responsible with a view to achieving enduring solidarity and unity among the countries and peoples of ASEAN by forging a common identity and building a caring and sharing society which is inclusive and harmonious where the well-being, livelihood, and welfare of the peoples are enhanced"". Among its focus areas include human development, social welfare and protection, social justice and rights, environmental sustainability, building the ASEAN identity, and narrowing the development gap.","इसकी ऐसी कल्पना है कि ""आसियान समुदाय को एक आम पहचान बनाकर और एक समावेशी और सामंजस्यपूर्ण समाज का निर्माण करके आसियान के देशों और लोगों के बीच स्थायी एकजुटता और एकता हासिल करने की दृष्टि से लोक-केंद्रित और सामाजिक रूप से उत्तरदायी होना है, जहां स्वास्थ्य, आजीविका, और लोगों के कल्याण में वृद्धि होती हो।"""
"The Biotechnology Regulatory Authority of India (BRAI) is a proposed regulatory body in India for uses of biotechnology products including genetically modified organisms (GMOs). The institute was first suggested under the Biotechnology Regulatory Authority of India (BRAI) draft bill prepared by the Department of Biotechnology in 2008. Since then, it has undergone several revisions.",भारतीय जैव प्रौद्योगिकी नियामक प्राधिकरण (बी.आर.ए.आई.) आनुवांशिक रूप से संशोधित जीवों (जी.एम.ओ.) सहित जैव प्रौद्योगिक उत्पादों के प्रयोग के लिए भारत में प्रस्तावित नियामक निकाय है।
"The Indian National Congress (INC), the Praja Socialist Party and the Krishi Lok Party were the major parties in the 1950s. Later the Communist Party of India (CPI) became the dominant opposition party. In the 1967 state assembly elections, all socialist parties were eliminated and the CPI lost opposition party status.","1967 के राज्य विधानसभा चुनावों में सभी समाजवादी पार्टियों का सफाया कर दिया गया, और सी.पी.आई. विपक्षी दल होने की हैसियत खो बैठी।"
"The Modi government, in view of the coronavirus pandemic, suspended Members of Parliament Local Area Development Scheme (MPLADS) for two years. This action has been called problematic in many ways, including causing a centralisation of power, being anti-federal in nature, and having an effect on local level development and MP influence at micro levels of the society to handle distress. There have been calls for halting the 20,000 crore (US$2.5billion) redevelopment of the central vista project in Delhi instead.","इस कार्यवाही को कई कारणों से समस्यात्मक बताया गया है, जिनमें अधिकारों का केंद्रीकरण, प्रवृत्ति में संघीय विरोधी एवं समाज के सूक्ष्म स्तर पर स्थानीय स्तर के विकास और सांसद के प्रभाव पर असर पड़ना शामिल हैं।"
"The current MLA from Angul (Odisha Vidhan Sabha constituency) is Rajanikant Singh of BJD who is elected in 2019 Odisha Legislative Assembly election and subsequently elected unopposed as the deputy speaker of the assembly. He won the seat in State elections of 2004, 2009, and 2014. His father Adwait Prasad Singh had won this seat in 2000 as a BJD candidate, in 1990 as JD candidate and in 1977 as JNP candidate.","उनके पिता, अद्वैत प्रसाद सिंह, ने यह सीट 2000 में बी.जे.डी. उम्मीदवार के रूप में, 1990 में जे.डी. उम्मीदवार के रूप में और 1977 में जे.एन.पी. उम्मीदवार के रूप में जीती थी।"
"The current MLA from Angul (Odisha Vidhan Sabha constituency) is Rajanikant Singh of BJD who is elected in 2019 Odisha Legislative Assembly election and subsequently elected unopposed as the deputy speaker of the assembly. He won the seat in State elections of 2004, 2009, and 2014. His father Adwait Prasad Singh had won this seat in 2000 as a BJD candidate, in 1990 as JD candidate and in 1977 as JNP candidate.","अंगुल (ओडिशा विधानसभा क्षेत्र) के वर्तमान विधायक बी.ज.द. के रजनीकांत सिंह हैं, जो 2019 के ओडिशा विधान सभा चुनाव में चुने गए थे और बाद में विधानसभा के उप-वक्ता के रूप में निर्विरोध चुने गए थे।"
"The issuance of PAN, verification, delivery and maintenance works on public-private partnership (PPP) model like Passport Seva Kendra (PSK) for reasons of economy, efficiency, and effectiveness. The reputed entities like NSDL e-Governance Infrastructure Limited (formerly National Securities Depository Limited) and UTI Infrastructure Technology Services Limited (UTIITSL) has been entrusted by Income Tax Department as managed service providers for processing of applications, collecting, handling and verifying personal documents like proof of ID, age and address, clarification with the applicants, printing the card and the letter and then mailing it. The processing agencies obtain the new PAN number online from the server of the income tax department after successful processing of the application documents.","आयकर विभाग ने एन.एस.डी.एल. ई-गवर्नेंस इंफ्रास्ट्रक्चर लिमिटेड (पूर्व में नेशनल सिक्योरिटीज डिपॉज़िटरी लिमिटेड) और यू.टी.आई. इंफ्रास्ट्रक्चर टेक्नोलॉजी सर्विसेज लिमिटेड (यू.टी.आई.आई.टी.एस.एल.) को आवेदनों के प्रक्रमण, पहचान-पत्र, आयु और पते के प्रमाण जैसे व्यक्तिगत दस्तावेजों को इकट्ठा करने, संभालने और सत्यापित करने, आवेदकों के साथ स्पष्टीकरण, कार्ड और पत्र को प्रिंट करने और इसे प्रबंधित सेवा प्रदाताओं को डाक से भेजने का काम सौंपा है।"
"The perimeter of the building is circular, with 144 columns on the outside. At the centre of the building is the circular Central Chamber, and surrounding this Chamber are three semicircular halls that were constructed for the sessions of the Chamber of Princes (now used as the Library Hall), the State Council (now used for the Rajya Sabha), and the Central Legislative Assembly (now used for the Lok Sabha). The parliament is surrounded by large gardens and the perimeter is fenced off by sandstone railings (jali).","भवन के मध्य में वृत्ताकार केंद्रीय कक्ष है और उसके चारों ओर तीन अर्ध-वृत्ताकार कक्ष हैं जिनका निर्माण राजकुमार कक्ष (जिसे अब पुस्तकालय कक्ष के रूप में प्रयोग में लाया जाता है), राज्य परिषद (जिसे अब राज्य सभा के लिए प्रयोग किया जाता है), और केंद्रीय विधान सभा (जिसे अब लोक सभा के लिए प्रयोग किया जाता है) के सत्रों के लिए किया गया था।"
"The slow but momentous reform movement developed gradually into the Indian independence movement. During the First World War, the hitherto bourgeois ""home-rule"" movement was transformed into a popular mass movement by Mahatma Gandhi, a pacifist lawyer. Revolutionaries such as Bagha Jatin, Khudiram Bose, Bhagat Singh, Chandrashekar Azad, Surya Sen, Subhas Chandra Bose differed from Gandhi in their use of violence during their campaigns against British rule.","बाघा जतिन, खुदीराम बोस, भगत सिंह, चंद्रशेखर आज़ाद, सूर्य सेन और सुभाष चंद्र बोस जैसे क्रांतिकारी ब्रिटिश शासन के खिलाफ अपने अभियान के दौरान हिंसा के प्रयोग के संबंध में गांधी से भिन्न थे।"
"There also exists a unicameral Cocos (Keeling) Islands Shire Council with seven seats. A full term lasts four years, though elections are held every two years; approximately half the members retire each two years. As of March 2022 the president of the shire is Aindil Minkom.",सात सीटों के साथ एक एक-सभा वाली कोकोस (कीलिंग) द्वीप-समूह की शायर परिषद भी अस्तित्व में है।
"There were international concerns related to how the support being sent to India is being used. By 5 May, India had received 5,769,442 items in aid. Support between 27 April and 14 May included ""10,796 oxygen concentrators, 12,269 oxygen cylinders; 19 oxygen generation plants; 6,497 ventilators, more than 4.2 lakh Remdesivir vials"".","5 मई तक भारत ने 5,769,442 वस्तुएँ मदद के रूप में प्राप्त कर ली थीं।"
"There were lapses on implementing official procedures. Antrix/ISRO had allocated the capacity of the above two satellites exclusively to Devas Multimedia, while the rules said it should always be non-exclusive. The Cabinet was misinformed in November 2005 that several service providers were interested in using satellite capacity, while the Devas deal was already signed.",नवम्बर 2005 में मंत्रिमंडल ने गलत जानकारी दी कि कई सेवा प्रदाताओं ने सैटलाइट क्षमता प्रयोग करने में रुचि दिखाई जबकि देवास सौदे पर पहले ही हस्ताक्षर कर दिए गए थे।
"Today, the Russian government engages in historical negationism. Russian media refers to the crimes against humanity and war crimes as a ""Western myth"", in Russian history textbooks, the atrocities are either altered to portray the Soviets positively or omitted entirely. In 2017, Russian President Vladimir Putin acknowledged the ""horrors of Stalinism"", but he also criticized the ""excessive demonization of Stalin"" by ""Russia's enemies"".","2017 में रूसी राष्ट्रपति व्लादिमीर पुतिन ने ""स्टालिनवाद की दहशत,"" को स्वीकार किया है लेकिन उन्होंने ""रूस के दुश्मनों"" द्वारा ""स्टालिन को अत्यन्त दुष्ट रूप में दर्शाने"" की भी आलोचना की।"
"U.S. minister to Britain Charles Francis Adams proved particularly adept and convinced Britain not to openly challenge the Union blockade. The Confederacy purchased several warships from commercial shipbuilders in Britain (CSSAlabama, CSSShenandoah, CSSTennessee, CSSTallahassee, CSSFlorida, and some others). The most famous, the CSSAlabama, did considerable damage and led to serious postwar disputes.","संघ ने ब्रिटेन में वाणिज्यिक पोत-निर्माताओं से कई युद्धपोत खरीदे (सी.एस.एस. अल्बामा, सी.एस.एस. शेनान्डोह, सी.एस.एस. टेनेसी, सी.एस.एस. टैलाहासी, सी.एस.एस. फ्लोरिडा, और कुछ अन्य)।"
"Under the new approach communities are being consulted and trained, and users agree up-front to pay a tariff that is set at a level sufficiently high to cover operation and maintenance costs. It also includes measures to promote sanitation and to improve hygiene behaviour. The national program follows a pilot program launched in 1999.","नए प्रस्ताव के तहत, समुदायों के साथ परामर्श किया जा रहा है एवं उन्हें प्रशिक्षित किया जा रहा है, एवं उपयोगकर्ता उस राशि का पूर्व भुगतान करने को तैयार हैं जो इतने ऊँचे स्तर पर निर्धारित है जिससे संचालन एवं अनुरक्षण लागत की पूर्ति की जा सके।"
"Vere Bird was prime minister from 1981 to 1994 and chief minister of Antigua from 1960 to 1981, except for the 19711976 period when the Progressive Labour Movement (PLM) defeated his party. Bird, the nation's first prime minister, is credited with having brought Antigua and Barbuda and the Caribbean into a new era of independence. Prime Minister Lester Bryant Bird succeeded the elder Bird in 1994.","सिवाय 1971-1976 की समयावधि के, जब प्रगतिशील श्रमिक आंदोलन (पी.एल.एम.) ने उनकी पार्टी को पराजित कर दिया था, वीर बर्ड 1981 से 1994 तक प्रधानमंत्री और 1960 से 1981 तक एंटीगुआ के मुख्यमंत्री थे।"
"With the departure of foreign troops and the long sought demise of Kabul's leftist government, The Islamic State of Afghanistan finally came into being in April 1992. This represented a distinct break with Afghan history, for religious specialists had never before exercised state power. But the new government failed to establish its legitimacy and, as much of its financial support dissipated, local and middle range commanders and their militia not only fought among themselves but resorted to a host of unacceptable practices in their protracted scrambles for power and profit.","लेकिन नई सरकार अपनी वैधता स्थापित करने में विफल रही और उसको प्राप्त वित्तीय समर्थन जैसे-जैसे खत्म होने लगा, स्थानीय और मध्यम दर्जे के कमांडर और उनकी नागरिक सेनाएँ न सिर्फ आपस में लड़ने लगीं बल्कि अधिकार और लाभ प्राप्त करने की होड़ में कई अस्वीकार्य कृत्यों में भी शामिल हो गईं।"
"all state administrative services officers in india are state civil servants posted as assistant collector cum subdistrict magistrate in various sub districts of india, ward officer in various municipal corporations, notified area councils, municipal councils, district parishads, block parishads and village panchayats and under secretary in various state secretariats. they belong to group 'b' rank and part of state civil services of india. the officers of following state civil services cadre are later promoted to indian administrative service.","भारत में सभी राज्य प्रशासनिक सेवा अधिकारी राज्य सिविल सेवक होते हैं जिन्हें सहायक कलेक्टर या उपजिला मैजिस्ट्रेट के रूप में भारत के विभिन्न उपजिलों में, विभिन्न नगर निगमों में, अधिसूचित क्षेत्र समितियों में, नगर परिषदों में, जिला परिषदों में, प्रखंड परिषदों में और ग्राम पंचायतों में तथा विभिन्न राज्य सचिवालयों में अवर सचिव के रूप में पदस्थापित किया जाता है।"
"A 2017 review found evidence that a Mediterranean-style diet could reduce the risk of cardiovascular diseases, overall cancer incidence, neurodegenerative diseases, diabetes, and mortality rate. A 2018 review showed that a Mediterranean-like diet may improve overall health status, such as reduced risk of non-communicable diseases. It also may reduce the social and economic costs of diet-related illnesses.","2018 के एक मूल्यांकन ने दर्शाया कि भूमध्यसागरीय जैसा आहार समग्र स्वास्थ्य स्थिति को सुधार सकता है, जैसे कि गैर-संचारी रोगों का जोखिम कम हो जाता है।"
"A blood test is generally performed for cardiac troponins twelve hours after onset of the pain. If this is positive, coronary angiography is typically performed on an urgent basis, as this is highly predictive of a heart attack in the near-future. If the troponin is negative, a treadmill exercise test or a thallium scintigram may be requested.",आम तौर पर दर्द शुरू होने के बारह घंटे बाद हृदय के ट्रोपोनिन के लिए रक्त की परीक्षा की जाती है।
"A circadian rhythm (), or circadian cycle, is a natural, internal process that regulates the sleepwake cycle and repeats roughly every 24 hours. It can refer to any process that originates within an organism (i.e., endogenous) and responds to the environment (entrained by the environment). These 24-hour rhythms are driven by a circadian clock, and they have been widely observed in animals, plants, fungi and cyanobacteria.",यह ऐसी किसी भी प्रक्रिया के लिए कह सकते हैं जो किसी जीव के अंदर उत्पन्न होती है (यानी अंतर्जात) और वातावरण के प्रति प्रतिक्रियात्मक होती है (वातावरण द्वारा संरोहित)।
"Agonism of the 5-HT2A receptor is an antitarget because 5-HT2A receptor agonists are associated with hallucinogenic effects. According to David E. Nichols, ""Discussions over the years with many colleagues working in the pharmaceutical industry have informed me that if upon screening a potential new drug is found to have serotonin 5-HT2A agonist activity, it nearly always signals the end to any further development of that molecule."" There are some exceptions however, for instance efavirenz and lorcaserin, which can activate the 5-HT2A receptor and cause psychedelic effects at high doses.","डेविड ई. निकोल्स के अनुसार, ""औषध क्षेत्र में काम कर रहे अपने कई सहकर्मियों के साथ चर्चा करने के बाद मुझे यह पता चला है कि किसी संभावित नई दवा की जाँच करने पर अगर उसमें सेरोटिन 5-एच.टी.2ए. क्रियाप्रेरक गतिविधि देखी जाती है तो यह उस अणु के प्रायः हमेशा ही आगे विकसित होने के अंत का संकेत होता है।"
"Allergy testing may help in determining the trigger. Skin allergy testing is available for certain foods and venoms. Blood testing for specific IgE can be useful to confirm milk, egg, peanut, tree nut and fish allergies.","विशिष्ट आई.जी.ई. के लिए रक्त परीक्षण दूध, अंडा, मूंगफली, काष्ठफल, और मछली से एलर्जी की पुष्टि करने में उपयोगी हो सकता है।"
"Bangalore's rapid growth has created several administrative problems relating to traffic congestion and degrading infrastructure. The unplanned nature of growth in the city resulted in massive traffic gridlocks; a flyover system and one-way traffic systems were introduced, which were only moderately successful. A 2003Battelle Environmental Evaluation System (BEES) evaluation of Bangalore's physical, biological and socioeconomic parameters indicated that Bangalore's water quality and terrestrial and aquatic ecosystems were close to ideal, while the city's socioeconomic parameters (traffic, quality of life) air quality and noise pollution were poor.","2003 की बैटल पर्यावरण मूल्यांकन प्रणाली (बीज़) द्वारा शहर के भौतिक, जैविक और सामाजिक आर्थिक मापदंडों के मूल्यांकन के अनुसार, बैंगलोर की पानी की गुणवत्ता और स्थलीय और जलीय पारिस्थितिकी तंत्र लगभग आदर्श थे, जबकि, शहर के सामाजिक-आर्थिक मापदंड (यातायात, जीवन की गुणवत्ता), वायु गुणवत्ता और ध्वनि प्रदूषण निम्न स्तर के थे।"
"Before the baby merges from the womb, an injection for pain control during childbirth may be administered through the vaginal wall and near the pudendal nerve. Because the pudendal nerve carries motor and sensory fibers that innervate the pelvic muscles, a pudendal nerve block relieves birth pain. The medicine does not harm the child, and is without significant complications.","गुह्य तंत्रिका में क्योंकि प्रेरक एवं संवेदी तंत्रिकाएं होती हैं जो श्रोणि मांसपेशियों में तंत्रिकाओं की आपूर्ति करती हैं, तो गुह्य तंत्रिका रोध से प्रसव पीड़ा से आराम मिलता है।"
"Camphor is commonly applied as a topical medication as a skin cream or ointment to relieve itching from insect bites, minor skin irritation, or joint pain. It is absorbed in the skin epidermis, where it stimulates nerve endings sensitive to heat and cold, producing a warm sensation when vigorously applied, or a cool sensation when applied gently, indicating its properties as a counterirritant. The action on nerve endings also induces a slight local analgesia.","यह बाह्यत्वचा में अवशोषित होता है, जहां यह ताप और ठंडक के प्रति संवेदनशील तंत्रिका अंतर्संघनों को प्रेरित करता है, जिससे, जब रगड़ कर इसे लगाया जाता है तो एक गर्माहट महसूस होती है और अगर हल्के हाथों से लगाया जाता है तो ठंडक महसूस होती है, जो इसके प्रतिक्षोभण गुणों को दर्शाता है।"
"Cholera reached the southern tips of the Ural Mountains in 1829. On 26 August 1829, the first cholera case was recorded in Orenburg with reports of outbreaks in Bugulma (7 November), Buguruslan (5 December), Menzelinsk (2 January 1830), and Belebey (6 January). With 3500 cases including 865 fatal ones in Orenburg province, the epidemic stopped by February 1830.",1829 में हैजा यूराल पर्वत के दक्षिणी छोर तक फैल गया था।
Collagen as haemostat: When collagen interacts with platelets it causes a rapid coagulation of blood. This rapid coagulation produces a temporary framework so the fibrous stroma can be regenerated by host cells. Collagen based haemostat reduces blood loss in tissues and helps manage bleeding in cellular organs like the liver and spleen.,रक्तरोधक के रूप में कोलाजन: जब कोलाजन प्लेटलेट के साथ अभिक्रिया करता है तो तेजी से रक्त स्कंदन होने लगता है।
"Currently administered human anthrax vaccines include acellular (USA, UK) and live spore (Russia) varieties. All currently used anthrax vaccines show considerable local and general reactogenicity (erythema, induration, soreness, fever) and serious adverse reactions occur in about 1% of recipients. New third-generation vaccines being researched include recombinant live vaccines and recombinant sub-unit vaccines.","वर्तमान में इस्तेमाल होने वाले सभी ऐन्थ्रेक्स टीके काफी अधिक स्थानीय एवं सामान्य अभिक्रियाशीलता (त्वग्रक्तिमा, कड़ापन, दर्द और बुखार) दर्शाते हैं तथा 1% प्राप्तकर्ताओं में गंभीर प्रतिकूल प्रभाव होते हैं।"
"Depending on the diagnosis, severity and individual, and the job itself, personality disorders can be associated with difficulty coping with work or the workplacepotentially leading to problems with others by interfering with interpersonal relationships. Indirect effects also play a role; for example, impaired educational progress or complications outside of work, such as substance abuse and co-morbid mental disorders, can be problematic. However, personality disorders can also bring about above-average work abilities by increasing competitive drive or causing the individual with the condition to exploit his or her co-workers.","निदान, तीव्रता और व्यक्ति के आधार पर तथा काम के आधार पर भी व्यक्तिगत विकार काम करने में या कार्य-स्थान में होने वाली परेशानी से संबंधित हो सकते हैं जिसके परिणामस्वरूप अन्य लोगों के साथ पारस्परिक संबंधों में बाधाएं पैदा करके संभावित रूप से अन्य लोगों के साथ समस्याएं हो सकती हैं।"
"Exhaled respiratory particles can build-up within enclosed spaces with inadequate ventilation. The risk of COVID19 infection increases especially in spaces where people engage in physical exertion or raise their voice (e.g., exercising, shouting, singing) as this increases exhalation of respiratory droplets. Prolonged exposure to these conditions, typically more than 15 minutes, leads to higher risk of infection.",उच्छश्वसित श्वास कणों की मात्रा अपर्याप्त संवातन वाले बंद स्थानों में बढ़ जाती है।
"Generic version of Tamiflu (Oseltamivir) was made available in Indian market, after several months of swine flu attack. Natco Pharma and Strides Arcolabs have launched their generic version of Oseltamivir, Natflu and Starflu. These drugs were made available to the customers directly under prescription.",कई महीनों से स्वाइन फ्लू से आक्रांत रहने के बाद टैमिफ्लू (ओसेल्टामिविर) का मूल रूप भारतीय बाज़ारों में उपलब्ध कराया गया।
"Health-enhancing intestinal bacteria of the gut flora serve to prevent the overgrowth of potentially harmful bacteria in the gut. These two types of bacteria compete for space and ""food"", as there are limited resources within the intestinal tract. A ratio of 80-85% beneficial bacteria to 15-20% potentially harmful bacteria generally is considered normal within the intestines, and maintains homeostasis.",आंतों में 80–85% लाभकारी बैक्टीरिया और 15–20% संभावित रूप से हानिकारक बैक्टीरिया का अनुपात आमतौर पर सामान्य माना जाता है और यह समस्थिति बनाए रखता है।
"However, a cholera epidemic reduced the population to 400 families by 1812. When the British finally usurped the area on 13 July 1829, it was almost deserted; efforts at that time to populate the place by inducting cultivators with an incentive of Rs 1260 to develop the lands at that time also failed. In 1879, a few Bhil and Naikda tribes resided there, but over the next few years, it became well known in India for its rulers and the monuments left behind by them","13 जुलाई 1829 में आखिरकार जब अंग्रेज़ों ने इस क्षेत्र को हड़प लिया था, यह प्रायः वीरान था; इस स्थान पर उस समय लोगों को बसाने के प्रयास के रूप में किसानों को भूमि को विकसित करने के लिए रु.1260 का दिया गया प्रलोभन भी विफल रहा।"
"In 2007, the Indian Psychiatric Society had 3000 registered psychiatrists on its rolls. In 2020, the society had over 7200 specialists enlisted. Mental health professionals such as psychiatrists acquire their qualification following completing an MD in Psychiatry, a Diploma in Psychiatric Medicine (DPM) or Diplomate of National Board (DNB) in Psychiatry; following an MBBS from a Medical Council of India center.","मनोरोग चिकित्सक जैसे मानसिक स्वास्थ्य के पेशेवर लोग अहर्ता प्राप्त करने के लिए भारतीय चिकित्सा परिषद के केंद्र से एम.बी.बी.एस. करने के बाद मनोरोग चिकित्सा में एम.डी., मनोरोग औषधी में डिप्लोमा (डी.पी.एम.), या मनोरोग चिकित्सा में डिप्लोमेट ऑफ नैशनल बोर्ड (डी.एन.बी.) पूरा करते हैं।"
"In Canada, after 6.6 million doses of vaccine had been distributed between 21 October and 7 November, there were reports of mild adverse events in 598 people vaccinated including: nausea, dizziness, headache, fever, vomiting, and swelling or soreness at the injection site. There were reports of tingling lips or tongue, difficulty breathing, hives, and skin rashes. Thirty six people had serious adverse events, including anaphylaxis and febrile convulsions.","कनाडा में 21 अक्तूबर और 7 नवम्बर के बीच टीके की 0.66 करोड़ खुराकें दिए जाने के बाद, 598 टीका प्राप्त करने वाले लोगों ने मिचली, सिर चकराने, सिर दर्द, बुखार, उल्टी और इंजेक्शन लगने के स्थान पर सूजन या दर्द जैसे हल्के प्रतिकूल प्रभाव होने की सूचना दी।"
"Live-attenuated vaccines are safe and stimulate a strong and effective immune response that is long-lasting. Given pathogens are attenuated, it is extremely rare for pathogens to revert to their pathogenic form and subsequently cause disease. Additionally, within the five WHO-recommended live attenuated vaccines (tuberculosis, oral polio, measles, rotavirus, and yellow fever), severe adverse reactions are extremely rare.","यह देखते हुए कि रोगाणु क्षीण हैं, बहुत ही कम संभावना है कि वे रोगजनक रूप पुनः वापस आएँ और बाद में बीमारी का कारण बनें।"
"Live-attenuated vaccines are safe and stimulate a strong and effective immune response that is long-lasting. Given pathogens are attenuated, it is extremely rare for pathogens to revert to their pathogenic form and subsequently cause disease. Additionally, within the five WHO-recommended live attenuated vaccines (tuberculosis, oral polio, measles, rotavirus, and yellow fever), severe adverse reactions are extremely rare.",जीवित-क्षीण विषाणु वाले टीके सुरक्षित होते हैं और एक तीव्र एवं प्रभावशाली प्रतिक्रिया प्रेरित करते हैं जो लंबे-समय तक रहती है।
"Malnutrition refers to deficiencies, excesses or imbalances in a person's intake of energy and/or nutrients. The term malnutrition covers 2 broad groups of conditions. One is undernutrition which includes stunting (low height for age), wasting (low weight for height), underweight (low weight for age) and micronutrient deficiencies or insufficiencies (a lack of important vitamins and minerals).","उनमें से एक है अल्पपोषण, जिसमें शामिल है वृद्धिरोध (उम्र के अनुसार कम लंबाई), क्षीणक-रोग (लंबाई के अनुसार कम वज़न), अति क्षीणकाय (उम्र के अनुसार कम वज़न) और सूक्ष्म पोषक तत्व की कमी या अपर्याप्तता (महत्वपूर्ण विटामिनों और खनिजों की कमी)।"
"Meditation lowers heart rate, oxygen consumption, breathing frequency, stress hormones, lactate levels, and sympathetic nervous system activity (associated with the fight-or-flight response), along with a modest decline in blood pressure. However, those who have meditated for two or three years were found to already have low blood pressure. During meditation, the oxygen consumption decrease averages 10 to 20 percent over the first three minutes.","हालांकि, जिन लोगों ने दो से तीन वर्षों तक ध्यान लगाया है, उनमें पहले से ही निम्न रक्तचाप पाया गया।"
"NCDs include many environmental diseases covering a broad category of avoidable and unavoidable human health conditions caused by external factors, such as sunlight, nutrition, pollution, and lifestyle choices. The diseases of affluence are non-infectious diseases with environmental causes. Examples include:","एन.सी.डी. में कई पर्यावरणीय रोग शामिल हैं जिनके अंतर्गत व्यापक वर्गों की परिहार्य और अपरिहार्य मानव स्वास्थ्य स्थितियाँ हैं जो धूप, पोषण, प्रदूषण और चुनी गई जीवनशैली जैसे बाह्य कारकों से होते हैं।"
"Non-immunologic mechanisms involve substances that directly cause the degranulation of mast cells and basophils. These include agents such as contrast medium, opioids, temperature (hot or cold), and vibration. Sulfites may cause reactions by both immunologic and non-immunologic mechanisms.","सल्फाइट दोनों, प्रतिरक्षात्मक एवं गैर-प्रतिरक्षात्मक विधियों से अभिक्रिया कर सकते हैं।"
"On 2 April 2020, Dagens Eko reported that significant spread of COVID-19 had occurred in retirement homes in at least 90 municipalities. Previously, the government and the public health authorities had strongly advised against external visits to retirement homes, with several municipalities outright banning them. A nationwide ban on external visits to retirement homes came into force on 1 April.","2 अप्रैल, 2020 में डागेन्स एको ने खबर दी कि कम से कम 90 नगरपालिकाओं के वृद्धों के लिए आवास व्यवस्थाओं में कोविड-19 का संक्रमण काफी फैल चुका था।"
"Once a virus genome becomes operational in a host cell, it then generates messenger RNA (mRNA) molecules that direct the synthesis of viral proteins. Production of mRNA is initiated by proteins known as transcription factors. Several antivirals are now being designed to block attachment of transcription factors to viral DNA.",जब एक विषाणु संजीन मेजबान कोशिका में काम करने लगता है तो वह संदेशवाहक आर.एन.ए. (एम.आर.एन.ए.) अणु उत्पन्न करता है जो विषाणु प्रोटीन के संश्लेषण का निर्देश देता है।
"Otherwise, being very elastic, it may return to its normal position. Additionally, the hymen may be lacerated by disease, injury, medical examination, masturbation or physical exercise. For these reasons, virginity cannot be definitively determined by examining the hymen.",इन्हीं कारणों से सतीत्व का निश्चित रूप से निर्धारण योनिच्छद की जांच से नहीं किया जा सकता है।
"Personality disorders are associated with considerable stigma in popular and clinical discourse alike. Despite various methodological schemas designed to categorize personality disorders, many issues occur with classifying a personality disorder because the theory and diagnosis of such disorders occur within prevailing cultural expectations; thus, their validity is contested by some experts on the basis of inevitable subjectivity. They argue that the theory and diagnosis of personality disorders are based strictly on social, or even sociopolitical and economic considerations.",वे तर्क प्रस्तुत करते हैं कि व्यक्तित्व विकारों के बारे में धारणा और निदान पूर्ण रूप से सामाजिक या फिर सामाजिक-राजनीतिक और आर्थिक मनन पर आधारित होती है।
"Socioeconomic status (SES) has been viewed as a risk factor for eating disorders, presuming that possessing more resources allows for an individual to actively choose to diet and reduce body weight. Some studies have also shown a relationship between increasing body dissatisfaction with increasing SES. However, once high socioeconomic status has been achieved, this relationship weakens and, in some cases, no longer exists.",कुछ अध्ययनों में शरीर के संबंध में बढ़ती असंतुष्टि और बढ़ते एस.ई.एस. के बीच संबंध दर्शाया है।
"The 2009 swine flu pandemic vaccines were influenza vaccines developed to protect against the pandemic H1N1/09 virus. These vaccines either contained inactivated (killed) influenza virus, or weakened live virus that could not cause influenza. The killed virus was injected, while the live virus was given as a nasal spray.",इन टीकों में या तो निष्क्रिय (मृत) इंफ्लुएंजा विषाणु होता है या कमज़ोर जीवित विषाणु होता है जिससे इंफ्लुएंजा नहीं हो सकता।
"The Africa CDC has played a role in responding to the global 201920 COVID-19 pandemic, which has affected Africa. In early April 2020, Director Dr John Nkengasong condemned remarks by two French scientists Professors, Jean-Paul Mira and Camille Locht suggesting that a potential tuberculosis vaccine for the coronavirus be test in Africa as ""disgusting and racist"". Dr Mira has since apologized for his remarks.","अप्रैल 2020 की शुरुआत में निदेशक, डॉ. जॉन एन्केंगेसॉन्ग ने दो फ्रेंच वैज्ञानिक -प्रोफेसर जॉन-पॉल मीरा और कमील लौक्ट की टिप्पणियों की निन्दा करते हुए उन टिप्पणियों को ""घृणास्पद और जातिवादी"" बताया क्योंकि इन वैज्ञानिकों ने सुझाव दिया था कि एक संभाव्य तपेदिक के टीके का कोरोनावाइरस के लिए परीक्षण अफ्रीका में किया जाए।"
"The Africa CDC is based at the Africa CDC Coordinating Centre in Addis Ababa, Ethiopia, which also contains the agency's Emergency Operations Centre. The agency is led by Director Dr John Nkengasong and Deputy Director Ahmed Ogwell Ouma. Besides its Executive Office and a Science and Programme Office, the agency also has several divisions dealing with ""policy, health diplomacy, and communication,"" ""management and administration,"" ""surveillance and disease intelligence,"" ""laboratory systems and networks,"" ""emergency preparedness and response,"" and "" public health institutes and research.""","कार्यकारी कार्यालय और एक विज्ञान एवं कार्यक्रम कार्यालय के अलावा एजेन्सी के कई विभाग हैं जो ""नीति, स्वास्थ्य राजनय, और संप्रेषण,"" ""प्रबंधन और प्रशासन,"" ""आवेक्षण और रोग आसूचना,""""प्रयोगशाला प्रणालियाँ और नेटवर्क,"" ""आपात स्थिति के लिए तैयारी और प्रतिक्रिया,"" और ""सार्वजनिक स्वास्थ्य संस्थान और शोध"" पर काम करते हैं।"
"The Africa CDC is based at the Africa CDC Coordinating Centre in Addis Ababa, Ethiopia, which also contains the agency's Emergency Operations Centre. The agency is led by Director Dr John Nkengasong and Deputy Director Ahmed Ogwell Ouma. Besides its Executive Office and a Science and Programme Office, the agency also has several divisions dealing with ""policy, health diplomacy, and communication,"" ""management and administration,"" ""surveillance and disease intelligence,"" ""laboratory systems and networks,"" ""emergency preparedness and response,"" and "" public health institutes and research.""",अफ्रीकी सी.डी.सी. इथियोपिया में अदीस अबाबा में स्थित अफ्रीका सी.डी.सी. समन्वय केंद्र पर आधारित है जहां पर एजेन्सी का आपातकालीन संचालन केंद्र भी है।
"The NCD Alliance is a global partnership founded in May 2009 by four international federations representing cardiovascular disease, diabetes, cancer, and chronic respiratory disease. The NCD Alliance brings together roughly 900 national member associations to fight non-communicable disease. Long-term aims of the Alliance include:",गैर-संचारी रोगों से लड़ने के लिए एन.सी.डी. अलायंस ने लगभग 900 राष्ट्रीय सदस्य समितियों को एकजुट किया है।
"The gastrointestinal tract (GI tract, digestive tract, alimentary canal) is the tract or passageway of the digestive system that leads from the mouth to the anus. The GI tract contains all the major organs of the digestive system, in humans and other animals, including the esophagus, stomach, and intestines. Food taken in through the mouth is digested to extract nutrients and absorb energy, and the waste expelled at the anus as feces.","मानवों और अन्य पशुओं में जठरांत्र क्षेत्र में भोजन नलिका, पेट और आंत्र सहित पाचन तंत्र के सभी मुख्य अंग होते हैं।"
"The gastrointestinal tract (GI tract, digestive tract, alimentary canal) is the tract or passageway of the digestive system that leads from the mouth to the anus. The GI tract contains all the major organs of the digestive system, in humans and other animals, including the esophagus, stomach, and intestines. Food taken in through the mouth is digested to extract nutrients and absorb energy, and the waste expelled at the anus as feces.","जठरांत्र क्षेत्र (जी.आई. प्रणाली, पाचन प्रणाली, आहार नली) पाचन तंत्र की प्रणाली या मार्ग है जो मुंह से शुरू होकर मलद्वार तक होता है।"
"There are additional factors contributing to protection from pathogen invasion. For example, low pH (ranging from 1 to 4) of the stomach is fatal for many microorganisms that enter it. Similarly, mucus (containing IgA antibodies) neutralizes many pathogenic microorganisms.","उदाहरण के लिए, पेट का कम पीएच (1 से 4 के बीच) विभिन्न सूक्ष्मजीवों के लिए जो पेट में प्रवेश करते हैं, घातक हो सकता है ।"
"Treatment for personality disorders is primarily psychotherapeutic. Evidence-based psychotherapies for personality disorders include cognitive behavioral therapy, and dialectical behavior therapy especially for borderline personality disorder. A variety of psychoanalytic approaches are also used.","व्यक्तित्व विकारों के लिए साक्ष्य-आधारित मनश्चिकित्सा में शामिल हैं संज्ञानात्मक व्यवहार उपचार और द्वंद्वात्मक व्यवहार उपचार, विशेष रूप से सीमावर्ती व्यक्तित्व विकार के मामलों में।"
"WHO described increasing capacity and adapting healthcare as a fundamental mitigation. The ECDC and WHO's European regional office issued guidelines for hospitals and primary healthcare services for shifting resources at multiple levels, including focusing laboratory services towards testing, cancelling elective procedures, separating and isolating patients, and increasing intensive care capabilities by training personnel and increasing ventilators and beds. The pandemic drove widespread adoption of telehealth.","ई.सी.डी.सी. और डब्ल्यू.एच.ओ. के यूरोपीय क्षेत्रीय कार्यालय ने अस्पतालों और प्राथमिक स्वास्थ्य देखभाल सेवाओं के लिए परीक्षण के लिए प्रयोगशाला सेवाओं पर ध्यान केंद्रण, चुनी गई पद्धतियों को रद्द करनाऔर कर्मियों को प्रशिक्षित करके तथा वेंटिलेटर एवं बेड की संख्या बढ़ा कर गहन देखभाल क्षमताएं बढ़ाने सहित कई स्तरों पर संसाधनों के स्थानांतरण के लिए दिशा-निर्देश जारी किए हैं।"
"serious health problems often result from physical, emotional, and sexual forms of domestic violence. physical health outcomes include: injury (from lacerations to fractures and internal organs injury), unwanted pregnancy, gynaecological problems, stds including hiv, miscarriage, pelvic inflammatory disease, chronic pelvic pain, headaches, permanent disabilities, asthma, irritable bowel syndrome, self-injurious behaviours (smoking, unprotected sex) mental health effects can include depression, fear, anxiety, low self-esteem, sexual dysfunction, eating disorders, obsessive-compulsive disorder, or post traumatic stress disorder. fatal effects can include suicide, homicide, maternal mortality, or hiv/aids.","शारीरिक स्वास्थ्य समस्याओं में चोटें (घावों से ले कर टूटी हड्डियों और आंतरिक अंगों में चोटें), अवांछित गर्भ, स्त्री रोग संबंधी समस्याएं, एच.आई.वी., गर्भपात, श्रोणि सूजन बीमारी, चिरकालिक श्रोणि दर्द, सिरदर्द, स्थायी अक्षमताएँ, अस्थमा, संवेदनशील आंत्र रोग जैसे यौन संक्रमित रोग शामिल हैं; स्व-हानिकारक व्यवहार (धूम्रपान, असुरक्षित यौन संबंध) में शामिल हैं; मानसिक स्वास्थ्य के परिणामों में अवसाद, भय, चिंता, कम आत्मसम्मान, यौन अक्षमता, खाने के विकार, जुनूनी बाध्यकारी विकार और अभिघातजन्य तनाव विकार शामिल हो सकते हैं।"
"A 2009 Cochrane review concluded that thiazide antihypertensive drugs reduce the risk of death (RR 0.89), stroke (RR 0.63), coronary heart disease (RR 0.84), and cardiovascular events (RR 0.70) in people with high blood pressure. In the ensuring years other classes of antihypertensive drug were developed and found wide acceptance in combination therapy, including loop diuretics (Lasix/furosemide, Hoechst Pharmaceuticals, 1963), beta blockers (ICI Pharmaceuticals, 1964) ACE inhibitors, and angiotensin receptor blockers. ACE inhibitors reduce the risk of new onset kidney disease [RR 0.71] and death [RR 0.84] in diabetic patients, irrespective of whether they have hypertension.","आने वाले वर्षों में, रक्तचाप कम करने की अन्य वर्गों की औषधियाँ विकसित की गईं और संयुक्त उपचार में इन्हें काफी स्वीकृति प्राप्त हुई, जिसमें शामिल थीं लूप डायरूटिक्स (लैसिक्स/फ्यूरोसेमाइड, होचेस्ट फार्मास्यूटिकल्स, 1963), बीटा-ब्लॉकर (आई.सी.आई. फार्मास्यूटिकल्स, 1964) ए.सी.ई. इन्हिबिटर्स, और ऐंजियोटेंसिन रीसेप्टर ब्लॉकर्स।"
"A total of 48,675 hectares (120,280 acres) of land is used for agriculture purposes. Paddy, the main food crop, is mostly cultivated in Andaman group of islands, whereas coconut and arecanut are the cash crops of Nicobar group of islands. Field crops, namely, pulses, oilseeds and vegetables are grown, followed by paddy during Rabi season.","मुख्य खाद्य फसल, धान, की खेती ज्यादातर अंडमान द्वीप समूह में की जाती है जबकि नारियल और सुपारी निकोबार द्वीप समूह की नकदी फसलें हैं।"
"ATI entered the mobile computing sector by introducing 3D-graphics acceleration to laptops in 1996. The Mobility product line had to meet requirements different from those of desktop PCs, such as minimized power usage, reduced heat output, TMDS output capabilities for laptop screens, and maximized integration. In 1997, ATI acquired Tseng Labs's graphics assets, which included 40 engineers.",ए.टी.आई. ने 1996 में लैपटॉप में 3डी-आलेखी त्वरण का प्रयोग करके मोबाइल कम्प्यूटिंग क्षेत्र में प्रवेश किया।
According to Greenpeace the largest coal belt in India is at Jharia. Before coal mining Jharia had forests inhabited by tribes. In 1971 the coal mines were nationalised.,"कोयले के खनन से पहले, झरिया में जंगल थे जहां आदिवासी रहते थे।"
"An international cargo hub project, the Multi-modal International Cargo Hub and Airport at Nagpur, (MIHAN), has been developed. MIHAN will be used for handling heavy cargo coming from South-East Asia and Middle-East Asia. The project will also include a 100 billion (US$1.3billion) Special Economic Zone (SEZ) for information-technology companies.","एक अंतर्राष्ट्रीय कार्गो हब परियोजना, मल्टी-मोडल इंटरनेशनल कार्गो हब एण्ड एयरपोर्ट ऐट नागपुर (मिहान) तैयार की गई है।"
"Ashok Leyland Defence Systems Ltd. (ALDS) also leverages Ashok Leyland's in-house R&D base, its collaboration with global technology leaders and Ashok Leyland's state-of-the-art plants in India. Ashok Leyland Defence Systems Ltd.","अशोक लेलैंड डिफेंस सिस्टम्स लिमिटेड (ए.एल.डी.एस.) कंपनी की संस्थानिक अनुसंधान और विकास क्षमताओं, प्रमुख वैश्विक प्रौद्योगिकी कंपनियों के साथ अपने सहयोग, और भारत में अशोक लेलैंड के संयंत्रों की अत्याधुनिक निर्माण सुविधाओं का लाभ उठाती है।"
"At SID's Display Week 2019 in May, Tianma and PlayNitride demonstrated their co-developed 7.56-inch (19.2cm) microLED display with over 60% transparency. China Star Optoelectronics Technology (CSoT) demonstrated a 3.3-inch (8.4cm) transparent microLED display with around 45% transparency, also co-developed with PlayNitride. Plessey Semiconductors Ltd demonstrated a monolithic monochrome blue GaN-on-silicon wafer bonded to a Jasper Display CMOS backplane 0.7-inch (18mm) active-matrix microLED display with an 8m pixel pitch.","प्लेसी सेमीकंडक्टर्स लिमिटेड ने 8 मि.मी. पिक्सेल पिच के साथ एक मोनोलिथिक मोनोक्रोमैटिक ब्लू जीएएन-ऑन-सिलिकॉन वेफर दिखाया, जिसे जैस्पर डिस्प्ले सी.एम.ओ.एस. बैकप्लेन 0.7-इंच (18 मि.मी.) सक्रिय-मैट्रिक्स माइक्रोएल.ई.डी. डिस्प्ले से जोड़ा गया था।"
"Bangalore's rapid growth has created several administrative problems relating to traffic congestion and degrading infrastructure. The unplanned nature of growth in the city resulted in massive traffic gridlocks; a flyover system and one-way traffic systems were introduced, which were only moderately successful. A 2003Battelle Environmental Evaluation System (BEES) evaluation of Bangalore's physical, biological and socioeconomic parameters indicated that Bangalore's water quality and terrestrial and aquatic ecosystems were close to ideal, while the city's socioeconomic parameters (traffic, quality of life) air quality and noise pollution were poor.",शहर के अनियोजित तरीके से बढ़ने के कारण यातायात में वाहनों का जमघट हो जाता था जिससे यातायात ठप हो जाता था; फ्लाई-ओवर प्रणाली और एकमार्गी यातायात की प्रणाली शुरू की गईं जो बस कुछ हद तक ही सफल रहीं।
"Constraints imposed by time zones can complicate communication; near-sourcing or nearshoring offers a solution. English language skills are the cornerstone of Nearshore and IT services. Collaboration by universities, industry, and government has slowly produced improvements.",अंग्रेजी भाषा में निपुणता तट के निकटवर्ती और सूचना प्रौद्योगिकी सेवाओं की आधारशिला है।
"Counter Measures Dispensing System (CMDS) is chaff and flare dispensing system. CMDS is an airborne defensive system providing self-protection to the aircraft by passive ECM against radar guided & IR seeking, air & ground launched missiles. Protection to the aircraft is achieved by misguiding the missiles by dispensing of chaff and/or flare payloads.","सी.एम.डी.एस. विमानवाहित सुरक्षा प्रणाली है जो निष्क्रिय ई.सी.एम. के माध्यम से हवाई जहाज को रेडार-मार्गदर्शित और आई.आर. अनुसरण करते, हवाई और जमीनी प्रक्षेपित मिसाइलों के खिलाफ आत्म-रक्षा प्रदान करती है।"
"Egypt produced 691,000bbl/d of oil and 2,141.05Tcf of natural gas in 2013, making the country the largest non-OPEC producer of oil and the second-largest dry natural gas producer in Africa. In 2013, Egypt was the largest consumer of oil and natural gas in Africa, as more than 20% of total oil consumption and more than 40% of total dry natural gas consumption in Africa. Also, Egypt possesses the largest oil refinery capacity in Africa 726,000bbl/d (in 2012).",2013 में मिस्र अफ्रीका में तेल और प्राकृतिक गैस का सबसे बड़ा उपभोक्ता था जिसकी अफ्रीका में तेल की कुल खपत के 20% से अधिक और शुष्क प्राकृतिक गैस की कुल खपत के 40% से अधिक खपत थी।
"Following a merger process, the merger of the 5 remaining associate banks, (viz. State Bank of Bikaner and Jaipur, State Bank of Hyderabad, State Bank of Mysore, State Bank of Patiala, State Bank of Travancore); and the Bharatiya Mahila Bank) with the SBI was given an in-principle approval by the Union Cabinet on 15 June 2016. This came a month after the SBI board had, on 17 May 2016, cleared a proposal to merge its five associate banks and Bharatiya Mahila Bank with itself.","विलय की प्रक्रिया के चलते, बाकी 5 सहयोगी बैंक (यानी स्टेट बैंक ऑफ बीकानेर एंड जयपुर, स्टेट बैंक ऑफ हैदराबाद, स्टेट बैंक ऑफ मैसूर, स्टेट बैंक ऑफ पटियाला, और स्टेट बैंक ऑफ ट्रैवेनकोर) एवं भारतीय महिला बैंक के एस.बी.आई. में विलय को केंद्रीय कैबिनेट ने 15 जून 2016 को सैद्धान्तिक रूप से अनुमोदन दिया।"
"GAIL is also an equity partner in two retail gas companies in Egypt, namely Fayum Gas Company (FGC) and National Gas Company (Natgas). Besides, GAIL is an equity partner in a retail gas company involved in city gas and CNG business in China China Gas Holdings Limited (China Gas). Further, GAIL and China Gas have formed an equally owned joint venture company GAIL China Gas Global Energy Holdings Limited for pursuing gas sector opportunities primarily in China.","गेल भी मिस्र की दो खुदरा गैस कंपनियों, फायुम गैस कंपनी (एफ.जी.सी.) और नैशनल गैस कंपनी (नैटगैस) में इक्विटी साझेदार है।"
"In 1824, Hamilton was introduced at Edgeworthstown to the novelist Maria Edgeworth, by the Rev. Richard Butler, the vicar of Trim, County Meath to whom his uncle James Hamilton was curate.:5,34 During the same period, his uncle introduced him to the Disney family at Summerhill, County Meath. The Disney sons attended Trinity College, and Hamilton had friends among them. At Summerhill, he met Catherine Disney, their sister.:37","एजवर्थस्टाउन में रेवरेंड रिचर्ड बटलर, जो काउंटी मीथ में ट्रिम के पादरी थे और जहां हैमिल्टन के चाचा जेम्स हैमिल्टन उपपादरी थे, वहाँ 1824 में पादरी ने हैमिल्टन का परिचय उपन्यासकार मरिया एडवर्थ से कराया।"
"In India, the first pharmaceutical company set up was Bengal Chemicals and Pharmaceutical. Bengal Chemicals and Pharmaceutical was set up by P.C Ray, professor of chemistry at Calcutta University. After 9 years of settlement of this company, one more company called Alembic Chemical works at Baroda (Now as Vadodara) in Gujarat was set up.",कलकत्ता विश्वविद्यालय के रसायनशास्त्र के प्रोफेसर पी.सी.राय ने बंगाल केमिकल्स एण्ड फार्मास्यूटिकल्स की स्थापना की थी।
"In March 1953, the Indian Parliament passed the Air Corporations Act. India's airline industry was nationalised and the eight domestic airlines operating independently at that time Deccan Airways, Airways India, Bharat Airways, Himalayan Aviation, Kalinga Airlines, Indian National Airways, Air India and Air Services of India were merged into two government-owned entities. Indian Airlines focussed on domestic routes and Air India International on international services. The International Airports Authority of India (IAAI) was constituted in 1972 while the National Airports Authority was constituted in 1986.",इंडियन एयरलाइन्स घरेलू मार्गों पर ध्यान केंद्रित करती थी जबकि एयर इंडिया इंटर्नैशनल अंतर्राष्ट्रीय सेवाओं पर ध्यान केंद्रित करती थी।
"In other cases the helicopter has been used solely for sensing and rocket delivered torpedoes used as the weapon. Surface ships continue to be an important ASW platform because of their endurance, now having towed array sonars. Submarines are the main ASW platform because of their ability to change depth and their quietness, which aids detection.",अन्य मामलों में हेलिकॉप्टर का प्रयोग केवल पता लगाने के लिए किया जाता है और यह शस्त्र के रूप में रॉकेट से प्रक्षेपित टारपीडो का प्रयोग करता है।
"In the 1980s the Spanish firm Esperanza y Cia developed a 120mm caliber mortar bomb which contained 21 anti-armor submunitions. What made the 120mm ""Espin"" unique was the electrical impact fusing system which totally eliminated dangerous duds. The system operates on a capacitor in each submunition which is charged by a wind generator in the nose of the projectile after being fired.",1980 के दशक में स्पेनी फर्म एस्परांज़ा वाई सिया ने 120 मि.मी. का मोर्टार बम विकसित किया जिसमें 21 छोटी अस्त्र-विरोधी युद्धसामग्रियाँ थीं।
"India's geothermal energy installed capacity is experimental, and commercial use is insignificant. According to some estimates, India has 10,600 MW of geothermal energy available. The resource map for India has been grouped into six geothermal provinces:","कुछ अनुमानों के अनुसार, भारत में 10,600 मेगावॉट की भूऊष्मीय ऊर्जा उपलब्ध है।"
"NRE Accounts are repatriable. Credits permitted to NRE account are inward remittance from outside India, interest accruing on the account, interest on investment, transfer from other NRE/ FCNR(B) accounts, maturity proceeds of investments (if such investments were made from this account or through inward remittance). Inward remittances from outside India, legitimate dues in India and transfers from other NRO accounts are permissible credits to NRO account.","भारत के बाहर से खाते में धनराशि प्राप्त करना, भारत में वैध देय राशि और अन्य एन.आर.ओ. खातों से स्थानांतरण एन.आर.ओ. खातों में अनुमत क्रेडिट होते हैं।"
"Nashik has a textile industry. National Bank for Agriculture and Rural Development has selected Yeola Block for development of Paithani Cluster. To facilitate exports, a container freight station was started at MIDC Ambad by the Central Government.",निर्यात सुगम बनाने के लिए केंद्र सरकार ने एम.आई.डी.सी. अम्बाद में मालवाहक पात्र स्टेशन शुरू किया।
"On 8 August 1984 a patent, US4575330, assigned to UVP, Inc., later assigned to Chuck Hull of 3D Systems Corporation was filed, his own patent for a stereolithography fabrication system, in which individual laminae or layers are added by curing photopolymers with impinging radiation, particle bombardment, chemical reaction or just ultraviolet light lasers. Hull defined the process as a ""system for generating three-dimensional objects by creating a cross-sectional pattern of the object to be formed,"". Hull's contribution was the STL (Stereolithography) file format and the digital slicing and infill strategies common to many processes today.","8 अगस्त, 1984 को, यू.वी.पी., इंक. ने एक स्टीरियोलिथोग्राफी निर्माण प्रणाली के लिए यू.एस.4575330 के लिए एक पेटेंट आवेदन दाखिल किया, जो कि पहले 3डी सिस्टम्स कॉर्पोरेशन के चक हल को दिया गया था, जिसमें फोटोपॉलिमर के साथ अतिक्रमण करने वाले विकिरण, कण बमबारी, रासायनिक प्रतिक्रिया, या सिर्फ पराबैंगनी प्रकाश लेज़रों का संकलन करके अलग-अलग लेमिना या परतें जोड़ी जाती हैं।"
"Other major industries include the manufacturing of scientific instruments, agricultural goods, electrical goods, machine tools, textiles, sewing machines, sports goods, starch, fertilisers, bicycles, garments, and the processing of pine oil and sugar. Minerals and energy resources also contribute to Punjab's economy to a much lesser extent. Punjab has the largest number of steel rolling mill plants in India, which are in ""Steel Town""Mandi Gobindgarh in the Fatehgarh Sahib district.","अन्य महत्वपूर्ण उद्योगों में शामिल है वैज्ञानिक उपकरणों, कृषि उत्पाद, बिजली का सामान, मशीन के यंत्र, कपड़ा, सिलाई मशीने, खेल-कूद का सामान, माड़ी, उर्वरक, साइकिल, वस्त्र के उत्पादन एवं पाइन तेल तथा चीनी का संसाधन।"
Power efficiency is another important measurement in modern computers. A higher power efficiency can often be traded for lower speed or higher cost. The typical measurement when referring to power consumption in computer architecture is MIPS/W (millions of instructions per second per watt).,अभिकलित्र संरचना में ऊर्जा की खपत को मापने के लिए आम तौर पर एम.आई.पी.एस./डब्ल्यू (प्रति वॉट प्रति सेकन्ड लाखों निर्देश) का प्रयोग होता है।
"Research Centre Imarat (RCI) and Terminal Ballistics Research Laboratory (TBRL) developed product called Aerosol Containment Box for enclosure of intubation procedure made with Poly(methyl methacrylate). It is cubical in shape designed for both adults and minors that covers the COVID-19 infected patients during medical examination and treatment from head to chest to stop the transmission of droplets containing the virus to others. Employees' State Insurance Corporation Medical College, Hyderabad helped RCI in prototype development while Postgraduate Institute of Medical Education and Research helped in testing, validation and acceptance of product for medical use.","कर्मचारी राज्य बीमा निगम चिकित्सा महाविद्यालय, हैदराबाद ने आर.सी.आई. को आद्यप्रारूप विकसित करने में मदद की जबकि स्नातकोत्तर चिकित्सा शिक्षा एवं अनुसंधान संस्थान ने चिकित्सा प्रयोजनों के लिए उत्पादों के परीक्षण, सत्यापन और अनुमोदन में मदद की।"
"Strange and exotic weapons are a recurring feature or theme in science fiction. In some cases, weapons first introduced in science fiction have now been made a reality. Other science fiction weapons remain purely fictional, and are often beyond the realms of known physical possibility.","कुछ मामलों में, वैज्ञानिक साहित्य में पहले जिन शस्त्रों के बारे में लिखा गया था, अब उन्हें एक वास्तविकता बना दिया गया है।"
"Tamil Nadu is facing largest power shortage since 2009 (34.1% deficit), the highest in the country, due to industrialization over the last decade. India's leading steel producer SAIL has a steel plant in Salem, Tamil Nadu. Tamil Nadu ranks first nationwide in diesel-based thermal electricity generation with national market share of over 34%.","भारत के अग्रणी इस्पात उत्पादक, सेल, का सालेम, तमिल नाडु में इस्पात संयंत्र है।"
"Tantalum electrolytic capacitors with PPy polymer electrolyte cathode followed three years later. In 1993 NEC introduced its SMD polymer Ta-e-caps called ""NeoCap"". In 1997 Sanyo followed with the ""POSCAP"" polymer tantalum chips.","1997 में सैन्यो ""पी.ओ.एस.सी.ए.पी."" बहुलक टैंटेलम चिप्स लाया।"
"The cockpit of an aircraft is a typical location for avionic equipment, including control, monitoring, communication, navigation, weather, and anti-collision systems. The majority of aircraft power their avionics using 14- or 28volt DC electrical systems; however, larger, more sophisticated aircraft (such as airliners or military combat aircraft) have AC systems operating at 400Hz, 115 volts AC. There are several major vendors of flight avionics, including The Boeing Company, Panasonic Avionics Corporation, Honeywell (which now owns Bendix/King), Universal Avionics Systems Corporation, Rockwell Collins (now Collins Aerospace), Thales Group, GE Aviation Systems, Garmin, Raytheon, Parker Hannifin, UTC Aerospace Systems (now Collins Aerospace), Selex ES (now Leonardo S.p.A.), Shadin Avionics, and Avidyne Corporation.","हवाई जहाज का कॉकपिट नियंत्रण, निगरानी, संप्रेषण, अनवेषण, मौसम और टक्कर-रोधी प्रणालियों सहित वैमानिकी उपकरणों का विशिष्ट स्थान है।"
"The development will be adjacent to the Larvotto district and also will include a small marina. There were four main proposals, and the final mix of use will be finalised as the development progresses. The name for the new district is Anse du Portier.","चार प्रमुख प्रस्ताव थे, और जैसे-जैसे विकास का कार्य आगे बढ़ता है, अंतिम प्रयोगों के मिश्रण पर अंतिम निर्णय लिया जाएगा।"
"The financial services industry contributed $809billion (37% of GDP) and employed 1.4 crore (14.17million) people (3% of the workforce) in 2016, and the banking sector contributed $407billion (19% of GDP) and employed 55 lakh (5.5million) people (1% of the workforce) in 2016. The Indian money market is classified into the organised sector, comprising private, public and foreign-owned commercial banks and cooperative banks, together known as 'scheduled banks'; and the unorganised sector, which includes individual or family-owned indigenous bankers or money lenders and non-banking financial companies. The unorganised sector and microcredit are preferred over traditional banks in rural and sub-urban areas, especially for non-productive purposes such as short-term loans for ceremonies.","भारतीय मुद्रा बाज़ार व्यवस्थित क्षेत्र और अव्यवस्थित क्षेत्रों में वर्गीकृत हैं, जिसमें व्यवस्थित क्षेत्र में शामिल हैं निजी, सार्वजनिक और विदेशी स्वामित्व वाले वाणिज्यिक एवं सहकारी बैंक जिनको एक साथ मिलाकर अनुसूचित बैंक भी कहा जाता है, और अव्यवस्थित क्षेत्र में एकल व्यक्ति या पारिवारिक स्वामित्व वाले स्वदेशी बैंकर या साहूकार एवं गैर-बैंकिंग वित्तीय कंपनियाँ शामिल हैं।"
"The first interconnection of regional grids was established in October 1991 when the North Eastern and Eastern grids were interconnected. The Western Grid was interconnected with these grids in March 2003. The Northern grid was also interconnected in August 2006, forming a Central Grid that was synchronously connected and operating at one frequency.",अगस्त 2006 में उत्तरी ग्रिड को भी अंतर्योजित किया गया जिससे केंद्रीय ग्रिड बना जो तुल्यकालिक रूप से जोड़ा गया और एक ही आवृत्‍ति पर संचालन करता है।
"The first interconnection of regional grids was established in October 1991 when the North Eastern and Eastern grids were interconnected. The Western Grid was interconnected with these grids in March 2003. The Northern grid was also interconnected in August 2006, forming a Central Grid that was synchronously connected and operating at one frequency.",क्षेत्रीय ग्रिडों का प्रथम अंतर्योजन अक्तूबर 1991 में स्थापित किया गया था जब उत्तर-पूर्वीय और पूर्वीय ग्रिडों को अंतर्योजित किया गया था।
"The retail prices of petrol and diesel are high enough in India to make electricity driven vehicles relatively economical. The retail price of diesel was 101.00 Rs/litre in 202122, and the retail price of petrol was 110.00 Rs/litre. The affordable retail electricity price to replace diesel would be up to 19 Rs/Kwh (860 Kcal/Kwh at 75% input electricity to shaft power efficiency versus diesel's net calorific value of 8572 Kcal/liter at 40% fuel energy to crankshaft power efficiency), and the comparable number to replace petrol would be up to 28 Rs/Kwh (860 Kcal/Kwh at 75% input electricity to shaft power efficiency versus petrol's net calorific value at 7693 Kcal/litre at 33% fuel energy to crankshaft power efficiency).","क्रैंकशाफ्ट पावर दक्षता के लिए 40% ईंधन ऊर्जा पर डीजल के शुद्ध कैलोरी मान 8572 किलोकैलोरी/लीटर की तुलना में, डीजल का स्थान लेने के लिए किफायती बिजली की कीमत 19 रुपये/किलोवाट (860 किलोकैलोरी/किलोवाट 75% निविष्ट बिजली से शाफ्ट बिजली दक्षता) तक होगी।, और पेट्रोल का स्थान लेने के लिए तुलनीय मूल्य 28 रुपये/किलोवाट (860 किलो कैलोरी/किलोवाट प्रति घंटा 75% निविष्ट बिजली पर शाफ्ट पावर दक्षता बनाम पेट्रोल का शुद्ध कैलोरी मान 7693 किलो कैलोरी/लीटर 33% ईंधन ऊर्जा से क्रैंकशाफ्ट पावर दक्षता) तक होगा।"
"There are hundreds of handsets in the market and they differ by screen size and supported technologies (e.g. MMS, WAP 2.0). For color images, formats such as PNG, JPEG, GIF and BMP are typically supported, along with the monochrome WBMP format. The following gives an overview of various handset screen sizes and a recommended image size for each type.","बाज़ार में सैकड़ों हैंडसेट हैं जो स्क्रीन के आकार और समर्थित तकनीकों (जैसे कि एम.एम.एस., डब्ल्यू.ए.पी. 2.0) में भिन्न हैं।"
This is a requirement of an immense magnitude. Budgetary sources cannot raise this much resources. Public Private Partnerships (PPP) approach is best suited for finding the resources.,संसाधनों का पता करने के लिए सार्वजनिक–निजी साझेदारी (पी.पी.पी.) दृष्टिकोण सबसे अनुकूल है।
"To ensure that workers in the prioritised industries in Calcutta would be fed, the authorities seized rice stocks from wholesale dealers, breaking any trust the rice traders had in the government. ""From that moment"", the 1945 report stated, ""the ordinary trade machinery could not be relied upon to feed Calcutta. The [food security] crisis had begun"".","1945 की रिपोर्ट में कहा गया, ""उस क्षण से कलकत्ता का पेट भरने के लिए सामान्य व्यापार व्यवस्था पर निर्भर नहीं किया जा सकता था।"""
"University printing began in Cambridge when the first practising University Printer, Thomas Thomas, set up a printing house in 1584. The first publication was a book, ""Two Treatises of the Lord His Holie Supper"". In 1591 the first Cambridge Bible was printed by John Legate and in 1629 Cambridge folio edition of the King James Bible is printed by Thomas and John Buck.","1591 में जॉन लेगेट ने पहली केम्ब्रिज बाइबल छापी थी, और 1629 में किंग जेम्स बाइबल का केम्ब्रिज फोलियो संस्करण थॉमस और जॉन बक द्वारा छापा गया था।"
"Wind power costs in India are decreasing rapidly. The levelised tariff of wind power reached a record low of ₹2.43 ($0.03 US) per kWh (without any direct or indirect subsidies) during auctions for wind projects in December 2017. However, the levelised tariff increased to ₹2.77 ($0.035 US) per kWh in March 2021.","दिसंबर 2017 में पवन परियोजना की नीलामी के दौरान, स्तरीकृत पवन ऊर्जा शुल्क (बिना किसी प्रत्यक्ष या अप्रत्यक्ष सहायता के) 2.43 रु. ($0.03 यू.एस. डॉलर) प्रति किलोवाट प्रति घंटे के निम्नतम स्तर पर पहुंच गया।"
"between 1957 and 1967, aluminium one-, two-, three-, five- and ten-paise coins were introduced. in 1968 nickel-brass 20-paise coins were introduced, and replaced by aluminium coins in 1982. between 1972 and 1975, cupro-nickel replaced nickel in the 25 paise, 50 paise and the 1 rupee coins in 1982, cupro-nickel two rupee coins were introduced.","1972 और 1975 के बीच 25 पैसे, 50 पैसे और 1 रुपये के सिक्कों में गिलट की जगह ताम्रनिकल ने ले ली; 1982 में ताम्रनिकल के दो रुपये के सिक्के सामने लाए गए।"
"A controversial study by social scientist Hans Dembowski concluded that PILs had been successful in making official authorities accountable to NGOs. While Dembowski also found some effect at the grassroots level, PIL cases dealing with major environmental grievances in the Kolkata urban agglomeration did not tackle underlying problems (such as inadequate town planning). Dembowsk wrote about it in his book, Taking the State to Supreme Court - Public Interest Litigation and the Public Sphere in Metropolitan India which was originally published by Oxford University Press in 2001. The publisher, however, discontinued distribution because of contempt of court proceedings initiated by the Calcutta High Court.","डेम्बोव्स्की ने अपनी लिखी और पहली बार 2001 में ऑक्सफोर्ड यूनिवर्सिटी प्रेस द्वारा जारी की गई पुस्तक ""टेकिंग द स्टेट टू द सुप्रीम कोर्ट: पब्लिक इंटरेस्ट लिटिगेशन एंड द पब्लिक स्फियर इन मेट्रोपॉलिटन इंडिया"", में इस विषय के बारे में लिखा।"
"A protected person may not have anything done ""of such a character as to cause physical suffering or extermination... the physical suffering or extermination of protected persons in their hands. This prohibition applies to murder, torture, corporal punishments, mutilation and medical or scientific experiments not necessitated by the medical treatment.","संरक्षित व्यक्ति ने शायद ""ऐसी प्रकृति का कुछ न किया हो जिससे शारीरिक यातना हो या संहार हो।"""
"Article 28 states that even when a village is captured through war, pillaging is not allowed by any party. That is repeated in Article 47, Section III. The articles above were reaffirmed by Convention IV of the 1907 Convention.",अनुच्छेद 28 में कहा गया है कि युद्ध के दौरान किसी गांव पर कब्जा करने के बाद भी किसी भी पक्ष को लूट-मार करने की अनुमति नहीं है।
"Article 8 of the Convention stresses parties' commitment to awareness raising to foster respect for rights and dignity to counter disability discrimination. Parties commit to raise disability awareness throughout society, including at the family level, to combat stereotypes, prejudices and harmful practices relating to persons with disabilities, including those aggravated by sex and age discrimination. They commit to effective public awareness campaigns to foster positive perceptions in the labour market, the media, and elsewhere.",सम्मेलन का अनुच्छेद 8 विकलांगता भेद-भाव का विरोध करने के लिए अधिकारों और गरिमा के प्रति सम्मान को बढ़ावा देने हेतु जागरूकता बढ़ाने के प्रति दलों की प्रतिबद्धता पर बल देता है।
"Articles 73 to 79 of the Federal Constitution specifies the subject in which the federal and state government may legislate. Parliament has the exclusive power to make laws over matters falling under the Federal List (such as citizenship, defence, internal security, civil and criminal law, finance, trade, commerce and industry, education, labour, and tourism) whereas each State, through its Legislative Assembly, has legislative power over matters under the State List (such as land, local government, Syariah law and Syariah courts, State holidays and State public works). Parliament and State legislatures share the power to make laws over matters under the Concurrent List (such as water supplies and housing) but Article 75 provides that in the event of conflict, Federal law will prevail over State law.","संसद को संघीय सूची (जैसे नागरिकता, रक्षा, आंतरिक सुरक्षा, नागरिक और आपराधिक कानून, वित्त, व्यापार, वाणिज्य और उद्योग, शिक्षा, श्रम और पर्यटन) के अंतर्गत आने वाले मामलों पर कानून बनाने का विशेष अधिकार है, जबकि प्रत्येक राज्य, अपनी विधान सभा के माध्यम से, राज्य सूची के अंतर्गत आने वाले मामलों पर विधायी अधिकार रखता है, (जैसे भूमि, स्थानीय सरकार, शरीया कानून और शरीया अदालतें, राज्य अवकाश और राज्य सार्वजनिक कार्य)।"
"Den Bosch, Sittard-Geleen, Stein and Capelle aan den IJssel issued an emergency decree for the upcoming night. Beek and Echt-Susteren will have an emergency decree until the 10th of February, which will allow the police to do stop-and-frisk without reason. Zwolle declared an emergency order, which is one step below an emergency decree in Dutch law.","10 फरवरी तक, बीक और एच्ट-सस्टरन एक आपातकालीन आज्ञप्ति के तहत होंगे जिसमें पुलिस को बिना कारण बताए रोकने और तलाशी लेने की अनुमति होगी।"
"Each state has a Bar Council of its own whose function is to enroll the barristers willing to practise predominantly within the territorial confines of that state and to perform the functions of the Bar Council of India within the territory assigned to them. Therefore, each law degree holder must be enrolled with a (single) State Bar Council to practise in India. However, enrollment with any State Bar Council does not restrict the Barrister from appearing before any court in India, even though it is beyond the territorial jurisdiction of the State Bar Council which they are enrolled in.","हालांकि किसी भी राज्य विधिज्ञ परिषद में नामांकन, किसी बैरिस्टर को किसी भी भारतीय अदालत में पेश होने से नहीं रोकता है, भले ही वह अदालत राज्य विधिज्ञ परिषद के क्षेत्रीय प्राधिकरण के बाहर स्थित हो।"
"Egyptians had lived under emergency law from 1967 until 31 May 2012 (with one 18-month break starting in 1980). Emergency laws have been extended every three years since 1981. These laws sharply circumscribed any non-governmental political activity: street demonstrations, non-approved political organizations, and unregistered financial donations were formally banned.","यह कानून कठोरता से किसी भी गैर-सरकारी राजनीतिक गतिविधि को प्रतिबंधित करते हैं: जलूस निकालना, गैर-अनुमोदित राजनीतिक संगठन और अपंजीकृत वित्तीय योगदान विधिवत् रूप से निषेध किए गए।"
"For various reasons, most couples who marry do so with the expectation of fidelity. Adultery is often seen as a breach of trust and of the commitment that had been made during the act of marriage. Adultery can be emotionally traumatic for both spouses and often results in divorce.",विवाह-कार्य के दौरान की गई प्रतिबद्धता अक्सर व्यभिचार द्वारा तोड़े जाने के रूप में देखी जाती है।
"Have you carefully read the help pages and thoroughly fixed the problem? Or have you made a considered decision that the template is not, or is no longer, applicable? Great!",क्या आपने सहायता पृष्ठ ध्यानपूर्वक पढ़े हैं और पूर्ण रूप से समस्या का निवारण किया है?
"In February 2006, Belgium announced its decision to ban the weapon by law. Then Norway announced a national moratorium in June and Austria announced its decision in July to work for an international instrument on the weapon. The international controversy over the use and impact of cluster munitions during the war between Lebanon and Israel in July and August 2006 added weight to the global campaign for a ban treaty.","जुलाई और अगस्त 2006 में इजरायल-लेबनानी संघर्ष के दौरान गुच्छ युद्ध-सामग्री के इस्तेमाल और प्रभाव से दुनिया भर में एक बहस छिड़ गई, जिससे उनके उपयोग पर प्रतिबंध लगाने वाली संधि के लिए वैश्विक अभियान को और दृढ़ता मिली।"
"In Taiwan, polls and research have consistently shown strong support for the death penalty at 80%. This includes a survey conducted by the National Development Council of Taiwan in 2016, showing that 88% of Taiwanese people disagree with abolishing the death penalty. Its continuation of the practice drew criticism from local rights groups.",ताइवान में मतदान और शोध ने लगातार मृत्यु दंड के पक्ष में दृढ़ समर्थन दर्शाया है जो 80% है।
"In addition, former chief prosecutor of the Nuremberg Trials Benjamin Ferencz has called the invasion of Iraq a ""clear breach of law"", and as such it constitutes a crime against peace. On November 14, 2006, invoking universal jurisdiction, legal proceedings were started in Germany for their alleged involvement of prisoner abuse against Donald Rumsfeld, Alberto Gonzales, John Yoo, George Tenet and others. This allegedly prompted recently retired Donald Rumsfeld to cancel a planned visit to Germany.","इसके अलावा, ईराक पर आक्रमण ""कानून का स्पष्ट उल्लंघन"" है और नूरमबर्ग मुकदमों में एक पूर्व मुख्य अभियोक्ता बेंजामिन फेरेंज़ के अनुसार, इस तरह से यह शांति के खिलाफ अपराध का निर्माण करता है।"
"Kamara, Kanu, and Bangura were also tried in June 2012. In September 2012, they were convicted of contempt of court. Kanu and Bangura were convicted of two counts of ""interfering with the administration of justice by offering a bribe to a witness"" and for attempting to induce a witness who had given testimony before the special court to recant.","सितंबर 2012 में, उन लोगों को न्यायालय की अवमानना करने के लिए अपराधी घोषित किया गया था।"
"Many other cases go unreported for fear of reprisals and exposure to public shame. In some cases police let the offenders go, after public humiliation through the murga punishment. In 2008, a Delhi court ordered a 19-year-old caught making lewd remarks to passing females to distribute 500 handbills to youngsters outside schools and colleges detailing the consequences of indecent conduct.",दिल्ली की एक अदालत ने 2008 में 19 साल के एक लड़के को गुज़रती हुई महिलाओं पर यौन टिप्पणियाँ करते हुए पकड़े जाने पर आदेश दिया कि वह स्कूलों और विश्वविद्यालयों के बाहर बच्चों को इस तरह के अश्लील व्यवहार के नतीजों का विवरण देने वाले 500 विज्ञापन-पत्र बाँटे।
"On 11 March 2015, Special CBI judge took cognizance of the offence under Sections 120-B and 409 of Indian Penal Code, 1860 and Sections 13(1)(c), 13(1)(d)(iii) of Prevention of Corruption Act, 1988 against Dr. Manmohan Singh and five other accused namely M/s. HINDALCO, Subendhu Amitabh, D. Bhattacharya, Kumar Mangalam Birla, P.C. Parakh.","11 मार्च, 2015 को एक विशेष सी.बी.आई. न्यायाधीश ने अपराध का संज्ञान लेते हुए डॉक्टर मनमोहन सिंह और पांच अन्य प्रतिवादियों, मैसर्स हिंडाल्को, शुभेंदु अमिताभ, डी. भट्टाचार्य, कुमार मंगलम बिड़ला, और पी.सी. पारेख, पर भ्रष्टाचार निवारण अधिनियम, 1988 की धारा 13(1)(सी) और 13(1)(डी)(iii) और भारतीय दंड संहिता, 1860 की धारा 120-बी और 409 का उल्लंघन करने का आरोप लगाया था।"
"On 26 April 2012, Charles Taylor was convicted on all 11 counts with which he remained charged. He was previously acquitted of ordering war crimes and of joint conspiracy. On 30 May 2012, he was sentenced to a term of 50 years in prison.",पहले उन्हें युद्ध अपराधों का आदेश देने और संयुक्त षड्यंत्र रचने से विमुक्त कर दिया गया था।
"On 9 February 2021, the NLD's headquarters in Yangon was raided by Myanmar police. Myanmar military regime distributed a draft for the controversial Cyber Security Law to internet service providers, asking them to provide comments by 15 February 2021. The law was widely criticised by IT communities as it violates human rights by putting citizens under digital surveillance and severely restricting freedom of speech.",आई.टी. समुदायों ने इस कानून की व्यापक रूप से आलोचना की क्योंकि यह नागरिकों की डिजिटल निगरानी करके और अभिव्यक्ति की स्वतंत्रता को गंभीर रूप से सीमित करके मानव अधिकारों का उल्लंघन करता है।
"Per Article 38 (1), prompt rendering of the justice by courts is part of animating judiciary. Rendering prompt justice is the foremost purpose of the constitution as enshrined in the Preamble to the constitution also. However the judiciary is failing in this respect by causing inordinate delay considering time of rendering justice in a case arbitrarily is its constitutional liberty.","संविधान का मुख्य उद्देश्य है लोगों को शीघ्र न्याय दिलाना, जैसा कि संविधान की प्रस्तावना में प्रतिष्‍ठापित है।"
"Proceedings are conducted in English only. The Supreme Court Rules of 1966 were framed under Article 145 of the Constitution, which exists to regulate its practices and procedures. Article 145 was amended and is governed by the Supreme Court Rules of 2013.",अनुच्छेद 145 को संशोधित किया गया और 2013 के सर्वोच्च न्यायालय के नियमों के अधीन है।
"Some countries do not permit a review of the validity of primary legislation. In the United Kingdom, Acts of Parliament cannot be set aside under the doctrine of parliamentary sovereignty, whereas Orders in Council, another type of primary legislation not passed by Parliament, can (see Council of Civil Service Unions v/s Minister for the Civil Service (1985) and Miller/Cherry (2019)). Another example is the Netherlands, where the constitution expressly forbids the courts to rule on the question of constitutionality of primary legislation passed by the Dutch legislature or States-General.","यूनाइटेड किंगडम में संसदीय संप्रभुता सिद्धांत के अनुसार, संसद के अधिनियमों को अलग नहीं रखा जा सकता है, जबकि परिषद में आदेश, जो कि एक अन्य प्रकार का प्राथमिक कानून है जिसे संसद द्वारा पारित नहीं किया जा सकता है, को अलग रखा जा सकता है, (देखें सिविल सेवा संघ बनाम सिविल सेवा मंत्री) (1985) और मिलर/चेरी (2019))।"
"Statelessness is defined by the 1954 Statelessness Convention as ""a person who is not considered a national by any State under operation of its law. A person can become stateless because of administrative reasons. For example, ""A person may be at risk of statelessness if she is born in a State that applies jus sanguinis while her parents were born in a State that applies jus soli, leaving the person ineligible for citizenship in both States due to conflicting laws."" Moreover, there are countries in which if a person does not reside for a specified period of time, they can automatically lose their nationality.","उदाहरण के तौर पर, ""किसी व्यक्ति को तब राज्यविहीनता का खतरा हो सकता है जब वह एक ऐसे राज्य में पैदा हुआ हो जहाँ नागरिकता का आधार रक्त से माना जाता है, जबकि उसके माता-पिता एक ऐसे राज्य में पैदा हुए थे जहाँ यह आधार जन्म से माना जाता है, जिस वजह से उस व्यक्ति को परस्पर विरोधी कानूनों के कारण दोनों राज्यों में नागरिकता के लिए अयोग्य बना देता है।"""
"The Declaration also emphasizes the ""full right to freedom and self-determination"", and its opposition to enslavement, oppression, exploitation, and colonialism. The CDHRI declares the rule of law, establishing ""equality and justice for all"", with the limitations provided under Islamic law. The CDHRI also guarantees all individuals the ""right to participate, directly or indirectly in the administration of his country's public affairs"".","सी.डी.एच.आर.आई. यह भी सुनिश्चित करता है कि हर एक व्यक्ति को ""अपने देश के लोक कार्यों के प्रशासन में प्रत्यक्ष अथवा अप्रत्यक्ष रूप से भाग लेने का अधिकार है।"""
The Federal Court of India came into being on 1 October 1937. The seat of the court was the Chamber of Princes in the Parliament building in Delhi. It began with a chief justice and two puisne judges.,अदालत दिल्ली में संसदीय भवन के नरेंद्रमण्डल में बैठती थी।
"The Geneva Conventions (GC) and their Additional Protocols (APs) require that any prisoners of war facing a judicial proceeding receive a fair trial. For example, Articles 102108 of the 1949 Third Geneva Convention detail requirements for the fairness of trials against prisoners of war. Other provisions require a ""fair and regular trial""; ""safeguards of proper trial and defence""; an ""impartial and regularly constituted court respecting the generally recognized principles of regular judicial procedure""; a ""regularly constituted court affording all the judicial guarantees which are recognized as indispensable by civilized peoples""; and ""court offering the essential guarantees of independence and impartiality.""",जिनेवा सम्मेलन (जी.सी.) और उनके अतिरिक्त नवाचार (ए.पी.) का इस बात पर जोर रहता है कि न्यायिक कार्यवाही का सामना कर रहे किसी भी युद्ध कैदी को निष्पक्ष सुनवाई मिले।
"The Indonesian Supreme Court (Indonesian: Mahkamah Agung) is the highest level of the judicial branch. Its judges are appointed by the president. The Constitutional Court rules on constitutional and political matters (Indonesian: Mahkamah Konstitusi), while a Judicial Commission (Indonesian: Komisi Yudisial) oversees the judges.",इंडोनेशिया का सर्वोच्च न्यायालय (इंडोनेशियाई भाषा में: महकामाह आगुंग) न्यायिक शाखा का उच्चतम स्तर है।
"The MTP Act details that for terminations up to 12 weeks, the opinion of a single Registered Medical Practitioner (RMP) is required and for terminations between 12 and 20 weeks the opinion of two RMP's is required. However, termination is conducted by one RMP. The MTP Regulations, 2003 prescribe opinion of RMP/s to be recorded on Form I as detailed below:","चिकित्सीय रूप से गर्भ समापन अधिनियम के अनुसार, 12 सप्ताह तक के गर्भ की समाप्ति के लिए एक एकल पंजीकृत चिकित्सक (आर.एम.पी.) की राय आवश्यक होगी, और 12 से 20 सप्ताह के बीच के गर्भ की समाप्ति के लिए दो पंजीकृत चिकित्सकों को अपनी राय देनी होगी।"
"The Ottawa Treaty does not cover all types of unexploded ordnance. Cluster bombs, for example, introduce the same problem as mines: unexploded bomblets can remain a hazard for civilians long after a conflict has ended. A separate Convention on Cluster Munitions was drafted in 2008 and was adopted and entered into force in 2010.","उदाहरण के लिए गुच्छ-बम जिनसे बारूदी बम के समान ही समस्या हो सकती है: छोटे बम जो फटते नहीं हैं, संघर्ष खत्म होने के लंबे समय के बाद भी नागरिकों के लिए खतरा बने रह सकते हैं।"
"The debates over the ""Statement on Human Rights"", then, was not merely over the validity of cultural relativism, or the question of what makes a right universal. It forced anthropologists to confront the question of whether anthropological research is relevant to non-anthropologists. Although Steward and Barnett seemed to be suggesting that anthropology as such should restrict itself to purely academic affairs, people within and without the academy have continued to debate the ways non-anthropologists have used this principle in public policy concerning ethnic minorities or in international relations.","यद्यपि स्टीवर्ड और बार्नेट इस बात की वकालत करते दिखाई दिए कि मानव विज्ञान को विशुद्ध रूप से अकादमिक मामलों तक सीमित रहना चाहिए, अकादमी के अंदर और बाहर के लोगों ने अब तक इस बात पर बहस करना जारी रखा है कि कैसे गैर-मानवशास्त्रियों ने जातीय अल्पसंख्यकों या अंतर्राष्ट्रीय संबंधों के बारे में सार्वजनिक नीति में इस सिद्धांत का उपयोग किया है।"
"The judgement against Jean-Paul Akayesu established rape as a war crime. Rape was placed in line with ""other acts of serious bodily and mental harm"" rather than the historical view of rape as ""a trophy of war"". Akayesu was held responsible for his actions and non-actions as mayor and police commander of a commune in which many Tutsis were killed, raped, tortured, and otherwise persecuted.",जीन-पॉल अकेसेयु के खिलाफ निर्णय में बलात्कार को युद्ध अपराध स्थापित किया गया।
"The origins of international law can be traced back to antiquity. Among the earliest examples are peace treaties between the Mesopotamian city-states of Lagash and Umma (approximately 2100 BCE), and an agreement between the Egyptian pharaoh Ramses II and the Hittite king, Hattusilis III, concluded in 1258 BCE. Interstate pacts and agreements of various kinds were also negotiated and concluded by polities across the world, from the eastern Mediterranean to East Asia.",लैगाश और उम्मा (लगभग 2100 ईसा पूर्व) के मेसोपोटामिया के शहर-राज्यों के बीच शांति समझौते और 1258 ईसा पूर्व में मिस्र के फैरो रैमेसीज़ द्वितीय और हित्ती सम्राट हत्तुसिली तृतीय के बीच हुआ समझौता सबसे प्रारंभिक उदाहरणों में से दो हैं।
"The public opinion on the death penalty varies considerably by country and by the crime in question. Countries where a majority of people are against execution include Norway, where only 25% are in favour. Most French, Finns, and Italians also oppose the death penalty.",मृत्यु दण्ड पर जनता की राय देश और अपराध के मद्दे नज़र बहुत अलग अलग होती है।
"The scope of judicial review may be limited to certain questions of fairness, or whether the administrative action is ultra vires. In terms of ultra vires actions in the broad sense, a reviewing court may set aside an administrative decision if it is unreasonable (under Canadian law, following the rejection of the ""Patently Unreasonable"" standard by the Supreme Court in Dunsmuir v New Brunswick), Wednesbury unreasonable (under British law), or arbitrary and capricious (under U.S. Administrative Procedure Act and New York State law). Administrative law, as laid down by the Supreme Court of India, has also recognized two more grounds of judicial review which were recognized but not applied by English Courts, namely legitimate expectation and proportionality.","व्यापक अर्थों में अधिकातीत क्रियाओं के संदर्भ में, समीक्षा करने वाला न्यायालय एक प्रशासनिक निर्णय को पलट सकता है यदि यह अनुचित (कनाडाई कानून के तहत, सर्वोच्च न्यायालय द्वारा डनस्म्यूर बनाम न्यू ब्रुन्सविक में ""स्पष्ट रूप से अनुचित"" मानक की अस्वीकृति के बाद) वेड्नेसबरी अनुचित (ब्रिटिश कानून के तहत), मनमाना और स्वेच्छाचारी (अमेरिकी प्रशासनिक प्रक्रिया अधिनियम और न्यूयॉर्क राज्य कानून के तहत) है।"
The sole owner and the nominee shall execute two forms INC-3 and INC-4 for the entire process of change in nominee. INC-3 is the witness consent form. Its an internal form.,"नामित व्यक्ति को बदलने की पूरी प्रक्रिया के लिए, एकल मालिक और नामित व्यक्ति दो प्रपत्रों, आई.एन.सी.-3 और आई.एन.सी.-4 को कार्यान्वित करेंगे।"
"Trials in the Ntaganda case (DR Congo), the Bemba et al. OAJ case and the Laurent Gbagbo-Bl Goud trial in the Cte d'Ivoire situation are ongoing. The Banda trial in the situation of Darfur, Sudan, was scheduled to begin in 2014 but the start date was vacated.","दारफुर, सूडान की स्थिति में बांदा मुकदमा 2014 में शुरू होने के लिए निर्धारित था, किंतु प्रारंभ तिथि रद्द कर दी गई थी।"
"United Nations Security Council Resolution 1325 (S/RES/1325), on women, peace, and security, was adopted unanimously by the UN Security Council on 31 October 2000, after recalling resolutions 1261 (1999), 1265 (1999), 1296 (2000), and 1314 (2000). The resolution acknowledged the disproportionate and unique impact of armed conflict on women and girls. It calls for the adoption of a gender perspective to consider the special needs of women and girls during conflict, repatriation and resettlement, rehabilitation, reintegration, and post-conflict reconstruction.","31 अक्टूबर, 2000 को, संकल्प 1261 (1999), 1265 (1999), 1296 (2000), और 1314 (2000) को वापस लेते हुए, संयुक्त राष्ट्र सुरक्षा परिषद ने महिलाओं, शांति, और सुरक्षा पर संकल्प 1325 (एस/आर.ई.एस./1325) को सर्वसम्मति से अंगीकृत किया।"
"Until rendering a final judgment, the court has competence to order interim measures for the protection of the rights of a party to a dispute. One or both parties to a dispute may apply the ICJ for issuing interim measures. In the Frontier Dispute Case, both parties to the dispute, Burkina Faso and Mali, submitted an application to the court to indicate interim measures.","सीमा विवाद मामले में, विवाद में शामिल दोनों पक्षों, बुर्किना फासो और माली, ने अदालत में अंतरिम उपायों के लिए आवेदन जमा किया।"
"Until the Delhi High Court decriminalised consensual private sexual acts between consenting adults on 2 July 2009, homosexuality was considered criminal as per interpretations of the ambiguous Section 377 of the 150-year-old Indian Penal Code (IPC), a law passed by the British colonial government. However, this law was very rarely enforced. In its ruling decriminalising homosexuality, the Delhi High Court noted that existed law conflicted with the fundamental rights guaranteed by the Constitution of India, and such criminalising is violative of Articles 21, 14 and 15 of the Constitution.","150 साल पुराने भारतीय दंड संहिता (आई.पी.सी.) की अस्पष्ट धारा 377 की व्याख्या के अनुसार ब्रिटिश औपनिवेशिक सरकार द्वारा पारित एक कानून के तहत समलैंगिकता को तब तक एक अपराध के रूप में देखा जाता रहा, जब तक कि 2 जुलाई 2009 को दिल्ली उच्च न्यायालय ने सहमति से वयस्कों के बीच निजी यौन कृत्यों को अपराध की श्रेणी से बाहर नहीं कर दिया।"
"Village courts, Lok Adalat (people's court) or Nyaya panchayat (justice of the villages), offer alternative dispute resolution. They were recognized through the 1888 Madras Village Court Act, then developed (after 1935) in various provinces and (after independence) Indian states. The model from","ग्राम न्यायालय, जैसी कि लोक अदालत (लोगों की अदालत) या न्याय पंचायत (गांव का न्याय) वैकल्पिक विवाद समाधान प्रदान करते हैं।"
"part ii (articles 1724) governs reporting and monitoring of the convention and the steps taken by the parties to implement it. it establishes the committee against torture (article 17), and empowers it to investigate allegations of systematic torture (article 20). it also establishes an optional dispute-resolution mechanism between parties (article 21) and allows parties to recognize the competence of the committee to hear complaints from individuals about violations of the convention by a party (article 22).",द्वितीय भाग (अनुच्छेद 17-24) सम्मेलन के प्रतिवेदन और निगरानी तथा पार्टियों द्वारा इसे लागू करने के लिए उठाए गए कदमों को नियंत्रित करता है।
A 2018 review article noted that the states exhibited differential preference for particular Ayush systems. Ayurveda and Siddha respectively show greater popularities in Kerala and Tamil Nadu. Unani was well received in Hyderabad region and among Muslims whilst Homeopathy was highly popular in Bengal and Odisha.,"यूनानी को हैदराबाद क्षेत्र में मुसलमानों द्वारा बहुत पसंद किया गया था, जबकि होम्योपैथी बंगाल और ओडिशा में बहुत लोकप्रिय हुई।"
"Alaska saw protests in Anchorage, Fairbanks, and Haines. In Arizona, hundreds protested in Phoenix and Tucson. Additionally, two women organized a demonstration in San Luis, Arizona.","अलास्का में एंकरेज, फेयरबैंक्स और हैन्स में विरोध-प्रदर्शन देखे गए।"
"As of 2022, Spanish banks have halved their number of branches to about 20,000 in the decade since the financial crisis and the subsequent international bailout in 2012. The remaining banks have reduced retail opening hours and pushed online banking. A retired urologist with Parkinson's disease gathered more than 600,000 signatures in an online petition ""I'm Old, Not an Idiot"" asking banks and other institutions to serve all citizens, and not discriminate the oldest and most vulnerable members.",बाकी बैंकों ने ऑनलाइन बैंकिंग पर जोर दिया है और स्टोर खुले रखने के घंटे कम कर दिए हैं।
"Because of internet censorship in Iran, the Iranian government and the Islamic Revolutionary Guards Sepah have always opposed joining Iranian to popular social networks such as Facebook, Twitter and so on. Therefore, popular social networks are blocked by those in Iran and because of Iranian protests, internet censorship in Iran has increased. But now they have decided to Internet blackout in Iran.","ईरान में इंटरनेट नियंत्रण के कारण, ईरानी सरकार और इस्लामिक रिवोल्यूशनरी गार्ड सिपाह ने हमेशा ईरानी लोगों द्वारा फेसबुक, ट्विटर और ऐसे अन्य लोकप्रिय सामाजिक नेटवर्कों में शामिल होने का विरोध किया है।"
"Because of internet censorship in Iran, the Iranian government and the Islamic Revolutionary Guards Sepah have always opposed joining Iranian to popular social networks such as Facebook, Twitter and so on. Therefore, popular social networks are blocked by those in Iran and because of Iranian protests, internet censorship in Iran has increased. But now they have decided to Internet blackout in Iran.","अतः ईरान में लोकप्रिय सोशल मीडिया साइटों को वहाँ के लोगों द्वारा अवरुद्ध कर दिया गया है, और ईरानी विरोध के परिणामस्वरूप, ईरान में इंटरनेट सेंसरशिप बढ़ गई है।"
"Bihar has significantly raised the literacy rate as per the 2011 census. Literacy rate in year 1951 was only 13.49%, 21.95% in year 1961, 23.17% in year 1971 and 32.32% in year 1981. The literacy rate has risen from 39% in 1991 to 47% in 2001 to 63.8% in 2011.",साक्षरता दर 1991 में 39 प्रतिशत से बढ़कर 2001 में 47 प्रतिशत और फिर 2011 में 63.8 प्रतिशत हो गई है।
"CPN (UML) decided to support People's Socialist Party in 7 seats on 9 October 2022. The CPN (UML) also decided to support Rastriya Prajatantra Party candidates in Jhapa 5, Rupandehi 1 and Banke 2 and decided to field Rastriya Prajatantra Party Nepal chairman Kamal Thapa in Makwanpur 1 under their election symbol. The party also supported dissident candidate from Nepali Congress, Dinesh Koirala in Chitwan 3, Karna Bahadur Malla of Nepali Congress (B.P.) in Dadeldhura 1 and Hridayesh Tripathi of the People's Progressive Party in Parasi 1.","सी.पी.एन. (यू.एम.एल.) ने भी झापा 5, रूपन्देही 1, और बाँके 2, में राष्ट्रीय प्रजातंत्र पार्टी के उम्मीदवारों का समर्थन करने का फैसला किया और मकवानपुर 1 में अपने चुनाव चिह्न के तहत राष्ट्रीय प्रजातंत्र पार्टी नेपाल के अध्यक्ष कमल थापा को मैदान में उतारने का निश्चय किया।"
"Demonstrators in Khartoum criticised government reforms, which they considered anti-Islamic, on 17 July. Protesters in east and north Khartoum joined the demonstrations, which began after Friday prayers. Reforms included permitting non-Muslims to consume alcohol and decriminalising conversion from Islam to another religion.",पूर्व और उत्तर खार्तूम में प्रदर्शनकारी शुक्रवार की नमाज के बाद शुरू हुए प्रदर्शनों में शामिल हुए।
"Deutsche Bahn, the German national railway company, allowed refugees with a Ukrainian passport or ID card to travel free of charge on long-distance trains from Poland to Germany. The company also gave out free tickets to refugees who wanted to continue to another destination; by 17 March, more than 100,000 had been issued. The Association of German Transport Companies decided to also cancel charges for all short-distance travel with buses and trains for Ukrainian refugees within Germany.","जर्मन राष्ट्रीय रेलवे कंपनी, डॉइचे बान, ने यूक्रेनी पासपोर्ट या पहचान पत्र लिए शरणार्थियों को निःशुल्क पोलैंड से जर्मनी तक लंबी दूरी की ट्रेनों में यात्रा करने दी।"
"Goetz (19791991), and Robert McHenry (19921997). As of 2007 Anita Wolff was listed as the Deputy Editor and Theodore Pappas as Executive Editor. Prior Executive Editors include John V.","2007 में, थियोडोर पैप्पस को कार्यकारी संपादक और अनीता वोल्फ को उप-संपादक के रूप में नामित किया गया था।"
"In 2000, Major General Dick Cody, 101st Airborne's commanding officer, wrote a strongly worded memo to the Chief of Staff about training and equipment failures. Almost no pilots were qualified to fly with night vision goggles, preventing nighttime operations. The Washington Post printed a front-page article on the failures, commenting: ""The vaunted helicopters came to symbolise everything wrong with the Army as it enters the 21st century: Its inability to move quickly, its resistance to change, its obsession with casualties, its post-Cold War identity crisis"".","वाशिंगटन पोस्ट ने विफलताओं पर एक मुख्य-पृष्ठीय लेख ऐसी टिप्पणी करते हुए प्रकाशित किया, ""बहु-प्रशंसित हेलीकॉप्टर 21 वीं सदी में प्रवेश करते ही सेना के साथ सब कुछ गलत होने के प्रतीक बन गए: शीघ्रता से आगे बढ़ने में असमर्थता, परिवर्तन के लिए इसका प्रतिरोध, हताहतों के साथ इसका जुनून और शीत युद्ध के बाद का पहचान संकट।"""
"In 2007, Marcia Angell, former editor-in-chief of the New England Journal of Medicine and a lecturer in social medicine at the Harvard Medical School, said in Stern, a German-language weekly newsmagazine, that AstraZeneca's scientists had misrepresented their research on the drug's efficiency, saying: ""Instead of using presumably comparable doses [of each drug], the company's scientists used Nexium in higher dosages. They compared 20 and 40 mg Nexium with 20 mg Prilosec. With the cards having been marked in that way, Nexium looked like an improvement which however was only small and shown in only two of the three studies.""","2007 में, मार्सिया एंजेल, न्यू इंग्लैंड जर्नल ऑफ़ मेडिसिन की पूर्व प्रधान संपादक और हार्वर्ड मेडिकल स्कूल में सामाजिक चिकित्सा में व्याख्याता, ने जर्मन भाषा की साप्ताहिक समाचार पत्रिका स्टर्न में यह कहते हुए कि एस्ट्राजेनेका के वैज्ञानिकों ने दवा की प्रभावकारिता पर अपनी शोध को गलत तरीके से प्रस्तुत किया था, दावा किया कि ""[प्रत्येक दवा की] संभावित रूप से तुलनीय खुराक का उपयोग करने के बजाय, कंपनी के वैज्ञानिकों ने उच्च मात्रा में नेक्सियम का उपयोग किया।"""
"In Malaysia, Hein Htet Aung, who plays for second-division Malaysia Premier League club Selangor FC II, flashed the three-finger salute in a match against PDRM FC on early March. He was banned from playing a game against Perak FC II. On 31 March, some Malaysians associated with Milk Tea Alliance gathered outside the embassy to condemn violence against protesters.","मलेशिया में, मलेशिया प्रीमियर लीग क्लब सेलांगोर एफ.सी. II के द्वितीय डिवीज़न के लिए खेलने वाले हेन हटेट आंग ने मार्च के शुरू में पी.डी.आर.एम. एफ.सी. के खिलाफ एक खेल में तीन-उंगली का सलाम ठोका।"
"Mass protests against Castillo's government began on 28 March 2022. State of emergency was declared throughout the country on 7 April. On 5 November 2022, thousands of opponents of the government marched through the capital's center to call for the removal of President Pedro Castillo.",कैस्टिलो की सरकार के खिलाफ 28 मार्च 2022 को एक बड़े पैमाने पर विरोध शुरू हो गया।
"On 12 November 2017, Delhi hosted its tenth queer pride parade from Barakhamba Road to Jantar Mantar. Hundreds of people gathered together to support the queer community and demand the repeal of Section 377. The demand was to build a proper system of hate crime legislation which conceptualizes all forms of violence against minorities as a punishable offence.","12 नवम्बर 2017 में, दिल्ली में बाराखम्भा रोड से जंतर मंतर तक दसवीं क्वीयर प्राइड परेड आयोजित की गई।"
"On 14 February, UN Secretary General Antnio Guterres issued a statement expressing deep concern about the situation in Myanmar, highlighting ""the increasing use of force and the reported deployment of additional armoured vehicles to major cities"". He urged Myanmar's military and police to fully respect the right of peaceful assembly and ensure that demonstrators are not subjected to reprisals. He also called reports of violence, intimidation and harassment by security personnel ""unacceptable"".","14 फरवरी को यू.एन. महासचिव एन्टोनियो गटेर्रेस ने म्यानमार की स्थिति पर गहरी चिंता ज़ाहिर करते हुए ""बल के बढ़ते प्रयोग और महत्वपूर्ण शहरों में अतिरिक्त सैन्य शस्त्रों से लैस वाहनों की तैनाती"" पर जोर देते हुए वक्तव्य जारी किया ।"
"On 16 November, the migrants undertook another major attempt to break through the border forcefully. They started to throw rocks, bottles and pieces of wood at the Polish border guards and tried to destroy the border fence in attempt to break through the border at the temporarily closed checkpoint of Bruzgi-Kunica. Polish border guards used water cannons, stun grenades and tear gas on the attackers.","उन्होंने पत्थर, बोतलें और लकड़ी के टुकड़े पोलिश सीमा रक्षकों पर फेंकना शुरू किया और अस्थाई रूप से बंद किए गए नाके पर सीमा पार करने के लिए ब्रूज़्गी-कुनिका सीमा बाड़े को तोड़ कर बाहर आने की कोशिश की।"
"On 18 April 2022, Gotabaya appointed a new 17-member cabinet despite the protests calling the entire government to resign, including the president alongside all 225 MPs in parliament. Dinesh Gunawardena was appointed as Public Administration, Internal Affairs minister while Douglas Devananda was appointed as Fisheries minister, Kanaka Herath was appointed as Highways minister, Dilum Amunugama was appointed as Transport & Industries minister, Prasanna Ranatunga was appointed as Public security and tourism minister, Channa Jayasumana was appointed as Health minister, Nalaka Godahewa was appointed as Media minister, Pramitha Tennakoon was appointed as Ports and Shipping minister, Amith Thenuka Vidanagamage was appointed as Sports & Youth Affairs ministry, Kanchana Wijesekera was appointed as Power & Energy minister, Asanka Shehan Semasinghe was appointed as Trade & Samurdhi Development minister, Janaka Wakkumbura was appointed as Agriculture & Irrigation minister, Vidura Wickremanayake was appointed as Labour minister, Mohan Priyadarshana De Silva was appointed as Water supply minister, Ramesh Pathirana was appointed as Education & Plantation Industries, Wimalaweera Dissanayake was appointed as Wildlife & Forest Resources Conservation minister and Ahamed Nazeer Zainulabdeen was appointed as Environment minister. In the new cabinet portfolio, female representation was completely excluded, with all 17 ministers being males.This cabinet was also forced to resign on the afternoon of July 9.","राष्ट्रपति और संसद के सभी 225 सदस्यों सहित पूरी सरकार के इस्तीफे की माँग के विरोध के बावजूद, गोटाबाया ने 18 अप्रैल, 2022 को 17 सदस्यीय नए मंत्रिमंडल की नियुक्ति की।"
"On 25 August 2017, the plenary session of the Congress approved the motion of interpellation, with 79 votes in favor, 12 against and 6 abstentions. The votes in favor were from the bench of Popular Force, APRA, Broad Front and Popular Action. The date of the interpellation was set as 8 September.","पॉपुलर फोर्स, ऐप्रा, ब्रॉड फ्रंट और पॉपुलर एक्शन की बेंचों के वोट पक्ष में थे।"
"On 25 February 1986, the Security Police started rioting, protesting against reports that their term of duty was to be extended from 3 to 4 years. Hotels, nightclubs, restaurants and casinos were attacked in Cairo and there were riots in other cities. A day time curfew was imposed.",25 फरवरी 1986 को सुरक्षा पुलिस ने उन रिपोर्टों के जवाब में दंगे शुरू कर दिए कि उनकी सेवा की अवधि तीन से बढ़ा कर चार साल कर दी जाएगी।
"On 25 February, Belgian State Secretary for Asylum and Migration Sammy Mahdi called for Europe to coordinate the reception. Two days later, Development Minister Meryame Kitir announced that three million euros would be allocated for additional humanitarian aid to Ukraine. By 17 March, 10,000 refugees had registered for temporary protection in Belgium.",दो दिन बाद विकास मंत्री मरियम कितीर ने घोषणा की कि यूक्रेन को मानवीय राहत के रूप में अतिरिक्त तीस लाख यूरो मिलेंगे।
"On 7 March, state-run media and human rights groups confirmed the occupation of public hospitals, universities and temple compounds by security forces. Public hospitals had been staffed by medical personnel after initially being vacated over the Civil Disobedience Movement, ""in response to escalating violence against peaceful protestors"" according to not-for-profit human rights NGO Physicians for Human Rights. Hospitals confirmed to be occupied include the Yangon General Hospital and Gandhi Hospital.","सरकारी मीडिया और मानवाधिकार संगठनों ने 7 मार्च को सार्वजनिक अस्पतालों, विश्वविद्यालयों और मंदिर परिसरों पर सुरक्षा बलों के कब्जे की सूचना दी।"
"On April 26, a French citizen is seen on a two-minute-long video asking quarantine workers for help with suicide in three languages. He was subdued and later became stabilized. The French embassy confirmed his identity and commented that food shortage is likely not the reason.",26 अप्रैल को एक फ्रेंच नागरिक को दो मिनट लंबे वीडियो में तीन भाषाओं में संगरोध कर्मियों से आत्महत्या करने में मदद माँगते हुए देखा गया।
"On May 29 security forces attacked a demonstration in the Al-Kalakla neighbourhood of Khartoum with tear gas and bullets. One protester died on the spot while another died from injuries in the hospital. On May 30, 33 people were wounded in an attempt by police to disperse a protest.",सुरक्षाकर्मियों ने 29 मई को खार्तूम के अल-कालकला के पास के इलाके में हो रहे एक विरोध प्रदर्शन को तितर-बितर करने के लिए आंसू गैस और गोलियों का इस्तेमाल किया।
"Pennsylvania saw protests in Allentown, Lancaster, Philadelphia, and Pittsburgh. Protests were also held in Providence, Rhode Island, and Essex Junction, Vermont. On May 14, nearly a thousand protesters rallied around the Pittsburgh City-County Building and about 150 rallied in Bethlehem for the Bans Off Our Bodies event.","14 मई को बैन्स ऑफ़ अवर बॉडीज कार्यक्रम के लिए लगभग एक हजार विरोधकर्ता पिट्सबर्ग सिटी-काउंटी बिल्डिंग के बाहर एकत्र हुए, और लगभग 150 लोग बेथलहम में जुटे।"
Tatmadaw soldiers captured 12 suspected resistance fighters including 3 injured fighters after several bombs exploded by accident in Yangon's Hlaing Thar Yar Township. 2 additional resistance fighters who escaped were also captured later on by plain clothed and armed Tatmadaw troops who were wearing bulletproof vests. There have been several other cases of guerrilla fighters across Myanmar dying in accidents caused by handmade explosives.,"यांगून के ह्लाइंग थार यार टाउनशिप में गलती से कई बमों के फटने के बाद, तत्माडॉ सैनिकों ने 12 कथित प्रतिरोध सेनानियों को हिरासत में लिया, जिनमें से तीन लड़ाके घायल हो गए।"
"The 2021 Rugby World Cup, the ninth edition of the women's Rugby World Cup, was held in New Zealand between 8 October and 12 November 2022, postponed from 18 September to 18 October 2021. Twelve teams contested the final tournament, playing twenty-six matches. The top seven placed teams from the 2017 World Cup automatically qualified for the tournament, while the remaining five spots were decided in qualifying rounds between 9 August 2019 and 21 February 2022 from twenty-three teams.","2021 रग्बी विश्व कप, महिला रग्बी विश्व कप का नौवाँ संस्करण, 18 सितंबर से 18 अक्टूबर 2021 की अपने मूल रूप से निर्धारित कार्यक्रम से मुल्तवी कर के 8 अक्टूबर से 12 नवंबर 2022 के बीच न्यूजीलैंड में आयोजित किया गया।"
"The BBC operates several television channels nationally and internationally. BBC One and BBC Two are the flagship television channels. Others include the youth channel BBC Three, which originally ceased broadcasting as a linear television channel in February 2016 and returned to television in February 2022, cultural and documentary channel BBC Four, news channels BBC News and the BBC World News, parliamentary channel BBC Parliament, and two children's channels, CBBC and CBeebies.","अन्य चैनलों में युवा चैनल बीबीसी थ्री, जिसने मूल रूप से फरवरी 2016 में रेखीय टेलीविजन चैनल के रूप में प्रसारण बंद कर दिया और फरवरी 2022 में प्रोग्रामिंग में वापसी की, सांस्कृतिक और वृत्तचित्र चैनल बी.बी.सी. फोर, समाचार चैनल बी.बी.सी. न्यूज़ और बीबीसी वर्ल्ड न्यूज़, संसदीय चैनल बीबीसी पार्लियामेंट, और दो बच्चों की चैनलें शामिल हैं।"
"The invasion received widespread public condemnation internationally, while in some countries, certain sectors expressed sympathy or outright support for Russia due in part to distrust of US foreign policy. Protests and demonstrations were held worldwide, including some in Russia and parts of Ukraine occupied by Russia. Calls for a boycott of Russian goods spread on social media platforms, while hackers attacked Russian websites, particularly those operated by the Russian government.","सोशल मीडिया पर रूसी उत्पादों का बहिष्कार करने के लिए व्यापक आह्वान किए गए, और अनधिकृत ढंग से कंप्यूटर संचित सूचना चुराने वाले व्यक्तियों ने रूसी वेबसाइटों को निशाना बनाया, खास तौर पर उन्हें जो रूसी सरकार द्वारा संचालित हैं।"
"The relative became unable financially to continue the support and Kisan's schooling ended in the Standard Seventh grade; his siblings never attended school. He started selling flowers at the Dadar railway station in Mumbai and eventually managed to own two flower shops in the city. He also became involved in vigilantism, joining groups who acted to prevent landlords' thugs from intimidating the poor out of their shelter.",उन्होंने मुंबई के दादर रेलवे स्टेशन पर फूल बेचना शुरू किया और अंत में वे शहर में दो फूल की दुकानों के मालिक बन गए।
"Those labeled ""terrorists"" by their opponents rarely identify themselves as such, and typically use other terms or terms specific to their situation, such as separatist, freedom fighter, liberator, revolutionary, vigilante, militant, paramilitary, guerrilla, rebel, patriot, or any similar-meaning word in other languages and cultures. Jihadi, mujahideen, and fedayeen are similar Arabic words that have entered the English lexicon. It is common for both parties in a conflict to describe each other as terrorists.","जिहादी, मुजाहिदीन और फिदायीन एक समान अरबी शब्द हैं जो अंग्रेजी शब्दकोश में आ कर चुके हैं।"
"Thousands of people are now in Iran's jails just for participating in November uprising. They may face torture or even execution. The two judges have long records of issuing long term prison sentences or death penalties for Iranians longing for democracy and opposed to the rule of the Supreme Leader, Ali Khamenei.","लोकतंत्र की तमन्ना रखने वाले और सर्वोच्च नेता, अली ख़ामेनेई, के शासन की खिलाफत करने वाले ईरानियों को दीर्घावधि कारावास दंड या मृत्युदंड देने का दोनों न्यायाधीशों का लंबा रिकॉर्ड है।"
"A maha-kalpa is followed by a maha-pralaya (full dissolution) of equal length. Each kalpa (day of Brahma) is followed by a pralaya (night of Brahma or partial dissolution) of equal length. Preceding the first and following each manvantara is a manvantara-sandhya (connection period), each with a length of Krita-yuga (a.k.a. Satya-yuga).","प्रथम और उसके बाद होने वाले प्रत्येक मन्वंतर से पहले आती है मन्वंतर-संध्या (जोड़ने वाला अंतराल), जिसमें से प्रत्येक की अवधि कृत-युग (सत-युग) के बराबर होती है।"
"A motif of father-against-son conflict was repeated when Cronus was confronted by his son, Zeus. Because Cronus had betrayed his father, he feared that his offspring would do the same, and so each time Rhea gave birth, he snatched up the child and ate it. Rhea hated this and tricked him by hiding Zeus and wrapping a stone in a baby's blanket, which Cronus ate.","क्रोनस ने अपने पिता का साथ विश्वासघात किया था, इसलिए उसे डर था कि उसके अपने बच्चे भी उसके साथ ऐसा ही करेंगे, और इसलिए हर बार जब रिया बच्चे को जन्म देती थी, वह बच्चे को छीन कर खा जाता था।"
"According to Friedhelm Hardy, there is evidence of early ""southern Krishnaism,"" despite the tendency to allocate the Krishna-traditions to the Northern traditions. South Indian texts show close parallel with the Sanskrit traditions of Krishna and his gopi companions, so ubiquitous in later North Indian text and imagery. Early writings in Dravidian culture such as Manimekalai and the Cilappatikaram present Krishna, his brother, and favourite female companions in the similar terms.","फ्रीडेम हार्डी के अनुसार, आरंभिक ""दक्षिणी कृष्णवाद,"" के सबूत मिले हैं हालांकि कृष्णवाद परंपराओं को उत्तरी परंपराओं से जोड़े जाने का अधिक झुकाव रहा है।"
"Another Buddhist ritual which includes reenactments of the Buddha life myth is the ritual of the consecration of a Buddha image. Among other things, the statue's head is covered, symbolizing the Buddhas withdrawal from householder life and various symbolic offerings are placed before the statue. including a sweet milk rice mixture symbolizing the offering of Sujata.",पुनर्मूल्यांकन के माध्यम से बुद्ध के जीवन की कहानियों को दर्शाने के बौद्ध रिवाज में बुद्ध की प्रतिमा के प्रतिष्ठापन का रिवाज शामिल है।
"Brahm is a leading god (deva) and heavenly king in Buddhism. He is considered as a protector of teachings (dharmapala), and he is never depicted in early Buddhist texts as a creator god. In Buddhist tradition, it was the deity Brahma Sahampati who appeared before the Buddha and invited him to teach, once the Buddha attained enlightenment.",बौद्ध धर्म में ब्रह्म प्रमुख भगवान (देव) और स्वर्ग के राजा हैं।
"By about the 7th century CE most main features of the Hindu temple were established along with theoretical texts on temple architecture and building methods. Already three styles of temple were identified in these: nagara, dravida and vesara, though these were not yet associated with regions of India, and the original meanings may not fully align with modern uses of the terms. In Karnataka, the group of 7th and 8th-century temples at Pattadakal famously mixes forms later associated with both north and south, as does that at Aihole, which still includes apsidal chaitya hall-type plans.",कर्नाटक के पत्तदकल में स्थित 7वीं और 8वीं शताब्दी के मंदिर मिश्रित शैलियों के लिए जाने जाते हैं जिन्हें बाद में उत्तर और दक्षिणी शैलियों का मिश्रण माना गया जैसा कि ऐहोल में भी है जिसमें अभी भी गजपृष्‍ठाकार कक्ष जैसी व्यवस्था नजर आती है।
"Caliph Abd al-Malik established Arabic as the Caliphate's official language in 686. This reform greatly influenced the conquered non-Arab peoples and fueled the Arabization of the region. However, the Arabs' higher status among non-Arab Muslim converts and the latter's obligation to pay heavy taxes caused resentment.","हालांकि, धर्मान्तरित गैर-अरबी मुसलमानों के बीच अरब लोगों का ऊँचा दर्जा तथा गैर-अरबी मुसलमानों पर भारी कर देने की बाध्यता नाराज़गी के कारण बने।"
"Followers of Buddhism, called Buddhists in English, referred to themselves as Sakyan-s or Sakyabhiksu in ancient India. Buddhist scholar Donald S. Lopez asserts they also used the term Bauddha, although scholar Richard Cohen asserts that that term was used only by outsiders to describe Buddhists.","लोपेज़ का दावा है कि वे भी बौद्ध शब्द का प्रयोग करते थे, हालांकि विद्वान रिचर्ड कोहेन दावा करते हैं कि इस शब्द का प्रयोग केवल बाहर के लोग बौद्ध-धर्मियों का वर्णन करने के लिए करते थे।"
"He had thousands of disciples all over India, Pakistan, and the USA, and he also had many khalifas all over India. He was married to a descendant of Abdul-Qadir Gilani, the eldest daughter of Hakeem Abdur-Rahim Qadri, Amjhar Sharif, Aurangabad, Bihar. He had three sons and eight daughters.","उनके भारत, पाकिस्तान और यू.एस.ए. में हजारों अनुयायी थे, और समग्र भारत में उनके कई खलीफा भी थे।"
"He published his thinking on these matters in his Essai de cosmologie (Essay on cosmology) of 1750. He shows that the major arguments advanced to prove God, from the wonders of nature or the apparent regularity of the universe, are all open to objection (what wonder is there in the existence of certain particularly repulsive insects, what regularity is there in the observation that all the planets turn in nearly the same plane exactly the same plane might have been striking but 'nearly the same plane' is far less convincing). But a universal principle of wisdom provides an undeniable proof of the shaping of the universe by a wise creator.","वे दिखाते हैं कि भगवान के अस्तित्व को सिद्ध करने के लिए दिए जाने वाले तर्क, जैसे कि प्रकृति के चमत्कार या ब्रह्मांड की स्पष्ट नियमितता, सभी को चुनौती दी जा सकती है (कुछ विशेष रूप से घृणास्पद कीड़ों के अस्तित्व में क्या आश्चर्य है, और इस अवलोकन में क्या नियमितता है कि सभी ग्रह लगभग एक ही समक्षेत्र में घूमते हैं, एक ही समक्षेत्र असाधारण हो सकता था, लेकिन ""लगभग एक ही समक्षेत्र "" बहुत कम विश्वसनीय है)।"
"In him, the northern region brought forth, as it were, another god of death, bent in rivalry to surpass... Yama (the god of death residing in the southern regions). People knew of his approach by noticing the vultures, crows and other birds flying ahead eager to feed on those who were being slain within his army's reach.",यम ((दक्षिण क्षेत्रों में रहने वाले अच्छे मृत्यु के देवता ) को मात देने के लिए उत्तरी क्षेत्र उनके रूप में मानो प्रतिद्वंद्विता में दृढ़संकल्प हो कर एक अन्य मृत्यु के देवता को सामने ले आया।
"In the Advaita tradition, moksha (liberation from suffering and rebirth) is attained through recognizing this illusoriness of the phenomenal world and disidentification from the body-mind complex and the notion of 'doership', and acquiring vidy (knowledge) of one's true identity as Atman-Brahman, self-luminous (svayam praka) awareness or Witness-consciousness. Upanishadic statements such as tat tvam asi, ""that you are,"" destroy the ignorance (avidy) regarding one's true identity by revealing that (jiv)tman is non-different from immortal Brahman. While the prominent 8th century Vedic scholar and teacher (acharya) Adi Shankara emphasized that, since Brahman is ever-present, Brahman-knowledge is immediate and requires no 'action', that is, striving and effort, the Advaita tradition also prescribes elaborate preparatory practice, including contemplation of the mahavakyas and accepting yogic samadhi as a means to knowledge, posing a paradox which is also recognized in other spiritual disciplines and traditions.","प्रसिद्ध वैदिक विद्वान और शिक्षक (आचार्य) आदि शंकराचार्य ने तब एक विरोधाभास उत्पन्न किया, जिसे अन्य आध्यात्मिक विषयों और परंपराओं में भी स्वीकार किया गया, जब उन्होंने जोर देकर कहा कि क्योंकि ब्रह्म हमेशा मौजूद है, ब्रह्म-ज्ञान तत्काल है और इसके लिए किसी ""क्रिया"", अर्थात, मेहनत और प्रयास, की आवश्यकता नहीं है; महावाक्यों के बारे में सोचने और यौगिक समाधि को ज्ञान के मार्ग के रूप में स्वीकार करने सहित अद्वैत परंपरा भी विस्तृत प्रारंभिक अभ्यास की अनुशंसा करती है।"
"In the north-western parts of medieval India, the Himalayan regions, as well regions bordering central Asia, Buddhism had facilitated trade relations, states Lars Fogelin. With the Islamic invasion and expansion, and central Asians adopting Islam, the trade route-derived financial support sources and the economic foundations of Buddhist monasteries declined, on which the survival and growth of Buddhism was based. The arrival of Islam removed the royal patronage to the monastic tradition of Buddhism, and the replacement of Buddhists in long-distance trade by the Muslims eroded the related sources of patronage.",इस्लाम के आने से बौद्ध धर्म के मठवादी परंपरा को मिलने वाला शाही संरक्षण हट गया और लंबी दूरी के व्यापार में मुसलमानों द्वारा बौद्ध धर्म के पालन करने वालों को विस्थापित कर दिए जाने से संरक्षण के संबंधित स्रोत भी खत्म हो गए।
"In the third stage of karma doctrine development, ideas of rebirth based on karma were added. One could be reborn either as another human being or another animal, according to this belief. In the third stage, additional ideas were introduced; for example, rituals, repentance and offerings at Taoist temples were encouraged as it could alleviate Karmic burden.","तीसरे चरण में अतिरिक्त विचार पेश किए गए; जैसे कि प्रथाएं, पश्चाताप और ताओवादी मंदिरों में भेंट चढ़ाने को प्रोत्साहित किया जाता था क्योंकि इनसे कार्मिक बोझ कम किया जा सकता था।"
"Kaundinya could no longer see the Brahmin but only Anant instead. Kaundinya realized that Anant himself had come to save him and that god was Anant, the Eternal One. He confessed his sin in failing to recognize the Eternal in the string on Sushila's hand. Anant promised Kaundinya that if he made the 14-year vow, he would be free from all his sins and would obtain wealth, children, and happiness.","अनंत ने कौन्डिन्या को वचन दिया था कि अगर उन्होंने 14-वर्ष का व्रत किया, तो वे अपने सभी पापों से मुक्त हो जाएंगे और उन्हें धन, बच्चे और खुशी प्राप्त होंगे।"
"Mahayana remained a minority among Indian Buddhists for some time, growing slowly until about half of all monks encountered by Xuanzang in 7th-century India were Mahayanists. Early Mahayana schools of thought included the Mdhyamaka, Yogcra, and Buddha-nature (Tathgatagarbha) teachings. Mahayana is today the dominant form of Buddhism in East Asia and Tibet.","कुछ समय के लिए भारतीय बौद्धों में महायान अल्पसंख्यक थे, लेकिन यह संख्या धीरे-धीरे बढ़ती गई, और जब सातवीं शताब्दी में ह्वेन त्सांग भारत पहुंचे, लगभग सभी भिक्षुओं में से आधे महायानवादी हो चुके थे।"
"Many lowland Sinhalese converted to Christianity due to missionary campaigns by the Portuguese while the coastal Moors were religiously persecuted and forced to retreat to the Central highlands. The Buddhist majority disliked the Portuguese occupation and its influences, welcoming any power who might rescue them. When the Dutch captain Joris van Spilbergen landed in 1602, the king of Kandy appealed to him for help.",डच कप्तान जोरिस वैन स्पिलबेर्गेन 1602 में जब तट पर पहुंचे तो कैंडी के राजा ने उनसे मदद की गुहार लगाई।
"Reflected an attempt to introduce controversial notions and a disregard to the Code of Conduct for Special Procedures Mandate-holders as outlined in Human Rights Council resolution 8/4. She expressed alarm at the reinterpretation of existing human rights instruments, principles and concepts. The report also selectively quoted general comments and country-specific recommendations made by treaty bodies and propagated controversial and unrecognized principles, including the so-called Yogyakarta Principles, to justify his personal opinion.",रिपोर्ट ने चयनित आम टिप्पणियों और संधि निकायों द्वारा की गई देश-विशिष्ट अनुशंसाओं का हवाला दिया एवं अपनी व्यक्तिगत राय को उचित ठहराने के लिए तथाकथित योग्यकर्ता जैसे विवादित और अमान्य सिद्धांतों का प्रचार किया।
"Roy Tseng, drawing on the New Confucians of the twentieth century, argues that Confucianism and liberal democracy can enter into a dialectical process, in which liberal rights and voting rights are rethought into resolutely modern, but nonetheless Confucian ways of life. This synthesis, blending Confucians rituals and institutions with a broader liberal democratic frame, is distinct from both Western-style liberalism which, for Tseng, suffers from excessive individualism and a lack of moral vision and from traditional Confucianism which, for Tseng, has historically suffered from rigid hierarchies and sclerotic elites. Against defenders of political meritocracy, Tseng claims that the fusion of Confucian and democratic institutions can conserve the best of both worlds, producing a more communal democracy which draws on a rich ethical tradition, addresses abuses of power, and combines popular accountability with a clear attention to the cultivation of virtue in elites.","एक व्यापक उदारवादी लोकतांत्रिक ढांचे के साथ कन्फ्यूशी रीति-रिवाजों और समाजों को जोड़ने वाला यह संश्लेषण पश्चिमी शैली के उदारवाद, जो कि त्सेंग की नज़र में अतिशय व्यक्तिवाद और नैतिक दृष्टि के अभाव से ग्रस्त है, और पारंपरिक कन्फ्यूशीवाद, जो त्सेंग की राय में ऐतिहासिक दृष्टि से सख्त अनुक्रम तथा दृढ़ीकृत अभिजात वर्ग से ग्रस्त है, दोनों ही से अलग है।"
Sikhism does not regard fasting as a spiritual act. Fasting as an austerity or as a mortification of the body by means of willful hunger is discouraged in Sikhism. Sikhism encourages temperance and moderation in food i.e. neither starve nor over-eat.,"सिख धर्म मिताहार और खाने में संयम बनाए रखने को प्रोत्साहित करता है, यानी न तो भूखे रहें और न ही अत्यधिक खाएं।"
"Some Bhajans are centuries old, popular on a pan-regional basis, passed down as a community tradition, while others are newly composed. Everyone in the Hindu tradition are free to compose a Bhajan with whatever ideas or in praise of any deity of their wish. But since they are sung, they typically follow meters of classical Indian music, the raga and the tala to go with the musical instruments.","कुछ भजन शताब्दियों पुराने थे, जो सभी क्षेत्रों में लोकप्रिय थे और समुदायों की परंपराओं के रूप में विरासत में सौंपे गए जबकि कुछ की रचना हाल ही में की गई थी।"
"Ten years (of reign) having been completed, King Piodasses (Ashoka) made known (the doctrine of) Piety (, Eusebeia) to men; and from this moment he has made men more pious, and everything thrives throughout the whole world. And the king abstains from (killing) living beings, and other men and those who (are) huntsmen and fishermen of the king have desisted from hunting. And if some (were) intemperate, they have ceased from their intemperance as was in their power; and obedient to their father and mother and to the elders, in opposition to the past also in the future, by so acting on every occasion, they will live better and more happily.","और यदि कुछ लोग असंयमी (थे), तो जितना उनसे हो सकता था उन्होंने उतना असंयम त्याग दिया था; तथा भूत और भविष्य के भी विपरीत, अपने पिता और माता और बड़ों के प्रति आज्ञाकारी हो कर, प्रत्येक अवसर पर इसी तरह के व्यवहार के साथ वे ज़्यादा खुश रहते हुए बेहतर जीवन बिताएंगे।"
"The Guru Granth Sahib starts with Japji Sahib, while Dasam Granth starts with Jaap Sahib also called Japu Sahib. Guru Nanak is credited with the former, while Guru Gobind Singh is credited with the latter. The Jaap Sahib, unlike Japji Sahib, is composed in Braj bhasha, Sanskrit and Arabic, and with 199 stanzas, is longer than Japji Sahib.",गुरु ग्रंथ साहिब का आरंभ जपुजी साहिब से होता है जबकि दशम साहिब का आरंभ जाप साहिब से होता है जिसे जापुजी साहिब भी कहते हैं।
"The Muslim clergy in Romania includes imams, imam-hatips, and muezzins. As of 2008, the Ministry of Culture and Religious Affairs recognizes 35 imams. The Constana Mufti, who is the community's main representative, is elected by a secret ballot from among the imams.","कॉन्स्टाना मुफ्ती, जो समुदाय के मुख्य प्रतिनिधि हैं, इमामों में से गुप्त मतदान के द्वारा चुने जाते हैं।"
"The doctrine exists in Hinduism and Buddhism, but is most highly developed in Jainism. The theological basis of non-violence as the highest religious duty has been interpreted by some Jain scholars not to ""be driven by merit from giving or compassion to other creatures, nor a duty to rescue all creatures"", but resulting from ""continual self-discipline"", a cleansing of the soul that leads to one's own spiritual development which ultimately affects one's salvation and release from rebirths. Jains believe that causing injury to any being in any form creates bad karma which affects one's rebirth, future well-being and causes suffering.","कुछ जैन विद्वानों ने सर्वोच्च धार्मिक कर्तव्य के रूप में अहिंसा के धार्मिक आधार की व्याख्या की है कि जो “दान करने या अन्य प्राणियों के प्रति दया-भाव रखने की योग्यता से प्रेरित न हो, न ही सभी प्राणियों को बचाने के कर्तव्य से हो”, बल्कि ""निरंतर आत्म-अनुशासन"" के परिणामस्वरूप हो, जो कि आत्मा की शुद्धि है जो स्वयं के आध्यात्मिक विकास की ओर ले जाती है, जो अंततः व्यक्ति के उद्धार और पुनर्जन्म से मुक्ति को प्रभावित करती है।"
"The early Sikh sects were Udasis and Minas founded by Sri Chand the elder son of Guru Nanak, and Prithi Chand the elder son of Guru Ram Das respectively, in parallel to the official succession of the Sikh Gurus. Later on Ramraiya sect grew in Dehradun with the patronage of Aurangzeb. Many splintered Sikh communities formed during the Mughal Empire era.",मुगल साम्राज्य के युग में कई खंडित सिख समूह बन गए।
"The historian Peter Jackson explains in The New Cambridge History of Islam: ""The elite of the early Delhi sultanate comprised overwhelmingly first generation immigrants from Persia and Central Asia: Persians (Tjks), Turks, Ghrs and also Khalaj from the hot regions (garmsr) of modern Afghanistan. The Alai era saw the overthrow of the old nobility of early Mamluk rule. The backbone of the Turkic elite was broken as their wealth in Delhi was confiscated by Nusrat Khan Jalesari, after which a new heterogeneous Indo-Muslim nobility emerged in the Delhi Sultanate.",अलाई काल ने प्रारंभिक ममलुक शासन के पुराने राजघराने का तख्ता पलटते देखा।
The religious structure is called gurdwara (a place where the Guru dwells). The word gurdwara is a compound of guru (guide or master) and dwara (gateway or seat). The Golden Temple in Amritsar and Hazur Sahib are examples.,अमृतसर में स्वर्ण मंदिर और हजूर साहिब उदाहरण हैं।
"The roots of the Sikh tradition are, states Louis Fenech, perhaps in the Sant-tradition of India whose ideology grew to become the Sikh religion. Fenech states, ""Indic mythology permeates the Sikh sacred canon, the Guru Granth Sahib and the secondary canon, the Dasam Granth and adds delicate nuance and substance to the sacred symbolic universe of the Sikhs of today and of their past ancestors"". However, most historians do not see evidence of Sikhism as simply an extension of the Bhakti movement.","फेनेच कहते हैं, ""भारतीय पौराणिक कथाओं का उल्लेख सिखों के पवित्र धर्मग्रंथ, गुरु ग्रंथ साहिब और द्वितीय धर्मग्रंथ, दशम ग्रंथ में भी किया गया है जो वर्तमान सिखों एवं उनके पूर्वजों के धार्मिक सांकेतिक जगत में नाज़ुक सूक्ष्मता और मूल्य जोड़ता है।"
"The schools of Buddhism told stories of the origin of their own particular school. These narratives function like creation myths, explaining how the school came to be, and why it has a special authority to convey the Buddha's teaching. Unlike the pan-sectarian myths of the Buddha's life or the Jtakas, these exist specifically to promote one's own school in relation to contemporary rivals.",यह आख्यान सृजन संबंधी कथाओं के रूप में काम करते हैं जो बताते हैं कि इस शिक्षण संस्थान की स्थापना कैसे हुई और बुद्ध की सीख को संप्रेषित करने का इसे विशेष अधिकार क्यों है।
"The varna system is propounded in revered Hindu religious texts, and understood as idealised human callings. The Purusha Sukta of the Rigveda and Manusmriti's comment on it, being the oft-cited texts. Counter to these textual classifications, many revered Hindu texts and doctrines question and disagree with this system of social classification.","मौलिक वर्गीकरण के विपरीत, कई श्रध्देय हिन्दू मूलग्रंथ और विचारधाराएं सामाजिक वर्गीकरण की इस प्रणाली पर सवाल उठाती हैं और इससे सहमत नहीं हैं।"
There are dozens of independent Islamic societies in Finland. The oldest one is Finnish Islamic Association which was established in 1925. It has about 700 members of whom all are Tatars.,1925 में स्थापित फिनलैंड का इस्लामी संगठन सबसे पुराना है।
"Though rare, women can even become spiritual leaders or marabouts within the brotherhood. The Mourides have had one female marabout, Sokhna Magat Diop, who inherited her father's position. Qadiriyya women have also attained the position of marabout.","मौराइडों की एक महिला मारबाउट हुई हैं, सोखना मैगट डायोप, जिन्होंने अपने पिता का पद विरासत में पाया था।"
"To be considered as a nun, one must have the economic means to afford the convent dowry. During this time convent dowries were affordable, compared to secular marriages between a man and a woman. Typically during early modern Spain many nuns were from elite families who had the means to afford the convent dowry and ""maintenance allowances"", which were annual fees.","विशिष्ट तौर पर, शुरुआती आधुनिक स्पेन में ज़्यादातर मठवासिनियाँ ऐसे धनी परिवारों से हुआ करती थीं जो कॉन्वेंट के दहेज और वार्षिक शुल्क के रूप में ""रखरखाव भत्ते"" का खर्च वहन कर सकते थे।"
"Traditional stories, rituals, and taboos of the Inuit are often precautions against dangers posed by their harsh Arctic environment. Knud Rasmussen asked his guide and friend Aua, an angakkuq (spiritual healer), about Inuit religious beliefs among the Iglulingmiut (people of Igloolik) and was told: ""We don't believe. We fear."" Authors Inge Kleivan and Birgitte Sonne debate possible conclusions of Aua's words, because the angakkuq was under the influence of Christian missionaries, and later he even converted to Christianity.","इनुइत लोगों की पारंपरिक कहानियाँ, रिवाज और वर्जनाएं अक्सर आर्कटिक के निष्ठुर वातावरण के कारण आने वाले खतरों के खिलाफ एहतियात होते हैं।"
"Walisongo also use the term ""Sembahyang"" (worshipping Sang Hyang Taya in Kapitayan) in introducing the term of ""Shalat"" in Islam. In term of places for worship or praying, Walisongo also using the term Sanggar in Kapitayan, which represents a four-square building with an empty hole on its wall as the symbol of Sang Hyang Taya in Kapitayan, not arca or statues as in Hindu or Buddhism. This term of place for praying or worshipping in Kapitayan also used by Walisongo by the name ""Langgar"" represents the term of Masjid in Islam"".","कपितायन में, वलीसोंगों ने ""संगर"" नाम का उपयोग पूजा या प्रार्थना के स्थानों के लिए भी किया है जो, हिंदू धर्म या बौद्ध धर्म में अर्का या मूर्तियों के विपरीत, कपितायन में सांग ह्यांग ताया के प्रतीक के रूप में इसकी दीवार में एक खाली सुराख के साथ एक चार-वर्गी भवन का प्रतिनिधित्व करता है।"
"adultery is considered immoral by christians and a sin, based primarily on passages like exodus 20:14 and 1 corinthians 6:910. although 1 corinthians 6:11 does say that ""and that is what some of you were. but you were washed"", it still acknowledges adultery to be immoral and a sin.","ईसाइयों की नज़र में व्यभिचार अनैतिक है और इसे एक पाप माना जाता है, जो विचार मुख्य रूप से निर्गमन 20:14 और 1 कुरिन्थियों 6:910 जैसे अनुच्छेदों पर आधारित है।"
"obama is a protestant christian whose religious views developed in his adult life. he wrote in the audacity of hope that he ""was not raised in a religious household."" he described his mother, raised by non-religious parents, as being ""detached from religion"", yet in many ways the most ""spiritually awakened person"" i have ever known, and as a ""lonely witness for secular humanism"". he described his father as a ""confirmed atheist"" by the time his parents met, and his stepfather as ""a man who saw religion as not particularly useful."" obama explained how, through working with black churches as a community organizer while in his twenties, he came to understand ""the power of the african-american religious tradition to spur social change.""","गैर-धार्मिक माता-पिता की परवरिश में पली अपनी माँ के बारे में वे कहते हैं कि वे ""धर्म के प्रति अनासक्त"" थीं, तब भी कई अर्थों में, ""मेरी जानकारी में आध्यात्मिक रूप से सबसे अधिक जागृत व्यक्ति"" और ""धर्मनिरपेक्ष मानवतावाद की एकाकी साक्षी"" थीं।"
"sanatkumara states that narada, with the worldly knowledge, has so far focussed on name. adore and revere the worldly knowledge asserts sanatkumara in section 7.1 of the upanishad, but meditate on all that knowledge as the name, as brahman. narada asks sanatkumara to explain, and asks what is better than the worldly knowledge.","सनतकुमार उपनिषद खंड 7.1 में घोषित करते हैं कि , ""सांसारिक ज्ञान को प्रेम दो और उसका सम्मान करो, लेकिन ब्रह्म के रूप में उस पूरे ज्ञान का ध्यान करो।"""
"the mantras are from the taittiriya upanishad, shikshavalli i.11.2, which says: matrudevo bhava, mitradevo bhava, pitrudevo bhava, putradevo bhava, acharyadevo bhava, atithidevo bhava. it literally means ""be one for whom the mother is god, be one for whom the friend is god, be one for whom the father is god, be one for whom the child is god, be one for whom the teacher is god, and be one for whom the guest is god"". matrudevah, mitradevah, pitrudevah, putradevah, acharyadevah, and atithidevah are one word each, and each one is a bahuvrihi samasta-pada.","ये मंत्र तैत्तिरीय उपनिषद्, शिक्षावल्ली I.11.2 से लिए गए हैं जिनमें कहा गया है: मातृदेवो भव, मित्रदेवो भव, पितृदेवो भव, पुत्रदेवो भव, आचार्यदेवो भव, अतिथिदेवो भव।"
"A single athlete, Norman Pritchard, represented India in the 1900 Olympics, winning two silver medals. India sent its first national team to the Olympics in 1920, and has participated in every Summer Olympic Games ever since. India has also competed at several Winter Olympic Games since 1964.",1920 के ओलंपिक खेलों में भारत ने पहली बार राष्ट्रीय दल भेजा था और तब से हर ग्रीष्मकालीन ओलंपिक खेल में इसने भाग लिया है।
"Air guns come in both long gun (air rifle) and handgun (air pistol) forms. Both types typically propel metallic projectiles that are either diabolo-shaped pellets or spherical shots called BBs, although in recent years Mini ball-shaped cylindro-conoidal projectiles called slugs are gaining more popularity. Certain types of air guns (usually air rifles) may also launch fin-stabilized projectile such as darts (e.g., tranquilizer guns) or hollow-shaft arrows (so-called ""airbows"").","हवाई बंदूकें लंबी बंदूक (हवाई राइफल) और दस्ती बंदूक (हवाई पिस्तौल), दोनों रूपों में आती हैं।"
"Anju Bobby George made history when she won the bronze medal in Women's long jump at the 2003 World Championships in Athletics in Paris. With this achievement, she became the first Indian athlete ever to win a medal in a World Championships in Athletics jumping 6.70 mll 2010 Milkha Singh was the only athlete to win an individual gold medal at a Commonwealth Games but at 2010 Commonwealth Games, Krishna Punia created history by winning the Women's discus throw gold medal for India after 52 years and as first woman to win a gold in athletics at Commonwealth Games. In the same edition of Commonwealth games Manjeet Kaur, Sini Jose, Ashwini Akkunji & Mandeep Kaur won the Women's 4 400 m (Relay) gold medal.",मिल्खा सिंह एकमात्र धावक थे जिन्होंने राष्ट्रमंडल खेलों में एकल स्वर्ण पदक जीता था लेकिन 2010 के राष्ट्रमंडल खेलों में कृष्णा पूनिया ने इतिहास रचा जब महिलाओं की चक्का फेंक प्रतियोगिता में उन्होंने भारत के लिए 52 वर्ष के बाद स्वर्ण पदक जीता और राष्ट्रमंडल खेलों में स्वर्ण पदक जीतने वाली पहली भारतीय महिला धावक बनीं।
"Anju is married to Robert Bobby George, who is a former national champion in triple jump and her coach too. She is employed with the Customs department in Bangalore. The couple have a son Aaron and a daughter Andrea.","अंजू का विवाह रॉबर्ट बॉबी जॉर्ज से हुआ है, जो तिकड़ी कूद के पूर्व राष्ट्रीय चैंपियन तथा उनके कोच भी हैं।"
Any performance with a following wind of more than 2.0 metres per second is not counted for record purposes. Below is a list of wind-assisted jumps (equal or superior to 7.16 m). Only best assisted mark that is superior to legal best is shown:,2.0 मीटर प्रति सेकन्ड से अधिक की पीछे से बहती हवा में कोई प्रदर्शन रिकॉर्ड करने के उद्देश्य लायक नहीं माना जाता।
"As of 1 January 2010, men are only allowed to wear suits from the waist to the knees. They are also only permitted to wear one piece of swimwear; they cannot wear briefs underneath jammers. This rule was enacted after the controversy in the Beijing Olympics and Rome World Championships.",1 जनवरी 2010 से पुरुषों को सिर्फ कमर से घुटनों तक के सूट पहनने की इजाज़त है।
Bristol is represented by professional teams in all the major national sports. Bristol City and Bristol Rovers are the city's main football clubs. Bristol Bears (rugby union) and Gloucestershire County Cricket Club are also based in the city.,ब्रिस्टल बियर्स (रग्बी संघ) और ग्लौस्टरशर काउंटी क्रिकेट क्लब भी शहर में स्थित हैं।
"Feng Tianwei, a Chinese-born player representing Singapore, has medaled in three Olympic table tennis events, more medals than native Singaporeans have won in all other sports combined (two). These successes have been somewhat controversial in Singapore. In 2014, Singapore Table Tennis Association's president Lee Bee Wah quit over this issue; her successor, Ellen Lee, later favored the application for citizenship of Zeng Jian, a China-born paddler.","2014 में सिंगापुर टेबल टेनिस सम्मेलन की अध्यक्षा ली बी वाह ने इस मुद्दे पर अपना पद त्यागा था; उनकी उत्तराधिकारी, एलेन ली ने बाद में चीन में पैदा हुई टेबल टेनिस खिलाड़ी जेंग जियान की नागरिकता के आवेदन की तरफदारी की।"
"From the 1920s, professional engineers took an interest in archery, previously the exclusive field of traditional craft experts. They led the commercial development of new forms of bow including the modern recurve and compound bow. These modern forms are now dominant in modern Western archery; traditional bows are in a minority.","1920 के दशक से व्यावसायिक इंजीनियरों ने तीरंदाजी में दिलचस्पी लेना शुरू कर दिया है, जो कि पहले इस कौशल के पारंपरिक विशेषज्ञों का विशिष्ट कार्यक्षेत्र था।"
"Historically, Argentina has had a strong showing within Auto racing. Juan Manuel Fangio was five times Formula One world champion under four different teams, winning 102 of his 184 international races, and is widely ranked as the greatest driver of all time. Other distinguished racers were Oscar Alfredo Glvez, Juan Glvez, Jos Froiln Gonzlez and Carlos Reutemann.","उआन मैनुअल फांज़ियो को, जिन्होंने 184 अंतर्राष्ट्रीय दौड़ों में से 102 जीतीं, और जो चार अलग-अलग टीमों के तहत पांच बार फॉर्मूला वन विश्व चैंपियन बने, व्यापक रूप से आज तक के महानतम ड्राइवर के रूप में स्थान दिया गया है।"
"In India, the Beighton Cup and the Aga Khan tournament commenced within ten years. Entering the Olympics in 1928, India won all five games without conceding a goal, and won from 1932 until 1956 and then in 1964 and 1980. Pakistan won in 1960, 1968 and 1984.",भारत में बेटन कप तथा आगा खान टूर्नामेंट दस साल के अंदर शुरू हो गए।
"In May 2012, Deepika Kumari won her first World Cup individual stage recurve gold medal at Antalya, Turkey. She beat Korea's Lee Sung-Jin by six set points to four in the final. Later in 2012, she would go on to become world no.","मई 2012 में दीपिका कुमारी ने अंताल्या, टर्की में विश्व कप में व्यक्तिगत चरण के रिकर्व में अपना पहला स्वर्ण पदक जीता।"
"In November 2017, she filed a complaint of harassment against the senior officials at the state sports department where she was employed. She said that her salary was not paid for past two years and neither was her leave for subsequent games duly sanctioned by the authority. Addressed to Haryana's director of sports and youth affairs, she expressed her disagreement with the state which promised to provide her with necessary amenities to continue with her sport along with her job.",उसने कहा कि पिछले दो वर्षों से उसे वेतन नहीं दिया गया था और बाद में होने वाली खेल प्रतियोगिताओं के लिए भी उसकी छुट्टियों को प्राधिकरण ने मंजूरी नहीं दी थी।
"In the Games, ""Mr. Asia of 1951"" was also contested as the non-medal event. The contingents were judged on the basis of their physical development, looks, and personality. Parimal Roy of India won the event ahead of Mahmoud Namjoo of Iran, who won gold medal in the bantamweight category of weightlifting.","शारीरिक विकास, रूप, और व्यक्तित्व के आधार पर प्रतिस्पर्धी दलों का मूल्यांकन किया गया।"
"In the final match, Indian team faced its traditional archrival Pakistani team. Match was scheduled on 15 March 1975. Ashok Kumar scored the all-important winning goal to achieve India's lone triumph in the World cup.",अशोक कुमार ने सबसे महत्वपूर्ण गोल मारकर भारत को विश्व कप में एकमात्र जीत दिलाई।
"In the women's freestyle 55kg category at the 2014 Commonwealth Games, Babita's first opponent in the quarter-finals was Kathryn Marsh of Scotland, whom she beat 92, 40 (classification points 4:1). Her opponent in the semi-finals was Louisa Porogovska of England whom she beat 20 (classification points 5:0) victory by fall (wrestling terminology). In the gold medal bout, she was up against Brittanee Laverdure of Canada whom she beat 50, 42 (classification points 3:1) to win the gold medal.","2014 के राष्ट्रमंडल खेलों में महिलाओं के 55 कि.ग्रा. के फ्रीस्टाइल वर्ग के क्वार्टर फाइनल में, बबीता की पहली प्रतिद्वंद्वी स्काटलैंड की कैथरीन मार्श थी जिसे उसने 92, 40 (वर्गीकरण अंक 4:1) से हराया था।"
"Karate in India is administered by the Karate India Organization. India has produced many accomplished karatekas like Aniket Gupta, Deepika Dhiman, Sunil Rathee, Supriya Jatav and Gaurva Sindhiya. The 2015 Commonwealth Karate Games were held in Delhi, India.","2015 में कॉमनवेल्थ कराटे खेल दिल्ली, भारत में आयोजित किए गए थे।"
"Men and women have different weights for their throwing implements men's javelin is 800 grams compared to 600 for women, men's weight throw is 35 pounds compared to 20 for women, men's discus is 2 kilograms to women's 1, men's shot put is 16 pounds compared to 8 pounds for women, and men's hammer throw is also 16 pounds to the women's 8. Additionally, men's high hurdles are at height of 42 inches compared to women's hurdles which are 33 inches. For the intermediate hurdles (400 meter hurdles), the men's hurdle height is 36 inches compared to 30 inches for women.","पुरुष और महिलाओं के फेंके जाने वाले उपकरणों के वज़न भिन्न होते हैं: पुरुषों का भाला 800 ग्राम का होता है जबकि महिलाओं का 600 ग्राम का, पुरुषों का वज़न फेंक 35 पाउंड का होता है जबकि महिलाओं का 20 का, महिलाओं के 1 किलोग्राम के चक्के की तुलना में पुरुषों का चक्का 2 कि.ग्रा. का होता है, पुरुषों का गोला 16 पाउंड का होता है जबकि महिलाओं का 8 पाउंड का, और पुरुषों का हथौड़ा फेंक 16 पाउंड का होता है जबकि महिलाओं का 8 पाउंड का होता है।"
"Modi and Shah also sought to reduce Congress' hold over sports bodies in the state. Shah served as the president of the Gujarat State Chess Association. In 2009, he became the vice-president of the profitable Gujarat Cricket Association (GCA), while Modi served as its president.",2009 में वे मुनाफा कमाने वाली गुजरात क्रिकेट असोसिएशन (जी.सी.ए.) के उपाध्यक्ष बने जबकि मोदी ने अध्यक्ष के रूप में कार्यभार संभाला।
"Most triathlons are individual events. Another format is relay triathlons, where a team of competitors take turns to compete at a race; each competitor must do a segment of swimming, cycling and running. The World Triathlon Mixed Relay Championships began with two separate classifications for men and women.","एक और प्रारूप है रिले ट्रायथलॉन जिसमें प्रतिस्पर्धी बारी-बारी से दौड़ में प्रतिस्पर्धा करते हैं; प्रत्येक प्रतिस्पर्धी को तैराकी, साइकल चलाने और दौड़ने के खंड को पूरा करना पड़ता है।"
"On the reserve day the Sri Lankans again batted first, scoring 222 runs including Mahela Jayawardene and Russel Arnold scoring 77 and 56 runs respectively, and Indian Zaheer Khan took three wickets for 44 runs. India scored 38 runs in 8.4 overs and the match was abandoned due to rain without result. According to ICC rules, an ODI match is only official after 25 overs are bowled to the side batting second.","आई.सी.सी. नियमों के अनुसार, एक दिवसीय मैच तभी आधिकारिक माना जाता है जब दूसरे नंबर पर बैट करने वाला पक्ष 25 ओवर तक गेंदबाजी का सामना कर चुका हो।"
"On the reserve day the Sri Lankans again batted first, scoring 222 runs including Mahela Jayawardene and Russel Arnold scoring 77 and 56 runs respectively, and Indian Zaheer Khan took three wickets for 44 runs. India scored 38 runs in 8.4 overs and the match was abandoned due to rain without result. According to ICC rules, an ODI match is only official after 25 overs bowled to the side batting second.","आरक्षित दिवस पर, श्रीलंकाई खिलाडियों ने पहले बल्लेबाजी करके 222 रन बनाए जिनमें महेला जयवर्धने और रसल आर्नल्ड ने क्रमशः 77 और 56 रन बनाए तथा भारतीय ज़हीर अब्बास ने 44 रन देकर तीन विकट लिए।"
"On the senior circuit, Mirza started to show early success as she made her debut in April 2001 on the ITF Circuit as a 15-year-old. Her highlights of 2001 include a quarterfinals showing in Pune and a semifinal finish in New Delhi. As the 2002 season began, she turned around a season of early losses to winning three straight titles; her first in her hometown Hyderabad and the other two in Manila, Philippines.",अप्रैल 2001 में वरिष्ठ वर्ग की प्रतियोगिताओं में मिर्ज़ा ने 15 वर्ष की आयु में आई.टी.एफ. खेलों में पदार्पण किया और शुरू में ही सफलता प्राप्त करने लगी।
"Originally, it was intended that the top ranked team in this CWC League 2 would be promoted to the next 2020-2023 ICC Cricket World Cup Super League at the expense of its 13th ranked team - if the League 2 team finished as the higher of the two in the 2023 Cricket World Cup Qualifier. The team ranked lower would then have played in the next edition of League 2. However, in November 2021 the ICC announced that there would not be a second edition of the Super League.",मूल रूप से ऐसा सोचा गया था कि यदि अगले 2020-2023 के आई.सी.सी. क्रिकेट विश्व कप क्वालिफायर में दोनों टीमों में से लीग 2 की टीम बेहतर प्रदर्शन करती है तो 13वें स्थान की टीम के बदले लीग 2 को आगामी 2020-2023 आई.सी.सी. क्रिकेट विश्व कप सुपर लीग में आगे बढ़ाया जाएगा।
"Sania won a gold and bronze at the 17th Asian Games in Incheon, South Korea. She paired with Saketh Myneni to beat China's Hsien Yin Peng and Chan Hao-ching and win gold in the mixed doubles tournament. She also won a bronze medal in women's doubles tournament, where she paired with Prarthana Thombare.",उन्होंने साकेत माइनेनी के साथ मिल कर चीन के सीयैन यिन पेंग और चान हाओ-चिंग को हराया तथा मिश्रित युगल टूर्नामेंट में स्वर्ण पदक जीता।
"Santhi's case has been contrasted with that of Caster Semenya of South Africa, also a middle-distance runner, who nearly lost the gold she won at the 2009 Berlin World Championship after she failed a similar gender test. Semenya's nation rallied around her to safeguard her dignity, her rights and position in world sports. She was also her country's flag-bearer at the London Olympics 2012.","सेमेन्या के देश ने उसकी मर्यादा, उसके अधिकार और विश्व खेलों में उसके स्थान की रक्षा करने में उसका साथ दिया।"
"She became the first woman to have swum across sea channels off five continents in 2005 including the Strait of Gibraltar, the Tyrrhenian Sea, Cook Strait, Toroneos Gulf (Gulf of Kassndra) in Greece, the Catalina Channel off the California coast, and from Three Anchor Bay to Robben Island near Cape Town, South Africa. She created a record for swimming the 30km track in 3 hours & 26 minutes. She is now is planning to establish a swimming academy in Kolkata.","2005 में वे पांच महाद्वीपों के समुद्री चैनलों में, जिनमें जिब्राल्टर जलसन्धि, तिरहेनियाई सागर, कुक स्ट्रेट, ग्रीस में टोरोनिक खाड़ी (कसांद्रा की खाड़ी), कैलिफोर्निया तट से दूर कैटेलिना चैनल शामिल हैं, और थ्री एंकर बे से दक्षिण अफ्रीका के केप टाउन के पास रॉबेन द्वीप तक तैरने वाली पहली महिला बनीं।"
"She has won 22 medals in the National Championships, National Games and Federation Cups in India. She holds the national record of having most medals at senior level in National Championships for one state team. She is first woman Basketball player in India to represent the National team in one 2006 Commonwealth Games & two Asian Games 2010, 2014 respectively.",उनका राष्ट्रीय चैम्पियनशिप में सीनियर स्तर पर राज्य के दल द्वारा सबसे अधिक मेडल जीतने का राष्ट्रीय रिकॉर्ड है।
"She has won 22 medals in the National Championships, National Games and Federation Cups in India. She holds the national record of having most medals at senior level in National Championships for one state team. She is first woman Basketball player in India to represent the National team in one 2006 Commonwealth Games & two Asian Games 2010, 2014 respectively.",वे पहली महिला बास्केटबॉल खिलाड़ी हैं जो 2006 के राष्ट्रमंडल खेल तथा 2010 एवं 2014 के एशियाई खेलों में राष्ट्रीय दल में भारत की ओर से खेली हैं।
"Singh has won the Asian Tour Order of Merit twice. Meanwhile, Lahiri has two European Tour wins and seven Asian Tour wins. He qualified for the 2015 Presidents Cup.","इस बीच, लाहिड़ी ने दो यूरोपियन टूर विजयें और सात एशियन टूर विजयें प्राप्त कर ली हैं।"
"Soma Biswas (born 16 May 1978 in Ranaghat[1]) is an athlete who lives in Kolkata, India and who specialises in the heptathlon. She rose to fame when she won the silver medal in 2002 Asian Games in Busan, South Korea. She won another silver medal at the 2006 Asian Games in Doha.",वह लोकप्रिय हुई जब उसने 2002 में दक्षिण कोरिया के बूसान में हुए एशियाई खेलों में रजत पदक जीता।
"Tennis also became popular in France, where the French Championships date to 1891, although until 1925 they were open only to tennis players who were members of French clubs. Thus, Wimbledon, the US Open, the French Open and the Australian Open (dating to 1905) became and have remained the most prestigious events in tennis. Together, these four events are called the Majors or Slams (a term borrowed from bridge rather than baseball).",समग्र रूप से इन चारों प्रतियोगिताओं को मेजर या स्लैम (एक शब्द जो बेसबॉल के बजाए ब्रिज के खेल से लिया गया है) कहते हैं।
"The Olympic Flag was carried around the arena by eight former Australian Olympic champions: Bill Roycroft, Murray Rose, Liane Tooth, Gillian Rolton, Marjorie Jackson, Lorraine Crapp, Michael Wenden and Nick Green. During the raising of the Olympics Flag, the Olympic Hymn was sung by the Millennium Choir of the Greek Orthodox Archdiocese of Australia in Greek. Following this, Tina Arena sang a purpose-written pop song, The Flame.","क्रीड़ांगण में ओलंपिक झंडा इन आठ पूर्व ओलंपिक चैंपियनों ने चारों ओर घुमाया: बिल रॉयक्रॉफ्ट, मुरे रोज़, लिऐन टूथ, गिलियन रॉल्टोन, मार्जरी जैकसन, लॉरेन क्रैप, माइकल वेंडेन और निक ग्रीन।"
"The Triathlon made its Olympic debut with the women's race. Set in the surroundings of the Sydney Opera House, Brigitte McMahon representing Switzerland swam, cycled and ran to the first gold medal in the sport, beating the favoured home athletes such as Michelie Jones who won silver. McMahon only passed Jones in sight of the finish line.","सिडनी ओपेरा हाउस की पृष्ठभूमि में स्विट्ज़रलैंड की ब्रिजेट मैक्मोहन ने पसंदीदा घरेलू खिलाड़ी मिशेली जोन्स, जिन्हें रजत पदक मिला, को हराते हुए तैराकी की, साइकल चलाई और दौड़ लगा कर खेल में स्वर्ण पदक जीता ।"
"The Triathlon made its Olympic debut with the women's race. Set in the surroundings of the Sydney Opera House, Brigitte McMahon representing Switzerland swam, cycled and ran to the first gold medal in the sport, beating the favoured home athletes such as Michelie Jones who won silver. McMahon only passed Jones in sight of the finish line.",ट्रायथलॉन ने ओलंपिक में अपना पदार्पण महिलाओं की दौड़ के साथ किया।
"The mascot for the Games was Appu a kid elephant. Known in real life as ""Kuttinarayanan"", this elephant fractured its leg in an accident when he was seven years old he stepped into a septic tank. That wound would not heal and it eventually killed him.","असली जीवन में ""कुट्टीनारायन "" कहलाए जाने वाले इस हाथी की सात साल की उम्र में एक दुर्घटना में टाँग टूट गई थी जब वह एक सेप्टिक टैंक में गिर गया था।"
"The modern tennis court owes its design to Major Walter Clopton Wingfield. In 1873, Wingfield patented a court much the same as the current one for his stick tennis (sphairistike). This template was modified in 1875 to the court design that exists today, with markings similar to Wingfield's version, but with the hourglass shape of his court changed to a rectangle.","इस फर्मे में 1875 में संशोधन करके वर्तमान कोर्ट का प्रारूप बनाया गया, जिसमें चिह्नन विंगफील्ड संस्करण के समान थे लेकिन उनके कोर्ट के रेतघड़ी के आकार के बजाय कोर्ट आकार का आयत था।"
"United States dominance in sprinting was matched in the longer track races by United Kingdom. Only George Orton, who won Canada's first Olympic title in the shorter of the two steeplechases, ruined a perfect record for the British. Orton won his title less than an hour after placing third in the 400 metre hurdles.",अमेरिका के कम दूरी की तेज गति दौड़ में प्रभुत्व को यूनाइटेड किंगडम का अपेक्षाकृत लंबी पथ-दौड़ों में प्रभुत्व टक्कर देता है।
"With this performance, India advanced to the Fed Cup Asia/Oceania Zone Group I for 2013. Mirza then played at the PTT Pattaya Open where she won her first WTA main draw match since the 2011 French Open coming from a set down to upset Ayumi Morita (ranked 47 spots higher). In second round she beat Anne Keothavong to enter in quarter-final, where she lost to Hsieh Su-wei.","दूसरी बारी में, उसने ऐन कियॉथवॉन्ग को मात देकर क्वॉर्टर फाइनल में प्रवेश किया जहां वह शैह सू-वे से हार गई।"
"henri rousseau's 1908 work joueurs de football shows two pairs of rugby players competing. other french artists to have represented the sport in their works include albert gleizes' les joueurs de football (1912), robert delaunay's football. l'quipe de cardiff (1916) and andr lhote's partie de rugby (1917).","अपनी कलाकृतियों में इस खेल को दर्शाने वाले अन्य फ्रेंच कलाकारों में ऐल्बर्ट ग्लीज़ेस ले जोउर की द फुटबॉल. (1912), रॉबर्ट डिलौनी की फुटबॉल ल' इक्विप द कार्डिफ (1916), और आन्द्रे ल्होटे की पार्टी ड रगबी (1917) थे।"
Almost the entire street is occupied by fast food stalls or street vendors. It has nearly become a tradition that almost every prime minister of India has visited the street to eat paratha at least once. Other Indian cuisines are also available in this area even though the street specialises in north Indian food.:4050,"अन्य भारतीय पाक-शैलियाँ भी इस क्षेत्र में उपलब्ध हैं, यद्यपि सड़क पर मिलने वाले खाद्यों में उत्तर भारतीय भोजन खास होता है।"
"Among Baku's cultural venues are Azerbaijan State Philharmonic Hall, Azerbaijan State Academic Opera and Ballet Theatre. The main movie theatre is Azerbaijan Cinema. Festivals include Baku International Film Festival, Baku International Jazz Festival, Novruz Festival, Gl Bayram (Flower Festival) and the National Theater Festival.","अज़रबैजान राज्य फिलहार्मोनिक हॉल, अज़रबैजान राज्य शैक्षणिक ओपेरा, और बैले थियेटर बाकू के सांस्कृतिक स्थल हैं।"
"As much of Melanesia is unspoiled and untouched, natural sights are the biggest tourist attractions. From the reefs, lagoons and mountains of New Caledonia to the beaches in Fiji and Norfolk, much of the natural scenery is a unique sight in their own right. Vanuatu and the Solomon Islands are also nowhere near short in natural attractions; however, as both those countries get fewer tourists, the highlights of those areas are often underrated.","वानुअतु और सॉलोमोन द्वीपों में भी प्राकृतिक आकर्षणों की कोई कमी नहीं है, लेकिन चूँकि इन दोनो देशों में पर्यटक कम जाते हैं, इसलिए इन क्षेत्रों के महत्व को असलियत से कम आंका गया है।"
"As of September 2016, there are nine crossing points on the boundary between Shenzhen and Hong Kong, among which six are land connections. From west to east these include the Shenzhen Bay Port, Futian Port, Huanggang Port, Man Kam To Port, Luohu Port and Shatoujiao Port. On either sides of each of these ports of entry are road and/or rail transportation.",सितम्बर 2016 से शेनज़ेन और हॉन्ग कॉन्ग की सीमा के बीच सीमा के आरपार जाने के नौ स्थान थे जिनमें से छः ज़मीनी स्थान थे।
"Bengali vernacular architecture is noted for pioneering the bungalow. Bangladeshi villages consist of thatched roofed houses made of natural materials like mud, straw, wood and bamboo. In modern times, village bungalows are increasingly made of tin.","बांग्लादेशी गाँवों में मिट्टी, पुआल, लकड़ी और बाँस जैसी प्राकृतिक सामग्री से बने फूस की छत वाले घर होते हैं।"
"East Africa's dramatic landscapes - and the wildlife that inhabit them - are a major draw for East African tourists. This part of Africa is where you can find the quintessential savanna safari experience, venturing out in a Land Rover across the plains to scout lions, cheetahs and elephants. The Maasai Mara and Amboseli National Park in Kenya, and Ngorongoro Crater and Serengeti National Park in Tanzania are very popular locations for game drives, offering the visitor the chance to spot the vaunted ""Big Five"" (lions, leopards, elephants, rhinos and buffaloes).","अफ्रीका के इस भाग में आपको मिलेगा सर्वोत्कृष्ट सवाना सफारी का अनुभव, जहां आप शेर, चीते और हाथी देखने के लिए लैंड रोवर में बैठ कर मैदानो में निकलते हैं।"
Felis tigris was the scientific name used by Carl Linnaeus in 1758 for the tiger. It was subordinated to the genus Panthera by Reginald Innes Pocock in 1929. Bengal is the traditional type locality of the species and the nominate subspecies Panthera tigris tigris.,1929 में रेजिनाल्ड इनेस पोकॉक ने इसे पैंथेरा वर्ग के अधीन कर दिया था।
"From Tezpur you can hire a private cab for anything between ₹600-800. Budget travelers can take a shared taxi to Balipara, around 20 km from the Tezpur ASTC (bus stand), for ₹15 per head. From Balipara, there are another 15 km - you can either take Itanagar-Bomdila bus that passes through Balipara around 11AM to drop you on the Nameri bus stop (you will see ""Bhalukpong 22 km"" milestone there) or can negotiate with one of the numerous shared taxis for a drop on Nameri bus stop. A dusty road leads to the park, and no public transport runs in this stretch of 2.3 km.","बालिपारा से 15 कि.मी. और भी है - आप या तो ईटानगर-बॉमडिला बस ले सकते हैं जो बालिपारा से करीब 11 बजे सुबह गुजरती है और नमेरी बस स्टॉप (वहाँ पर आप ""भालुकपौंग 22 कि.मी."" का मील का पत्थर देखेंगे) पर उतारती है या वहाँ कई शेयर टैक्सी वालों के साथ मोल-तोल करके नमेरी बस स्टॉप तक चले जाएं।"
"Goa has two World Heritage Sites: the Bom Jesus Basilica and churches and convents of Old Goa. The basilica holds the mortal remains of St. Francis Xavier, regarded by many Catholics as the patron saint of Goa (the patron of the Archdiocese of Goa is actually Saint Joseph Vaz). These are both Portuguese-era monuments and reflect a strong European character. The relics are taken down for veneration and for public viewing, per the prerogative of the Church in Goa, not every ten or twelve years as popularly thought and propagated.",गोवा में दो विश्व धरोहर स्थल हैं: बॉम जीसस बेसिलिका और पुराने गोवा के चर्च और कॉन्वेंट।
"Grand Egyptian Museum (on the desert plateau of Giza, 2 km northwest of the Pyramids) is not open yet. The Grand Egyptian Museum is the long-awaited primary replacement for the venerable Egyptian Museum in Midan Tahrir, with much bigger exhibition, storage and workplace areas. It is supposed to open by the end of 2022; as of August 2020, it's reported as available for private tours in advance of its official opening for $250.","ग्रैंड मिस्री संग्रहालय मिदान तहरीर में सम्मान्य मिस्री संग्रहालय का बहु-प्रतीक्षित प्राथमिक प्रतिस्थापन है जिसमें प्रदर्शनी, भंडारण और कार्य स्थान के लिए ज्यादा बड़ी जगह है।"
Handicraft and small industries are also found such as Gwalior potteries. Gwalior is also an important historical and tourism sector of the country therefore the tourism sector also puts an effect into the city's economy. Gwalior trade fair is an annual trade fair showcasing the economy of Gwalior.,ग्वालियर एक महत्वपूर्ण ऐतिहासिक और पर्यटन क्षेत्र है; इसलिए पर्यटन क्षेत्र का शहर की अर्थव्यवस्था पर भी प्रभाव पड़ता है।
"In 1652, Jan van Riebeeck established a resupply outpost at the Cape of Storms (the southwestern tip of Africa, now Cape Town, South Africa) to service company ships on their journey to and from East Asia. The cape was later renamed Cape of Good Hope in honour of the outpost's presence. Although non-company ships were welcome to use the station, they were charged exorbitantly.",बाद में इसके सीमांत बस्ती होने के सम्मान में अंतरीप का नाम बदल कर उत्तमाशा अंतरीप कर दिया गया।
"In the mid-1990s tourism surpassed sugar, long the mainstay of the Cuban economy, as the primary source of foreign exchange. Havana devotes significant resources to building tourist facilities and renovating historic structures. Cuban officials estimate roughly 1.6 million tourists visited Cuba in 1999 yielding about $1.9 billion in gross revenues.","क्यूबा के अधिकारियों का अनुमान है कि 1999 में मोटे तौर पर 16 लाख पर्यटक क्यूबा की सैर करने आए, जिससे सकल राजस्व में लगभग 190 करोड़ डॉलर की कमाई हुई।"
"Kerala cuisine reflects its rich trading heritage. Over time, various cuisines have blended with indigenous dishes, while foreign ones have been adapted to local tastes. Significant Arab, Syrian, Portuguese, Dutch, Jewish, and Middle Eastern influences exist in this region's cuisine.","इस क्षेत्र के भोजन पर अरब, सीरियाई, पुर्तगाली, डच, यहूदी और मध्य पूर्वी प्रभाव बहुत हद तक मौजूद है।"
"Lonavla is a hill station in Maharashtra, and you cannot miss the hot masala chai or the vadapav (the vegetarian Indian burger containing a potato patty deep fried in chickpea flour batter as the filler). Try the hot bhajiyas along with masala chai. This is available at any of the major tourist spots. You also get hot corn at almost all of the tourist locations.","लोनावला महाराष्ट्र में एक पहाड़ी स्थल है, और आपको यहां पर गर्म मसाला चाय या वड़ापाव (शाकाहारी भारतीय बर्गर जिसमें बेसन में लपेटकर तली गई आलू की टिक्की को बीच में लगाया जाता है) जरूर सेवन करना चाहिए।"
"Madang is good for scuba diving of all levels,and the coral reefs are home to a variety of rare species of colourful fish. There are also underwater wrecks of Japanese fighter planes, with weapons and cargo intact. There are still-active volcanoes for trekkers to hike up not far from Madang.","मदांग हर स्तर की स्कूबा डाइविंग के लिए अच्छा है, और प्रवाल भित्तियों में विभिन्न प्रकार की दुर्लभ प्रजातियों की रंग-बिरंगी मछलियों पाई जाती हैं।"
"Many mountains in the easternmost parts of the continent are volcanic, and Indonesia and Kamchatka are indeed great destinations for volcanic tourism. Central Asia features steppe, which turns into desert when traveling south, and if you've always wanted to experience a desert environment, the Middle East is definitely a good choice. Another large desert is the Gobi at the borders of Mongolia and China. Finally, tropical Asia covering a part of East and most of South and Southeast Asia, where not cultivated or urbanized, is dominated by various kinds of tropical forests and thousands of beaches ranging from secluded paradise islands like the Maldives to some of the world's most popular beach resorts in Thailand.","अंत में, पूर्वी एशिया और दक्षिण एशिया के अधिकतर भाग तथा दक्षिणपूर्वी एशिया, जहाँ खेती नहीं की गई है और न ही उसका शहरीकरण हुआ है, को समाविष्ट करते हुए उष्णकटिबंधीय एशिया में विभिन्न प्रकार के उष्णाकटिबंधीय जंगल हैं और हजारों समुद्री तट हैं जिनमें मालदीव जैसे एकांत स्वर्ग द्वीपों से लेकर विश्व के सबसे प्रसिद्ध थाइलैंड के बीच रिसॉर्ट हैं।"
"Many mountains in the easternmost parts of the continent are volcanic, and Indonesia and Kamchatka are indeed great destinations for volcanic tourism. Central Asia features steppe, which turns into desert when traveling south, and if you've always wanted to experience a desert environment, the Middle East is definitely a good choice. Another large desert is the Gobi at the borders of Mongolia and China. Finally, tropical Asia covering a part of East and most of South and Southeast Asia, where not cultivated or urbanized, is dominated by various kinds of tropical forests and thousands of beaches ranging from secluded paradise islands like the Maldives to some of the world's most popular beach resorts in Thailand.","महाद्वीप के पूर्वी भागों के कई पर्वत ज्वालामुखीय हैं, और इंडोनेशिया और कामचैटका ज्वालामुखीय पर्यटन के लिए सच में बहुत अच्छे गंतव्य हैं।"
"Meghalayan cuisine is unique and different from other Northeastern Indian states. Spiced meat is common, from goats, pigs, fowl, ducks, chickens, and cows. In the Khasi and Jaintia Hills districts, common foods include jadoh, ki kpu, tung-rymbai, and pickled bamboo shoots.",मेघालय की पाक शैली अद्वितीय और अन्य पूर्वोत्तर भारतीय राज्यों से अलग है।
"Mumbai has a zoo named Jijamata Udyaan (formerly Victoria Gardens), which also harbor's a garden. The rich literary traditions of the city have been highlighted internationally by Booker Prize winners Salman Rushdie, Aravind Adiga. Marathi literature has been modernized in the works of Mumbai-based authors such as Mohan Apte, Anant Kanekar, and Gangadhar Gadgil, and is promoted through an annual Sahitya Akademi Award, a literary honor bestowed by India's National Academy of Letters.",शहर की समृद्ध साहित्यिक परंपराएँ बुकर पुरस्कार विजेता सलमान रुश्दी और अरविंद अडिग ने अंतर्राष्ट्रीय स्तर पर उजागर की हैं।
"Non-Cambodian visitors must purchase an Angkor Pass to enter Angkor Archaeological Park. 1-day (US$37), 3-day (US$62), or 7-day (US$72) passes are available (prices as of Nov 2022). Until the end of 2022, 1-day passes are valid for 2 days, 3-day for 5 days, and 7-day for 10 days. You can pay by credit card or by cash (US dollars or riel, though the exchange rate provided isn't attractive: 156,000 riel for the 1-day pass in 2018).",गैर-कम्बोडियाई अभ्यागतों के लिए अंगकोर पुरातत्व पार्क में प्रवेश करने के लिए अंगकोर प्रवेश-पत्र खरीदना ज़रूरी है।
"Planning a trip to Walt Disney World puts you in good company; it is the flagship of Disney's worldwide theme park empire and is, by far, the most popular theme park resort in the world. Even amid numerous other attractions in and around Orlando, Florida, the Mouse House stands tall, the beacon that draws millions of tourists a year to the area. Some visitors describe it as a place of magic, wonder, and fantasy; others speak of fun, excitement, and relaxation; and still others complain of crowds, artifice, and unrelenting tackiness.","ओरलैंडो, फ्लोरिडा में और उसके आसपास कई अन्य आकर्षणों के बावजूद, माउस हाउस का आकर्षण सबसे अलग है, एक प्रकाश-स्तंभ की तरह, जो प्रत्येक वर्ष लाखों पर्यटकों को अपनी ओर खींचता है।"
"San Francisco Bay Ferry operates from the Ferry Building and Pier 39 to points in Oakland, Alameda, Bay Farm Island, South San Francisco, and north to Vallejo in Solano County. The Golden Gate Ferry is the other ferry operator with service between San Francisco and Marin County. SolTrans runs supplemental bus service between the Ferry Building and Vallejo.","सैन फ्रैंसिस्को बे फेरी फेरी बिल्डिंग और पायर 39 से चलाई जाती है और यह ले जाती है ओकलैंड, आलामेडा, बे फार्म आइलैंड, दक्षिण सैन फ्रैन्सिस्को के कुछ स्थानों पर और उत्तर की ओर सोलानो काउंटी में वल्लेजो तक।"
"Sanskriti Museums are a set of three museums namely, Museum of Everyday Art, Museum of Indian Terracotta (tribal art) and Textile Museum. It is housed within Sanskriti Kendra complex, at Anandagram, an artist village complex, spread over eight acres, situated 10km south of New Delhi, near Aya Nagar on MehrauliGurgaon Road, on the outskirts of Delhi. The nearest Delhi Metro station is Arjan Garh, on the Yellow Line.",पीली रेखा पर अर्जन गढ़ निकटतम दिल्ली मेट्रो स्टेशन है।
"Shared Sumos are available from Mawlong Haat, Barabazar in Shillong, for ₹70 per seat. Local taxis also travel to Cherrapunji, and give you the option of stopping at a few viewpoints and sights on the way from Shillong to Cherrapunji (Elephant Falls, Mawkdok Dympep Valley View and others), as well as visiting spots in Cherrapunji (the Mawsmai Cave, Cherrapunji Eco Park, the Nohsngithiang Falls or Seven Sister Falls). The cost is ₹1300 - ₹1500 for a 7 hour trip from Shillong to Cherrapunji and back.","स्थानीय टैक्सियाँ चेरापूंजी तक जाती हैं, और वे आपको शिलांग से चेरापूंजी के रास्ते में (एलिफेंट जलप्रपात, मॉकडॉक डिम्पेप वैली व्यू और अन्य स्थल) पड़ने वाले कुछ दार्शनिक स्थलों और जगहों पर रुकने का विकल्प तथा चेरापूंजी में पर्यटक स्थल देखने (मॉसमाई गुफा, चेरापूंजी ईको पार्क, नोश्नजिथियांग झरने या सेवन सिस्टर झरने) का विकल्प भी देते हैं।"
"The Grand Canyon is in northern Arizona, and is one of the great tourist attractions in the United States as well as one of the seven natural wonders of the world. The massive canyon encompasses several distinct areas, most famous of which is Grand Canyon National Park, a United States national park and a UNESCO World Heritage Site. Visitors to the national park have many options, including the remote North Rim; the more accessible (and therefore more crowded) South Rim; parts of the canyon, such as Phantom Ranch or the Colorado River, upon which many boating trips are made.","राष्ट्रीय उद्यान जाने वाले यात्रियों के पास कई विकल्प हैं जिनमें शामिल हैं सुदूर उत्तरी रिम, ज्यादा सुगम्य (तथा इसलिए ज्यादा भीड़भाड़ वाला) दक्षिणी रिम; दर्रे के कुछ हिस्से जैसे कि फैन्टम रैंच या कोलोराडो नदी, जिसमें नौकाविहार किया जाता है।"
"The Grand Canyon is in northern Arizona, and is one of the great tourist attractions in the United States as well as one of the seven natural wonders of the world. The massive canyon encompasses several distinct areas, most famous of which is Grand Canyon National Park, a United States national park and a UNESCO World Heritage Site. Visitors to the national park have many options, including: the remote North Rim; the more accessible (and therefore more crowded) South Rim; parts of the canyon, such as Phantom Ranch or the Colorado River, upon which many boating trips are made.","उत्तरी एरिज़ोना में ग्रैंड कैन्यन है, जो संयुक्त राज्य अमेरिका के सबसे अद्भुत पर्यटक स्थलों में से एक है और जो विश्व के सात प्राकृति चमत्कारों में से भी एक है।"
The Hornbill Festival was launched by the Government of Nagaland in December 2000 to encourage inter-ethnic interaction and to promote cultural heritage of the state. Organized by the State Tourism Department and Art & Culture Department. Hornbill Festival showcases a mix of cultural displays under one roof.,अंतर्जातीय पारस्परिक संबंध को प्रोत्साहित करने और राज्य की सांस्कृतिक विरासत का प्रचार करने के लिए दिसम्बर 2000 में नागालैंड की सरकार ने हॉर्नबिल समारोह शुरू किया।
"The JP Sarbath shop in Church street (near Muthupillai's restaurant) is the place where you can get fresh fruit juices and sarbads at relatively cheaper cost. The Seven Eleven juice shop in the Church street, also called as ""juice kadai"" by the native people, is a good hang out place. In Karaikal liquor is cheaper than in the neighbouring Tamil Nadu, there are quite a few decent bars in Karaikal- -the Niagra bar in the Nanda hotel -the Thunder bar in the paris international -the City bar - a very famous one in the town -The Sea Gulls Restaurant owned by the government of Pondicherry is at the sea shore and is good to hang out in the evenings.","चर्च स्ट्रीट पर सेवन इलेवन जूस की दुकान जिसे मूल निवासी ""जूस कड़ाही"" भी कहते हैं, मुलाकात करने का एक अच्छा स्थान है।"
"The best dive sites in the Andamans are in remote locations and are impossible to get without a private yacht charter. The dive sites around Havelock are actually very ordinary by Andamans standards. The best diving in the Andamans is: Barren Island (an active volcano), Narcondam Island (an extinct volcano), Invisible Bank (an extensive seamount about 160 km southeast of Port Blair) and 4 spectacular but unnamed sea mounts off the west coast. There is also a good wreck dive just south of North Brother Island. There are a small number of companies that operate live aboard diving and adventure charters in the Andaman Islands. Be aware that many companies that advertise Andaman Islands trips have never been there before.",अंडमान में गोताखोरी के सर्वोत्तम स्थल सुदुर इलाकों में हैं जहाँ निजी पाल-नौका किराये पर लिए बगैर जाना संभव नहीं है।
"The centerpieces of Walt Disney World are the four theme parks: The Magic Kingdom, Epcot, Disney's Hollywood Studios, and Disney's Animal Kingdom. Walt Disney World also has two of the world's most popular water parks, Typhoon Lagoon and Blizzard Beach, both heavily themed. Two shopping and entertainment districts, Disney Springs and Disney's Boardwalk, provide plenty of opportunities for retail therapy and nighttime fun.","वॉल्ट डिज़्नी वर्ल्ड के ध्यानाकर्षण केंद्र हैं चार थीम पार्क: मैजिक किंगडम, एपकॉट, डिज़्नी का हॉलीवुड स्टूडियो, और डिज़्नी का ऐनिमल किंगडम।"
"The cuisine mainly consists of food from two different sub-regions, Garhwal and Kumaon, though their basic ingredients are the same. Both Kumaoni and Garhwali styles make liberal use of ghee, lentils or pulses, vegetables and bhaat (rice). They also use badi (sun-dried urad dal balls) and mungodi (sun-dried moong dal balls) as substitutes for vegetables at times.","पाक-शैलियों में मुख्य रूप से दो अलग-अलग उप-क्षेत्रों, गढ़वाल और कुमाऊँ, के भोजन शामिल हैं, हालांकि उनकी मूल सामग्री एक-सी है।"
"The highly productive Chilika Lagoon eco-system with its rich fishery resources sustains the livelihood for many fishermen who live in and near the lagoon. The water spread area of the lagoon ranges between 1165 and 906km2 during the monsoon and summer respectively. A 32km long, narrow, outer channel connects the lagoon to the Bay of Bengal, near the village Motto.","एक 32 किमी लंबी, संकरी बाहरी जलग्रीवा समुद्रताल को बंगाल की खाड़ी से मोट्टो गांव के पास जोड़ती है।"
"The national language is Dzongkha (Bhutanese), one of 53 languages in the Tibetan language family. The script, locally called Chhokey (literally, ""Dharma language""), is identical to classical Tibetan. In Bhutan's education system, English is the medium of instruction, while Dzongkha is taught as the national language.",भूटान की शिक्षा व्यवस्था में शिक्षा का माध्यम अंग्रेजी है जबकि राष्ट्रीय भाषा के रूप में ज़ोंगखा पढ़ाई जाती है।
"The principal gallery devoted to Asian art in the museum is Gallery 33 with its comprehensive display of Chinese, Indian subcontinent and Southeast Asian objects. An adjacent gallery showcases the Amaravati sculptures and monuments. Other galleries on the upper floors are devoted to its Japanese, Korean, painting and calligraphy, and Chinese ceramics collections.","संग्रहालय में गैलरी 33 एशियाई कला के लिए समर्पित दीर्घा है, जिसमें चीनी, भारतीय उपमहाद्वीप, और दक्षिणपूर्वी एशियाई वस्तुओं को व्यापक रूप से प्रदर्शित किया गया है।"
"The rare and threatened animal species identified are green sea turtle (EN), dugong (VU), Irrawaddy dolphin (EN), blackbuck (NT), Spoon billed sandpiper (CR), Chilika limbless skink (CR) and fishing cat (VU). 24 mammalian species were reported. 37 species of reptiles and amphibians are also reported.","हरा समुद्री कछुआ, डूगोंग, इरावदी डॉल्फ़िन, कृष्णमृग, चम्मच जैसी चोंच वाली टिटहरी, चिलका अंगरहित कोतरी, और मत्स्य-विडाल दुर्लभ और संकटग्रस्त पशु प्रजातियाँ हैं।"
"The state has several beaches in its coastal districts such as Rushikonda, Mypadu, Suryalanka etc.; caves such as, Borra Caves, Indian rock-cut architecture depicting Undavalli Caves and the country's second longest caves- the Belum Caves. The valleys and hills include, Araku Valley, Horsley Hills, Papi Hills etc. Arma Konda peak located in Visakhapatnam district is the highest peak in Eastern Ghats.","राज्य के तटीय जिलों में कई पुलिन-तट हैं, जैसे कि रुशिकोंडा, मैपाडु, सूर्यलंका, आदि; गुफाएं हैं जैसे कि बोर्रा गुफाएं, उंडावल्ली गुफाएं जिसमें भारतीय शैलकर्तित स्थापत्य दर्शाया गया है, और देश की दूसरी सबसे लंबी गुफाएँ, बेलम गुफाएं हैं।"
"Virgin Australia provides two weekly flights to Christmas Island Airport from Perth, Western Australia. Garuda Indonesia conducts weekly open-charter flights from/to Jakarta, with bookings done through Christmas Island Travel Exchange. Malindo Air operate fortnightly open-charter flights from/to Kuala Lumpur, with bookings done through Evercrown Air Services.",गरुड़ इंडोनेशिया जकार्ता से/के लिए आम लोगों के लिए चार्टर उड़ानों का आयोजन करते हैं जिसके लिए बुकिंग क्रिस्मस आइलैंड ट्रैवेल एक्सचेंज के माध्यम से की जाती है।
"Wildlife sanctuaries of India, are classified as IUCN Category IV protected areas. As of December 2020, 553 wildlife sanctuaries were established in India, covering 119,776 sq km (46,246sqmi). Among these, Project Tiger governs 51 tiger reserves, which are of special significance for the conservation of the Bengal tiger.","दिसंबर 2020 तक भारत में 119,776 वर्ग कि.मी. (46,246 वर्ग मील) में फैले हुए 553 वन्यजीव अभयारण्य स्थापित किए गए।"
"the jp sarbath shop in church street (near muthupillai's restaurant) is the place where you can get fresh fruit juices and sarbads at relatively cheaper cost. the seven eleven juice shop in the church street, also called as ""juice kadai"" by the native people, is a good hang out place. in karaikal liquor is cheaper than in the neighbouring tamil nadu, there are quite a few decent bars in karaikal- -the niagra bar in the nanda hotel -the thunder bar in the paris international -the city bar - a very famous one in the town -the sea gulls restaurant owned by the government of pondicherry is at the sea shore and is good to hang out in the evenings.","कराईकल में पड़ोसी तमिलनाडु की तुलना में शराब सस्ती है, कराईकल में कई सम्मानित बार हैं - नंदा होटल में नियाग्रा बार, पेरिस इंटरनेशनल में थंडर बार, सिटी बार - जो शहर में बहुत प्रसिद्ध है, और पांडिचेरी सरकार के स्वामित्व वाला द सी गल्स रेस्तरां जो समुद्र के तट पर है और शाम को घूमने के लिए अच्छी जगह है।"
