context,ory_Orya
"A uniform is often viewed as projecting a positive image of an organisation. Maintaining personal hygiene is also an important aspect of personal appearance and dressing. An appearance is a bunch of attributes related with the service person, like their shoes, clothes, tie, jewellery, hairstyle, make-up, watch, cosmetics, perfume, etc.","ଚେହେରା ହେଉଛି ସେବାରେ ନିୟୋଜିତ ବ୍ୟକ୍ତିଜଣକଙ୍କର ବୈଶିଷ୍ଟ୍ୟଗୁଡ଼ିକର ଏକ ସମାହାର, ଯଥା ତାଙ୍କ ଜୋତା, ପୋଷାକ, ଟାଇ, ଅଳଙ୍କାର, କେଶବିନ୍ୟାସ, ବେଶ-ସଜ୍ଜା, ହାତଘଣ୍ଟା, ପ୍ରସାଧନ ସାମଗ୍ରୀ, ଅତର, ଇତ୍ୟାଦି ।"
"Ajanta, located in Aurangabad District of Maharashtra has twenty-nine caitya and vihara caves decorated with sculptures and paintings from the first century B.C.E. to the fifth century C.E. Outward projections of the figures, clearly defined and rhythmic lines are used in the Ajanta paintings. Body colour gets merged with the outer line creating the effect of volume. The figures are heavy like the sculptures of western India.",ମହାରାଷ୍ଟ୍ରର ଔରଙ୍ଗାବାଦ୍ ଜିଲ୍ଲାରେ ଅବସ୍ଥିତ ଅଜନ୍ତାରେ ଖ୍ରୀଷ୍ଟପୂର୍ବ ପ୍ରଥମ ଶତାବ୍ଦୀରୁ ଖ୍ରୀଷ୍ଟାବ୍ଦ ପଞ୍ଚମ ଶତାବ୍ଦୀ ସମୟର ସ୍ଥାପତ୍ୟ ଓ ଚିତ୍ରକଳାରେ ସୁସଜ୍ଜିତ ଅଣତିରିଶଟି ଚୈତ୍ୟ ଓ ବିହାର ଗୁମ୍ଫା ରହିଛି।
"Ajanta, located in Aurangabad District of Maharashtra has twenty-nine caitya and vihara caves decorated with sculptures and paintings from the first century B.C.E. to the fifth century C.E. Outward projections of the figures, clearly defined and rhythmic lines are used in the Ajanta paintings. Body colour gets merged with the outer line creating the effect of volume. The figures are heavy like the sculptures of western India.","ଶରୀରର ରଙ୍ଗ ବାହ୍ୟ ରେଖା ସହ ମିଶିଯାଇଥାଏ, ଯାହା ଘନତ୍ୱର ପ୍ରଭାବ ସୃଷ୍ଟି କରିଥାଏ |"
"Ashoka got erected many monolithic pillars of sandstone, 30 to 40 feet high, crowned by animal figures like the bull, lion and elephant, inscribed with the ideas of morality, humanity and piety, which he wished his people to follow. Ashoka started making extensive use of stone for sculptures and great monuments whereas the previous tradition consisted of working with wood and clay. Famous Ashokan pillars are from Lauriya Nandangarh in Bihar, Sanchi and Sarnath.","ମୂର୍ତ୍ତିକଳା ଓ ପ୍ରସିଦ୍ଧ ସ୍ମାରକୀଗୁଡ଼ିକରେ ପଥରର ବ୍ୟାପକ ବ୍ୟବହାର ଅଶୋକ ଆରମ୍ଭ କରିଥିଲେ, ଯେବେକି ପୂର୍ବବର୍ତ୍ତୀ ପରମ୍ପରାରେ କାଠ ଓ ମାଟିର ବ୍ୟବହାର କରାଯାଉଥିଲା |"
"Batata means potato in Portuguese. Potatoes mixed in masalas, coated in besan batter and deep fried to perfection form this delicious and famous dish of Maharashtra. It is served hot with chutney.","ମହାରାଷ୍ଟ୍ରର ଏହି ଲୋକପ୍ରିୟ ଓ ସ୍ୱାଦିଷ୍ଟ ଖାଦ୍ୟଟି ଆଳୁକୁ ମସଲା ସହ ମିଶାଇ, ଗୋଳା ହୋଇଥିବା ବେସନରେ ବୁଡ଼ାଇ, ତା'ପରେ ଭଲ ଭାବେ ଛଣାଯାଇ ତିଆରି କରାଯାଇଥାଏ।"
"Chettinad cuisine is the cuisine of a community called the Nattukotai Chettiars, or Nagarathars as they call themselves, from the Chettinad region of Tamil Nadu state. Chettiars use a variety of sun dried meats and salted vegetables, reflecting the dry environment of the region. Most of the dishes are eaten with rice and rice based accompaniments.",ଚେଟିନାଡ୍‌ ପାକବିଧି ହେଉଛି ତାମିଲନାଡୁ ରାଜ୍ୟର ଚେଟିନାଡ୍ ଅଞ୍ଚଳର 'ନାଟୁକୋଟାଇ ଚେଟିୟାର୍' କୁହାଯାଉଥିବା ବା ନିଜକୁ 'ନାଗରଥାର୍' କହୁଥିବା ଏକ ସମ୍ପ୍ରଦାୟର ପାକବିଧି।
"Cinnamon is a spice derived from the bark of an evergreen tree. Cinnamon is native to India and as such, its uses range from that of a flavoring agent to a medicinal agent. Cinnamon stick is used in Indian cooking for the preparation of Pulao (also spelled Pilaf at times), Biryanis and certain curries.","ଡାଳଚିନି ଭାରତର ସ୍ଵଦେଶୀ, ଏବଂ ଏମିତିରେ, ଏହାର ବ୍ୟବହାର ଏକ ସ୍ଵାଦକାରୀ ଦ୍ରବ୍ୟରୁ ନେଇ ଔଷଧୀୟ ଦ୍ରବ୍ୟ ପର୍ଯ୍ୟନ୍ତ ହୋଇଥାଏ ।"
"Dry roast the cloves, cinnamon stick, cumin seeds, fennel, pepper corns, whole dry red chilies, coriander seeds and cashew nuts. Make this into powder with dry grinder or in stone pestle. Add this ground powder, salt the ginger garlic paste with the mutton marinate for hour.",ଏହାକୁ ଏକ ଶୁଖିଲା ଗ୍ରାଇଣ୍ଡର କିମ୍ବା ପଥରର ହେମଦସ୍ତା ସାହାଯ୍ୟରେ ଗୁଣ୍ଡରେ ପରିଣତ କରନ୍ତୁ ।
"Each city in Punjab has varied preference like people in Amritsar are particularly fond of Amritsari kulche, stuffed paranthas and milk products. In the preparation of Punjabi food, onion, ginger and garlic are used extensively to enhance the taste of the food. The spice content ranges from minimal to pleasant to high.","ପଞ୍ଜାବର ପ୍ରତ୍ୟେକ ସହରର ଭିନ୍ନ ଭିନ୍ନ ପସନ୍ଦ ରହିଛି, ଯେପରିକି ଅମୃତସରର ଲୋକେ ବିଶେଷତଃ ଅମୃତସରୀ କୁଲ୍‌ଚା, ପୁରଦିଆ ପରଟା ଏବଂ ଦୁଗ୍ଧଜାତ ଦ୍ରବ୍ୟକୁ ଭଲପାଆନ୍ତି ।"
"Failing, you will lose the merit of all your great gifts and deeds. Send Rama with the sage, and send Lakshmana too. You need have no fear for their safety, When they are protected by Viswamitra, no Rakshasa can hurt them.","ଋଷିଙ୍କ ସାଙ୍ଗରେ ରାମଙ୍କୁ ପଠେଇ ଦିଅନ୍ତୁ, ଏବଂ ଲକ୍ଷ୍ମଣଙ୍କୁ ମଧ୍ୟ ପଠାନ୍ତୁ।"
"He also said that he had no personal malice against the officers whom he shot. If there has been any personal malice, Mangal Pandays name would have been in the list of assassins and not of martyrs. But Mangal Pandays brave deed was done through devotion to a high and noble principle.",ମାତ୍ର ମଙ୍ଗଳ ପାଣ୍ଡେଙ୍କର ସାହସିକ କାର୍ଯ୍ୟଟି ଏକ ଉଚ୍ଚ ଏବଂ ମହାନ ଆଦର୍ଶ ପ୍ରତି ଅନୁରକ୍ତି ମାଧ୍ୟମରେ କରାଯାଇଥିଲା ।
"Heat the oil in a pressure cooker and add the onions. Fry the onions till they translucent. Once the onions are translucent, add the marinated mutton with turmeric powder and saute for sometime till all the spices are absorbed in the mutton about 5-6 minutes.","ପିଆଜ ଥରେ ଅର୍ଦ୍ଧସ୍ୱଚ୍ଛ ହୋଇଗଲା ପରେ, ସେଥିରେ ମାରିନେଟ୍ କରି ରଖା ହୋଇଥିବା ମାଂସକୁ ହଳଦୀ ଗୁଣ୍ଡ ସହ ପକାନ୍ତୁ, ଏବଂ ଏହାକୁ ୫-୬ ମିନିଟ ଘାଣ୍ଟନ୍ତୁ, ଯେପର୍ଯ୍ୟନ୍ତ ମସଲା ସବୁ ମାଂସରେ ଭେଦି ନଯାଇଛି |"
"Hitopadesa is a book of worldly wisdom presented through the characters of birds, animals and humans. The purpose of the book appears to encourage proficiency in Sanskrit expression and the knowledge of wise behaviour. The stories are elaborate, ending with moral messages.","ହିତୋପଦେଶ ହେଉଛି ସାଂସାରିକ ଜ୍ଞାନର ଏକ ପୁସ୍ତକ ଯାହାକି ପକ୍ଷୀ, ପଶୁ, ଏବଂ ମନୁଷ୍ୟ ଚରିତ୍ରଗୁଡ଼ିକ ମାଧ୍ୟମରେ ଉପସ୍ଥାପିତ ହୋଇଛି ।"
"Hitopadesa is a book of worldly wisdom presented through the characters of birds, animals and humans. The purpose of the book appears to encourage proficiency in Sanskrit expression and the knowledge of wise behaviour. The stories are elaborate, ending with moral messages.",ସଂସ୍କୃତରେ ଭାବପ୍ରକାଶ କରିବାର ଦକ୍ଷତା ଏବଂ ବିଜ୍ଞ ବ୍ୟବହାର ସମ୍ପର୍କରେ ଜ୍ଞାନର ପ୍ରୋତ୍ସାହନ ଦେବା ଏହି ପୁସ୍ତକର ଉଦ୍ଦେଶ୍ୟ ବୋଲି ପ୍ରତୀତ ହୋଇଥାଏ।
"In 1989 when there was a roaring movement for celebration of 300 years of Calcutta some eminent personalities of Howrah framed a society titled 'Howrah Jela Itihas Pranayan, Unnayan 0 Smarak Samity' and Asitbabu became the President of this Society. The main purpose of the Samity was to pen down a complete history of Howrah, the twin city of Kolkata. Professor Asitkumar Bandyopadhyay played pioneering role in compiling the complete history of his hometown Howrah titled as Howrah Saharer Itibrrito (First and Second Volume) in 1994 & 1995.","ପ୍ରଫେସର ଅସିତ୍‌କୁମାର ବନ୍ଦୋପାଧ୍ୟାୟ ନିଜ ଜନ୍ମ ସହର ହାୱଡାର ସମ୍ପୂର୍ଣ୍ଣ ଇତିହାସ ସଙ୍କଳନ କରିବାରେ ମୁଖ୍ୟ ଭୂମିକା ଗ୍ରହଣ କରିଥିଲେ, ଯାହା 'ହାୱଡା ସହରେର୍ ଇତିବୃତ୍ତୋ' (ପ୍ରଥମ ଓ ଦ୍ୱିତୀୟ ଖଣ୍ଡ) ଶୀର୍ଷକରେ ୧୯୯୪ ଓ ୧୯୯୫ ମସିହାରେ ପ୍ରକାଶିତ।"
"In western India, many Buddhist caves dating back to the second century B.C.E. onward have been excavated. These include Bhaja, Kanheri, Karla, Ajanta, Ellora, Bedasa, Nashik, Junnar, Pitalkhora, etc. The front of the caitya hall is dominated by the motif of a semi-circular caitya arch with an open front which has a wooden facade and, in some cases, there is no dominating caitya arch window.","ଚୈତ୍ୟ ଭବନର ସାମ୍ନା ଭାଗର ପ୍ରଧାନ ବୈଶିଷ୍ଟ୍ୟସୂଚକ ଉପାଦାନଟି ହେଉଛି କାଷ୍ଠ ନିର୍ମିତ ଖୋଲା ପୂରୋଭାଗ ସହିତ ଏକ ଅର୍ଦ୍ଧ ଗୋଲାକୃତି ଆକାରର ଖିଲାଣ , ଏବଂ କେତେକ ଜାଗାରେ, କୌଣସି ବଡ଼ ଆକାରର ଅର୍ଦ୍ଧ ଗୋଲାକୃତି ଖିଲାଣ ଢାଞ୍ଚାର ଚୈତ୍ୟ ଝରକା ନଥାଏ।"
India has very rich culinary heritage that is embedded in its thousands of years of history. Generations of 'maharaj' and 'khansamas' (as expert chefs have traditionally been called in India) have perfected the recipes over centuries and these recipes have passed through oral tradition over thousands of years. These are not only mouthwatering savories but usually based on strong foundations of wholesome food relevant to the local people in different seasons.,"ଅନେକ ପିଢ଼ି ଧରି 'ମହାରାଜ' ଓ 'ଖାନ୍‌ସମା' (ପାରମ୍ପରିକ ଭାବେ ଏହା ଭାରତରେ ପାରଙ୍ଗମ ପାଚକମାନଙ୍କୁ କୁହା ଯାଇଥାଏ) ମାନେ ଏହି ପାକ ପଦ୍ଧତିଗୁଡ଼ିକୁ ଶହ ଶହ ବର୍ଷ ଧରି ଏକ ଉତ୍କୃଷ୍ଟ ସ୍ତରରେ ପହଞ୍ଚାଇଛନ୍ତି, ଏବଂ ହଜାର ବର୍ଷ ଧରି ଏହି ପଦ୍ଧତିଗୁଡ଼ିକ ମୌଖିକ ପରମ୍ପରା ମାଧ୍ୟମରେ ତିଷ୍ଠି ରହିଛି।"
"It is considered sacrilege to serve any dishes based around pulses or lentils during this feast. The traditional number of courses for the wazwan is thirty-six, though there can be fewer. The preparation is traditionally done by a vasta waza, or head chef, with the assistance of a court of wazas, or chefs.","ଏହାର ପ୍ରସ୍ତୁତି ପାରମ୍ପରିକ ଭାବେ ଜଣେ ବାସ୍ତା ୱାଜା ବା ମୁଖ୍ୟପାଚକଙ୍କ ଦ୍ୱାରା କରାଯାଇଥାଏ, ଏଥିରେ ତାଙ୍କୁ ଏକ ୱାଜା ଦଳ ବା ପାଚକଦଳ ସହାୟତା କରିଥାନ୍ତି।"
"Pav Bhaji: It is a fast food dish from Maharashtra, consisting of a thick vegetable curry (bhaji) usually prepared in butter and served with a soft bread roll (pav). The dish originated in the 1850s as a fast lunchtime dish for textile mill workers in Mumbai but later gained massive popularity. It is now offered at outlets from simple hand carts to formal restaurants in India and abroad.","ପାୱ ଭାଜି: ଏହା ମହାରାଷ୍ଟ୍ରର ଏକ ଫାଷ୍ଟ ଫୁଡ୍ ଖାଦ୍ୟ, ଯେଉଁଥିରେ ସାଧାରଣତଃ ଲହୁଣୀରେ ପ୍ରସ୍ତୁତ ବହଳିଆ ପରିବା ତରକାରୀ (ଭାଜି)କୁ ଏକ ନରମ ପାଉଁରୁଟି ରୋଲ୍‌ (ପାୱ) ସହିତ ପରଷା ଯାଇଥାଏ।"
"Poet-saints who produced literary masterpieces include Chaitanyadeva in Bengali, Surdas in Hindi, Mira Bai in Rajasthani, Jnaneshwar in Marathi and Narsinha Mehta in Gujarati. The contribution of women writers needs special mention. The Kashmiri compositions of Lal Ded and Habba Khatoon are known for their mystical flavour and intense agony of expression, Mirabais compositions in Rajasthani is known for a unique devotional quality, Andals mysticism in Tamil and Akka Mahadevis vachanas in Kannnada are testimonies to the great contribution of women to literature of the time.","ଲାଲ୍ ଦେଦ୍ ଓ ହବା ଖାତୁନ୍‌ଙ୍କ କାଶ୍ମିରୀ ରଚନା ସେଗୁଡ଼ିକର ଆଧ୍ୟାତ୍ମିକ ରସ ଏବଂ ଅଭିବ୍ୟକ୍ତିର ତୀବ୍ର ବେଦନା ପାଇଁ ଜଣାଶୁଣା, ମୀରାବାଈଙ୍କ ରାଜସ୍ଥାନୀ ରଚନା ନିଜ ନିଆରା ଭକ୍ତି ଭାବ ପାଇଁ ପ୍ରସିଦ୍ଧ, ତାମିଲରେ ଅନ୍ଦଲଙ୍କ ରହସ୍ୟବାଦ, ଏବଂ କନ୍ନଡରେ ଆକ୍କା ମହାଦେବୀଙ୍କ ବଚନସବୁ ହେଉଛି ସେହି କାଳର ସାହିତ୍ୟକୁ ନାରୀମାନଙ୍କ ମହାନ ଅବଦାନର ସାକ୍ଷ୍ୟ।"
"The Bagh Caves, consisting of Buddhist mural paintings, are located 97 km from Dhar district of Madhya Pradesh. These rock-cut cave monuments are not natural but were carved over a period of time during the Satvahana period. The Bagh caves, like those at Ajanta, were excavated on a perpendicular sandstone rock face of a hill across the seasonal stream of Baghani.","ବୌଦ୍ଧ ଭିତ୍ତି-ଚିତ୍ରଗୁଡ଼ିକୁ ନେଇ ଗଠିତ ବାଘ ଗୁମ୍ଫା, ମଧ୍ୟପ୍ରଦେଶର ଧାର ଜିଲ୍ଲା ଠାରୁ ୯୭ କି.ମି. ଦୂରରେ ଅବସ୍ଥିତ ।"
"The Hindi terms for the root are mula and pada. The usual meaning of the word mula in Sanskrit literature is the root of a plant or tree; but figuratively the foot or lowest part or bottom of anything. Its other meanings are basis, foundation, cause, origin, etc.","ସଂସ୍କୃତ ସାହିତ୍ୟରେ 'ମୂଳ' ଶବ୍ଦର ସାଧାରଣ ଅର୍ଥ ହେଉଛି ଏକ ଉଦ୍ଭିଦ ବା ଗଛର ଚେର, କିନ୍ତୁ ପ୍ରତୀକାତ୍ମକ ଅର୍ଥରେ, ଏହା ପାଦ ବା କୌଣସି ଜିନିଷର ସବୁଠାରୁ ନିମ୍ନଭାଗ ବା ତଳକୁ ବୁଝାଇ ଥାଏ।"
The Indus Valley Civilisation or Harrapan civilisation spreads across in India extensively. It spread from Alamgirpur in western Uttar Pradesh (in the East) to Sutkagendor in Makaran and Bhagatrav in South Gujarat (in the West) and from Gumla and Ropar (in the North) to Daimabad in Maharastra (in the South). Indus Valley Civilisation is known for its technological knowledge in variety of fields.,ସିନ୍ଧୁ ଉପତ୍ୟକା ସଭ୍ୟତା ବିଭିନ୍ନ କ୍ଷେତ୍ରରେ ନିଜର ବୈଷୟିକ ଜ୍ଞାନ ପାଇଁ ଜଣାଶୁଣା ।
"The battle rages for eighteen days and ends with the defeat of the Kauravas. All the Kauravas die; only the ve Pandava brothers and Krishna survive. The six set out for heaven together, but all die on the way, except Yudhishthira, who reaches the gates of heaven accompanied only by a small dog, who turns out to be an incarnation of the god Dharma.",ସମସ୍ତ କୌରବ ମୃତ୍ୟୁ ବରଣ କରନ୍ତି; କେବଳ ପଞ୍ଚୁ ପାଣ୍ଡବ ଭ୍ରାତା ଏବଂ କୃଷ୍ଣ ଜୀବିତ ରହନ୍ତି ।
"The battle rages for eighteen days and ends with the defeat of the Kauravas. All the Kauravas die; only the ve Pandava brothers and Krishna survive. The six set out for heaven together, but all die on the way, except Yudhishthira, who reaches the gates of heaven accompanied only by a small dog, who turns out to be an incarnation of the god Dharma.",ଅଠର ଦିନ ଧରି ଭୀଷଣ ଯୁଦ୍ଧ ଚାଲେ ଏବଂ କୌରବମାନଙ୍କ ପରାଜୟ ସହିତ ସମାପ୍ତ ହୁଏ ।
"The central story of the Mahabharata is a conict over succession to the throne of Hastinapura, a kingdom just north of modern Delhi that was the ancestral realm of a tribe most commonly known as the Bharatas. (India was at that time divided amongst many small, and often warring, kingdoms.) The struggle is between two groups of cousins, the Pandavas, or sons of Pandu, and the Kauravas, or descendants of Kuru. Because of his blindness, Dhritarashtra, the elder brother of Pandu, is passed over as king, the throne going instead to Pandu.","ମହାଭାରତର ମୁଖ୍ୟ କାହାଣୀଟି ହେଉଛି ଆଧୁନିକ ଦିଲ୍ଲୀର ଠିକ୍ ଉତ୍ତରରେ ଅବସ୍ଥିତ ହସ୍ତୀନାପୁର ରାଜ୍ୟର ସିଂହାସନର ଉତ୍ତରାଧିକାରକୁ ନେଇ ଏକ ସଙ୍ଘର୍ଷ, ଯାହା ସାଧାରଣଭାବେ ଭରତ ନାମରେ ଜଣାଶୁଣା ଏକ ଜନଜାତିଙ୍କର ପୈତୃକ ଦେଶ ଥିଲା।"
"The number of vegetarians exceed the number of non-vegetarians in Karnataka; therefore, their cuisine mainly consists of vegetarian dishes. The food of Karnataka is the mildest of all. Lunch is mostly served on a plantain leaf.","କର୍ଣ୍ଣାଟକରେ ଶାକାହାରୀମାନଙ୍କ ସଂଖ୍ୟା ଆମିଷାଶୀମାନଙ୍କ ସଂଖ୍ୟାକୁ ଅତିକ୍ରମ କରିଯାଇଛି; ସୁତରାଂ, ସେମାନଙ୍କ ଭୋଜନରେ ମୁଖ୍ୟତଃ ନିରାମିଷ ଖାଦ୍ୟମାନ ରହିଥାଏ ।"
"The rst is that the Gita is a conversation within a conversation. Dhritarashtra begins it by asking a question, and that is the last we hear out of him. He is answered by Sanjaya, who relates what is happening on the battle eld.","ତାଙ୍କୁ ଉତ୍ତର ଦେଇଥାନ୍ତି ସଞ୍ଜୟ, ଯିଏ ଯୁଦ୍ଧକ୍ଷେତ୍ରରେ ଘଟୁଥିବା ଘଟଣାଗୁଡ଼ିକର ବର୍ଣ୍ଣନା କରନ୍ତି।"
"The two epics found in Tamil are Cilapathikaram and Manimekalai. Regarded as one of the great works of Tamil literature, the Silappadikaram is a poetic rendition with details of Tamil culture; its varied religions; its town plans and city types; the mingling of different people; and the arts of dance and music. Manimekalai is composed by the poet Chithalai Chathanar.","ତାମିଲ ଭାଷାରେ ଆମକୁ ମିଳିଥିବା ଦୁଇଟି କାବ୍ୟ ହେଉଛି, ସିଲାପଠିକରମ୍ ଏବଂ ମନିମେକଲାଇ |"
The use of chilli powder in this region is done cautiously. They make a liberal use of palm sugar or brown sugar. Udupi food forms part of the cuisine of Karnataka,ଏହି ଅଞ୍ଚଳରେ ଲଙ୍କା ଗୁଣ୍ଡର ବ୍ୟବହାର ସତର୍କତାର ସହିତ କରାଯାଇଥାଏ |
"The word Yoga is derived from the Sanskrit root Yuj, meaning to join or to yoke or to unite. As per Yogic scriptures, the practice of Yoga leads to the union of an individual consciousness with that of the universal consciousness indicating a perfect harmony between the body and mind, human and nature. According to modern scientists, everything in the universe is just a manifestation of the same quantum firmament.","'ଯୋଗ' ଶବ୍ଦଟି ମୂଳ ସଂସ୍କୃତ 'ୟୁଜ୍‌‌'ରୁ ଆସିଛି, ଯାହାର ଅର୍ଥ ହେଉଛି ଯୋଡ଼ିବା ବା ବାନ୍ଧିବା ବା ଏକତ୍ର କରିବା |"
"Tne Odissi dance form takes its name from the state of its origin, Odisha. It is approximately 60 years ago that Odissi, took its present form as seen today. Todays Odissi has evolved from the endless sculptures in various motifs carved on the temple walls of Orissa.",ଆଜିର ଓଡ଼ିଶୀ ଓଡ଼ିଶାର ମନ୍ଦିର କାନ୍ଥମାନଙ୍କରେ ଖୋଦିତ ହୋଇଥିବା ବିଭିନ୍ନ ବୈଶିଷ୍ଟ୍ୟସୂଚକ ଉପାଦାନରେ ରହିଥିବା ଅଗଣିତ ପ୍ରତିମାରୁ ବିକଶିତ ହୋଇଛି ।
"Vasishtha now turned to the King and spoke gently: ""It ill becomes you, King, to refuse having promised once"". Born in the Ikshvaku line, you cannot do it. Having once said, 'I will do', you have no option but to do it.","ବଶିଷ୍ଠ ବର୍ତ୍ତମାନ ରାଜାଙ୍କ ଆଡ଼କୁ ଚାହିଁଲେ ଏବଂ ନମ୍ର ଭାବରେ କହିଲେ: ""ଥରେ ପ୍ରତିଜ୍ଞା କରି ପ୍ରତ୍ୟାଖ୍ୟାନ କରିବା ଆପଣଙ୍କ ପକ୍ଷରେ ଅସଙ୍ଗତ, ରାଜନ୍‌ ।"""
"When Arjuna refuses to ght, Krishna has no patience with him. Only when he realizes the extent of Arjunas despondency does Krishna change his attitude and start teaching the mysteries of dharmic action in this world. He introduces Arjuna to the structure of the universe, the concepts of prakriti, primordial nature, and the three gunas, the properties that are active in prakriti.","ଯେତେବେଳେ ଅର୍ଜୁନଙ୍କ ନୈରାଶ୍ୟର ମାତ୍ରା ବିଷୟରେ କୃଷ୍ଣ ବୁଝିପାରିଛନ୍ତି, ସେତେବେଳେ ହିଁ ସେ ନିଜ ମନୋଭାବ ବଦଳେଇଛନ୍ତି ଏବଂ ଏ ପୃଥିବୀରେ ଧାର୍ମିକ ଆଚରଣର ରହସ୍ୟ ବିଷୟରେ ଶିକ୍ଷା ଦେବା ଆରମ୍ଭ କରିଛନ୍ତି।"
"You may begin by adding a spoonful of grated coconut into the cylindrical container, followed by the well mixed rice flour. As you add the rice flour into the container, in between, you may also add small quantities of grated coconut. Make sure that the cylinder is just fully filled and now you may place it on the Puttu Kudam after covering the top portion of the cylinder.","ପାତ୍ର ମଧ୍ୟକୁ ଚାଉଳ ଚୂନା ଢାଳିବା ସମୟରେ, ମଝିରେ ମଝିରେ, ଆପଣ ସ୍ୱଳ୍ପ ପରିମାଣର କୋରା ନଡ଼ିଆ ମଧ୍ୟ ମିଶାଇ ପାରନ୍ତି ।"
"You may begin by adding a spoonful of grated coconut into the cylindrical container, followed by the well mixed rice flour. As you add the rice flour into the container, in between, you may also add small quantities of grated coconut. Make sure that the cylinder is just fully filled and now you may place it on the Puttu Kudam after covering the top portion of the cylinder.","ପ୍ରଥମେ ଚାମଚେ କୋରା ନଡ଼ିଆକୁ ଏକ ସିଲିଣ୍ଡର ଆକୃତି ପାତ୍ରରେ ରଖି, ତା'ପରେ ସେଥିରେ ଭଲ ଭାବେ ମିଶିଥିବା ଚାଉଳ ଚୂନାକୁ ରଖି ଆପଣ ଆରମ୍ଭ କରିପାରନ୍ତି।"
"maharajaranjitsinghsendowmentsawtheconstructionofabeautifulgurudwaraatnandedaround1835a.d.thegurudwarafeaturesanimposinggoldendomewithintricatecarvingandabreathtakinggurudwara.maharashtra,likeotherstatesofindia,hasitsownfolkmusic.thefolkmusicalprogrammelikegondhal,lavani,bharud,powadastandspopularespeciallyinruralareas.","ମହାରାଜା ରଣଜିତ୍‌ ସିଂ ସମ୍ପତ୍ତି ଦାନକରିବା ଫଳରେ ନାନ୍ଦେଦ ଠାରେ, ୧୮୩୫ ମସିହା ପାଖାପାଖି, ଏକ ସୁନ୍ଦର ଓ ଚିତ୍ତାକର୍ଷକ ଗୁରୁଦ୍ୱାର ନିର୍ମାଣ ହୋଇଥିଲା, ଯେଉଁଥିରେ ସୂକ୍ଷ୍ମ କାରୁକାର୍ଯ୍ୟ ମଣ୍ଡିତ ଏକ ବିଶାଳ ସୁବର୍ଣ୍ଣ ଗମ୍ବୁଜ ରହିଛି।"
"samavedaisthecompilationoftheseselectedruchassettosvaraskeepingtheirproposedchandaorrhythmicmeters.onlythreesvarasudatta,anudattaandsvaritawereusedinsamagana.udattawasthesharppitch,anudattawasgravepitchandsvaritacombinedinitselfthecharacteristicsofboththepitches.",ସାମ ବେଦ ହେଉଛି ନିର୍ଦ୍ଧାରିତ ଛନ୍ଦ ଓ ତାଳରେ ସ୍ୱର ଦିଆହୋଇଥିବା ସେହି ସୁନିର୍ବାଚିତ ଋଚାଗୁଡ଼ିକର ସଙ୍କଳନ।
"tothenorthofthegangawasthegreatkingdomkosala,madefertilebytheriversarayu.itscapitalwasayodhya,builtbymanu,thefamousrulerofthesolardynasty.fromvalmiki'sdescriptionofthecapitalofkosala,itisclearthatancientayodhyawasnotinferiortoourmoderncities.",କୋଶଳର ରାଜଧାନୀ ବିଷୟରେ ବାଲ୍ମିକୀଙ୍କ ବର୍ଣ୍ଣନାରୁ ଏହା ସ୍ପଷ୍ଟ ଯେ ପ୍ରାଚୀନ ଅଯୋଧ୍ୟା ଆମର ଆଧୁନିକ ସହରଗୁଡ଼ିକ ତୁଳନାରେ ନିକୃଷ୍ଟ ନଥିଲା।
"vasishthanowturnedtothekingandspokegently:""itillbecomesyou,king,torefusehavingpromisedonce.bornintheikshvakuline,youcannotdoit.havingoncesaid,'iwilldo',youhavenooptionbuttodoit.","ଥରେ କହିସାରିବା ପରେ ଯେ, 'ମୁଁ ଏହା କରିବି', ଆପଣଙ୍କ ପାଖରେ ତାହା କରିବା ବ୍ୟତୀତ ଅନ୍ୟ କୌଣସି ବିକଳ୍ପ ନାହିଁ |"
"A stable exchange rate is a beacon of financial and overall macroeconomic stability and market confidence. In recent days, there have been divergent views on the exchange rate of the rupee and the adequacy of our forex reserves. Let me set out the overall position once again.","ନିକଟ ଅତୀତର ଦିନଗୁଡ଼ିକରେ, ଟଙ୍କାର ବିନିମୟ ହାର ଏବଂ ବିଦେଶୀ ମୁଦ୍ରା ଭଣ୍ଡାରର ଯଥେଷ୍ଟତା ଉପରେ ଭିନ୍ନ ଭିନ୍ନ ମତ ରହି ଆସିଛି ।"
"Banks shall report a credit card account as past due to credit information companies (CICs) or levy penal charges, viz. late payment charges, etc., if any, only when a credit card account remains past due for more than three days. The number of days past due and late payment charges shall, however, be computed from the payment due date mentioned in the credit card statement.","ବ୍ୟାଙ୍କଗୁଡ଼ିକ କେବଳ ସେତେବେଳେ ଏକ କ୍ରେଡିଟ୍‌ କାର୍ଡ଼ ଖାତାକୁ କ୍ରେଡିଟ୍‌ ସୂଚନା ଦେଉଥିବା କମ୍ପାନୀଗୁଡ଼ିକ (ସି.ଆଇ.ସି.) ପାଖରେ 'ପାଷ୍ଟ୍‌ ଡ୍ୟୁ' ଭାବରେ ରିପୋର୍ଟ କରିଥାନ୍ତି କିମ୍ବା ଅର୍ଥଦଣ୍ଡ ଲାଗୁ କରିଥାନ୍ତି, ଯଥା: ବିଳମ୍ବିତ ଦେୟ ଶୁଳ୍କ, ଇତ୍ୟାଦି, ଯଦି ସେପରି କିଛି ରହିଥାଏ, ଯେତେବେଳେକି ଏକ କ୍ରେଡିଟ୍‌ କାର୍ଡ଼ ଖାତା ତିନି ଦିନରୁ ଅଧିକ ସମୟ ପାଇଁ 'ପାଷ୍ଟ୍‌ ଡ୍ୟୁ' ରହିଥାଏ ।"
Countries may encourage inward direct investment to improve their fnances. Firms that set up operations in host countries are subject to local tax laws and often signifcantly boost the host countrys tax revenues. Direct investment can also help a countrys balance of payments.,ରାଷ୍ଟ୍ରମାନେ ସେମାନଙ୍କର ବିତ୍ତୀୟ ସ୍ଥିତିରେ ଉନ୍ନତି ଆଣିବା ପାଇଁ ଦେଶ ଭିତରେ ପ୍ରତ୍ୟକ୍ଷ ପୁଞ୍ଜି ନିବେଶକୁ ପ୍ରୋତ୍ସାହନ ଦେଇପାରନ୍ତି।
"During the pendency of the application for restructuring of the advance with the bank, the usual asset classification norms would continue to apply. The process of reclassification of an asset should not stop merely because the application is under consideration. However, as an incentive for quick implementation of the package, if the approved package is implemented by the bank within 90 days from the date of receipt of application by the bank, the asset classification status may be restored to the position which existed when the restructuring application was received by the bank.","ମାତ୍ର, ପ୍ୟାକେଜ୍‌ଟିର ଶୀଘ୍ର କାର୍ଯ୍ୟକାରିତା ନିମନ୍ତେ, ଏକ ପ୍ରୋତ୍ସାହନ ଭାବରେ, ଯଦି ଅନୁମୋଦିତ ପ୍ୟାକେଜ୍‌ଟି ବ୍ୟାଙ୍କ ଦ୍ଵାରା ଆବେଦନ ପତ୍ର ପ୍ରାପ୍ତ ହେବାର ୯୦ ଦିନ ମଧ୍ୟରେ ବ୍ୟାଙ୍କ୍‌ଟି ଦ୍ଵାରା କାର୍ଯ୍ୟକାରୀ ହୁଏ, ତା'ହେଲେ ସମ୍ପତ୍ତି ବର୍ଗୀକରଣ ସ୍ଥିତିଟିକୁ ସେହି ସ୍ଥିତିକୁ ପୁନଃସ୍ଥାପିତ କରାଯାଇପାରିବ ଯାହାକି ବ୍ୟାଙ୍କଟି ଦ୍ଵାରା ପୁନର୍ଗଠନ ଆବେଦନଟି ଗୃହୀତ ହେବା ସମୟରେ ବିଦ୍ୟମାନ ଥିଲା ।"
"Economic growth under capitalism may have far surpassed that of other economic systems, but inequality remains one of its most controversial attributes. Do the dynamics of private capital accumulation inevitably lead to the concentration of wealth in fewer hands, or do the balancing forces of growth, competition, and technological progress reduce inequality? Economists have taken various approaches to fnding the driver of economic inequality.","ବେସରକାରୀ ପୁଞ୍ଜି ସଞ୍ଚୟନର ଗତିଶୀଳତା ଅବଶ୍ୟମ୍ଭାବୀ ଭାବରେ ଅଳ୍ପ ସଂଖ୍ୟକ ଲୋକଙ୍କ ହାତରେ ସମ୍ପତ୍ତି ଠୁଳହେବାର କାରଣ ହୋଇଥାଏ କି, କିମ୍ବା, ଅଭିବୃଦ୍ଧି, ପ୍ରତିଯୋଗିତା, ଏବଂ ବୈଷୟିକ ପ୍ରଗତି ପ୍ରଭୃତି ଭାରସାମ୍ୟ ରକ୍ଷାକାରୀ ଶକ୍ତିଗୁଡ଼ିକ ବୈଷମ୍ୟକୁ ହ୍ରାସ କରିଥାଏ କି?"
"First, the rupee is a freely floating currency and its exchange rate is market determined. Second, the RBI does not have any fixed exchange rate in mind. It intervenes in the market to curb excessive volatility and anchor expectations.",ଏହା ଅତ୍ୟଧିକ ଅସ୍ଥିରତା ଉପରେ ନିୟନ୍ତ୍ରଣ ରଖିବା ଏବଂ ପ୍ରତ୍ୟାଶାସବୁ ଉପରେ ଭରସା ସ୍ଥାପନ କରିବା ପାଇଁ ବଜାରରେ ହସ୍ତକ୍ଷେପ କରିଥାଏ।
High frequency data for Q2 indicate that economic activity remains resilient. Private consumption has been holding up. There is a sustained revival in urban demand which should get a further impetus from unfettered celebration of upcoming festivals after two and half years of living with COVID-19.,କ୍ୟୁ୨ର ଅଧିକ-ବାରମ୍ବାରତା ଥିବା ତଥ୍ୟ ସୂଚାଉଛି ଯେ ଅର୍ଥନୈତିକ କାର୍ଯ୍ୟକଳାପ ପୂର୍ବାବସ୍ଥାକୁ ଫେରିଆସିଛି ।
"In macroeconomics, the subject is typically a nationhow all markets interact to generate big phenomena that economists call aggregate variables. In the realm of microeconomics, the object of analysis is a single marketfor example, whether price rises in the automobile or oil industries are driven by supply or demand changes. Te government is a major object of analysis in macroeconomicsfor example, studying the role it plays in contributing to overall economic growth or fghting infation.","ସମଷ୍ଟିଗତ ଅର୍ଥଶାସ୍ତ୍ରରେ, ବିଷୟବସ୍ତୁଟି ହେଉଛି ସାଧାରଣତଃ ଏକ ରାଷ୍ଟ୍ର ଏବଂ ସମସ୍ତ ବଜାର କିପରି ପାରସ୍ପରିକ ଆନ୍ତଃକ୍ରିୟା ଦ୍ୱାରା ବୃହତ୍ ପରିଦୃଶ୍ୟ ଘଟଣାମାନ ସୃଷ୍ଟି କରିଥାନ୍ତି, ଯାହାକୁ ଅର୍ଥନୀତିଜ୍ଞ ମାନେ ସାମଗ୍ରିକ ଚଳରାଶି ବୋଲି କହିଥାନ୍ତି।"
"In ofcial statistics, the amount of money in an economy is generally measured through what is called broad money, which encompasses everything that provides a store of value and liquidity. Liquidity refers to the extent to which fnancial assets can be sold at close to full market value at short notice. Tat is, they can easily be converted into another form of money, such as cash.",'ଆର୍ଥିକ ତାରଲ୍ୟ'ର ଅର୍ଥ ହେଉଛି ଯେଉଁ ପରିମାଣର ବିତ୍ତୀୟ ସମ୍ପତ୍ତି ସ୍ଵଳ୍ପ ସୂଚନାରେ ପୂର୍ଣ୍ଣ ବଜାର ଦରର ପାଖାପାଖି ମୂଲ୍ୟରେ ବିକ୍ରୟ କରାଯାଇପାରିବ ।
"In order to reflect a bank's actual financial health in its balance sheet and as per the recommendations made by the Committee on Financial System (Chairman Shri M. Narasimham), the Reserve Bank has introduced, in a phased manner, prudential norms for income recognition, asset classification and provisioning for the advances portfolio of the banks. Broadly, the policy of income recognition should be objective and based on record of recovery rather than on any subjective considerations.","ମୋଟାମୋଟି ଭାବେ, ଆୟ ସ୍ୱୀକୃତି ନୀତିଟି ବ୍ୟକ୍ତିନିଷ୍ଠ ବିଚାରଗୁଡ଼ିକ ପରିବର୍ତ୍ତେ ନିରପେକ୍ଷ ତଥା ପୁନରୁଦ୍ଧାରର ରେକର୍ଡ ଉପରେ ଆଧାରିତ ହେବା ଉଚିତ୍ ।"
"In the case of bank finance given for industrial projects where moratorium is available for payment of interest, payment of interest becomes due only after the moratorium or gestation period is over. Therefore, such amounts of interest do not become overdue and hence NPA, with reference to the date of debit of interest. They become overdue after due date for payment of interest, if uncollected.","ତେଣୁ, ସୁଧ କଟିବାର ତାରିଖ ଅନୁସାରେ, ଏହି ସୁଧଗୁଡ଼ିକ ଦେୟର ସମୟାତିକ୍ରାନ୍ତ ହୁଏ ନାହିଁ ଏବଂ ଏଥିପାଇଁ ଏଗୁଡ଼ିକ ଏନ୍‌.ପି.ଏ. ହୁଏ ନାହିଁ ।"
"In the payments space, going forward, the focus would be on enhancing awareness about digital payments and extending the outreach of payment systems across India and beyond. Implementation of the geo-tagging framework will provide precise locations of existing payment touch points and facilitate implementation of targeted literacy programmes and intervention strategies. The possibility of linking Indias payment systems to other jurisdictions, including the ongoing initiative of interlinking Indias fast payment system - UPI - with similar systems in other jurisdictions, will enhance cross-border payment arrangements, including remittances.","ଭାରତର ଦ୍ରୁତ ଅର୍ଥ ପ୍ରଦାନ ବ୍ୟବସ୍ଥା - ୟୁ.ପି.ଆଇ. - କୁ ଅନ୍ୟାନ୍ୟ କ୍ଷେତ୍ରଗୁଡ଼ିକରେ ରହିଥିବା ସମପ୍ରକାରର ବ୍ୟବସ୍ଥାଗୁଡ଼ିକ ସହିତ ଆନ୍ତଃ-ସଂଯୋଜନ କରିବାର ଚଳିତ ପଦକ୍ଷେପ ସମେତ, ଭାରତର ଅର୍ଥ ପ୍ରଦାନ ବ୍ୟବସ୍ଥାଗୁଡ଼ିକୁ ଅନ୍ୟାନ୍ୟ କ୍ଷେତ୍ରଗୁଡ଼ିକ ସହିତ ସଂଯୁକ୍ତ କରିବାର ସମ୍ଭାବନା ସୀମାପାର ଅର୍ଥ ପ୍ରଦାନ ବ୍ୟବସ୍ଥାଗୁଡ଼ିକୁ ପରିବର୍ଦ୍ଧିତ କରିବ, ଯେଉଁଥିରେ ଅର୍ଥ ପ୍ରେରଣ ମଧ୍ୟ ଅନ୍ତର୍ଭୁକ୍ତ ।"
Liquefied Natural Gas (LNG) is assuming greater importance in the energy segment as it is used to operate Power Plants and Industrial (fertilizer) Plants. Supply of LNG from source to various destinations (located in different states) through near sub-surface pipelines is techno-economically feasible and has a definite edge over other modes of transport for bulk quantity supply covering large distances. M/s.,ତରଳୀକୃତ ପ୍ରାକୃତିକ ଗ୍ୟାସ୍‌ (ଏଲ୍‌.ଏନ୍‌.ଜି.) ଶକ୍ତି କ୍ଷେତ୍ରରେ ଅଧିକ ଗୁରୁତ୍ୱପୂର୍ଣ୍ଣ ସ୍ଥାନ ଗ୍ରହଣ କରୁଛି କାରଣ ଏହା ବିଦ୍ୟୁତ୍ ଉତ୍ପାଦନ କେନ୍ଦ୍ର ତଥା ଔଦ୍ୟୋଗିକ (ସାର) ଉତ୍ପାଦନ କେନ୍ଦ୍ରଗୁଡ଼ିକୁ ପରିଚାଳନା କରିବାରେ ବ୍ୟବହୃତ ହୋଇଥାଏ ।
"Marketplaces are a low-risk approach to start selling to US customers. However, while marketplaces allow you to grow sales, they do not enable you to grow a sustainable business and create your own marketable brand. Once you have established a first presence in the US, it makes sense to launch a light version of a local branded online store and focus on service and reputation building, before providing a fully functional US website, mobile experience and implementing a more aggressive and riskier marketing strategy in order to acquire new customers.","ମାତ୍ର, ବଜାରଗୁଡ଼ିକ ଆପଣଙ୍କୁ ବିକ୍ରୟ ବୃଦ୍ଧି କରିବାକୁ ଦେଉଥିବାବେଳେ, ଏକ ଦୀର୍ଘକାଳୀନ ବ୍ୟବସାୟ ବିକଶିତ କରିବା ଏବଂ ନିଜସ୍ୱ ବିକ୍ରୟଯୋଗ୍ୟ ବ୍ରାଣ୍ଡ୍‌ ସୃଷ୍ଟି କରିବାକୁ ସେଗୁଡ଼ିକ ଆପଣଙ୍କୁ ସକ୍ଷମ କରାଇନଥାନ୍ତି ।"
"Payment Aggregators (PAs) play an important role in the payments ecosystem and hence were brought under regulations in March 2020 and designated as Payment System Operators (PSOs). The current regulations are, however, applicable to Payment Aggregators processing online or e-commerce transactions. These regulations do not cover offline Payment Aggregators who handle proximity/face-to- face transactions and play a significant role in the spread of digital payments.",'ପେମେଣ୍ଟ୍‌ ଆଗ୍ରିଗେଟର୍‌' (ପି.ଏ.)ମାନେ ଦେୟ ସମ୍ବନ୍ଧୀୟ ପରିବ୍ୟବସ୍ଥାରେ ଏକ ଗୁରୁତ୍ଵପୂର୍ଣ୍ଣ ଭୂମିକା ଗ୍ରହଣ କରିଥାନ୍ତି ଏବଂ ଏଥିପାଇଁ ମାର୍ଚ୍ଚ୍‌ ୨୦୨୦ରେ ସେମାନଙ୍କୁ ଅଧିନିୟମ ଅନ୍ତର୍ଭୁକ୍ତ କରାଯାଇଥିଲା ତଥା 'ପେମେଣ୍ଟ୍‌ ସିଷ୍ଟମ୍‌ ଅପରେଟର୍‌ସ୍‌' (ପି.ଏସ୍‌.ଓ.) ଭାବରେ ଅଭିହିତ କରାଯାଇଥିଲା ।
"Payment Aggregators (PAs) play an important role in the payments ecosystem and hence were brought under regulations in March 2020 and designated as Payment System Operators (PSOs). The current regulations are, however, applicable to Payment Aggregators processing online or e-commerce transactions. These regulations do not cover offline Payment Aggregators who handle proximity/face-to- face transactions and play a significant role in the spread of digital payments.","ତେବେ, ବର୍ତ୍ତମାନର ଆଇନଗୁଡ଼ିକ, ଅନ୍‌ଲାଇନ୍‌ କାରବାର କିମ୍ବା ଇ-ବ୍ୟାପାର କାରବାର କରୁଥିବା ପରିଶୋଧ ଆଗ୍ରିଗ୍ରେଟର୍‌ମାନଙ୍କ ଉପରେ ଲାଗୁ ହୋଇଥାଏ।"
"Ricardo observed that trade was driven by comparative rather than absolute costs (of producing a good). One country may be more productive than others in all goods, in the sense that it can produce any good using fewer inputs (such as capital and labor) than other countries require to produce the same good. Ricardos insight was that such a country would still beneft from trading according to its comparative advantageexporting products in which its absolute advantage was greatest, and importing products in which its absolute advantage was comparatively less (even if still positive).","ରିକାର୍ଡ଼ୋଙ୍କ ଅନୁଧ୍ୟାନ ଏହା ଥିଲା ଯେ ଏପରି ଏକ ଦେଶ, ଏହାର ସୁନିଶ୍ଚିତ ଫାଇଦା ସର୍ବାଧିକ ହୋଇଥିବା ଉତ୍ପାଦଗୁଡ଼ିକର ରପ୍ତାନି କରି, ଏବଂ ସୁନିଶ୍ଚିତ ଫାଇଦା ଅପେକ୍ଷାକୃତ କମ୍ ହୋଇଥିବା (ଯଦିଓ ତଥାପି ଯୁକ୍ତାତ୍ମକ) ଉତ୍ପାଦଗୁଡ଼ିକର ଆମଦାନି କରି, ତଥାପି ନିଜର ତୁଳନାତ୍ମକ ସୁବିଧା ଅନୁସାରେ ବାଣିଜ୍ୟରୁ ଲାଭ ଉଠାଇପାରିବ ।"
"Rural demand is also gaining gradually. Investment demand is picking up and is evident from the robust growth of domestic production and import of capital goods in July and August. Bank credit grew at an accelerated pace of 16.2 per cent y-o-y as on September 9, 2022 as against 6.7 per cent a year ago.","ବ୍ୟାଙ୍କ୍‌ କ୍ରେଡିଟ୍‌ ସେପ୍ଟେମ୍ବର ୯, ୨୦୨୨ ସୁଦ୍ଧା ୧୬.୨ ପ୍ରତିଶତ ତୁଳନାତ୍ମକ ବାର୍ଷିକ ଅଭିବୃଦ୍ଧି ଭଳି ତ୍ଵରାନ୍ୱିତ ବେଗରେ ବୃଦ୍ଧି ପାଇଥିଲା, ଏକ ବର୍ଷ ତଳର ୬.୭ ପ୍ରତିଶତ ତୁଳନାରେ।"
"Short-term loans for raising crops, i.e. for crop loans will include traditional/non-traditional plantations, horticulture and allied activities. Medium & long-term loans for agriculture and allied activities will cover purchase of agricultural machinery, for irrigation and other developmental activities undertaken in the farm. Loans for pre-harvest and post-harvest activities cover spraying, weeding, harvesting, sorting, grading and transporting of their own farm produce.","ଅମଳ-ପୂର୍ବବର୍ତ୍ତୀ ତଥା ଅମଳ-ପରବର୍ତ୍ତୀ କାର୍ଯ୍ୟକଳାପଗୁଡ଼ିକ ପାଇଁ ଉଦ୍ଦିଷ୍ଟ ଋଣଗୁଡ଼ିକ ମଧ୍ୟରେ ସିଞ୍ଚନ, ଘାସ ବଛା, ଅମଳ, ସଜଡ଼ା, ଶ୍ରେଣୀବିଭାଗ କରିବା ତଥା ସେମାନଙ୍କ ନିଜସ୍ୱ କୃଷି ଉତ୍ପାଦଗୁଡ଼ିକର ପରିବହନ ଅନ୍ତର୍ଭୁକ୍ତ ।"
"Short-term loans for raising crops, i.e. for crop loans will include traditional/non-traditional plantations, horticulture and allied activities. Medium & long-term loans for agriculture and allied activities will cover purchase of agricultural machinery, for irrigation and other developmental activities undertaken in the farm. Loans for pre-harvest and post-harvest activities cover spraying, weeding, harvesting, sorting, grading and transporting of their own farm produce.","କୃଷି ଏବଂ ଆନୁଷଙ୍ଗିକ କାର୍ଯ୍ୟକଳାପଗୁଡ଼ିକ ପାଇଁ ମଧ୍ୟମ ଏବଂ ଦୀର୍ଘ-କାଳୀନ ଋଣ ଅଧୀନରେ କୃଷି ଯନ୍ତ୍ରପାତି କ୍ରୟ, ଜଳସେଚନ ତଥା କୃଷିକ୍ଷେତ୍ରଟି ଉପରେ ସମ୍ପାଦନ କରାଯାଉଥିବା ଅନ୍ୟାନ୍ୟ ବିକାଶମୂଳକ କାର୍ଯ୍ୟକଳାପ ପ୍ରଭୃତି ଅନ୍ତର୍ଭୁକ୍ତ ହେବ।"
"Since the global fnancial crisis, the ofcial sector is collecting more and better information and searching for hidden vulnerabilities. Banking supervisors are examining the exposure of traditional banks to shadow banks and trying to contain it through better capital and liquidity regulationsbecause this exposure allowed shadow banks to afect the traditional fnancial sector and the economy more generally. Moreover, because many shadow banking entities were either lightly regulated or outside the purview of regulators, many authorities have expanded the scope of information reporting, and some have altered the regulatory perimeter to capture shadow-banking entities and the markets they use.","ବ୍ୟାଙ୍କିଙ୍ଗ ପର୍ଯ୍ୟବେକ୍ଷକମାନେ ପାରମ୍ପରିକ ବ୍ୟାଙ୍କଗୁଡ଼ିକ ପ୍ରତି ଛାୟା ବ୍ୟାଙ୍କମାନଙ୍କ ପାଖରୁ ଦେଖାଦେଉଥିବା ବିପଦର ନିରୀକ୍ଷଣ କରୁଛନ୍ତି, ଏବଂ ଏହାକୁ ଅଧିକ ଉନ୍ନତ ପୁଞ୍ଜି ତଥା ମୁଦ୍ରା ବ୍ୟବସ୍ଥା ଦ୍ୱାରା ନିୟନ୍ତ୍ରଣ କରିବାକୁ ଚେଷ୍ଟା କରୁଛନ୍ତି, କାରଣ ଏହି ଅନାବୃତ୍ତ ଅବସ୍ଥା ହେତୁ ପାରମ୍ପରିକ ବିତ୍ତୀୟ କ୍ଷେତ୍ର ତଥା ସାଧାରଣ ଅର୍ଥ ବ୍ୟବସ୍ଥାକୁ ଛାୟା ବ୍ୟାଙ୍କମାନେ ପ୍ରଭାବିତ କରିବାରେ ସକ୍ଷମ ହୋଇଛନ୍ତି ।"
"Since the global fnancial crisis, the ofcial sector is collecting more and better information and searching for hidden vulnerabilities. Banking supervisors are examining the exposure of traditional banks to shadow banks and trying to contain it through better capital and liquidity regulationsbecause this exposure allowed shadow banks to afect the traditional fnancial sector and the economy more generally. Moreover, because many shadow banking entities were either lightly regulated or outside the purview of regulators, many authorities have expanded the scope of information reporting, and some have altered the regulatory perimeter to capture shadow-banking entities and the markets they use.","ବିଶ୍ଵ ବିତ୍ତୀୟ ସଙ୍କଟ ପର ଠାରୁ, ଆଧିକାରିକ କ୍ଷେତ୍ରଟି ଅଧିକ ତଥା ବେଶି ଭଲ ତଥ୍ୟ ସଂଗ୍ରହ କରୁଛି ଏବଂ ଲୁକ୍କାୟିତ ଅସୁରକ୍ଷିତତାଗୁଡ଼ିକର ସନ୍ଧାନ କରୁଛି ।"
"Te market-clearing price is determined by the requirement that supply equal demand at that price. Demand is usually set to decline and supply to increase with price, yielding a system that moves toward the market-clearing pricethat is, equilibriumwithout intervention. Te supply-demand model can explain changes, for example, in the global equilibrium price of gold.",ବଜାର-ନିକାଶ ମୂଲ୍ୟ ସେହି ଆବଶ୍ୟକତା ଦ୍ଵାରା ନିର୍ଦ୍ଧାରିତ ହୋଇଥାଏ ଯେ ସେହି ମୂଲ୍ୟରେ ଯୋଗାଣ ଓ ଚାହିଦା ସମାନ ରହିଥାଏ ।
"Te standard model of supply and demand taught in introductory economics is a good example of a useful economic model. Its basic purpose is to explain and analyze prices and quantities traded in a competitive market. Te models equations determine the level of supply and demand as a function of price and other variables (for example, income).","ମଡ଼େଲଟିର ସମୀକରଣଗୁଡ଼ିକ ଦର ଏବଂ ଅନ୍ୟାନ୍ୟ ଚଳରାଶିଗୁଡ଼ିକର (ଉଦାହରଣ ସ୍ଵରୂପ, ଆୟ) ଏକ ଫଳନ ଭାବରେ ଯୋଗାଣ ଏବଂ ଚାହିଦାର ସ୍ତର ନିର୍ଦ୍ଧାରଣ କରିଥାଏ ।"
"Te trade balance is the diference between the value of exports of goods and services and the value of imports of goods and services. A trade defcit means that the country is importing more goods and services than it is exporting; a trade surplus means the opposite. Te current account balance is then the trade balance plus net factor income (such as interest and dividends from foreign investments or workers remittances) and transfers from abroad (such as foreign aid), which are usually a small fraction of the total.","ତା'ହେଲେ ଚଳନ୍ତି ଆକାଉଣ୍ଟର ଜମା ହେଉଛି ବ୍ୟାପାରରେ ବଳକାରାଶି ଯୁକ୍ତ ନିଟ୍‌ ସାଧନ ଆୟ (ଯେପରିକି ବିଦେଶୀ ପୁଞ୍ଜି ନିବେଶରୁ ଆସୁଥିବା ସୁଧ ଏବଂ ଲାଭାଂଶ ବା ଶ୍ରମିକମାନଙ୍କ ଦ୍ୱାରା ପ୍ରେରିତ ଅର୍ଥ), ଏବଂ ବିଦେଶରୁ ହେଉଥିବା ଅନ୍ତରଣ ରାଶି (ଯେପରିକି ବୈଦେଶିକ ସହାୟତା), ଯାହା ପ୍ରାୟତଃ ମୋଟର ଏକ ଛୋଟ ଅଂଶ।"
"Te trade balance is the diference between the value of exports of goods and services and the value of imports of goods and services. A trade defcit means that the country is importing more goods and services than it is exporting; a trade surplus means the opposite. Te current account balance is then the trade balance plus net factor income (such as interest and dividends from foreign investments or workers remittances) and transfers from abroad (such as foreign aid), which are usually a small fraction of the total.",ବାଣିଜ୍ୟିକ ସନ୍ତୁଳନ ହେଉଛି ଦ୍ରବ୍ୟ ଓ ସେବାଗୁଡ଼ିକର ରପ୍ତାନିର ମୂଲ୍ୟ ଏବଂ ଦ୍ରବ୍ୟ ଓ ସେବାଗୁଡ଼ିକର ଆମଦାନିର ମୂଲ୍ୟ ମଧ୍ୟରେ ଥିବା ପ୍ରଭେଦ ।
"The Government of India has been working continuously to make Indian MSMEs match the global standards. The constant efforts have resulted in the improvement of our ratings in the Global EoDB ranking and addressing the challenges faced by MSMEs in connecting to GVCs, said Minister of State (Independent Charge) for Micro, Small and Medium Enterprises (MSME) Shri Giriraj Singh while delivering the keynote address during the inauguration of the 15th SME Global Summit organized by the Ministry of MSME in partnership with CII, on 19 - 20 December,2018 in New Delhi. This year, the theme centered around Building Partnerships through Global Value Chains' and aimed to boost the global competitiveness of the Indian MSMEs by apprising them of the global trends, global practices and standards along with arranging experience sharing and B2B meeting with SMEs from across the globe.","ନୂଆଦିଲ୍ଲୀରେ ୧୯ - ୨୦ ଡିସେମ୍ବର ୨୦୧୮ ରେ, ସି.ଆଇ.ଆଇ.ଙ୍କ ସହଭାଗିତାରେ ଏମ୍‌.ଏସ୍‌.ଏମ୍‌.ଇ. ମନ୍ତ୍ରାଳୟ ଦ୍ଵାରା ଆୟୋଜିତ ୧୫ଶ ଏସ୍‌.ଏମ୍‌.ଇ. ବିଶ୍ୱସ୍ତରୀୟ ସମ୍ମିଳନୀର ଉଦ୍‌ଘାଟନ ବେଳେ ଆଧାର ଉଦ୍‌ବୋଧନ ବକ୍ତୃତା ପ୍ରଦାନ କରିବା ସମୟରେ ରାଜ୍ୟ ଅଣୁ, କ୍ଷୁଦ୍ର ଏବଂ ମଧ୍ୟମ ଉଦ୍ୟୋଗ (ଏମ୍‌.ଏସ୍‌.ଏମ୍‌.ଇ.) ମନ୍ତ୍ରୀ (ସ୍ଵାଧୀନ ପ୍ରଭାର) ଶ୍ରୀ ଗିରିରାଜ ସିଂହ କହିଥିଲେ ଅବିରତ ଉଦ୍ୟମ ଫଳରେ ବିଶ୍ୱବ୍ୟାପୀ ଇ.ଓ.ଡି.ବି. ସ୍ଥାନର ମୂଲ୍ୟାଙ୍କନରେ ଉନ୍ନତି ଏବଂ ଜି.ଭି.ସି. ଗୁଡ଼ିକ ସହିତ ସଂଯୁକ୍ତ ହେବାରେ ଏମ୍‌.ଏସ୍‌.ଏମ୍‌.ଇ. ଗୁଡ଼ିକ ସମ୍ମୁଖୀନ ହେଉଥିବା ଆହ୍ୱାନଗୁଡ଼ିକର ସମାଧାନ ହେବା ସମ୍ଭବ ହୋଇଛି ।"
"The Indian basket crude oil price was around US$ 104 per barrel in H1:2022-23. Going forward, we are now assuming it to be US$ 100 per barrel in H2:2022-23. Taking into account these factors, the inflation projection is retained at 6.7 per cent in 2022- 23, with Q2 at 7.1 per cent; Q3 at 6.5 per cent; and Q4 at 5.8 per cent, with risks evenly balanced.","ଏହି କାରକଗୁଡ଼ିକୁ ବିଚାରକୁ ନେଇ, କ୍ୟୁ୨ପାଇଁ ୭.୧ପ୍ରତିଶତ, କ୍ୟୁ୩ ପାଇଁ ୬.୫ ପ୍ରତିଶତ, ଏବଂ କ୍ୟୁ୪ ପାଇଁ ୫.୮ ପ୍ରତିଶତ ଥାଇ, ମୁଦ୍ରାସ୍ଫୀତିର ପ୍ରକ୍ଷେପଣ ୨୦୨୨-୨୩ ପାଇଁ ୬.୭ ପ୍ରତିଶତ ରଖାଯାଇଛି, ଯେତେବେଳେକି ବିପଦର ଆଶଙ୍କାଗୁଡ଼ିକ ସମଭାବରେ ସନ୍ତୁଳିତ ହୋଇ ରହିଛି ।"
"The current account deficit (CAD) for Q1:2022- 23 is placed at 2.8 per cent of GDP with trade deficit at 8.1 per cent of GDP. Various leading indicators, including global PMIs, point to weakening of global growth momentum and downside risks to global trade. Indias import growth, though decelerating5, outpaced export growth.","ଭାରତର ଆମଦାନୀ ଅଭିବୃଦ୍ଧିର ଗତି କମୁଥିବା ସତ୍ତ୍ୱେ, ତାହା ଦେଶର ରପ୍ତାନି ଅଭିବୃଦ୍ଧିକୁ ଅତିକ୍ରମ କରି ସାରିଛି।"
"The current economic discussions are heavily tilted towards balance between the social and economic performance and somewhat neglecting their interactions with the environmental performance. At present, the growth accounting is mainly focused on economic performance (growth rate, fi scal defi cit as a percentage of GDP, government debt as a per cent of GDP, tax revenue as a per cent of GDP, etc.) and social performance (poverty, inequality, level of employment, nutrition level of population, etc.). On other hand, the focus on impact of growth on environment and ecosystem services is still not considered while accounting for growth in GDP.","ବର୍ତ୍ତମାନ, ଅଭିବୃଦ୍ଧିର ହିସାବକିତାବ ମୁଖ୍ୟତଃ ଆର୍ଥିକ ସମ୍ପାଦନ (ଅଭିବୃଦ୍ଧି ହାର, ଜି.ଡି.ପିର ପ୍ରତିଶତ ଭାବେ ବିତ୍ତୀୟ ନିଅଣ୍ଟ, ଜି.ଡି.ପିର ପ୍ରତିଶତ ଭାବେ ସରକାରୀ ଋଣ, ଜି.ଡି.ପିର ପ୍ରତିଶତ ଭାବେ ଟିକସ ରାଜସ୍ୱ, ଇତ୍ୟାଦି) ଏବଂ ସାମାଜିକ ସମ୍ପାଦନ (ଦାରିଦ୍ର୍ୟ, ଅସମାନତା, ନିଯୁକ୍ତି ହାର, ଜନସଂଖ୍ୟାର ପୋଷଣ ସ୍ତର, ଇତ୍ୟାଦି) ଉପରେ କେନ୍ଦ୍ରିତ।"
"The current economic discussions are heavily tilted towards balance between the social and economic performance and somewhat neglecting their interactions with the environmental performance. At present, the growth accounting is mainly focused on economic performance (growth rate, fi scal defi cit as a percentage of GDP, government debt as a per cent of GDP, tax revenue as a per cent of GDP, etc.) and social performance (poverty, inequality, level of employment, nutrition level of population, etc.). On other hand, the focus on impact of growth on environment and ecosystem services is still not considered while accounting for growth in GDP.",ସାମ୍ପ୍ରତିକ ଅର୍ଥନୈତିକ ଆଲୋଚନାଗୁଡ଼ିକ ସାମାଜିକ ଏବଂ ଅର୍ଥନୈତିକ କାର୍ଯ୍ୟଦକ୍ଷତା ମଧ୍ୟରେ ଭାରସାମ୍ୟ ରକ୍ଷା ଉପରେ ଅଧିକ ଗୁରୁତ୍ୱ ଦେଉଛି ଏବଂ କିଛି ପରିମାଣରେ ପାରିବେଶିକ କାର୍ଯ୍ୟଦକ୍ଷତା ସହିତ ସେଗୁଡ଼ିକର ପାରସ୍ପରିକ ଆନ୍ତଃକ୍ରିୟାକୁ ଉପେକ୍ଷା କରୁଛି ।
"The erosion in the fair value of the advance should be computed as the difference between the fair value of the loan before and after restructuring. Fair value of the loan before restructuring will be computed as the present value of cash flows representing the interest at the existing rate charged on the advance before restructuring and the principal, discounted at a rate equal to the bank's BPLR as on the date of restructuring plus the appropriate term premium and credit risk premium for the borrower category on the date of restructuring"". Fair value of the loan after restructuring will be computed as the present value of cash flows representing the interest at the rate charged on the advance on restructuring and the principal, discounted at a rate equal to the bank's BPLR as on the date of restructuring plus the appropriate term premium and credit risk premium for the borrower category on the date of restructuring.","ପୁନର୍ଗଠନ ପରେ, ଋଣଟିର ଉଚିତ୍‌ ମୂଲ୍ୟ ନଗଦଅର୍ଥ ପ୍ରବାହର ସାମ୍ପ୍ରତିକ ମୂଲ୍ୟ ଭାବରେ ହିସାବ କରାଯିବ, ଯାହାକି ପୁନର୍ଗଠନ ଉପରେ ଥିବା ଅଗ୍ରୀମ ଉପରେ ବସାଯାଇଥିବା ହାରର ସୁଧ ଏବଂ ପୁନର୍ଗଠନର ତାରିଖ ଅନୁଯାୟୀ, ବ୍ୟାଙ୍କ୍‌ଟିର ବି.ପି.ଏଲ୍‌.ଆର୍‌. ସହିତ ସମାନ ହାରରେ ଅପହ୍ରାସିତ ହୋଇଥିବା ମୂଳଧନ ଯୁକ୍ତ ଉପଯୁକ୍ତ ମିଆଦୀ କିସ୍ତି ଦେୟ ଏବଂ ଋଣଧାରୀ ବର୍ଗଙ୍କ ପାଇଁ ପୁନର୍ଗଠନ ଦିନ ଉଧାର ଜନିତ କ୍ଷତିଭୟ ନିମିତ୍ତ ଉଦ୍ଦିଷ୍ଟ କିସ୍ତି ଦେୟକୁ ସୂଚାଇବ ।"
"The impact of Covid-19 on debt MFs was exacerbated in March 2020 as it coincided with the tax fi ling month. The heightened volatility during Covid-19 led to redemption pressures and liquidity strains, accentuated by shallow corporate bond markets. It also led to the closure of some debt MF schemes, which sent chills across the domestic financial markets and created fears of similar winding up by other debt MFs. Subsequently, to ease the liquidity pressures and safeguard financial stability, the Reserve Bank of India had stepped in with a Special Liquidity Facility for MFs (SLF-MF) amounting to `50,000 crore, which helped in restoring confidence in the financial markets.","ପରବର୍ତ୍ତୀ ସମୟରେ, ନଗଦ ଚାପକୁ କୋହଳ କରିବାକୁ ତଥା ବିତ୍ତୀୟ ସ୍ଥିରତାକୁ ସୁରକ୍ଷିତ ରଖିବାକୁ, ଭାରତୀୟ ରିଜର୍ଭ ବ୍ୟାଙ୍କ୍‌ ଏମ୍.ଏଫ୍. (ଏସ୍‌.ଏଲ୍‌.ଏଫ୍‌.—ଏମ୍‌.ଏଫ୍‌.) ମାନଙ୍କ ପାଇଁ ୫୦,୦୦୦ କୋଟି ମୂଲ୍ୟର ଏକ 'ସ୍ପେଶାଲ ଲିକ୍ୱିଡିଟି ଫ୍ୟାସିଲିଟି'ର ପ୍ରଚଳନ କରିଥିଲା, ଯାହାକି ବିତ୍ତୀୟ ବଜାରରେ ବିଶ୍ୱାସ ଫେରାଇ ଆଣିବାରେ ସାହାଯ୍ୟ କରିଥିଲା ।"
"The necessity of such actions is driven by their domestic considerations, but in a highly integrated global financial system, they inevitably cause negative externalities through global spillovers. The recent sharp rate hikes and forward guidance about further big rate hikes have caused a tightening of financial conditions, extreme volatility and risk aversion. All segments of the financial market including equity, bond and currency markets are in turmoil across countries.",ନିକଟରେ ହୋଇଥିବା ତୀବ୍ର ଦର ବୃଦ୍ଧି ଏବଂ ପୁନଶ୍ଚ ଅଧିକ ବୃହତ୍‌ ଦର ବୃଦ୍ଧି ସମ୍ବନ୍ଧରେ ଅଗ୍ରୀମ ମାର୍ଗଦର୍ଶନ ବିତ୍ତୀୟ ପରିସ୍ଥିତିଗୁଡ଼ିକର ସଙ୍କୋଚନ କରାଇଦେଇଛି ତଥା ଅତ୍ୟଧିକ ପରିବର୍ତ୍ତନଶୀଳତା ଏବଂ ସଙ୍କଟସମ୍ମୁଖୀନତା ପ୍ରତି ବିମୁଖତାର କାରଣ ହୋଇଛି ।
"The reports of notes adjudicated by bank branches and the full value paid notes have to be remitted by all branches to the chest branches with which they have been linked and therefrom to the RBI Issue Offices concerned together with the next soiled note remittance in the manner already laid down. The half value paid notes and rejected notes, which are held by the chest branches in their cash balance, shall be packed separately with separate invoice and sent along with the full value paid notes as part of soiled remittance or sent by registered and insured post as and when required. The full value paid notes will be treated as chest remittance by the RBI Issue Office while the half value paid notes and rejected notes will be treated as notes tendered for adjudication and processed accordingly.","ପୂର୍ଣ୍ଣ-ମୂଲ୍ୟ ପ୍ରଦତ୍ତ ନୋଟ୍‌ଗୁଡ଼ିକୁ ଆର୍‌.ବି.ଆଇ. ପ୍ରଚଳନ କାର୍ଯ୍ୟାଳୟ ଦ୍ଵାରା ସିନ୍ଦୁକ ପ୍ରେଷିତ ଧନ ଭାବରେ ଗ୍ରହଣ କରାଯାଏ, ଯେତେବେଳେକି ଅର୍ଦ୍ଧେକ-ମୂଲ୍ୟ ପ୍ରଦତ୍ତ ନୋଟ୍‌ ଏବଂ ପ୍ରତ୍ୟାଖ୍ୟାତ ନୋଟ୍‌ଗୁଡ଼ିକୁ ବିଚାର ନିମନ୍ତେ ଉପସ୍ଥାପିତ ନୋଟ୍‌ ଭାବରେ ଗ୍ରହଣ କରାଯାଏ ।"
"There has been tremendous growth in the volume of debt securities in India. A significant part of the evolution of this market-led financial intermediation system has been supported by the debt-oriented MFs, which invest in debt securities. These debt-oriented MFs subscribe to short-tenor and long-tenor securities of Government and corporates, viz., T-bills, central government securities, state development loans (SDLs), commercial papers (CPs), certificates of deposit (CDs) and corporate bonds.",ଭାରତରେ ଋଣ ପ୍ରତିଭୂତିର ପରିମାଣରେ ପ୍ରବଳ ଅଭିବୃଦ୍ଧି ଘଟିଛି ।
"There is nervousness in financial markets with potential consequences for the real economy and financial stability. The global economy is in the eye of a new storm. Despite this unsettling global environment, the Indian economy continues to be resilient.","ଏହି ବିଶ୍ୱବ୍ୟାପୀ ଅସ୍ଥିର ପରିସ୍ଥିତି ସତ୍ତ୍ୱେ, ଭାରତୀୟ ଅର୍ଥବ୍ୟବସ୍ଥା ସୁଦୃଢ଼ ରହିଆସିଛି।"
"There is nervousness in financial markets with potential consequences for the real economy and financial stability. The global economy is in the eye of a new storm. Despite this unsettling global environment, the Indian economy continues to be resilient.",ବାସ୍ତବ ଅର୍ଥବ୍ୟବସ୍ଥା ଏବଂ ବିତ୍ତୀୟ ସ୍ଥିରତା ଉପରେ ସମ୍ଭାବ୍ୟ ପରିଣାମକୁ ନେଇ ବିତ୍ତୀୟ ବଜାରରେ ଉଦ୍‌ବେଗ ରହିଛି ।
"Where the number of notes presented by a person is more than 5 pieces but not exceeding 5,000 in value, the tenderer shall be advised to send such notes to nearby currency chest branch by insured post giving his / her bank account details (a/c no, branch name, IFSC, etc.) or get them exchanged thereat in person. All other persons tendering mutilated notes whose value exceeds 5,000 shall be advised to approach nearby currency chest branch. Currency chest branches receiving mutilated notes through insured post shall credit the exchange value to the account of sender by electronic means within 30 days of receipt of notes.","ଯେଉଁ କ୍ଷେତ୍ରରେ ବ୍ୟକ୍ତିଜଣକଙ୍କ ଦ୍ଵାରା ଉପସ୍ଥାପିତ ନୋଟ୍‌ଗୁଡ଼ିକର ସଂଖ୍ୟା ୫ ଖଣ୍ଡରୁ ଅଧିକ, ମାତ୍ର ମୂଲ୍ୟରେ ୫,୦୦୦ ରୁ ଅଧିକ ନୁହେଁ, ଟେଣ୍ଡରର୍‌ଜଣକଙ୍କୁ ବୀମାକୃତ ଡାକ ମାଧ୍ୟମରେ ନିଜ ବ୍ୟାଙ୍କ୍‌ ଖାତାର ବିବରଣୀଗୁଡ଼ିକ (ଖାତା ନଂ., ଶାଖା ନାମ, ଆଇ.ଏଫ୍‌.ଏସ୍‌.ସି., ଇତ୍ୟାଦି) ଦେଇ ଏକ ନିକଟସ୍ଥ ପ୍ରଚଳିତ ମୁଦ୍ରା ସିନ୍ଦୁକ ଥିବା ଶାଖାକୁ ଏହିପରି ନୋଟ୍‌ମାନ ପଠାଇବାକୁ କିମ୍ବା ନିଜେଯାଇ ସେହିଠାରେ ସେଗୁଡ଼ିକୁ ବଦଳ କରିନେବାକୁ ପରାମର୍ଶ ଦିଆଯିବ ।"
"While issuing CBDC, the central bank collects range of customer related data and, it is, therefore, essential to have defined privacy principle and data subjects rights. India presently do not have data protection law, however, in August 2017, the Supreme Court held that privacy is a fundamental right, flowing from the right to life and personal liberty under Article 21 of the Constitution. The Court also observed that privacy of personal data and facts is an essential aspect of the right to privacy and it is therefore imperative that while collecting data for issuance of CBDC, best interest of the citizens should be prioritised, only those personal identifiable data may be collected which is necessary and use these data only for the purpose for which it is collected.","କୋର୍ଟ୍‌ ଏହା ମଧ୍ୟ କହିଥିଲେ ଯେ ବ୍ୟକ୍ତିଗତ ତଥ୍ୟ ଏବଂ ବାସ୍ତବତାଗୁଡ଼ିକର ଗୋପନୀୟତା ହେଉଛି ଗୋପନୀୟତାର ଅଧିକାରର ଏକ ମୌଳିକ ଦିଗ ଏବଂ ଏଥିପାଇଁ ଏହା ଅତ୍ୟାବଶ୍ୟକ ଯେ ସି.ବି.ଡି.ସି. ଜାରି ନିମନ୍ତେ ତଥ୍ୟ ସଂଗ୍ରହ କରିବା ବେଳେ ନାଗରିକମାନଙ୍କ ସର୍ବୋଚ୍ଚ ସ୍ଵାର୍ଥଟିକୁ ଅଗ୍ରାଧିକାର ଦିଆଯିବା ଉଚିତ୍‌; କେବଳ ସେହି ବ୍ୟକ୍ତିଗତ ଚିହ୍ନଟଯୋଗ୍ୟ ତଥ୍ୟ ସଂଗ୍ରହ କରାଯାଇପାରେ ଯାହାକି ପ୍ରୟୋଜନୀୟ ଏବଂ ଏହି ତଥ୍ୟର ବ୍ୟବହାର କେବଳ ଯେଉଁଥିପାଇଁ ସଂଗ୍ରହ କରାଯାଏ, ସେହି ଉଦ୍ଦେଶ୍ୟ ନିମନ୍ତେ କରନ୍ତୁ ।"
"A cyber criminal attacks a computer or a network to reach other computers in order to disable or damage data or services. Apart from this, a cyber criminal may spread viruses and other malwares in order to steal private and confidential data for blackmailing and extortion. A computer virus is some lines of malicious code that can copy itself and can have detrimental effect on the computers, by destroying data or corrupting the system.",ଜଣେ ସାଇବର୍‌-ଅପରାଧୀ ତଥ୍ୟ ବା ସେବାଗୁଡ଼ିକୁ ଅକ୍ଷମ ଅଥବା କ୍ଷତିଗ୍ରସ୍ତ କରିବା ନିମନ୍ତେ ଅନ୍ୟ କମ୍ପ୍ୟୁଟରଗୁଡ଼ିକ ପର୍ଯ୍ୟନ୍ତ ପହଞ୍ଚିବା ପାଇଁ ଏକ କମ୍ପ୍ୟୁଟର କିମ୍ବା ନେଟ୍‌ୱର୍କ୍‌କୁ ଆକ୍ରମଣ କରିଥାଏ ।
All packaged and canned food items contain a very high level of sodium because of the presence of salt that is used as a preservative. If you are in the habit of adding table salt to your food you are consuming excess salt. Use of excess salt is linked with hypertension.,ସମସ୍ତ ପ୍ୟାକେଜ୍‌ ଏବଂ କ୍ୟାନ୍‌ରେ ଆସୁଥିବା ଖାଦ୍ୟ ଦ୍ରବ୍ୟଗୁଡ଼ିକରେ ସଂରକ୍ଷଣକାରୀ ଭାବରେ ବ୍ୟବହୃତ ହେଉଥିବା ଲୁଣର ଉପସ୍ଥିତି କାରଣରୁ ଅତି ଉଚ୍ଚ ମାତ୍ରାର ସୋଡ଼ିୟମ୍‌ ରହିଥାଏ ।
"Always secure CRS safely in the vehicle or stow it in the luggage compartment if not being used. While the vehicle is in motion an unre- strained CRS could flung through the vehicle interior in the event of a sud- den braking, maneuver or an accident. This could cause injuries to the travel- ling occupants.","ଯାନଟି ଗତିଶୀଳ ଥିବାବେଳେ ହଠାତ୍ ବ୍ରେକ୍‌ ପ୍ରୟୋଗ, କୌଶଳପୂର୍ଣ୍ଣ ଚାଳନା କିମ୍ବା ଦୁର୍ଘଟଣା ପ୍ରଭୃତି ଘଟଣାରେ ଏକ ଅନିୟନ୍ତ୍ରିତ ସି.ଆର୍‌.ଏସ୍‌. ଯାନଟିର ଅନ୍ତର୍ଦେଶ ଦେଇ କ୍ଷିପ୍ରଗତିରେ ନିକ୍ଷେପିତ ହୋଇପାରେ ।"
"As he had not even two hundred and fifty men with him in the forst, the English naturally expected that the chief must have already evacuated the place. But, on that very morning, one of the white prisoners whom Narapat Singh had released came to the English camp and informed the general that he had heard Narapat Singh say that he would evacuate the fort but not until he had had his vengeance. Not until a gory fight is fought, not until one bloody defeat is inflicted will Narapat leave his fort!","କିନ୍ତୁ, ସେହି ଦିନ ସକାଳେ ହିଁ, ନରାପତ ସିଂହ ମୁକ୍ତ କରିଥିବା ଗୋରା କଏଦୀମାନଙ୍କ ମଧ୍ୟରୁ ଜଣେ ଇଂରେଜମାନଙ୍କ ଶିବିରକୁ ଆସି ଜେନେରାଲଙ୍କୁ ସୂଚନା ଦେଇଥିଲେ ଯେ ତାଙ୍କ ଶୁଣିବା ଅନୁଯାୟୀ ନରାପତ ସିଂହ କହିଛନ୍ତି ଯେ ସେ ଦୁର୍ଗକୁ ଖାଲି କରିଦେବେ, କିନ୍ତୁ କେବଳ ନିଜ ପ୍ରତିଶୋଧ ନେଇ ସାରିଲା ପରେ।"
"At this time, the greater part of the Punjab army was at Mian Mir. As the camp of Mian Mir was very near Lahore, the Lahore fort was allowed to be garrisoned purely by Sepoys. In the camp at Mian Mir, though the Sepoys outnumbered te English soldiers by four to one, the English officers had no suspicion about them until the new from Meerut arrived, and when the news did arrive they found it difficult to ascertain whether they were or were not secretly in communication with the Meerut Sepoys. At this time, the chief officer of the army of Lahore was one Robert Montgomery.","ଏହି ସମୟରେ, ଲାହୋର ସେନାର ମୁଖ୍ୟ ଅଧିକାରୀ ଥିଲେ ଜନୈକ ରବର୍ଟ୍‌ ମଣ୍ଟ୍‌ଗୋମେରି।"
"At this time, the greater part of the Punjab army was at Mian Mir. As the camp of Mian Mir was very near Lahore, the Lahore fort was allowed to be garrisoned purely by Sepoys. In the camp at Mian Mir, though the Sepoys outnumbered te English soldiers by four to one, the English officers had no suspicion about them until the new from Meerut arrived, and when the news did arrive they found it difficult to ascertain whether they were or were not secretly in communication with the Meerut Sepoys. At this time, the chief officer of the army of Lahore was one Robert Montgomery.","ମିଆଁ ମୀର ଠାରେ ଥିବା ଶିବିରରେ, ଯଦିଓ ସିପାହୀମାନେ ଇଂରେଜ ସୈନ୍ୟମାନଙ୍କୁ ଚାରି: ଏକ ଅନୁପାତରେ ସଂଖ୍ୟାରେ ଅତିକ୍ରମ କରିଯାଇଥିଲେ, ମେରଠରୁ ଖବର ନଆସିବା ପର୍ଯ୍ୟନ୍ତ ଇଂରେଜ ଅଧିକାରୀମାନଙ୍କର ସେମାନଙ୍କ ଉପରେ କୌଣସି ସନ୍ଦେହ ନଥିଲା, ଏବଂ ଯେତେବେଳେ ଖବରଟି ଆସି ପହଞ୍ଚିଲା, ସେମାନେ ମେରଠର ସିପାହୀମାନଙ୍କ ସହିତ ଗୁପ୍ତ ଭାବରେ ଯୋଗାଯୋଗରେ ଅଛନ୍ତି କି ନାହିଁ ଜାଣିବା ସେମାନଙ୍କ ପକ୍ଷେ କଷ୍ଟକର ହୋଇପଡ଼ିଥିଲା ।"
"Certain drugs serve no useful purpose; instead have adverse effects on the body. Drugs such as Marijuana, hallucinogens and tranquilisers which have an effect on the brain and drive the user into a make believe world of fantasy and provide false feelings of being free from problems. These are not only addictive but also have an adverse effect on the brain.",ଏଗୁଡ଼ିକ କେବଳ ଆସକ୍ତି ଜାତକାରୀ ନୁହେଁ ବରଂ ମସ୍ତିଷ୍କ ଉପରେ ପ୍ରତିକୂଳ ପ୍ରଭାବ ମଧ୍ୟ ପକାଇଥାଏ ।
"Day after day, new troops were coming in on both sides. The English forces, after frequent reinforcements from the Panjab had by this time, risen to the number of seven thousand. On the other side, the regiments of Rohilkhand who had risen in revolt had reached Delhi, with Bakht Khan at their head.","ଦିନକୁ ଦିନ, ଉଭୟ ପାର୍ଶ୍ୱରୁ ନୂତନ ସୈନ୍ୟବାହିନୀମାନ ଆସୁଥିଲା ।"
"He also said that he had no personal malice against the officers whom he shot. If there has been any personal malice, Mangal Pandays name would have been in the list of assassins and not of martyrs. But Mangal Pandays brave deed was done through devotion to a high and noble principle.","ଯଦି କୌଣସି ବ୍ୟକ୍ତିଗତ ବିଦ୍ଵେଷ ଥାଆନ୍ତା, ମଙ୍ଗଳ ପାଣ୍ଡେଙ୍କ ନାମଟି ଶହୀଦମାନଙ୍କ ତାଲିକାରେ ନଥାଇ ହତ୍ୟାକାରୀମାନଙ୍କ ତାଲିକାରେ ଥାଆନ୍ତା।"
"I saw the Manager and asked for a room. He eyed me for a moment, and politely saying, 'I am very sorry, we are full up', bade me good- bye. So I asked the cabman to drive to Muhammad Kasam Kamruddin's shop.","ସେ ଗୋଟିଏ କ୍ଷଣ ପାଇଁ ମୋ ଆଡ଼କୁ ଚାହିଁଲେ, ଏବଂ ନମ୍ର ଭାବରେ ""ମୁଁ ଦୁଃଖିତ, ଆମର ସମସ୍ତ କକ୍ଷ ପୂର୍ଣ୍ଣ ଅଛି"" କହି, ମୋତେ ବିଦାୟ ଜଣାଇଲେ ।"
"In addition, we seem to have lost our aesthetic and civic sense, and carelessly litter garbage around on the roads, in the market-place, in open drains, ponds, rivers, seas, and so on. In fact, we keep throwing a lot of garbage everyday. Have you ever thought what will happen if the garbage is not removed from our homes and surroundings?",ଯଦି ଆମ ଘର ଏବଂ ଆଖପାଖରୁ ଅଳିଆ-ଆବର୍ଜନା ନ ହଟାଯାଏ ତେବେ କ'ଣ ହେବ ସେ ବିଷୟରେ ଆପଣ କେବେ ଚିନ୍ତା କରିଛନ୍ତି କି?
"In recent years, the world around us has seen a lot of changes due to use of Digital Technologies. These changes have made a dramatic impact on our lives, making things more convenient, faster, and easier to handle. In the past, a letter would take days to reach, and every recipient would get his or her own copy and respond separately.","ନିକଟ ଅତୀତର ବର୍ଷମାନଙ୍କରେ, ଆମ ଚାରିପାଖର ବିଶ୍ୱ ଡିଜିଟାଲ୍‌ ବୈଷୟିକ ଜ୍ଞାନକୌଶଳଗୁଡ଼ିକର ବ୍ୟବହାର ହେତୁ ଅନେକ ପରିବର୍ତ୍ତନମାନ ଦେଖି ଆସିଛି ।"
"In recent years, the world around us has seen a lot of changes due to use of Digital Technologies. These changes have made a dramatic impact on our lives, making things more convenient, faster, and easier to handle. In the past, a letter would take days to reach, and every recipient would get his or her own copy and respond separately.","ଅତୀତରେ, ଏକ ଚିଠି ପହଞ୍ଚିବାକୁ ଦିନ ଦିନ ଲାଗିଯାଉଥିଲା, ଏବଂ ପ୍ରତ୍ୟେକ ପ୍ରାପକ ତାଙ୍କ ନିଜସ୍ୱ ପ୍ରତିଲିପି ସଂଗ୍ରହ କରୁଥିଲେ ଓ ପୃଥକ୍ ଭାବରେ ପ୍ରତିକ୍ରିୟା ରଖୁଥିଲେ ।"
"It is always due to some all-moving principle for which hundreds and thousands of men fight, before which thrones totter, crowns are destroyed and created, existing ideals are shattered and new ideals break forth, and for the sake of which vast masses of people think lightly of shedding sacred human blood. The moving spirits of revolutions are deemed holy or unholy in proportion as the principle underlying them is beneficial or wicked. As in private life, so also in history, the deeds of an individual or a nation are judged by the character of the motive.","ବିପ୍ଲବର ଚଳମାନ ଶକ୍ତିଗୁଡ଼ିକୁ ସେଇ ଅନୁପାତରେ ସାଧୁ କିମ୍ବା ଅସାଧୁ ବୋଲି ବିବେଚନା କରାଯାଏ, ସେଗୁଡ଼ିକର ଅନ୍ତର୍ନିହିତ ଆଦର୍ଶଟି ହିତକର କିମ୍ବା ଖଳପ୍ରକୃତିର ହୋଇଥିବାର ଆଧାରରେ ।"
"Kaba Gandhi married four times in succession, having lost his wife each time by death. He had two daughters by his first and second marriages. His last wife, Putlibai, bore him a daughter and three sons, I being the youngest.","କାବା ଗାନ୍ଧୀ, ପ୍ରତି ଥର ମୃତ୍ୟୁ ହେତୁ ନିଜ ପତ୍ନୀଙ୍କୁ ହରାଇ, ଗୋଟିକ ପରେ ଗୋଟିଏ କରି ଚାରି ଥର ବିବାହ କରିଥିଲେ ।"
"Literature in different languages sustained the spirit of struggle for freedom from British rule. It became the social responsibility of the writers to write with a purpose of awakening people to ideas of justice, and freedom from slavery. Bankimchandra Chattopadhyaya (183894) brought out a magazine Bangadarshan to educate people on social and political issues of the time.",ନ୍ୟାୟର ଅବଧାରଣା ତଥା ଦାସତ୍ଵରୁ ମୁକ୍ତି ସମ୍ପର୍କରେ ଲୋକମାନଙ୍କୁ ଜାଗ୍ରତ କରାଇବା ଉଦ୍ଦେଶ୍ୟରେ ଲେଖିବା ଲେଖକମାନଙ୍କ ସାମାଜିକ କର୍ତ୍ତବ୍ୟ ପାଲଟିଯାଇଥିଲା ।
"Lord Dalhousie is described, by English historians, as one of the founders of the English Empire. This fact alone is sufficient to form an estimate of his capacity and character. In a country where unjust wars of conquest and oppression of foreign nationalities and races are universally popular, it is no wonder that those who have committed the greatest injustice and oppression are the most honoured.",କେବଳ ଏହି ସତ୍ୟ ହିଁ ତାଙ୍କ କ୍ଷମତା ଓ ଚରିତ୍ରର ଆକଳନ କରିବାକୁ ଯଥେଷ୍ଟ ଅଟେ ।
"Lord Robert says : The Rohilkhand army, having crossed the bridge of boats, began to enter the city through the Calcutta gate. We could clearly tee these thousands of Sepoys from the Ridge, entering the city with perfect discipline and drill playing martial tunes, and waving variegated flags and banners. The only force that was able to unite to some extent these different regiments in Delhi was that of love of the principle alone.","ଆମେ ରିଜ୍‌ରୁ ଏହି ହଜାର ହଜାର ସିପାହୀଙ୍କୁ ସ୍ପଷ୍ଟ ଭାବରେ ଦେଖିପାରୁଥିଲୁ, ଯେଉଁମାନେକି ସମ୍ପୂର୍ଣ୍ଣ ଅନୁଶାସନର ସହିତ ସହରଟି ମଧ୍ୟକୁ ପ୍ରବେଶ କରୁଥିଲେ ଏବଂ ଯୁଦ୍ଧର ଧୂନ୍‌ ବଜାଇ ସାମରିକ ଅଭ୍ୟାସ ପ୍ରଦର୍ଶନ କରୁଥିଲେ, ତଥା ଭିନ୍ନ ଭିନ୍ନ ପତାକା ଏବଂ ବ୍ୟାନର ହଲାଉଥିଲେ ।"
"Nana Sahib and Tatia Tope were intimate friends from childhood. In childhood, these two were trained in the same school, fitted to perform the heroic deeds which they did in the great event of their later life. They had read the Ramayana and the Mahabharata together; they had read together the accounts of the war-like deeds of the Mahrattas, and their young hearts had throbbed together at the noble inspiration which the stories of Hindu heroism awoke.","ସେମାନେ ଏକାଠି ରାମାୟଣ ଓ ମହାଭାରତ ପଢ଼ିଥିଲେ; ସେମାନେ ମରାଠାମାନଙ୍କର ଯୁଦ୍ଧ-ସମ କାର୍ଯ୍ୟକଳାପର ବିବରଣୀ ଏକାଠି ପାଠକରିଥିଲେ, ଏବଂ ହିନ୍ଦୁ ବୀରତ୍ୱର କାହାଣୀସବୁ ଉଦ୍ରେକ କରିଥିବା ପ୍ରେରଣାରେ ସେମାନଙ୍କର ତରୁଣ ହୃଦୟ ଏକା ସାଙ୍ଗରେ ସ୍ପନ୍ଦିତ ହୋଇଥିଲା।"
"Non availability of adequate number of cloud free optical satellite datasets is a major constraint for using optical remote sensing data for agricultural applications during monsoon season. In light of this, all weather capability of RADAR, an active sensor, is an attractive option to rely upon. Microwave remote sensing techniques have all weather capability as atmosphere is transparent to microwaves at lower frequencies, penetrate clouds and are suitable for day/night operations owing to the independence of microwave sensors on Suns illumination.",ଯଥେଷ୍ଟ ସଂଖ୍ୟକ ମେଘ-ମୁକ୍ତ ଅପ୍ଟିକାଲ୍‌ ଉପଗ୍ରହ ତଥ୍ୟାବଳୀର ଅନୁପଲବ୍ଧତା ହେଉଛି ବର୍ଷା ଋତୁରେ କୃଷିଭିତ୍ତିକ ପ୍ରୟୋଗଗୁଡ଼ିକ ନିମନ୍ତେ 'ଅପ୍ଟିକାଲ୍‌ ରିମୋଟ୍‌ ସେନ୍ସିଂ ଡାଟା' ବ୍ୟବହାର କରିବାରେ ଏକ ମୁଖ୍ୟ ପ୍ରତିବନ୍ଧକ ।
Ransomware can get downloaded when the users visit any malicious or unsecure websites or download software from doubtful repositories. Some ransomware are sent as email attachments in spam mails. It can also reach our system when we click on a malicious advertisement on the Internet.,ଆମେ ଇଣ୍ଟରନେଟ୍‌ରେ କୌଣସି ଏକ ହାନିକାରକ ବିଜ୍ଞାପନ ଉପରେ କ୍ଲିକ୍ କରିବାବେଳେ ମଧ୍ୟ ଏହା ଆମ କମ୍ପ୍ୟୁଟର ମଧ୍ୟକୁ ପହଞ୍ଚିପାରେ ।
"Seeing his cave threatened, he rushed out of the lair at Chillianwalla and, with a terrible stroke of his paw, mauled the enemy and made him bleed. But, alas ! While the lion was standing at the mouth of the cave at Chillianwalla, a traitor broke open the back-wall at Guzerat and the lion was surprised and captured.","ନିଜ ଗୁମ୍ଫାକୁ ବିପଦପ୍ରବଣ ଅବସ୍ଥାରେ ଦେଖି, ସେ ଚିଲ୍ଲିଆନ୍‌ୱାଲ୍ଲା ସ୍ଥିତ ବିଶ୍ରାମସ୍ଥାନରୁ କ୍ଷିପ୍ରଗତିରେ ଧାଇଁ ଗଲେ ଏବଂ, ନିଜ ପଞ୍ଝାର ଏକ ଭୀଷଣ ଆଘାତରେ, ଶତ୍ରୁଜଣକକୁ ଖଣ୍ଡିଆ ଖାବରା କରିଦେଇଥିଲେ ତଥା ତାକୁ ରକ୍ତାକ୍ତ କରି ଦେଇଥିଲେ ।"
"The Revolutionaries of Sagar and of Gwalior and bands of volunteers came and joined him. Taking them with him, Nana marched to Bithoor and threatened to attack Cawnpore. General Neill had not enough troops to march against him and so sent word to Havelock of his critical position.","ସେମାନଙ୍କୁ ନିଜ ସହିତ ନେଇ, ନାନା ବିଠୂର ଅଭିମୁଖେ ଯାତ୍ରା କଲେ ଏବଂ କାନପୁର ଉପରେ ଆକ୍ରମଣ କରିବାକୁ ଧମକ ଦେଲେ ।"
The Sheth and his clerks gathered round me. I told them all that I had gone through. They were very sorry to hear it and comforted me by relating to me their own bitter experiences.,ଶେଠ୍‌ଜଣକ ଓ ତାଙ୍କ ଗୁମାସ୍ତାମାନେ ମୋ ଚାରିପାଖରେ ଏକତ୍ରିତ ହେଲେ ।
"The West, while adopting the Greco-Roman tradition, abjured the Persian one. Post Xerxes, we have Artaxerxes, his son called Longimanus, so called because one hand was longer than the other. After him, came Xerxes II for a short while.","ତାଙ୍କ ପରେ, ସ୍ଵଳ୍ପ ସମୟ ପାଇଁ ଜର୍କ୍ସିଜ୍‌ -୨ୟ ଆସିଲେ ।"
"The brothers were deeply attached to each other. My uncle would sit near my father's bed the whole day, and would insist on sleeping by his bed side after sending us all to sleep. No one had dreamt that this was to be the fateful night.",ଏହି ଭାଇମାନେ ପରସ୍ପର ପ୍ରତି ଗଭୀର ଭାବରେ ଅନୁରକ୍ତ ଥିଲେ ।
"The first thing was to invite the rulers of Rewa and Panna (an influential ruler in Bundelkhand) to Delhi for a discussion. I felt that if they agreed to the proposal, others could be persuaded to take the same line. Both these rulers came to Delhi on 20 November and I had several discussions with them.","ମୁଁ ଅନୁଭବ କଲି ଯେ ଯଦି ସେମାନେ ପ୍ରସ୍ତାବଟିରେ ରାଜି ହୋଇଯାଆନ୍ତି, ତେବେ ଅନ୍ୟମାନଙ୍କୁ ସମାନ ଧାରାଟିକୁ ଗ୍ରହଣ କରିବାକୁ ପ୍ରରୋଚିତ କରାଯାଇପାରିବ ।"
"The most dynamic element of urban area is the various modes of transportation. Road patterns, its width and alignment can be directly identified and digitized from remote sensing data. A detailed feature/asset inventory of items like dividers, sidewalks, culverts, gutters etc can be prepared from high resolution imagery.",ସହରାଞ୍ଚଳର ସବୁଠାରୁ ସକ୍ରିୟ ଉପାଦାନଟି ହେଲା ପରିବହନର ବିଭିନ୍ନ ମାଧ୍ୟମ ।
"The reason is that logging appends but installing overwrites. If an application violates this protocol by installing an update before logging it and then for some reason must abort, or the system crashes, there is no systematic way to discover the installed update and, if necessary, reverse it. The write-ahead-log protocol ensures that if a crash occurs, a recovery procedure can, by consulting the log, systematically find all completed and intended changes to cell storage and either restore those records to old values or set them to new values, as appropriate to the circumstance.","ଯଦି ଏକ କ୍ରାଶ୍‌ ହୁଏ, ରାଇଟ୍‌-ଆହେଡ୍‌-ଲଗ୍‌ ପ୍ରଟୋକଲ୍ ଏହା ସୁନିଶ୍ଚିତ କରିଥାଏ ଯେ ଏକ ପୁନର୍ଲାଭ ପ୍ରକ୍ରିୟା, ଲଗ୍‌‌ର ପରାମର୍ଶ ନେଇ ବ୍ୟବସ୍ଥିତ ଭାବେ ସେଲ୍‌ ଷ୍ଟୋରେଜ୍‌ରେ ଘଟିଥିବା ସମସ୍ତ ସମ୍ପନ୍ନ ହୋଇଥିବା ଓ ଚାହୁଁଥିବା ପରିବର୍ତ୍ତନଗୁଡ଼ିକୁ ଖୋଜି, ସେଗୁଡ଼ିକୁ ଏକ ପୁରୁଣା ଅବା ନୂଆ ବ୍ୟବସ୍ଥାରେ ପରିସ୍ଥିତି ଅନୁଯାୟୀ ପୁନଃସ୍ଥାପନ କରିଥାଏ ।"
"The starting point is usually to employ a finer lock granularity: lock smaller objects, such as individual data records, individual pages of data records, or even fields within records. The trade-offs in gaining concurrency are first, that when there is more than one lock, more time is spent acquiring and releasing locks and second, cor rectness arguments become more complex. One hopes that the performance gain from concurrency exceeds the cost of acquiring and releasing the multiple locks.","ସମରୂପତା ହାସଲ କରିବାରେ ଦ୍ୱନ୍ଦ୍ୱଗୁଡ଼ିକ ହେଉଛି ପ୍ରଥମତଃ, ଯେତେବେଳେକି ଏକାଧିକ ତାଲକ ରହିଥାଏ, ତାଲକଗୁଡ଼ିକୁ ଆହରଣ କରିବା ତଥା ମୁକ୍ତ କରିବାରେ ଅଧିକ ସମୟ ବ୍ୟୟ ହୋଇଥାଏ, ଏବଂ ଦ୍ୱିତୀୟତଃ, ଯେତେବେଳେ ସଠିକତା ଯୁକ୍ତିଗୁଡ଼ିକ ଅଧିକ ଜଟିଳ ହୋଇପଡ଼େ ।"
The students should be encouraged to ask questions if they have any doubt on the procedure of the first aid in swimming. If the swimming facility is available then the life saving technique of drowning can best be practised by doing. In the classroom or physical education laboratory the students may make use of dummies.,"ଯଦି ପହଁରିବା ସୁବିଧାଟି ଉପଲବ୍ଧ ଥାଏ, ତେବେ ତାହା କରିବା ଦ୍ଵାରା ବୁଡ଼ିଯିବାର ଜୀବନ-ରକ୍ଷାକାରୀ କୌଶଳଟି ସବୁଠାରୁ ଭଲ ଭାବରେ ଅଭ୍ୟାସ କରାଯାଇପାରିବ ।"
The students should be encouraged to ask questions if they have any doubt on the procedure of the first aid in swimming. If the swimming facility is available then the life saving technique of drowning can best be practised by doing. In the classroom or physical education laboratory the students may make use of dummies.,ସନ୍ତରଣରେ ପ୍ରାଥମିକ ଚିକିତ୍ସାର ପଦ୍ଧତି ସମ୍ପର୍କରେ ଛାତ୍ରଛାତ୍ରୀମାନଙ୍କର କୌଣସି ସନ୍ଦେହ ରହିଥିଲେ ସେମାନଙ୍କୁ ପ୍ରଶ୍ନ ପଚାରିବାକୁ ପ୍ରୋତ୍ସାହିତ କରାଯିବା ଉଚିତ୍‌ ।
This Robert Mortgomery and Sir John Lawrence were both trained in the school of Dalhousie. They were gifted with rare coolness and courage and could preserve their presence of mind in the midst of the most unexpected difficulties. It was necessary to find out how far the spirit of national freedom had awakened among the Punjab Sepoys.,ପଞ୍ଜାବ ସିପାହୀମାନଙ୍କ ମଧ୍ୟରେ ଜାତୀୟ ସ୍ଵାଧୀନତାର ଭାବନା କେତେଦୂର ଜାଗ୍ରତ ହୋଇଥିଲା ତାହା ଜାଣିବାର ଆବଶ୍ୟକତା ରହିଥିଲା ।
"This sort of sublime forgiveness was not natural to my father. I had thought that he would be angry, say hard things, and strike his forehead. But he was so wonderfully peaceful, and I believe this was due to my clean confession.",ଏହି ପ୍ରକାରର ମହିମାନ୍ୱିତ କ୍ଷମାଶୀଳତା ମୋ ପିତାଙ୍କ କ୍ଷେତ୍ରରେ ସ୍ୱାଭାବିକ ନଥିଲା ।
"When the Sepoys revolted on the 31 st of May and went away, Lawrence formed a splendid regiment of Sikhs and another of the most loyal Hindusthanees. The remaining division of the old Sepoy army had rebelled before the 12 th of June. This revolt pleased Sir Henry in a way, for now he had with him a select and faithful army consisting of the English regiment and artillery and the two regiments of Sikhs and Hindusthanees, whose loyalty to the English had been proved by severe tests.","ଏହି ବିଦ୍ରୋହ ସାର୍ ହେନ୍‌ରୀଙ୍କୁ ଏକ ପ୍ରକାର ପ୍ରସନ୍ନ କରିଥିଲା, କାରଣ ବର୍ତ୍ତମାନ ତାଙ୍କ ସହ ଏକ ଖାସ୍ ମନୋନୀତ ଓ ବିଶ୍ୱସ୍ତ ସେନା ଥିଲା, ଯେଉଁଥିରେ ଇଂରେଜ ସୈନ୍ୟଦଳ ଓ ତୋପଚାଳକ ବାହିନୀ ସାଙ୍ଗକୁ ଶିଖ୍ ଏବଂ ହିନ୍ଦୁସ୍ତାନୀମାନଙ୍କୁ ନେଇ ଗଠିତ ଦୁଇ ସୈନ୍ୟ ଦଳ ଥିଲେ, ଯାହାର ଇଂରେଜମାନଙ୍କ ପ୍ରତି ବିଶ୍ୱସ୍ତତା କଠୋର ପରୀକ୍ଷଣ ଦ୍ୱାରା ପ୍ରମାଣିତ ହୋଇସାରିଥିଲା।"
"You have earned your breakfast, British soldiers, by the sweat of your brow, not, by the free flow of blood from your bodies; so, enjoy your breakfast, with your commanders, in the cool shade of the mango groves! The rays of the morning sun are welcoming you, gay because of the great victory earned so lately. Arms were arranged all around, breakfast was ready, the hungry mouths were chewing the first morsel; the cups of drink were filled ready.","ଅସ୍ତ୍ରଶସ୍ତ୍ରଗୁଡ଼ିକ ସବୁଆଡ଼େ ସୁବ୍ୟବସ୍ଥିତ ହୋଇ ରହିଥିଲା, ପ୍ରାତଃ ଜଳପାନ ପ୍ରସ୍ତୁତ ଥିଲା, କ୍ଷୁଧାର୍ତ୍ତ ଥିବା ମୁଖମାନେ ପ୍ରଥମ ଖଣ୍ଡଟି ଚର୍ବଣ କରୁଥିଲେ; ସୁରାପାନୀୟ ଥିବା ପାନପାତ୍ରଗୁଡ଼ିକ ପୂର୍ଣ୍ଣ କରାଯାଇଥିଲା ।"
"You have earned your breakfast, British soldiers, by the sweat of your brow, not, by the free flow of blood from your bodies; so, enjoy your breakfast, with your commanders, in the cool shade of the mango groves! The rays of the morning sun are welcoming you, gay because of the great victory earned so lately. Arms were arranged all around, breakfast was ready, the hungry mouths were chewing the first morsel; the cups of drink were filled ready.","ବ୍ରିଟିଶ୍‌ ସୈନ୍ୟଗଣ, ତୁମେମାନେ ନିଜର ପ୍ରାତଃ ଜଳପାନକୁ, ନିଜର ଝାଳ ବୁହା ପରିଶ୍ରମ ଦ୍ଵାରା ଉପାର୍ଜନ କରିଛ, ନିଜ ଶରୀରର ମୁକ୍ତ ରକ୍ତ ସଞ୍ଚାଳନ ଦ୍ଵାରା ନୁହେଁ; ତେଣୁ, ତୁମ ସେନାଧ୍ୟକ୍ଷମାନଙ୍କ ସହିତ ଆମ୍ବତୋଟାର ଶୀତଳ ଛାୟା ତଳେ ନିଜର ଜଳଖିଆର ଆନନ୍ଦ ଉପଭୋଗ କର!"
"You must have seen seeds growing into seedlings, which then grow and develop into plants, or pups growing into dogs, kitten into cats and so on. Similarly an infant passes through different phases of growth from childhood to adolescence to adulthood. Although all the stages of growth and development are significant, it has been universally recognised that the stage of adolescence is the most critical one.","ଆପଣ ନିଶ୍ଚୟ ମଞ୍ଜିଗୁଡ଼ିକୁ ଗଜା ଭାବରେ ବଢ଼ୁଥିବାର ଦେଖିଥିବେ, ଯାହାକି ପରବର୍ତ୍ତୀ ସମୟରେ ବୃଦ୍ଧି ପାଏ ଏବଂ ଏକ ଚାରାଗଛ ରୂପରେ ବିକଶିତ ହୋଇଥାଏ, କିମ୍ବା କୁକୁର ଛୁଆଗୁଡ଼ିକ ବଡ଼ ହୋଇ କୁକୁର, ବିଲେଇ ଛୁଆଗୁଡ଼ିକ ବିଲେଇ ହେବା ଇତ୍ୟାଦି ଦେଖିଥିବେ ।"
"Young girls and boys often become target of sexual harassment/abuse by older and powerful people. As per the research, a person who is engaged in sexual abuse of young girls and/or boys is often known to them. Boys are equally vulnerable to sexual abuse.",ବାଳକମାନେ ମଧ୍ୟ ଯୌନ ଶୋଷଣ ପ୍ରତି ଅସୁରକ୍ଷିତ ।
"andswhatdidraneebankadothen?shespenttherestofherlifeinloyaltytotheferinghi!whilethelightningwasworkingdestructionatjhansi,banka,seeingthathersonswerereadytounsheaththeirswordsofswaraj,threatenedthemthat,iftheydidunsheaththeirswords,shewouldherselfinformtheferinghisoftheirdesignsandadvisetheferinghistobeheadthem!","ଯେବେ ଝାନ୍‌ସୀ ଉପରେ ବଜ୍ର ପଡ଼ି ଏହାକୁ ଧ୍ୱଂସ କରୁଥିଲା, ବାଙ୍କା, ନିଜ ପୁତ୍ରମାନେ ସ୍ୱରାଜ ପାଇଁ ସେମାନଙ୍କ ଖଣ୍ଡାସବୁ କୋଷମୁକ୍ତ କରିବା ପାଇଁ ପ୍ରସ୍ତୁତ ହେଉଥିବାର ଦେଖି ସେମାନଙ୍କୁ ଚେତାବନୀ ଦେଇଥିଲେ ଯେ, ଯଦି ସେମାନେ ସେମାନଙ୍କ ଖଣ୍ଡା କୋଷମୁକ୍ତ କରନ୍ତି, ତେବେ ସେ ସ୍ୱୟଂ ଫିରଙ୍ଗୀମାନଙ୍କୁ ତାଙ୍କ ଉଦ୍ଦେଶ୍ୟ ବିଷୟରେ ସୂଚନା ଦେବେ ଏବଂ ନିଜ ପୁତ୍ରମାନଙ୍କର ମୁଣ୍ଡକାଟ କରିବା ପାଇଁ ପରାମର୍ଶ ଦେବେ!"
"Another popular genre starting in the silent era was the stunt film and the adventure action film. The film makers who were largely responsible for popularizing the stunt film were J.B.H Wadia and his brother Homi Wadia, of Wadia Movietone. They became the kings of this genre, starting with the railroad thriller TOOFAN MAIL (1932), which featured several fight sequences staged on the roof of a moving train.","ଯେଉଁ ଚଳଚ୍ଚିତ୍ର ନିର୍ମାତାମାନେ ଷ୍ଟଣ୍ଟ୍‌ ଚଳଚ୍ଚିତ୍ରକୁ ଲୋକପ୍ରିୟ କରାଇବା ନିମନ୍ତେ ମୁଖ୍ୟତଃ ଦାୟୀ ଥିଲେ, ସେମାନେ ହେଲେ 'ୱାଡ଼ିଆ ମୁଭିଟୋନ୍‌'ର ଜେ.ବି.ଏଚ୍‌. ୱାଡ଼ିଆ, ଏବଂ ତାଙ୍କ ଭାଇ ହୋମି ୱାଡ଼ିଆ ।"
"Another popular genre starting in the silent era was the stunt film and the adventure action film. The film makers who were largely responsible for popularizing the stunt film were J.B.H Wadia and his brother Homi Wadia, of Wadia Movietone. They became the kings of this genre, starting with the railroad thriller TOOFAN MAIL (1932), which featured several fight sequences staged on the roof of a moving train.","ରେଳପଥର ରୋମାଞ୍ଚକର ଚଳଚ୍ଚିତ୍ର 'ତୁଫାନ୍ ମେଲ୍' (୧୯୩୨) ଠାରୁ ଆରମ୍ଭ କରି, ସେମାନେ ଏହି ଶୈଳୀର ସମ୍ରାଟ ହୋଇଗଲେ, ଯେଉଁଥିରେକି ଏକ ଚଳନ୍ତା ଟ୍ରେନ୍‌ର ଛାତ ଉପରେ ଅଭିନୀତ ଅନେକ ଗୁଡ଼ିଏ ଲଢ଼େଇ ରହିଥିବା ଦୃଶ୍ୟାନୁକ୍ରମ ରହିଥିଲା ।"
"Assamese cinema is cinema in the Assamese language, watched primarily in Assam, India. The industry was born in 1935 when Jyoti Prasad Agarwala released his movie Joymoti. Since then Assamese cinema has developed a slow paced, sensitive style, especially with the movies of Bhabendra Nath Saikia and Jhanu Barua.","'ଆସାମୀ ସିନେମା' ହେଉଛି ଅହମିୟା ଭାଷାରେ ହୋଇଥିବା ଚଳଚ୍ଚିତ୍ର, ଯାହାକୁକି ପ୍ରଧାନତଃ ଭାରତର ଆସାମରେ ଦେଖାଯାଏ ।"
"Classic adaptations are less than transparent. They materialize the novel into something else and the result is a hybrid affair, a mixture of genres. More crucially, a temporal sleight of hand and thus intention occurs.",ଉତ୍କୃଷ୍ଟ ପ୍ରାଚୀନ କୃତିଗୁଡ଼ିକର ରୂପାନ୍ତରଣଗୁଡ଼ିକ ସୁବୋଧ୍ୟ ଠାରୁ ନ୍ୟୁନତର ହୋଇଥାଏ ।
"Classic adaptations are less than transparent. They materialize the novel into something else and the result is a hybrid affair, a mixture of genres. More crucially, a temporal sleight of hand and thus intention occurs.","ଅଧିକ ଗୁରୁତ୍ୱପୂର୍ଣ୍ଣ ଭାବରେ, ଏକ ସାମୟିକ ହସ୍ତ କୌଶଳ ତଥା ସେଥିପାଇଁ, ଉଦ୍ଦେଶ୍ୟମୂଳକତା ଘଟିଥାଏ ।"
"Classic adaptations are less than transparent. They materialize the novel into something else and the result is a hybrid affair, a mixture of genres. More crucially, a temporal sleight of hand and thus intention occurs.","ସେଗୁଡ଼ିକ ଉପନ୍ୟାସଟିକୁ ଅନ୍ୟ କିଛି ରୂପ ପ୍ରଦାନ କରେ ଏବଂ ଫଳାଫଳଟି ଏକ ମିଶ୍ରିତ ବିଷୟବସ୍ତୁ ହୋଇଯାଏ, ଯାହାକି କେତେକ ଶୈଳୀର ଏକ ମିଶ୍ରଣ ଅଟେ ।"
"FTII launched first-ever Online Film Appreciation Course from 15 th June 11 th July 2020. The 24-days long course covered Film Appreciation through Film Theory, Film Production Process, Genres of Cinema, and also faculties of Filmmaking. The course was organised in coordination with National Film Archives of India, Pune.",ଏଫ୍‌.ଟି.ଆଇ.ଆଇ. ୧୫ ଜୁନ୍‌ରୁ ୧୧ ଜୁଲାଇ ୨୦୨୦ ପର୍ଯ୍ୟନ୍ତ ସର୍ବ-ପ୍ରଥମ ଅନ୍‌ଲାଇନ୍‌ ଚଳଚ୍ଚିତ୍ର ବିବେଚନ ପାଠ୍ୟକ୍ରମ ଆରମ୍ଭ କରିଥିଲା ।
"FTII launched first-ever Online Film Appreciation Course from 15 th June 11 th July 2020. The 24-days long course covered Film Appreciation through Film Theory, Film Production Process, Genres of Cinema, and also faculties of Filmmaking. The course was organised in coordination with National Film Archives of India, Pune.",ପୁଣେସ୍ଥିତ ଭାରତୀୟ ରାଷ୍ଟ୍ରୀୟ ଚଳଚ୍ଚିତ୍ର ସଂଗ୍ରହାଳୟ ସହିତ ସମନ୍ୱୟ ରକ୍ଷା କରି ଉକ୍ତ ପାଠ୍ୟକ୍ରମଟିର ଆୟୋଜନ କରାଯାଇଥିଲା ।
"Fatma Begum has lived a life away from the arc lights for several years now, so when this first lady of Indian cinema, whos never given a media interview, agreed to speak to me on 3 May 2013, I promptly made my way to her once-impressive but now crumbling residence in Dhanraj Mahal, where she lives with her daughter Zubeida. Clad in an olive- green chiffon saree, Fatma looked every bit the begum Id imagined her to be. After supping on the best Hyderabadi kebabs and qubani ka meetha Ive ever had, we settled down on huge, heavily-cushioned sofa chairs, sipping chai, to have a chat about her life and films.","ଅଲିଭ୍-ସବୁଜ ସିଫନ୍‌ ଶାଢ଼ୀ ପରିହିତା ହୋଇ, ଫାତିମା ସମ୍ପୂର୍ଣ୍ଣ ଭାବରେ ମୁଁ ତାଙ୍କୁ ନେଇ କଳ୍ପନା କରିଥିବା ବେଗମ୍‌ଙ୍କ ପରି ଦେଖାଯାଉଥିଲେ ।"
"Filmmaker Ashim Ahluwalia, a self-confessed hardcore fan of trash and sleaze, reminds us that C movies are a legitimate part of our filmic past. His article, an excerpt from a forthcoming book, offers a vivid picture of the subterranean world of exploitation cinema. Ahluwalia provocatively argues that C-grade cinemaand not our so-called art cinema or parallel cinemais the only truly experimental Indian film form.","ତାଙ୍କର ପ୍ରବନ୍ଧଟି, ଯାହାକି ଏକ ଆଗାମୀ ପୁସ୍ତକର ଏକ ଉଦ୍ଧୃତାଂଶ ଅଟେ, 'ଶୋଷଣ ସିନେମା'ର ଭୂମିଗତ ଦୁନିଆର ଏକ ସୁସ୍ପଷ୍ଟ ଚିତ୍ର ପ୍ରଦାନ କରେ ।"
"Full feature-length colour and sound cartoons came into their own with his Snow White and the Seven Dwarfs (1937) which won a special Oscar. In terms of animated dolls, arguably the most famous is the gorilla doll who is the eponymous hero of King Kong (Ernest B. Schoedask, 1933).",ତାଙ୍କର ସ୍ୱତନ୍ତ୍ର ଓସ୍କାର୍‌ ବିଜିତ 'ସ୍ନୋ ହ୍ଵାଇଟ୍‌ ଆଣ୍ଡ ଦ' ସେଭେନ୍‌ ଡ୍ୱାର୍ଫ୍‌ସ୍‌' (୧୯୩୭) ସହିତ ସମ୍ପୂର୍ଣ୍ଣ ଫିଚର୍‌-ଦୈର୍ଘ୍ୟବିଶିଷ୍ଟ ରଙ୍ଗୀନ୍‌ ଏବଂ ସଶବ୍ଦ କାର୍ଟୁନ୍‌‌ସବୁ ଆସିବାକୁ ଲାଗିଲା ।
"He argues that the soundtrack was in essence a ritualistic celebration of traditional archetypes. The non-real soundsthose located outside the films visible frameperformed the function of real sounds; they signified the action, or more precisely, were intended to perform a representational function in part, but through a fetishised dislocation and amplification. There was dissatisfaction with the real.","ସେ ଯୁକ୍ତି ବାଢ଼ନ୍ତି ଯେ ଶବ୍ଦଲିପିଟି, ମୌଳିକ ଭାବରେ, ପାରମ୍ପରିକ ମୂଳ ଆଦର୍ଶଗୁଡ଼ିକର ଏକ ନିତ୍ୟନୈମିତ୍ତିକ ଗୁଣକୀର୍ତ୍ତନ ଥିଲା ।"
"Indian animation has interested history . In 1912, Dadasaheb Phalke produced the first Indian animation movie , which was followed by a hiatus that lasted over 40 years. In 1956, the Films Division set up a cartoon film unit, where Clair Weeks, the veteran Disney animator , was invited to train students .","୧୯୧୨ ମସିହାରେ, ଦାଦାସାହେବ ଫାଲ୍‌କେ ପ୍ରଥମ ଭାରତୀୟ ଆନିମେସନ୍‌ ଚଳଚ୍ଚିତ୍ର ନିର୍ମାଣ କରିଥିଲେ, ଯାହା ପରେ ପରେ ଏକ ଶୂନ୍ୟସ୍ଥାନ ସୃଷ୍ଟି ହୋଇଥିଲା ଯାହାକି ୪୦ ବର୍ଷରୁ ଅଧିକ ସମୟ ଧରି ରହିଥିଲା ।"
"Indian animation has interested history . In 1912, Dadasaheb Phalke produced the first Indian animation movie , which was followed by a hiatus that lasted over 40 years. In 1956, the Films Division set up a cartoon film unit, where Clair Weeks, the veteran Disney animator , was invited to train students .","୧୯୫୬ ମସିହାରେ, ଚଳଚ୍ଚିତ୍ର ବିଭାଗ ଏକ କାର୍ଟୁନ୍‌ ଚଳଚ୍ଚିତ୍ର ୟୁନିଟ୍‌ ସ୍ଥାପନ କରିଥିଲା, ଯେଉଁଠାକୁ ଛାତ୍ରମାନଙ୍କୁ ପ୍ରଶିକ୍ଷଣ ଦେବାକୁ ଅଭିଜ୍ଞ ଡିଜ୍‌ନି ଆନିମେଟର୍‌, କ୍ଲେୟାର୍‌ ୱୀକ୍‌ସ୍‌ଙ୍କୁ ଆମନ୍ତ୍ରିତ କରାଯାଇଥିଲା ।"
"Indian cinema is world famous for the staggering amount of films it produces: the number is constantly on the increase, and recent sources estimate that a total output of some 800 films a year are made in different cities including Madrass , Bangalore , Calcutta and Hyderabad . Of this astonishing number, those films made in Bombay, in a seamless blend of Hindi and Urdu, have the widest distribution within India and Internationally. The two sister languages are spoken in six northern states and understood by over 500 million people on the Indian sub continent alone reason enough for Hindi and Urdu to be chosen above the fourteen official Indian languages to become the languages of Indian Popular cinema when sound came to the Indian Silver screen in 1931.","ଆଶ୍ଚର୍ଯ୍ୟଜନକ ପରିମାଣର ଚଳଚ୍ଚିତ୍ର ନିର୍ମାଣ କରୁଥିବା ହେତୁ ଭାରତୀୟ ସିନେମା ବିଶ୍ୱ ପ୍ରସିଦ୍ଧ: ଏହି ସଂଖ୍ୟା ଲଗାତାର ବଢ଼ିଚାଲିଛି, ଏବଂ ସାମ୍ପ୍ରତିକ ସୂତ୍ରରୁ ଜଣାପଡ଼େ ଯେ ପ୍ରତି ବର୍ଷର ମୋଟ ଉତ୍ପାଦନ ହେଉଛି ପାଖାପାଖି ୮୦୦ଟି ଚଳଚ୍ଚିତ୍ର ଯାହା ମାଡ୍ରାସ, ବାଙ୍ଗାଲୋର, କୋଲକାତା ଏବଂ ହାଇଦ୍ରାବାଦ ସମେତ ବିଭିନ୍ନ ସହରରେ ନିର୍ମିତ ହୋଇଥାଏ ।"
"Indian cinema is world famous for the staggering amount of films it produces: the number is constantly on the increase, and recent sources estimate that a total output of some 800 films a year are made in different cities including Madrass , Bangalore , Calcutta and Hyderabad . Of this astonishing number, those films made in Bombay, in a seamless blend of Hindi and Urdu, have the widest distribution within India and Internationally. The two sister languages are spoken in six northern states and understood by over 500 million people on the Indian sub continent alone reason enough for Hindi and Urdu to be chosen above the fourteen official Indian languages to become the languages of Indian Popular cinema when sound came to the Indian Silver screen in 1931.","ଏହି ଦୁଇଟି ଭଉଣୀ ଭାଷା ଛ'ଟି ଉତ୍ତରୀ ରାଜ୍ୟରେ ବ୍ୟବହାର ହୋଇଥାଏ, ଏବଂ କେବଳ ଭାରତୀୟ ଉପ-ମହାଦେଶରେ ଏହାକୁ ୫୦୦ ନିୟୁତ ଲୋକ ବୁଝିଥାନ୍ତି, ଏଣୁ ଭାରତୀୟ ରୂପେଲି ପରଦାକୁ ଯେବେ ୧୯୩୧ ମସିହାରେ 'ଶବ୍ଦ' ଆସିଲା, ଏତିକି ତଥ୍ୟ ମାତ୍ର ଭାରତୀୟ ଲୋକପ୍ରିୟ ସିନେମାର ଭାଷା ଭାବେ, ଅନ୍ୟ ଚଉଦଟି ଆଧିକାରିକ ଭାଷାର ଉର୍ଦ୍ଧ୍ୱରେ, ହିନ୍ଦୀ ଓ ଉର୍ଦ୍ଦୁର ଚୟନକୁ ଯଥାର୍ଥ ବୋଲି ସିଦ୍ଧ କରିଥାଏ |"
"Indian cinema never understood composite sound, says K. Hariharan, an award-winning filmmaker and teacher from Chennai. The rules of melodrama dominated the approach, and the sounds, from incidental to archetypal (crickets, koels, monsoon rains etc) primarily served the purpose of heightening the melodrama.",ଚେନ୍ନାଇର ଜଣେ ପୁରସ୍କାର-ବିଜେତା ଚଳଚ୍ଚିତ୍ର ନିର୍ମାତା ଏବଂ ଶିକ୍ଷକ କେ. ହରିହରନ୍ କହିଛନ୍ତି ଯେ ଭାରତୀୟ ଚଳଚ୍ଚିତ୍ର କଦାପି ମିଶ୍ରିତ ଧ୍ୱନିକୁ ବୁଝିନଥିଲା ।
"Indian cinema thus has more than a hundred years of history, like the European or American film industry. That first show was just a show of a series of visuals, moving scenes and nothing more, but it inaugurated a long line of movies made by talented Indians. Today India has the distinction of being the country that produces the highest number of feature films every year.","ଏହିପରି ଭାବେ, ୟୁରୋପୀୟ କିମ୍ବା ଆମେରିକୀୟ ଚଳଚ୍ଚିତ୍ର ଉଦ୍ୟୋଗ ଭଳି, ଭାରତୀୟ ଚଳଚ୍ଚିତ୍ରର ଏକ ଶତ ବର୍ଷରୁ ଅଧିକ ସମୟର ଇତିହାସ ରହିଛି ।"
"It is also worth labouring the point that this rethinking of film theory in the 1960s did not come via film criticism (as it did in the 1950s) but through other disciplines, namely structural linguistics and semiotics. This pattern would repeat itself in the 1970s with psychoanalysis and philosophy pushing the debate along, and then history in the 1980s. The significance of this new trend of essayists and philosophers turning to cinema to apply their theories cannot be underestimated.","ଏହି ପ୍ରସଙ୍ଗଟିକୁ ମଧ୍ୟ ଗୁରୁତ୍ୱ ଦିଆଯିବା ଯୁକ୍ତିଯୁକ୍ତ ଯେ ୧୯୬୦ ଦଶକର ଚଳଚ୍ଚିତ୍ର ତତ୍ତ୍ଵର ଏହି ପୁନର୍ବିଚାର ଚଳଚ୍ଚିତ୍ର ସମାଲୋଚନାରୁ (୧୯୫୦ ଦଶକ ଭଳି) ନୁହେଁ, ବରଂ ଅନ୍ୟ ବିଷୟ-ଶାଖାମାନଙ୍କରୁ ଆସିଥିଲା, ଯଥା ସଂରଚନାତ୍ମକ ଭାଷା ବିଜ୍ଞାନ ଏବଂ ସଙ୍କେତ ବିଜ୍ଞାନ ।"
"It is also worth labouring the point that this rethinking of film theory in the 1960s did not come via film criticism (as it did in the 1950s) but through other disciplines, namely structural linguistics and semiotics. This pattern would repeat itself in the 1970s with psychoanalysis and philosophy pushing the debate along, and then history in the 1980s. The significance of this new trend of essayists and philosophers turning to cinema to apply their theories cannot be underestimated.",ଏହି ଧାରାଟି ୧୯୭୦ ଦଶକରେ ମନୋବିଶ୍ଳେଷଣ ଏବଂ ଦର୍ଶନ ତଥା ତା'ପରେ ୧୯୮୦ ଦଶକରେ ଇତିହାସ ସହିତ ନିଜର ପୁନରାବୃତ୍ତି କରୁଥିଲା ଏବଂ ଏହି ବିତର୍କଟିକୁ ଆଗକୁ ବଢ଼ାଇଥିଲା।
"More modern perspectives like the New Indian Cinema appear which aim to break with the traditional Bollywoodian aesthetics. The themes show the idea of a contemporary India where the west has been assimilated, but the tradition and the true essence of India as a diverse multilingual country is evident. Films are recorded in English, but also use other languages and illustrate the contemporary Indian middle class.",ଅଧିକ ଆଧୁନିକ ଦୃଷ୍ଟିଭଙ୍ଗୀମାନ ଯଥା 'ଦ ନ୍ୟୁ ଇଣ୍ଡିଆନ୍‌ ସିନେମା' ଦେଖିବାକୁ ମିଳିଥାଏ ଯାହାକି ପାରମ୍ପରିକ ବଲିଉଡ଼ୀୟ ସୌନ୍ଦର୍ଯ୍ୟବୋଧରୁ ଅଲଗା ହେବାର ଲକ୍ଷ୍ୟ ରଖିଛି ।
"More modern perspectives like the New Indian Cinema appear which aim to break with the traditional Bollywoodian aesthetics. The themes show the idea of a contemporary India where the west has been assimilated, but the tradition and the true essence of India as a diverse multilingual country is evident. Films are recorded in English, but also use other languages and illustrate the contemporary Indian middle class.","ବିଷୟବସ୍ତୁଗୁଡ଼ିକ ଏକ ସମସାମୟିକ ଭାରତର ଧାରଣାକୁ ଦର୍ଶାଇଥାଏ ଯେଉଁଠାରେକି ପାଶ୍ଚାତ୍ୟକୁ ନିଜସ୍ୱ କରାଯାଇଛି, ମାତ୍ର ଏକ ବିବିଧ ବହୁଭାଷୀ ଦେଶ ଭାବରେ ଭାରତର ପରମ୍ପରା ଏବଂ ପ୍ରକୃତ ମୌଳିକ ପ୍ରକୃତି ସ୍ପଷ୍ଟ ହୋଇଥାଏ ।"
"Nowadays, films gather the diversity of India through the influence of the classical epics of Sanskrit with recurrent themes like maternity and revenge or trying to maintain the traditional values that conformed the social hyerarchy of India. This influence is also felt in the narrative structure of films, often with digressions that make Indian films too long for the western audience. The influence of theatrical forms is also present, with an episodic structure, an emphasis on performance over realism and the introductions of traditional music like the sangeetas, a mixture of instrumental music, song, dance and humour, elements that come from the classical theatre and the Parsi theatre.","ଆଜିକାଲି, ଚଳଚ୍ଚିତ୍ରଗୁଡ଼ିକ ସଂସ୍କୃତର ଶାସ୍ତ୍ରୀୟ ମହାକାବ୍ୟଗୁଡ଼ିକର ପ୍ରଭାବ ମାଧ୍ୟମରେ, ଯେଉଁଥିରେ ମାତୃତ୍ୱ ଏବଂ ପ୍ରତିଶୋଧ ଭଳି ବିଷୟବସ୍ତୁମାନ ବାରମ୍ବାର ଦେଖିବାକୁ ମିଳେ, କିମ୍ବା ଭାରତର ସାମାଜିକ ସ୍ତରବିନ୍ୟାସ ସହିତ ଖାପ ଖାଉଥିବା ପାରମ୍ପରିକ ମୂଲ୍ୟବୋଧଗୁଡ଼ିକୁ ବଜାୟ ରଖିବାକୁ ଉଦ୍ୟମ କରି ଭାରତର ବିବିଧତାକୁ ଏକତ୍ର କରୁଛନ୍ତି ।"
"Nowadays, films gather the diversity of India through the influence of the classical epics of Sanskrit with recurrent themes like maternity and revenge or trying to maintain the traditional values that conformed the social hyerarchy of India. This influence is also felt in the narrative structure of films, often with digressions that make Indian films too long for the western audience. The influence of theatrical forms is also present, with an episodic structure, an emphasis on performance over realism and the introductions of traditional music like the sangeetas, a mixture of instrumental music, song, dance and humour, elements that come from the classical theatre and the Parsi theatre.","ଏହି ପ୍ରଭାବ ଚଳଚ୍ଚିତ୍ରଗୁଡ଼ିକର ବର୍ଣ୍ଣନାତ୍ମକ ସଂରଚନାରେ ମଧ୍ୟ ଅନୁଭୂତ ହୋଇଥାଏ, ଯେଉଁଥିରେକି ଅଧିକାଂଶ ସମୟରେ ବିଚ୍ୟୁତି ରହିଥାଏ ଯାହା ପାଶ୍ଚାତ୍ୟ ଦର୍ଶକଙ୍କ ପାଇଁ ଭାରତୀୟ ଚଳଚ୍ଚିତ୍ରଗୁଡ଼ିକୁ ବହୁତ ଲମ୍ବା କରିଦିଏ ।"
"On the question of gender-presence, certain genres appear to be gender-identified. In the western, women are, to all intents and purposes, absent. We naturally accept this narrative convention of an exclusively male point of view.",ଆମେ ସ୍ଵାଭାବିକ ଭାବେ ଗୋଟିଏ ସମ୍ପୂର୍ଣ୍ଣ ପୁରୁଷ ଦୃଷ୍ଟିକୋଣର ଏହି ବର୍ଣ୍ଣନା ରୀତିଟିକୁ ଗ୍ରହଣ କରିଥାଉ ।
"Since the commencement of academic courses in 1960, the Institute has regularly upgraded the pedagogic curriculum, enriched the quality of cinematic learning and augmented the infrastructure to realize its mandate of being truly a centre of excellence. It has succeeded in articulating and disseminating classical and contemporary theories of praxis for the creative minds to leap into the world of professional practice. The Institute has crossed many milestones towards a new paradigm in the art and craft of film making.","୧୯୬୦ ମସିହାରେ ଶୈକ୍ଷିକ ପାଠ୍ୟକ୍ରମ ଆରମ୍ଭ ହେବା ପର ଠାରୁ, ଅନୁଷ୍ଠାନଟି ନିୟମିତ ଭାବରେ ଶୈକ୍ଷଣିକ ପାଠ୍ୟକ୍ରମଟିକୁ ଉନ୍ନତତର କରିଛି, ଚଳଚ୍ଚିତ୍ର-ସମ୍ବନ୍ଧୀୟ ଶିକ୍ଷାଗ୍ରହଣର ଗୁଣବତ୍ତାକୁ ସମୃଦ୍ଧ କରିଛି, ଏବଂ ବାସ୍ତବରେ ଏକ ଉତ୍କର୍ଷର କେନ୍ଦ୍ର ହେବାର କ୍ଷମତାଟିକୁ ହୃଦୟଙ୍ଗମ କରିବା ନିମିତ୍ତ ଭିତ୍ତିଭୂମିକୁ ପରିବର୍ଦ୍ଧିତ କରିଛି ।"
"Since the commencement of academic courses in 1960, the Institute has regularly upgraded the pedagogic curriculum, enriched the quality of cinematic learning and augmented the infrastructure to realize its mandate of being truly a centre of excellence. It has succeeded in articulating and disseminating classical and contemporary theories of praxis for the creative minds to leap into the world of professional practice. The Institute has crossed many milestones towards a new paradigm in the art and craft of film making.",ଉକ୍ତ ଅନୁଷ୍ଠାନଟି ଚଳଚ୍ଚିତ୍ର-ନିର୍ମାଣର କଳା ଏବଂ କୌଶଳରେ ଏକ ନୂତନ ଆଦର୍ଶ ଦିଗରେ ଅନେକ ମାଇଲଖୁଣ୍ଟ ଅତିକ୍ରମ କରିସାରିଲାଣି ।
"Taking the historical development as the chronological point of departure of the development of Indian narratives in English helps us to shed light onto the sphere of the cinematic production of India, which is considered among the so-called other cinemas or cinema of other countries, with the marginality implied in these terms. It is at this point that the Indian cinema relates to the postcolonial discourse being characterized by concepts explained by Homi K. Bhabha in The Location of Culture (1994).","ଐତିହାସିକ କ୍ରମବିକାଶକୁ, ଇଂରାଜୀରେ ଭାରତୀୟ ବର୍ଣ୍ଣନଗୁଡ଼ିକର ସମୟାନୁକ୍ରମିକ ବିକାଶରେ ଏକ ଆରମ୍ଭ ବିନ୍ଦୁ ଭାବେ ଗ୍ରହଣ କରି ଦେଖିଲେ, ଏହା ଆମକୁ ଭାରତୀୟ ସିନେ ଉତ୍ପାଦନର ଏକ ଦିଗ ବିଷୟରେ ଅବଗତ କରାଇଥାଏ, ଯାହାକୁ ତଥାକଥିତ 'ଅନ୍ୟ ସିନେମା' ଅବା 'ଅନ୍ୟ ଦେଶର ସିନେମା' ମଧ୍ୟରେ ବିବେଚନା କରାଯାଇଥାଏ, ଯେଉଁ ଶବ୍ଦାବଳୀରେ ଏହାର ସୀମାନ୍ତି ସ୍ଥିତିର ମଧ୍ୟ ଇଙ୍ଗିତ ରହିଥାଏ।"
"The films of the Silent Era did not talk but they were never watched in silence. Dialogue was presented through inter titles, which were often in English, and two or three Indian languages. Almost every film had a background score, which ran through the length of film.","ସଂଳାପ ଆନ୍ତଃ-ଶୀର୍ଷକ ମାଧ୍ୟମରେ ଉପସ୍ଥାପିତ କରାଯାଉଥିଲା, ଯାହାକି ଅଧିକାଂଶ ସମୟରେ ଇଂରାଜୀରେ, ଏବଂ ଦୁଇ ତିନୋଟି ଭାରତୀୟ ଭାଷାରେ ଥିଲା ।"
"The playing field, the resources and the gameso much has changed with digital technology. But it would be inaccurate to attribute this change merely to technology. Sweeping economic changes, the onset of satellite television, increased access to more western sounds and production techniques, greater formal distribution and exhibition of Hindi cinema around the worldall these come into play significantly.","ବ୍ୟାପକ ଅର୍ଥନୈତିକ ପରିବର୍ତ୍ତନ, ସାଟେଲାଇଟ୍‌ ଟେଲିଭିଜନ୍‌ର ଆବିର୍ଭାବ, ଅଧିକ ପାଶ୍ଚାତ୍ୟ ସଙ୍ଗୀତ ଏବଂ ନିର୍ମାଣ କୌଶଳର ସାନ୍ନିଧ୍ୟଲାଭ, ସମଗ୍ର ବିଶ୍ୱରେ ହିନ୍ଦୀ ସିନେମାର ଅଧିକ ଔପଚାରିକ ବିତରଣ ଏବଂ ପ୍ରଦର୍ଶନ, ଏ ସମସ୍ତ ଗୁରୁତ୍ୱପୂର୍ଣ୍ଣ ଭୂମିକା ଗ୍ରହଣ କରିଛନ୍ତି ।"
The role of literary figures in the making of Marathi films climaxed in the work of P. L. Deshpandey. In these hands cinema lost much of its visual character and was turned into a literary and wordy product.,"ଏମାନଙ୍କ ନିୟନ୍ତ୍ରଣରେ ଆସି, ଚଳଚ୍ଚିତ୍ର ଅନେକ ପରିମାଣରେ ନିଜର ଚାକ୍ଷୁଷ ହେବାର ବୈଶିଷ୍ଟ୍ୟକୁ ହରାଇଥିଲା ଏବଂ ଏକ ସାହିତ୍ୟିକ ତଥା ଶବ୍ଦବହୁଳ ଉତ୍ପାଦରେ ପରିଣତ ହୋଇଥିଲା ।"
"The score was live, and helped to dramatise the narrative. Sometimes there was only a piano accompaniment, but there were several films where a violin, a harmonium, tablas and other musical instruments could be added. The first sound movie or talkie, viz, Al Jolsons Jazz Singer in the U.S. ended the silent era in October, 1927.","ବେଳେବେଳେ କେବଳ ଗୋଟିଏ ପିଆନୋର ସଙ୍ଗତି ରହିଥିଲା, ମାତ୍ର କେତେକ ଚଳଚ୍ଚିତ୍ର ରହିଥିଲା ଯେଉଁଥିରେକି ଏକ ବେହେଲା, ଏକ ହାର୍‌ମୋନିୟମ୍‌, ତବଲା, ଏବଂ ଅନ୍ୟାନ୍ୟ ସାଙ୍ଗୀତିକ ବାଦ୍ୟ ଯନ୍ତ୍ରମାନ ଯୋଡ଼ାଯାଇପାରୁଥିଲା ।"
"The score was live, and helped to dramatise the narrative. Sometimes there was only a piano accompaniment, but there were several films where a violin, a harmonium, tablas and other musical instruments could be added. The first sound movie or talkie, viz, Al Jolsons Jazz Singer in the U.S. ended the silent era in October, 1927.",ସଙ୍ଗୀତ ସଂରଚନାଟି ଜୀବନ୍ତ ଥିଲା ଏବଂ କାହାଣୀଟିକୁ ନାଟକୀୟ ରୂପ ଦେବାରେ ସହାୟତା କରିଥିଲା ।
"The stunt film and the adventure action film did not appeal to everyone: the educated classes saw them as populist, vulgar and a corrupting influence. This division in film styles is why distributors and producers continue to see films as being of two main categories: films for the classes and films for the masses. The assumption was that the upper classes, who were more educated, expected something substantial from cinema, whereas the poor looked to cinema as pure entertainment.","ଷ୍ଟଣ୍ଟ୍‌ ଚଳଚ୍ଚିତ୍ର ଏବଂ ଦୁଃସାହସିକ ସଙ୍ଘର୍ଷପୂର୍ଣ୍ଣ ଦୃଶ୍ୟ ଥିବା ଚଳଚ୍ଚିତ୍ର ସମସ୍ତଙ୍କୁ ମୋହିତ କରିନଥିଲା: ଶିକ୍ଷିତ ବର୍ଗମାନେ ସେଗୁଡ଼ିକୁ ଲୋକପ୍ରିୟ, ଅଶାଳୀନ ଏବଂ ଏକ ଭ୍ରଷ୍ଟକାରୀ ପ୍ରଭାବ ବୋଲି ମନେ କରିଥିଲେ ।"
"The stunt film and the adventure action film did not appeal to everyone: the educated classes saw them as populist, vulgar and a corrupting influence. This division in film styles is why distributors and producers continue to see films as being of two main categories: films for the classes and films for the masses. The assumption was that the upper classes, who were more educated, expected something substantial from cinema, whereas the poor looked to cinema as pure entertainment.",ଚଳଚ୍ଚିତ୍ର ଶୈଳୀଗୁଡ଼ିକ ମଧ୍ୟରେ ଥିବା ଏହି ବିଭାଜନ ଯୋଗୁଁ ବିତରକ ଏବଂ ନିର୍ମାତାମାନେ ଚଳଚ୍ଚିତ୍ରଗୁଡ଼ିକୁ ଦୁଇଟି ମୁଖ୍ୟ ପ୍ରକାରର ବୋଲି ବିଚାର କରିଆସୁଛନ୍ତି: ସମ୍ଭ୍ରାନ୍ତମାନଙ୍କ ପାଇଁ ଉଦ୍ଦିଷ୍ଟ ଚଳଚ୍ଚିତ୍ର ଏବଂ ସାଧାରଣ ଲୋକଙ୍କ ପାଇଁ ଉଦ୍ଦିଷ୍ଟ ଚଳଚ୍ଚିତ୍ର ।
"The winter edition of Film Appreciation Course was launched on 23 rd November 2020. This course was also in coordination with National Film Archives of India, Pune and Ms Arunaraje Patil as course coordinator. A total of 41 participants from all over India participated in the course.",ଚଳଚ୍ଚିତ୍ର ବିବେଚନ ପାଠ୍ୟକ୍ରମଟିର ଶୀତକାଳୀନ ସଂସ୍କରଣଟି ୨୩ ନଭେମ୍ବର ୨୦୨୦ରେ ଆରମ୍ଭ ହୋଇଥିଲା।
"Thus our focus shifts from a desire to know the times the novel is referring to in socio-economic or political terms, to a desire to see the times (in terms of costume and dcor). Thus the earlier intention of the narrative a nostalgia for a past is neutered. What drives us, the audience, is a nostalgia for the present times of the novel, the lived moment of Austens heroines, or Pagnols and Forsters characters our imagined past, not that of the original text for which that present time represents unwanted change.","ତେଣୁ, ଆମ ଧ୍ୟାନର କେନ୍ଦ୍ରଟି ସାମାଜିକ-ଅର୍ଥନୈତିକ କିମ୍ବା ରାଜନୈତିକ ଦୃଷ୍ଟିକୋଣରୁ ଉପନ୍ୟାସଟି ସୂଚାଉଥିବା ସମୟକୁ ଜାଣିବାର ଇଚ୍ଛାରୁ ହଟିଯାଇ ସେହି ସମୟକୁ (ପୋଷାକ ଏବଂ ସାଜସଜ୍ଜା ଦୃଷ୍ଟିକୋଣରୁ) ଜାଣିବାର ଇଚ୍ଛାରେ ପରିବର୍ତ୍ତିତ ହୋଇଥାଏ।"
"With state-of-the-art facilities, FTII provides a creative ambiance to inspire budding film makers with an innovative language of artistic expression. The films made by its students during their academic course and beyond, have been receiving both national & international accolades. Its alumni have been earning recognition regularly through their mastery over film-making.",ଏହାର ପୂର୍ବତନ ଛାତ୍ରଛାତ୍ରୀମାନେ ଚଳଚ୍ଚିତ୍ର-ନିର୍ମାଣ କ୍ଷେତ୍ରରେ ନିଜର ନିପୁଣତା ମାଧ୍ୟମରେ ନିୟମିତ ଭାବରେ ପ୍ରତିଷ୍ଠା ଅର୍ଜନ କରିଆସୁଛନ୍ତି ।
"With state-of-the-art facilities, FTII provides a creative ambiance to inspire budding film makers with an innovative language of artistic expression. The films made by its students during their academic course and beyond, have been receiving both national & international accolades. Its alumni have been earning recognition regularly through their mastery over film-making.","ଅତ୍ୟାଧୁନିକ ସୁବିଧାଗୁଡ଼ିକ ସହିତ, ଏଫ୍‌.ଟି.ଆଇ.ଆଇ. ଉଦୀୟମାନ ଚଳଚ୍ଚିତ୍ର ନିର୍ମାତାମାନଙ୍କୁ କଳାତ୍ମକ ଅଭିବ୍ୟକ୍ତିର ଏକ ଅଭିନବ ଭାଷା ଦ୍ଵାରା ପ୍ରେରଣା ଦେବା ପାଇଁ ଏକ ସୃଜନଶୀଳ ପରିବେଶ ପ୍ରଦାନ କରେ ।"
"thusourfocusshiftsfromadesiretoknowthetimesthenovelisreferringtoinsocio-economicorpoliticalterms,toadesiretoseethetimes(intermsofcostumeanddcor).thustheearlierintentionofthenarrativeanostalgiaforapastisneutered.whatdrivesus,theaudience,isanostalgiaforthepresenttimesofthenovel,thelivedmomentofaustensheroines,orpagnolsandforsterscharactersourimaginedpast,notthatoftheoriginaltextforwhichthatpresenttimerepresentsunwantedchange.","ଦର୍ଶକ ରୂପେ, ଆମକୁ ଯାହା ଆନ୍ଦୋଳିତ କରିଥାଏ, ତାହା ହେଉଛି ଉପନ୍ୟାସର ତତ୍କାଳୀନ ସମୟ ନିମନ୍ତେ ଏକ ଆବେଗମୟ ଲାଳସା, ଅଷ୍ଟେନ୍‌ଙ୍କ ନାୟିକାମାନେ ଜୀଇଁଥିବା ମୁହୂର୍ତ୍ତ, କିମ୍ବା ପାଗନୋଲ୍ ଏବଂ ଫୋଷ୍ଟରଙ୍କ ଚରିତ୍ରମାନଙ୍କ କାଳ୍ପନିକ ଅତୀତ; ଏହା ମୂଳ ପାଠ ବିଷୟରେ କିଛି କହି ନଥାଏ, ଯାହା ପାଇଁ ସେହି ତତ୍କାଳୀନ ସମୟ ଅବାଞ୍ଛିତ ପରିବର୍ତ୍ତନକୁ ଚିତ୍ରିତ କରିଥାଏ।"
"A pedon is morphologically described in the field and sampled for laboratory investigations for their characterization and classification. Such groups of soils may occur on the landscape in a repeated manner and are delineated on a map as map unit. The delineated units on a map will be given a specific symbol, colour and name.",କ୍ଷେତ୍ରରେ ପେଡନ୍‌କୁ ଗଠନାତ୍ମକ ଦୃଷ୍ଟିରୁ ବର୍ଣ୍ଣନା କରାଯାଏ ଏବଂ ତାହାର ବୈଶିଷ୍ଟ୍ୟ ବର୍ଣ୍ଣନ ତଥା ବର୍ଗୀକରଣ ନିମନ୍ତେ ଗବେଷଣାଗାରରେ ପରୀକ୍ଷଣ ପାଇଁ ନମୁନା ସଂଗ୍ରହ କରାଯାଏ ।
"A pedon is morphologically described in the field and sampled for laboratory investigations for their characterization and classification. Such groups of soils may occur on the landscape in a repeated manner and are delineated on a map as map unit. The delineated units on a map will be given a specific symbol, colour and name.","ମାନଚିତ୍ରରେ ରହିଥିବା ଚିତ୍ରିତ ଏକକଗୁଡ଼ିକୁ ଏକ ସ୍ୱତନ୍ତ୍ର ଚିହ୍ନ, ରଙ୍ଗ ଏବଂ ନାମ ଦିଆଯାଏ ।"
"All these models take the information derived from the remote sensing data. Thornthwaite and Mather model is widely used for computing water balance. It is a book-keeping method, very useful for computing runoff at preliminary stage of planning of any water resources project.",ଜଳ ସନ୍ତୁଳନର ହିସାବ କରିବା ପାଇଁ ଥର୍ଣ୍ଣ୍‌ଥ୍ୱେଟ୍‌ ଆଣ୍ଡ୍‌ ମେଦର୍‌ ମଡେଲ୍‌ଟି ବ୍ୟାପକ ଭାବରେ ବ୍ୟବହୃତ ହୋଇଥାଏ ।
"At this extreme altitude gas molecules are widely separated. Above 60 miles (100 km) from Earths surface the chemical composition of air becomes strongly dependent on altitude and the atmosphere becomes enriched with lighter gases (atomic oxygen, helium and hydrogen). Above about 100 miles (160 km) altitude the major atmospheric component becomes atomic oxygen.","ପୃଥିବୀ ପୃଷ୍ଠରୁ ୬୦ ମାଇଲ (୧୦୦ କି.ମି.) ଉପରେ, ବାୟୁର ରାସାୟନିକ ସଂରଚନା ଉଚ୍ଚତା ଉପରେ ବହୁଳଭାବେ ନିର୍ଭରଶୀଳ ହୋଇଯାଏ ଏବଂ ବାୟୁମଣ୍ଡଳ ହାଲୁକା ଗ୍ୟାସ୍‌ଗୁଡ଼ିକ (ଅମ୍ଳଜାନ ପରମାଣୁ, ହିଲିୟମ୍‌ ଏବଂ ଉଦ୍‌ଜାନ) ରେ ପରିପୂର୍ଣ୍ଣ ହୋଇଯାଏ ।"
Climate change will make some agricultural areas more suitable for production and other areas less so. The impacts of climate change on agriculture will be less if production is allowed to move in response to changing climate. Some land that is not currently suitable for agriculture because of climate may become suitable in the future.,"ଜଳବାୟୁ ପରିବର୍ତ୍ତନ କେତେକ କୃଷି କ୍ଷେତ୍ରକୁ ଉତ୍ପାଦନ ନିମନ୍ତେ ଅଧିକ ଉପଯୁକ୍ତ କରିଦେବ, ଏବଂ ଅନ୍ୟାନ୍ୟ କ୍ଷେତ୍ରଗୁଡ଼ିକୁ ସେତେଟା ନୁହେଁ।"
Data collected in the field must be geo-referenced so that the point where the data were collected can be located on the imagery. GPS receivers are commonly used to record this location information. The type of information collected can range from detailed notes describing a site to a photograph of the site.,ସଂଗୃହୀତ ତଥ୍ୟର ପ୍ରକାର ଏକ ସ୍ଥାନର ବର୍ଣ୍ଣନା କରୁଥିବା ସୁବିସ୍ତୃତ ଟିପ୍ପଣୀ ଠାରୁ ନେଇ ଉକ୍ତ ସ୍ଥାନର ଏକ ଫଟୋଗ୍ରାଫ୍‌ ପର୍ଯ୍ୟନ୍ତ ହୋଇପାରେ ।
"During the season, heat wave/severe heat wave conditions were observed in March and April. In the month of May, no significant heat wave conditions were observed. During March the heat wave conditions were observed at most places with Severe Heat wave conditions at isolated places occurred over West Rajasthan during 29-31 March, Heat wave conditions were also observed at a few places over east Rajasthan during 30-31 March, over Odisha and adjoining parts of Gangetic West Bengal, Coastal Andhra Pradesh and Tamil Nadu on 31 March.","ମାର୍ଚ୍ଚ ମାସରେ, ଅଧିକାଂଶ ସ୍ଥାନରେ ଉତ୍ତାପ ତରଙ୍ଗର ପରିସ୍ଥିତି ପରିଲକ୍ଷିତ ହୋଇଥିଲା, ଯେତେବେଳେକି ୨୯-୩୧ ମାର୍ଚ୍ଚ ମଧ୍ୟରେ ପଶ୍ଚିମ ରାଜସ୍ଥାନର କେତୋଟି ଅଲଗା ଅଲଗା ଜାଗାରେ ପ୍ରଚଣ୍ଡ ଉତ୍ତାପ ତରଙ୍ଗ ଅନୁଭୂତ ହୋଇଥିଲା ।"
"Even in radiometrically corrected scene composites, some noise will remain. The most important sources are local atmospheric effects such as haze, smoke or cumulus clouds in an otherwise clear-sky scene. Small but potentially significant bidirectional reflectance effects may also be present.","ବିକିରଣମିତିକ ଭାବରେ ସଂଶୋଧିତ ଦୃଶ୍ୟ ସଂଯୋଜନଗୁଡ଼ିକରେ ମଧ୍ୟ, କିଛି ଅନିୟମିତ ତରଙ୍ଗ ରହିଥାଏ ।"
"Even in radiometrically corrected scene composites, some noise will remain. The most important sources are local atmospheric effects such as haze, smoke or cumulus clouds in an otherwise clear-sky scene. Small but potentially significant bidirectional reflectance effects may also be present.","ସବୁଠାରୁ ଗୁରୁତ୍ଵପୂର୍ଣ୍ଣ ଉତ୍ସଗୁଡ଼ିକ ହେଲା ଅନ୍ୟଥା ସ୍ଵଚ୍ଛ-ଆକାଶ ଦୃଶ୍ୟରେ ସ୍ଥାନୀୟ ବାୟୁମଣ୍ଡଳୀୟ ପ୍ରଭାବର ଛାପଗୁଡ଼ିକ, ଯଥା କୁହୁଡ଼ି, ଧୂଆଁ, କିମ୍ବା ପୁଞ୍ଜିଭୂତ ମେଘ ।"
"Furthermore, such images contain systematic errors due to atmospheric effects (as a function of the path length) as well as monotonically changing spatial resolution for most coarse resolution sensors. Their classification is therefore difficult and requires interactive fine tuning for each input scene used, as well as post-classification operations to reconcile differences between adjacent scenes to ensure consistency across the mapped area. For these reasons, research in recent years has emphasised the use of image composites.","ଏହି ସବୁ କାରଣ ପାଇଁ, ସାମ୍ପ୍ରତିକ ବର୍ଷମାନଙ୍କରେ ଗବେଷଣା ଚିତ୍ର ସଂଯୋଜନର ବ୍ୟବହାର ଉପରେ ଗୁରୁତ୍ଵାରୋପ କରିଛି ।"
High relative humidities in the lower and middle troposphere are also required for cyclone development. These high humidities reduce the amount of evaporation in clouds and maximizes the latent heat released because there is more precipitation. The vertical wind shear in a tropical cyclones environment is also important.,ଘୂର୍ଣ୍ଣିବାତ୍ୟା ସୃଷ୍ଟି ହେବା ପାଇଁ ଟ୍ରପୋସ୍ପିୟର୍‌ର ନିମ୍ନ ଏବଂ ମଧ୍ୟ-ଭାଗରେ ମଧ୍ୟ ଉଚ୍ଚ ଆପେକ୍ଷିକ ଆର୍ଦ୍ରତା ଆବଶ୍ୟକ ହୋଇଥାଏ ।
"If that land is not available because it has already been developed, then the farming sector will be less able to adapt. It may make sense to preserve land for future agricultural production, even if it is not currently being used for that purpose. Similarly, forest land that is currently dominated by lower-valued species may become more valuable in the future, and vice versa.","ସେହିପରି, ସେହି ବନ ଭୂମି ଯାହାକି ଅପେକ୍ଷାକୃତ କମ୍‌-ମୂଲ୍ୟର ପ୍ରଜାତିଗୁଡ଼ିକରେ ଭରି ରହିଛି, ତାହା ଭବିଷ୍ୟତରେ ଅଧିକ ମୁଲ୍ୟବାନ ହୋଇଯାଇପାରେ, ଏବଂ ଏହାର ବିପରୀତଟି ମଧ୍ୟ ସତ୍ୟ ହୋଇପାରେ ।"
"In the past, some classification projects employing coarse resolution data were carried out with single-date, relatively cloud-free images. However, this approach is fundamentally limited because the probability of cloud-free scenes decreases as the area covered by one scene increases. It is thus very difficult to obtain useful images for land cover mapping, especially if the eligible time interval is short.","ମାତ୍ର, ଏହି ପ୍ରଣାଳୀଟି ମୂଳତଃ ସୀମିତ ଅଟେ କାରଣ ଗୋଟିଏ ଦୃଶ୍ୟ ଦ୍ଵାରା ଆଚ୍ଛାଦିତ କ୍ଷେତ୍ରଟି ବୃଦ୍ଧି ପାଇବା ସଙ୍ଗେସଙ୍ଗେ ମେଘ-ମୁକ୍ତ ଦୃଶ୍ୟଗୁଡ଼ିକର ସମ୍ଭାବନା ହ୍ରାସ ପାଇଥାଏ ।"
"In the recent developments, importance is being given to utilization of hyper-spectral domain for soil physical and chemical characterization. Development of soil reflectance libraries is being given utmost importance with parallel developments in hyperspectral profile matching algorithms. In this direction, an attempt has been made to calibrate soil properties to soil reflectance using Multivariate Adaptive Regression Splines (MARS).","ଏହି ଦିଗରେ, 'ମଲ୍ଟିଭ୍ୟାରିଏଟ୍‌ ଆଡାପ୍ଟିଭ୍‌ ରିଗ୍ରେସନ୍‌ ସ୍ପ୍ଲାଇନ୍‌ସ୍‌' (ମାର୍ସ୍‌) ବ୍ୟବହାର କରି ମୃତ୍ତିକାର ଗୁଣ ଠାରୁ ମୃତ୍ତିକାର ପରାବର୍ତ୍ତକତା ପର୍ଯ୍ୟନ୍ତ ନିରୂପଣ କରିବାକୁ ଏକ ଉଦ୍ୟମ କରାଯାଇଛି ।"
"Manual, or visual, classification of remotely sensed data is an effective method of classifying land cover especially when the analyst is familiar with the area being classified. This method uses skills that were originally developed for interpreting aerial photographs. It relies on the interpreter to employ visual cues such as tone, texture, shape, pattern, and relationship to other objects to identify the different land cover classes (figure 2.3), The primary advantage of manual interpretation is its utilization of the brain to identify features in the image and relate them to features on the ground.","ଏହା ବିଭିନ୍ନ ଭୂ-ଆବରଣ ଶ୍ରେଣୀର ଚିହ୍ନଟ କରିବା ପାଇଁ ବର୍ଣ୍ଣ, ବିନ୍ୟାସ, ଆକୃତି, ରୂପରେଖ, ଏବଂ ଅନ୍ୟାନ୍ୟ ବସ୍ତୁଗୁଡ଼ିକ ସହିତ ଏହାର ସମ୍ପର୍କ ଭଳି ଚାକ୍ଷୁଷ ସୂତ୍ରଗୁଡ଼ିକୁ ନିୟୋଜିତ କରିବାକୁ ବ୍ୟାଖ୍ୟାକାରଜଣକଙ୍କ ଉପରେ ନିର୍ଭର କରିଥାଏ ।"
Northeast monsoon (NEM) season comprising of the months from October to December is the major rainfall season for Tamilnadu & Puduchery& Karaikkal. The normal rainfall for the subdivision for this period is 44cm. About 45% of the annual rainfall of this subdivision (about 60% for coastal regions) is accounted by the rainfall during this period.,ଏହି ଉପଖଣ୍ଡଟିର ବାର୍ଷିକ ବୃଷ୍ଟିପାତର ପ୍ରାୟ ୪୫% (ଉପକୂଳବର୍ତ୍ତୀ ଅଞ୍ଚଳଗୁଡ଼ିକରେ ପ୍ରାୟ ୬୦%) ବୃଷ୍ଟିପାତ ଏହି ସମୟରେ ହୋଇଥାଏ।
"Nutrient imbalance due to non-availability of essential nutrients to plants is also an associated problem. While, salinization is mostly associated with the coastal areas and younger alluvial plains, alkalization happens mostly in inlands and older alluvial plains. Generally, alkalization is associated with waterlogging due to poor permeability of soil by presence of sodium.","ଲବଣୀଭବନ ସାଧାରଣତଃ ଉପକୂଳବର୍ତ୍ତୀ ଅଞ୍ଚଳ ଏବଂ ଅପେକ୍ଷାକୃତ ସଦ୍ୟ ପଟୁମାଟିଯୁକ୍ତ ସମତଳ ଅଞ୍ଚଳଗୁଡ଼ିକ ସହିତ ସମ୍ବନ୍ଧିତ ହୋଇଥିବାବେଳେ, କ୍ଷାରୀଭବନ ସାଧାରଣତଃ ଅନ୍ତର୍ଦେଶୀୟ ସ୍ଥଳଭାଗ ଏବଂ ପ୍ରାଚୀନ ପଟୁମାଟିଯୁକ୍ତ ସମତଳ ଅଞ୍ଚଳଗୁଡ଼ିକରେ ହୋଇଥାଏ ।"
"One possible impact from climate change is an increase in severity of storms, which would lead to an increase in flash flooding. Adaptation strategies include banning new construction in vulnerable areas with high risk of flooding, minimizing flashy runoff from impervious surfaces, changing the requirements for stormwater retention structures in new developments, and protection of wetlands that buffer runoff from heavy rainstorms Increased temperatures will make urban heat effects more severe. Land use planning should reduce urban heat effects, through maintenance of green areas, use of different building materials.","ନୂତନ ଆବଶ୍ୟକତା ଜନିତ କୌଶଳ ମଧ୍ୟରେ ରହିଛି ବନ୍ୟାର ଅଧିକ ଆଶଙ୍କା ଥିବା ଆଘାତପ୍ରବଣ ଅଞ୍ଚଳଗୁଡ଼ିକରେ ନୂଆ ନିର୍ମାଣ କାର୍ଯ୍ୟକୁ ନିଷେଧ କରିବା, ଅଭେଦ୍ୟ ବହିର୍ଭାଗରୁ ଦ୍ରୁତଗତିରେ ବହିଯାଉଥିବା ଜଳକୁ ସୀମିତ ରଖିବା, ନୂତନ ନିର୍ମାଣଗୁଡ଼ିକରେ ବାତ୍ୟା-ଜଳ ସଂରକ୍ଷଣ ନିମନ୍ତେ ସଂରଚନାଗତ ଆବଶ୍ୟକତାରେ ପରିବର୍ତ୍ତନ, ଏବଂ ଆର୍ଦ୍ରଭୂମିଗୁଡ଼ିକର ସଂରକ୍ଷଣ ଯାହା ବର୍ଷା ଝଡ଼ ଜନିତ ଜଳ ପ୍ରବାହକୁ ଧରିରଖେ।"
"One possible impact from climate change is an increase in severity of storms, which would lead to an increase in flash flooding. Adaptation strategies include banning new construction in vulnerable areas with high risk of flooding, minimizing flashy runoff from impervious surfaces, changing the requirements for stormwater retention structures in new developments, and protection of wetlands that buffer runoff from heavy rainstorms Increased temperatures will make urban heat effects more severe. Land use planning should reduce urban heat effects, through maintenance of green areas, use of different building materials.","ଭୂମି ବ୍ୟବହାର ଯୋଜନା ସବୁଜ ଅଞ୍ଚଳଗୁଡ଼ିକର ରକ୍ଷଣାବେକ୍ଷଣ, ଏବଂ ଭିନ୍ନ ନିର୍ମାଣ ସାମଗ୍ରୀର ବ୍ୟବହାର ଦ୍ୱାରା ସହରୀ ତାପନ ପ୍ରଭାବଗୁଡ଼ିକୁ ହ୍ରାସ କରିବା ଉଚିତ୍‌।"
"PANNA , situated in the Vindhya ranges, along the banks of the River Ken, is a mere 30 km from the world famous temples at Khajuraho. With its deep ravines, cascading waterfalls and thick teak forests, Panna national park is predominantly a plateau, with sprawling flatlands punctuated by hills, deep valleys and gorges. The reserve is renowned for sightings of nilgai, sambar, chital, wild boar, crocodile, leopard, wolf, hyena, jackal, sloth bear and sometimes even tigers.","ନିଜର ଗଭୀର ଗିରିବର୍ତ୍ତ୍ମ, ପ୍ରପତିତ ଜଳପ୍ରପାତ ଏବଂ ଘଞ୍ଚ ଶାଗୁଆନ ଜଙ୍ଗଲଗୁଡ଼ିକ ସହିତ ପାନ୍ନା ଜାତୀୟ ଉଦ୍ୟାନ ହେଉଛି ପ୍ରଧାନତଃ ଏକ ଅଧିତ୍ୟକା, ଯେଉଁଥିରେ ପର୍ବତଗୁଡ଼ିକ ଦ୍ଵାରା ପ୍ରତିବାଧିତ ସୁବିସ୍ତୃତ ସମତଳ ଭୂମି, ଗଭୀର ଉପତ୍ୟକା, ଏବଂ ପାର୍ବତ୍ୟ ଘାଟିଗୁଡ଼ିକ ରହିଛି ।"
"Remote sensing techniques for monitoring water quality depend on the ability to measure these changes in the spectral signature backscattered from water and relate these measured changes by empirical or analytical models to water quality parameters. Major factors affecting water quality are suspended sediments, algae, chemicals, dissolved organic matter (DOM), thermal releases, aquatic vascular plants, pathogens, and oils. Some of these parameters like suspended sediments, algae, DOM, oils, aquatic vascular plants, and thermal releases directly influence the energy spectra and hence can be measured by remote sensing techniques (table 6.3).","ଜଳର ଗୁଣବତ୍ତାକୁ ପ୍ରଭାବିତ କରୁଥିବା ମୁଖ୍ୟ କାରକଗୁଡ଼ିକ ହେଲା ଭାସମାନ କାଦୁଅ କଣିକା, ଶୈବାଳ, ରାସାୟନିକ ପଦାର୍ଥ, ଦ୍ରବୀଭୂତ ଜୈବିକ ପଦାର୍ଥ (ଡି.ଓ.ଏମ୍‌.), ତାପୀୟ ନିର୍ଗମନ, ଜଳଜ ସଂବାହୀ ଉଦ୍ଭିଦ, ରୋଗାଣୁ, ଏବଂ ତୈଳ ।"
"Remote sensing techniques for monitoring water quality depend on the ability to measure these changes in the spectral signature backscattered from water and relate these measured changes by empirical or analytical models to water quality parameters. Major factors affecting water quality are suspended sediments, algae, chemicals, dissolved organic matter (DOM), thermal releases, aquatic vascular plants, pathogens, and oils. Some of these parameters like suspended sediments, algae, DOM, oils, aquatic vascular plants, and thermal releases directly influence the energy spectra and hence can be measured by remote sensing techniques (table 6.3).","ଏହି ନିୟାମକଗୁଡ଼ିକ ମଧ୍ୟରୁ କେତେକ, ଯେପରିକି ଭାସମାନ କାଦୁଅ କଣିକା, ଶୈବାଳ, ଡି.ଓ.ଏମ୍‌. ତୈଳ, ଜଳଜ ସଂବାହୀ ଉଦ୍ଭିଦ, ଏବଂ ତାପୀୟ ନିର୍ଗମନ, ଶକ୍ତି ତରଙ୍ଗଗୁଡ଼ିକୁ ସିଧାସଳଖ ଭାବରେ ପ୍ରଭାବିତ କରିଥାଏ ଏବଂ ଏଥିପାଇଁ ସେଗୁଡ଼ିକୁ 'ରିମୋଟ୍‌ ସେନ୍ସିଂ' ପ୍ରଣାଳୀଗୁଡ଼ିକ ଦ୍ଵାରା ମାପ କରାଯାଇପାରିବ ।"
"Removing plant residues also reduces soil organic matter content. Removal of topsoil while mining for precious metals and affecting its surrounding agricultural fields is another dimension of land degradation. Hence, the top fertile soil is almost permanently lost, if properly not conserved.",ମୁଲ୍ୟବାନ ଧାତୁ ପାଇଁ ଖଣି ଖନନ କରିବାବେଳେ ଉପରି ମୃତ୍ତିକାର ଅପସାରଣ ତଥା ଏହାର ଚତୁର୍ପାର୍ଶ୍ଵିକ କୃଷି କ୍ଷେତ୍ରଗୁଡ଼ିକୁ ପ୍ରଭାବିତ କରିବା ହେଉଛି ଭୂମି କ୍ଷୟ ହେବାର ଅନ୍ୟଏକ ଦିଗ ।
"Removing plant residues also reduces soil organic matter content. Removal of topsoil while mining for precious metals and affecting its surrounding agricultural fields is another dimension of land degradation. Hence, the top fertile soil is almost permanently lost, if properly not conserved.",ଉଦ୍ଭିଦ ଅବଶେଷଗୁଡ଼ିକର ଅପସାରଣ ମୃତ୍ତିକାର ଜୈବିକ ପଦାର୍ଥ ଉପାଦାନକୁ ହ୍ରାସ କରିଥାଏ ।
Salinization and alkalization are problems of semiarid and arid areas. They could be of natural or manmade. This is a major problem resulting in the desiccation of plants due to high osmotic potential exerted on plant because of high concentration of salts.,ଲବଣୀଭବନ ଏବଂ କ୍ଷାରୀଭବନ ହେଉଛି ଅର୍ଦ୍ଧ-ଶୁଷ୍କ ଏବଂ ଶୁଷ୍କ ଅଞ୍ଚଳଗୁଡ଼ିକରେ ଥିବା ସମସ୍ୟା ।
"Soil mapping comprises of identification, description and delineation of different kinds of soils based on physiography, climate and vegetation of the area, confirmation through field work and laboratory data and depicting on a standard base map. The different soils observed within an area are put into a limited number of groups. Each group of soils is typified by a pedon or their association.",ପ୍ରତ୍ୟେକ ବର୍ଗର ମୃତ୍ତିକା ଏକ ପେଡନ୍ କିମ୍ବା ସେଗୁଡ଼ିକର ସମ୍ମିଶ୍ରଣ ଦ୍ଵାରା ପ୍ରରୂପିତ ହୋଇଥାଏ ।
"Soil mapping comprises of identification, description and delineation of different kinds of soils based on physiography, climate and vegetation of the area, confirmation through field work and laboratory data and depicting on a standard base map. The different soils observed within an area are put into a limited number of groups. Each group of soils is typified by a pedon or their association.","ମୃତ୍ତିକା ମାନଚିତ୍ରଣରେ ଭୂ-ପ୍ରକୃତି, ଜଳବାୟୁ, ଏବଂ ସମ୍ପୃକ୍ତ ଅଞ୍ଚଳଟିର ବୃକ୍ଷଲତାକୁ ଭିତ୍ତି କରି ବିଭିନ୍ନ ପ୍ରକାରର ମୃତ୍ତିକାର ଚିହ୍ନଟୀକରଣ, ବର୍ଣ୍ଣନ, ଏବଂ ଚିତ୍ରଣ, କ୍ଷେତ୍ରକାର୍ଯ୍ୟ ଏବଂ ଗବେଷଣାଗାରର ତଥ୍ୟ ମାଧ୍ୟମରେ ସତ୍ୟାପନ ଏବଂ ଏକ ମାନକ ମୂଳ ମାନଚିତ୍ରରେ ଚିତ୍ର-ଉପସ୍ଥାପନ ପ୍ରଭୃତି ଅନ୍ତର୍ଭୁକ୍ତ ।"
"The global climate in future is expected to become more variable. This will increase stress on natural ecosystems. Species that rely on natural, undisturbed habitat will have difficulty surviving droughts and storms, particularly if that habitat exists only in small patches.",ଏହା ପ୍ରାକୃତିକ ପରିସଂସ୍ଥାଗୁଡ଼ିକ ଉପରେ ଚାପ ବଢ଼ାଇ ଦେବ ।
"The soil is a life supporting system upon which human beings have been dependent from the dawn of the civilization. Therefore, comprehensive information on soil resources, its potential / limitations / capabilities, is required for a variety of purposes such as command area development, soil conservation in catchment areas, sustainable agriculture, watershed management, reclamation of degraded lands etc. In this context, characterization and mapping of different types of soils, developing rational / scientific criteria for land evaluation and interpretation of soils for multifarious land uses attains greater importance.","ତେଣୁ, ବିଭିନ୍ନ ଉଦ୍ଦେଶ୍ୟ ଯେପରିକି କମାଣ୍ଡ୍‌ ଅଞ୍ଚଳ ବିକାଶ, ଅଧିତ୍ୟକା ଅଞ୍ଚଳଗୁଡ଼ିକରେ ମୃତ୍ତିକା ସଂରକ୍ଷଣ, ଧାରଣୀୟ କୃଷି, ଜଳଛାୟା ପରିଚାଳନା, ଅବକ୍ଷୟିତ ଭୂମିର ପୁନରୁଦ୍ଧାର, ଇତ୍ୟାଦି ନିମନ୍ତେ ମୃତ୍ତିକା ସମ୍ବଳ ତଥା ଏହାର କ୍ଷମତା/ସୀମିତତା/ ସାମର୍ଥ୍ୟ ଉପରେ ବ୍ୟାପକ ତଥ୍ୟ ଆବଶ୍ୟକ ।"
"The strengths and weaknesses of seven broad, partly overlapping, categories of models: mathematical equation- based, system dynamics, statistical, expert system, evolutionary, cellular, and hybrid are discussed for comparison. This review is not exhaustive and only serves to highlight ways in which present techniques are complemented by those models that combine cellular and agent-based models. More comprehencive overview of LUCC Modeling techniques is given by Agarwal, 2000.",ଏହି ସମୀକ୍ଷାଟି ସାମଗ୍ରିକ ନୁହେଁ ଏବଂ ଏହା କେବଳ କୋଶୀକିୟ ଏବଂ କାରକ-ଆଧାରିତ ମଡେଲ୍‌କୁ ଏକତ୍ର କରୁଥିବା ମଡେଲ୍‌ଗୁଡ଼ିକ ଦ୍ଵାରା ବର୍ତ୍ତମାନର କୌଶଳଗୁଡ଼ିକ ଯେଉଁ ପ୍ରକ୍ରିୟା ଦେଇ ପରିପୂରିତ ହୋଇଛି ତାହା ଉପରେ ଗୁରୁତ୍ଵାରୋପ କରିବାର କାର୍ଯ୍ୟ କରୁଛି ।
The technique used in manual interpretation is fairly simple. The analyst views the image on either a computer screen or a hardcopy printout and then draws a polygon around areas that are identified as a particular land cover type. If the land cover delineations are done on a computer screen the land cover map is created during the delineation process.,"ଯଦି ଏକ କମ୍ପ୍ୟୁଟର ପରଦାରେ ଭୂ-ଆବରଣ ପରିସୀମା ନିରୂପଣ କରାଯାଏ, ତେବେ ଭୂ-ଆବରଣ ମାନଚିତ୍ରଟି ଏହି ଚିହ୍ନଟ ପ୍ରକ୍ରିୟାରେ ତିଆରି କରାଯାଇଥାଏ ।"
The technique used in manual interpretation is fairly simple. The analyst views the image on either a computer screen or a hardcopy printout and then draws a polygon around areas that are identified as a particular land cover type. If the land cover delineations are done on a computer screen the land cover map is created during the delineation process.,"ବିଶ୍ଳେଷକଜଣକ ଚିତ୍ରଟିକୁ ଏକ କମ୍ପ୍ୟୁଟର ପରଦା କିମ୍ବା ଏକ ହାର୍ଡ଼୍‌-କପି ମୁଦ୍ରିତ ପ୍ରତିଲିପିରେ ଦେଖିଥାନ୍ତି ଏବଂ ଏକ ନିର୍ଦ୍ଦିଷ୍ଟ ପ୍ରକାରର ଭୂ-ଆବରଣ ଅଞ୍ଚଳ ଭାବରେ ଯେଉଁଗୁଡ଼ିକୁ ଚିହ୍ନଟ କରାଯାଇଥାଏ, ସେହିସବୁ ଅଞ୍ଚଳର ଚତୁଃପାର୍ଶ୍ୱରେ ଏକ ବହୁଭୁଜ କ୍ଷେତ୍ର ଅଙ୍କନ କରିଥାନ୍ତି ।"
The thermosphere is located above the mesosphere. The temperature in the thermosphere generally increases with altitude reaching 600 to 3000 F (600-2000 K) depending on solar activity. This increase in temperature is due to the absorption of intense solar radiation by the limited amount of remaining molecular oxygen.,ତାପମାତ୍ରାର ଏପରି ବୃଦ୍ଧି ସୀମିତ ପରିମାଣର ଅବଶିଷ୍ଟ ଆଣବିକ ଅମ୍ଳଜାନ ଦ୍ଵାରା ତୀବ୍ର ସୌର ବିକିରଣର ପରିଶୋଷଣ ହେତୁ ହୋଇଥାଏ ।
The troposphere is the atmospheric layer closest to the planet and contains the largest percentage (around 80%) of the mass of the total atmosphere. Temperature and water vapor content in the troposphere decrease rapidly with altitude. Water vapor plays a major role in regulating air temperature because it absorbs solar energy and thermal radiation from the planets surface.,ଟ୍ରପୋସ୍ପିୟର୍‌ରେ ଥିବା ତାପମାତ୍ରା ଏବଂ ଜଳୀୟ ବାଷ୍ପ ଉପାଦାନ ଉଚ୍ଚତା ବଢ଼ିବା ସହିତ ଦ୍ରୁତଗତିରେ କମି କମି ଯାଏ ।
The troposphere is the atmospheric layer closest to the planet and contains the largest percentage (around 80%) of the mass of the total atmosphere. Temperature and water vapor content in the troposphere decrease rapidly with altitude. Water vapor plays a major role in regulating air temperature because it absorbs solar energy and thermal radiation from the planets surface.,ବାୟୁ ତାପମାତ୍ରା ନିୟନ୍ତ୍ରଣ କରିବାରେ ଜଳୀୟ ବାଷ୍ପ ଏକ ପ୍ରମୁଖ ଭୂମିକା ଗ୍ରହଣ କରିଥାଏ କାରଣ ଏହା ସୌର ଶକ୍ତି ଏବଂ ଗ୍ରହଟିର ପୃଷ୍ଠରୁ ତାପଜ ବିକିରଣ ପରିଶୋଷଣ କରିଥାଏ ।
"The water balance is useful for predicting some of human impacts on the hydrologic cycle. Many models are available for computing runoff or water balance in a watershed. SCS curve number method, Soil Moisture Accounting Model, Green Ampt Model, Thornthwaite and Mather model, etc., are very popular models used for computing runoff.",ଜଳୀୟ-ଚକ୍ର ଉପରେ କେତେକ ମାନବୀୟ ପ୍ରଭାବର ପୂର୍ବାନୁମାନ କରିବାକୁ ଜଳ ସନ୍ତୁଳନ ଉପଯୋଗୀ ଅଟେ ।
"Then it increases gradually up to the stratopause. Because the air temperature in the stratosphere increases with altitude, it does not cause convection and has a stabilizing effect on atmospheric conditions in the region. Ozone plays the major role in regulating the thermal regime of the stratosphere, as water vapor content within the layer is very low.",ତା'ପରେ ଏହା ଧୀରେଧୀରେ ସମତାପସୀମା ପର୍ଯ୍ୟନ୍ତ ବୃଦ୍ଧି ପାଇଥାଏ ।
"These are the areas under perpetual snow covered areas in Himalayan region. It degrades an area by two processes namely frost heaving and frost shattering. Frost heaving is defined as a process in glacial and periglacial environment where intense frost action and freezing of water evolves peculiar forms of rock, regolith and soil.","ଏହା ଦୁଇଟି ପ୍ରକ୍ରିୟା ଦ୍ୱାରା ଏକ ଅଞ୍ଚଳକୁ କ୍ଷତିଗ୍ରସ୍ତ କରାଇଥାଏ, ଯଥା ତୁଷାର ବିସ୍ଥାପନ ଏବଂ ତୁଷାର ଚୂର୍ଣ୍ଣୀକରଣ ।"
"Understanding the spectral reflectance properties of soils is fundamental to many applications of remote sensing in soils. The soil reflectance data can be acquired in the laboratory or in the field and from air / space. In the laboratory the soil reflectance measurements are made under controlled conditions, which may enable to understand the relationship between the physical and chemical properties of soil and soil reflectance.",ମୃତ୍ତିକା ପରାବର୍ତ୍ତକତା ତଥ୍ୟ ଗବେଷଣାଗାରରେ କିମ୍ବା କ୍ଷେତ୍ରରେ ଏବଂ ଶୂନ୍ୟ/ଆକାଶରୁ ହାସଲ କରାଯାଇପାରିବ ।
"manasissituatedalongthefoothillsofhimalayasinthenortheasternstateofassam.manasnationalparkisastunningpristinewildlifehabitat,withspectacularlandscapes.aworldheritagesite,manasnationalparkisatiger,elephantandbiospherereserve.","ମାନସ' ହିମାଳୟର ପାଦଦେଶରେ, ଉତ୍ତର-ପୂର୍ବ ରାଜ୍ୟ ଆସାମରେ ଅବସ୍ଥିତ।"
"Although this policy cycle diagram is simplistic, it helps to illustrate that health reporting targets the strategic and tactical levels of policy. A lot of theories are available as to how evidence (such as a health report) affects policy-making. In the political environment, however, other influences also shape decision-making, including cultures, beliefs, societal interests and competition between parties.","ତେବେ ରାଜନୈତିକ ପରିବେଶରେ, ସଂସ୍କୃତି, ବିଶ୍ଵାସ, ସାମାଜିକ ସ୍ଵାର୍ଥ ଏବଂ ଦଳମାନଙ୍କ ମଧ୍ୟରେ ପ୍ରତିଯୋଗିତା ସମେତ ଅନ୍ୟାନ୍ୟ ପ୍ରଭାବଗୁଡ଼ିକ ମଧ୍ୟ ନିଷ୍ପତ୍ତି-ଗ୍ରହଣକୁ ପ୍ରଭାବିତ କରିଥାଏ ।"
"As per the limit set by the rule, not more than one such matter is raised at the same sitting. In case, there are more than one matter scheduled for the same day, the Chairman decides priority on the basis of the urgency and importance of the matter. Normally, Calling Attention is taken up after the completion of the Question Hour and the laying of papers on the Table of the House and before any other item in the List of Business is taken up.","ସାଧାରଣତଃ, ପ୍ରଶ୍ନ କାଳର ସମାପ୍ତି ପରେ ଏବଂ ଗୃହରେ କାଗଜପତ୍ରଗୁଡ଼ିକର ଉପସ୍ଥାପନ ପରେ ତଥା କାର୍ଯ୍ୟସୂଚୀରେ ରହିଥିବା ଅନ୍ୟ କୌଣସି ବିଷୟ ଆରମ୍ଭ କରାଯିବା ପୂର୍ବରୁ ଧ୍ୟାନ ଆକର୍ଷଣ ପର୍ଯ୍ୟାୟ ଆରମ୍ଭ କରାଯାଏ ।"
"Friends, this pandemic has not yet come to an end. More dreadful variants of this virus are expected in coming days. Hence, we have to be ready for collective action and mutual cooperation to combat the pandemic and mobilise resources for a humanitarian response based on multilateralism.","ତେଣୁ, ଆମକୁ ଏହି ମହାମାରୀକୁ ପ୍ରତିରୋଧ କରିବାକୁ ସାମୂହିକ ପଦକ୍ଷେପ ତଥା ପାରସ୍ପରିକ ସହଯୋଗ ନିମନ୍ତେ ପ୍ରସ୍ତୁତ ରହିବାକୁ ପଡ଼ିବ ଏବଂ ଏକ ମାନବତାବାଦୀ ପ୍ରତିକ୍ରିୟା ନିମନ୍ତେ ବହୁପକ୍ଷ ଆଧାରିତ ସମ୍ବଳ ସଞ୍ଚାଳିତ କରିବାକୁ ହେବ।"
"In 2017, the Government developed and approved its National Antimicrobial Resistance Surveil- lance Plan for laboratory-based antimicrobial resistance surveillance. The plan establishes a national surveillance network capable of detecting priority antimicrobial resistance pathogens, analysing and reporting data, characterizing resistance and generating evidence to inform the implementa- tion of targeted prevention and control programmes. It is now (20192023) accompanied with an integrated National Antimicrobial Resistance and Residue Surveillance Plan for the animal health care, plant, food safety and environment sectors.","ବର୍ତ୍ତମାନ (୨୦୧୯-୨୩) ଏହା ସହିତ ପଶୁ ସ୍ଵାସ୍ଥ୍ୟସେବା, ଉଦ୍ଭିଦ, ଖାଦ୍ୟ ସୁରକ୍ଷା ଏବଂ ପାରିବେଶିକ କ୍ଷେତ୍ରଗୁଡ଼ିକ ପାଇଁ ଏକ ସମନ୍ୱିତ 'ଜାତୀୟ ଅଣୁଜୀବ-ରୋଧୀ ପ୍ରତିରୋଧ ଓ ଅବଶେଷ ସଂନିରୀକ୍ଷଣ ଯୋଜନା' ରହିଛି ।"
"In the past, surcharges on direct taxes have generally been levied to meet the revenue needs arising from natural calamities. The Government has set up the National Calamity Contingency Fund to build up resources to meet emergency situations. As a corollary, surcharge on direct taxes should be removed.","ଅତୀତରେ, ପ୍ରାକୃତିକ ବିପର୍ଯ୍ୟୟ ଯୋଗୁଁ ଉପୁଜିଥିବା ରାଜସ୍ୱ ଆବଶ୍ୟକତାଗୁଡ଼ିକୁ ପୂରଣ କରିବା ନିମନ୍ତେ ସାଧାରଣତଃ ପ୍ରତ୍ୟକ୍ଷ ଟିକସଗୁଡ଼ିକ ଉପରେ ଅତିରିକ୍ତ କର ବସାଯାଇଛି ।"
"India became a signatory to the United Nations Convention on Biological Diversity, 1992 in May 1994, and the Nagoya Protocol on Access to Genetic Resources and the Fair and Equitable Sharing of Benefi ts Arising from their Utilization 2010 in October 2014. India adopted the Biological Diversity Act 2002 (BD Act) to enforce steps to protect biodiversity as per the international standards. Furthermore, the Clean Development Mechanism (CDM) initiated in the Kyoto Protocol helped India position better towards climate change.","ଭାରତ ମେ' ୧୯୯୪ରେ 'ଜୈବ ବିବିଧତା ଉପରେ ହୋଇଥିବା ଜାତିସଂଘ ସମ୍ମିଳନୀ-୧୯୯୨'ରେ, ଏବଂ ଅକ୍ଟୋବର ୨୦୧୪ରେ, 'ଗୁଣସୂତ୍ର ବିଜ୍ଞାନ ସମ୍ବନ୍ଧୀୟ ସମ୍ପଦ ଉପରେ ପ୍ରବେଶ ସୁବିଧା ଓ ତାହାର ଉପଯୋଗରୁ ଉଦ୍ଭବ କଲ୍ୟାଣର ସଠିକ୍ ଓ ନ୍ୟାୟୋଚିତ ଆବଣ୍ଟନ, ନାଗୋୟା ପ୍ରଟୋକଲ, ୨୦୧୦' ରେ ସ୍ୱାକ୍ଷର କରିଥିଲା।"
"Indias support is guided by the needs and priorities of the Government and the people of Afghanistan; activities are undertaken in partnership with the Afghan government; and projects are spread across Afghanistan in wide range of areas. Both sides are on the pathway of an ambitious and forward looking next generation New Development Partnership. In September 2017, India hosted the India-Afghanistan Trade and Investment Show in New Delhi.","ଭାରତର ସହାୟତା ଆଫଗାନିସ୍ତାନ ସରକାର ତଥା ଜନତାଙ୍କ ଆବଶ୍ୟକତା ଏବଂ ପ୍ରାଥମିକତାଗୁଡ଼ିକ ଦ୍ଵାରା ପରିଚାଳିତ ଅଟେ; କାର୍ଯ୍ୟକଳାପଗୁଡ଼ିକ ଆଫଗାନ ସରକାରଙ୍କ ସହିତ ସହଭାଗୀତାରେ ଗ୍ରହଣ କରାଯାଉଛି, ଏବଂ ପ୍ରକଳ୍ପଗୁଡ଼ିକ ସମଗ୍ର ଅଫଗାନିସ୍ତାନରେ ଭିନ୍ନ ଭିନ୍ନ କ୍ଷେତ୍ରରେ ବ୍ୟାପ୍ତ ହୋଇ ରହିଛି ।"
"It is important to recognise that, with almost three-quarters of our oil consumption met through imports, domestic prices of petrol and diesel have to be broadly in sync with global prices of these items. Government will set up an expert group to advise on a viable and sustainable system of pricing petroleum products. Details will be announced by my colleague, the Minister of Petroleum and Natural Gas.","ବିସ୍ତୃତ ବିବରଣୀ ମୋ ସହକର୍ମୀ, ପେଟ୍ରୋଲିୟମ୍‌ ଏବଂ ପ୍ରାକୃତିକ ଗ୍ୟାସ୍‌ ମନ୍ତ୍ରୀଙ୍କ ଦ୍ଵାରା ଘୋଷଣା କରାଯିବ ।"
"It is important to recognise that, with almost three-quarters of our oil consumption met through imports, domestic prices of petrol and diesel have to be broadly in sync with global prices of these items. Government will set up an expert group to advise on a viable and sustainable system of pricing petroleum products. Details will be announced by my colleague, the Minister of Petroleum and Natural Gas.",ପେଟ୍ରୋଲିୟମ୍‌ ଉତ୍ପାଦଗୁଡ଼ିକର ମୂଲ୍ୟ ନିର୍ଦ୍ଧାରଣ ସମ୍ପର୍କରେ ଏକ ବିକାଶକ୍ଷମ ଏବଂ ସ୍ଥାୟୀ ବ୍ୟବସ୍ଥା ଉପରେ ପରାମର୍ଶ ଦେବା ପାଇଁ ସରକାର ଏକ ବିଶେଷଜ୍ଞ ମଣ୍ଡଳୀଙ୍କୁ ନିୟୋଜିତ କରିବେ ।
"It is widely acknowledged that the National Rural Employment Guarantee Act (NREGA) first implemented in February 2006, has been a magnificent success. During 2008-09, NREGA provided employment opportunities for more than 4.47 crore households as against 3.39 crore households covered in 2007-08. We are committed to providing a real wage of Rs. 100 a day as an entitlement under the NREGA.","୨୦୦୮-୦୯ ମସିହା ସମୟରେ, 'ନରେଗା', ୨୦୦୭-୦୮ ରେ ଅନ୍ତର୍ଭୁକ୍ତ ୩.୩୯ କୋଟି ପରିବାର ତୁଳନାରେ, ୪.୪୭ କୋଟିରୁ ଅଧିକ ପରିବାର ପାଇଁ କର୍ମନିଯୁକ୍ତି ସୁଯୋଗ ଯୋଗାଇ ଦେଇଥିଲା ।"
"It is widely acknowledged that the National Rural Employment Guarantee Act (NREGA) first implemented in February 2006, has been a magnificent success. During 2008-09, NREGA provided employment opportunities for more than 4.47 crore households as against 3.39 crore households covered in 2007-08. We are committed to providing a real wage of Rs. 100 a day as an entitlement under the NREGA.",ଏହା ବ୍ୟାପକ ଭାବରେ ସ୍ଵୀକାର କରାଯାଏ ଯେ ୨୦୦୬ ମସିହା ଫେବୃଆରୀ ମାସରେ ପ୍ରଥମେ କାର୍ଯ୍ୟକାରୀ ହୋଇଥିବା ରାଷ୍ଟ୍ରୀୟ ଗ୍ରାମୀଣ ରୋଜଗାର ଗ୍ୟାରେଣ୍ଟି ଅଧିନିୟମ ('ନରେଗା') ଏକ ବିଶାଳ ସଫଳତା ହୋଇଆସିଛି ।
"It is widely acknowledged that the National Rural Employment Guarantee Act (NREGA) first implemented in February 2006, has been a magnificent success. During 2008-09, NREGA provided employment opportunities for more than 4.47 crore households as against 3.39 crore households covered in 2007-08. We are committed to providing a real wage of Rs. 100 a day as an entitlement under the NREGA.",'ନରେଗା' ଅଧୀନରେ ଏକ ଆଧିକାରିକ ପ୍ରାପ୍ୟ ଭାବରେ ଦିନକୁ ଟ. ୧୦୦ ର ଏକ କ୍ରୟ ଶକ୍ତି ସୂଚକ ପାରିଶ୍ରମିକ ପ୍ରଦାନ କରିବାକୁ ଆମେ ପ୍ରତିଶ୍ରୁତିବଦ୍ଧ ।
"Madam Speaker, Honourable Members are aware that global prices of oil and petroleum products had shot up to unprecedented levels in 2008-09. Most oil importing countries, including our neighbours, adjusted their domestic prices to reflect these global changes. Though prices have declined since then, they are already about double of the lows reached in the wake of the global financial crisis.","ଯଦିଓ ଦରଦାମ୍‌ ସେବେ ଠାରୁ ହ୍ରାସ ପାଇଛି, ତାହା ବିଶ୍ଵ ଆର୍ଥିକ ସଙ୍କଟ ଯୋଗୁଁ ଉପୁଜିଥିବା ମାନ୍ଦାବସ୍ଥାଜନିତ ଦରଗୁଡ଼ିକର ପ୍ରାୟ ଦୁଇଗୁଣ ହୋଇ ସାରିଛି ।"
"Madam Speaker, the Government is committed to ensure that Sri Lankan Tamils enjoy their rights and legitimate aspirations within the territorial sovereignty and framework of Sri Lankas Constitution. The Ministry of External Affairs is working closely with the Sri Lankan Government in this regard. I propose to allocate Rs. 500 crore for the rehabilitation of the internally displaced persons and reconstruction of the northern and eastern areas of Sri Lanka.",ଆଭ୍ୟନ୍ତରୀଣ ଭାବରେ ବିସ୍ଥାପିତ ଲୋକମାନଙ୍କ ଥଇଥାନ ପାଇଁ ତଥା ଶ୍ରୀଲଙ୍କାର ଉତ୍ତର ଏବଂ ପୂର୍ବ ଅଞ୍ଚଳଗୁଡ଼ିକର ପୁନର୍ନିର୍ମାଣ ପାଇଁ ଟ. ୫୦୦ କୋଟି ଆବଣ୍ଟନ କରିବା ପାଇଁ ମୁଁ ପ୍ରସ୍ତାବ ରଖୁଛି ।
"Marketplaces are a low-risk approach to start selling to US customers. However, while marketplaces allow you to grow sales, they do not enable you to grow a sustainable business and create your own marketable brand. Once you have established a first presence in the US, it makes sense to launch a light version of a local branded online store and focus on service and reputation building, before providing a fully functional US website, mobile experience and implementing a more aggressive and riskier marketing strategy in order to acquire new customers.","ଥରେ ଆପଣ ଆମେରିକାରେ ପ୍ରଥମ ବ୍ୟାବସାୟିକ ଉପସ୍ଥିତି ପ୍ରତିଷ୍ଠିତ କରିସାରିବା ପରେ, ନୂତନ ଗ୍ରାହକ ହାତେଇବା ନିମନ୍ତେ ଏକ ପୂର୍ଣ୍ଣରୂପେ କାର୍ଯ୍ୟକ୍ଷମ ଆମେରିକୀୟ ୱେବ୍‌ସାଇଟ୍‌ ତଥା ଭ୍ରାମ୍ୟମାଣ ଅନୁଭୂତି ପ୍ରଦାନ କରିବା ଓ ଏକ ଅଧିକ ଆକ୍ରମଣାତ୍ମକ ତଥା ଶଙ୍କାପୂର୍ଣ୍ଣ ବଜାର ବିଜ୍ଞାପନ କାର୍ଯ୍ୟପନ୍ଥାକୁ କାର୍ଯ୍ୟକାରୀ କରିବା ପୂର୍ବରୁ, କୌଣସି ଏକ ସ୍ଥାନୀୟ ବ୍ରାଣ୍ଡ୍‌ଯୁକ୍ତ ଅନ୍‌ଲାଇନ୍‌ ବିକ୍ରୟକେନ୍ଦ୍ରର ଏକ ଲଘୁ ରୂପାନ୍ତର ଆରମ୍ଭ କରିବା ଏବଂ ସେବା ଓ ଖ୍ୟାତି ପ୍ରତିଷ୍ଠା ଦିଗରେ ଧ୍ୟାନକେନ୍ଦ୍ରିତ କରିବାଟା ଯଥାର୍ଥ ମନେହୁଏ।"
"Media is the most potent tool that connects the Parliament with its people. Given the sophistication and transformation brought in by the technological advancements that has further widened its reach, media has acquired a distinctive character of moulding public opinion today. In a vigilant society with growing population such as ours, it is but imperative that the institution of Parliament has its own independent channel to disseminate authentic information to its constituents.","ବୈଷୟିକ ଅଗ୍ରଗତି ଦ୍ଵାରା ମିଳିଥିବା ବିଶେଷ ଜ୍ଞାନ ଏବଂ ରୂପାନ୍ତରଣ ଯୋଗୁଁ ଏହାର ପହଞ୍ଚକୁ ଆହୁରି ସମ୍ପ୍ରସାରିତ କରିପାରିଥିବା ଗଣମାଧ୍ୟମ, ଆଜି ଜନମତକୁ ପ୍ରଭାବିତ କରିବାର ଏକ ସ୍ଵତନ୍ତ୍ର କ୍ଷମତା ହାସଲ କରିଛି ।"
"Minimum Alternate Tax (MAT) was introduced to address inequity in taxation of corporate taxpayers. In the quest for greater equity, I propose to increase the rate of MAT to 15 per cent of book profits from the present rate of 10 per cent. However, to grant relief to corporate taxpayers, I also propose to extend the period allowed to carry forward the tax credit under MAT from seven years to ten years.","ଅଧିକ ସମତା ଆଣିବା ଅନ୍ୱେଷଣରେ, ମୁଁ 'ମ୍ୟାଟ୍‌' ର ହାରକୁ ସାମ୍ପ୍ରତିକ ହାର ୧୦ ପ୍ରତିଶତରୁ, ଖାତା-ଲାଭର ୧୫ ପ୍ରତିଶତକୁ ବଢ଼ାଇବାକୁ ପ୍ରସ୍ତାବ ରଖୁଛି ।"
"Nearly 80,000 appointments are being released to enable the applicants to get appointments at the Passport Kendras with ease. Securing online appointments for submission of passport applications at Passport Kendras has been simplified. The current provision is allowing applicants to choose any appointment date from the earliest five available dates (working days) for scheduling/rescheduling an appointment for passport related services.",ପାସ୍‌ପୋର୍ଟ୍‌ କେନ୍ଦ୍ରଗୁଡ଼ିକରେ ପାସ୍‌ପୋର୍ଟ୍‌ ଆବେଦନ ପତ୍ର ଦାଖଲ କରିବା ପାଇଁ ଅନ୍‌ଲାଇନ୍‌ ଆପଏଣ୍ଟ୍‌ମେଣ୍ଟ୍‌ ହାସଲ କରିବାକୁ ସହଜସାଧ୍ୟ କରିଦିଆଯାଇଛି ।
"Our country owes a deep debt of gratitude to our valiant ex-Servicemen. The Committee headed by the Cabinet Secretary on OROP has submitted its report and the recommendations of the Committee have been accepted. On the basis of these recommendations, the Government has decided to substantially improve the pension of pre 1 January 2006 defence pensioners below officer rank (PBOR) and bring pre 10 October 1997 pensioners on par with post 10 October 1997 pensioners.","ଏହି ସୁପାରିଶଗୁଡ଼ିକର ଆଧାରରେ, ସରକାର ୧ ଜାନୁଆରୀ ୨୦୦୬ ପୂର୍ବର ଅଫିସର ଶ୍ରେଣୀରୁ ନିମ୍ନରେ ଥିବା (ପି.ବି.ଓ.ଆର୍‌.) ପ୍ରତିରକ୍ଷା ବିଭାଗୀୟ ପେନ୍‌ସନ୍‌ ଉପଭୋକ୍ତାମାନଙ୍କର ପେନ୍‌ସନ୍‌ରେ ଗୁରୁତ୍ୱପୂର୍ଣ୍ଣ ସୁଧାର ଆଣିବାକୁ ତଥା ୧୦ ଅକ୍ଟୋବର ୧୯୯୭ ପୂର୍ବର ପେନ୍‌ସନ୍‌ ଉପଭୋକ୍ତାମାନଙ୍କୁ ୧୦ ଅକ୍ଟୋବର ୧୯୯୭ ପରର ପେନ୍‌ସନ୍‌ ଉପଭୋକ୍ତାମାନଙ୍କ ସହ ସମାନ ସ୍ତରକୁ ଆଣିବାକୁ ନିଷ୍ପତ୍ତି ଗ୍ରହଣ କରିଛନ୍ତି ।"
"Parliaments of all the democratic countries and elected public representatives will play a crucial role in all such efforts. In any democratic system, the public representatives connect with the people at the grassroots level and act as a bridge between the people and the government. Hence, on this occasion today, I would like to call upon the Presiding Officers of the Parliaments across the world to play a proactive role in formulating a concrete action plan that puts people at the centre of the response to achieve more equitable and resilient outcomes for all and Parliaments will have to play a constructive role in ensuring its effective implementation.","ତେଣୁ, ଆଜିର ଏହି ଅବସରରେ, ମୁଁ ସମଗ୍ର ବିଶ୍ଵର ସଂସଦଗୁଡ଼ିକର ପିଠାସୀନ ଅଧିକାରୀମାନଙ୍କୁ ଏପରି ଗୋଟିଏ ଠୋସ୍‌ କାର୍ଯ୍ୟ ଯୋଜନା ପ୍ରସ୍ତୁତ କରିବାରେ ସକ୍ରିୟ ଭୂମିକା ଗ୍ରହଣ କରିବାକୁ ଆହ୍ଵାନ କରୁଛି, ଯାହାକି ସମସ୍ତଙ୍କ ପାଇଁ ଅଧିକ ନ୍ୟାୟୋଚିତ ତଥା ସ୍ଵାଭାବିକ ଫଳାଫଳ ହାସଲ କରିବା ପାଇଁ ଲୋକମାନଙ୍କୁ କେନ୍ଦ୍ରରେ ରଖିବ ଏବଂ ସଂସଦଗୁଡ଼ିକୁ ଏହାର ଫଳପ୍ରଦ କାର୍ଯ୍ୟକାରିତା ସୁନିଶ୍ଚିତ କରିବାରେ ଏକ ଗଠନମୂଳକ ଭୂମିକା ଗ୍ରହଣ କରିବାକୁ ପଡ଼ିବ ।"
Rashtriya Swasthya Bima Yojana (RSBY) was operationalised last year. The initial response has been very good. More than 46 lakh BPL families in eighteen States and UTs have been issued biometric smart cards.,ଅଠରଟି ରାଜ୍ୟ ଏବଂ ୟୁ.ଟି. ରେ ୪୬ ଲକ୍ଷରୁ ଅଧିକ ବି.ପି.ଏଲ୍‌. ପରିବାରକୁ ବାୟୋମେଟ୍ରିକ୍‌ ସ୍ମାର୍ଟ୍‌ କାର୍ଡ଼୍‌ ପ୍ରଦାନ କରାଯାଇଛି ।
"Since 1989, various steps have been taken towards this end. Live telecast of proceedings started in 1994. Two satellite TV Channels - Lok Sabha Television (LSTV) and Rajya Sabha Television (RSTV) were launched in 2004.",କାର୍ଯ୍ୟଧାରାଗୁଡ଼ିକର ସିଧା ପ୍ରସାରଣ ୧୯୯୪ ମସିହାରେ ଆରମ୍ଭ ହୋଇଥିଲା ।
"So as to bring about economy, efficiency and effectiveness, the Presiding Officers of both the Houses of Parliament - the Vice- President of India and Chairman of Rajya Sabha and the Speaker of Lok Sabha - agreed to merge the two Channels. Commemorating the International Day of Democracy on 15 September 2021, the Sansad TV has been launched in the august presence of the Vice-President of India, Shri M. Venkaiah Naidu, the Prime Minister of India, Shri Narendra Modi and Speaker, Lok Sabha, Shri Om Birla at the Parliament House Annexe in New Delhi.","ଆନ୍ତର୍ଜାତିକ ଗଣତନ୍ତ୍ର ଦିବସର ସ୍ମୃତିରକ୍ଷା କରି, ୧୫ ସେପ୍ଟେମ୍ବର ୨୦୨୧ ରେ, ନୂଆଦିଲ୍ଲୀର ସଂସଦ ଉପଭବନ ଠାରେ ଭାରତର ଉପ-ରାଷ୍ଟ୍ରପତି, ଶ୍ରୀ ଏମ୍. ଭେଙ୍କୟା ନାଇଡୁ, ଭାରତର ପ୍ରଧାନମନ୍ତ୍ରୀ, ଶ୍ରୀ ନରେନ୍ଦ୍ର ମୋଦୀ, ଲୋକସଭା ବାଚସ୍ପତି ଶ୍ରୀ ଓମ୍‌ ବିର୍ଲାଙ୍କର ମହିମାନ୍ୱିତ ଉପସ୍ଥିତିରେ 'ସଂସଦ ଟି.ଭି.'ର ଶୁଭାରମ୍ଭ କରାଯାଇଛି ।"
"So as to bring about economy, efficiency and effectiveness, the Presiding Officers of both the Houses of Parliament - the Vice- President of India and Chairman of Rajya Sabha and the Speaker of Lok Sabha - agreed to merge the two Channels. Commemorating the International Day of Democracy on 15 September 2021, the Sansad TV has been launched in the august presence of the Vice-President of India, Shri M. Venkaiah Naidu, the Prime Minister of India, Shri Narendra Modi and Speaker, Lok Sabha, Shri Om Birla at the Parliament House Annexe in New Delhi.","ତେଣୁ ମିତବ୍ୟୟୀ, ଦକ୍ଷ ଏବଂ ଫଳପ୍ରଦ କରିବା ପାଇଁ, ସଂସଦର ଉଭୟ ଗୃହର ପୀଠାସୀନ ପଦାଧିକାରୀମାନେ - ଭାରତର ଉପ-ରାଷ୍ଟ୍ରପତି ତଥା ରାଜ୍ୟସଭାର ସଭାପତି ଏବଂ ଲୋକସଭାର ବାଚସ୍ପତି - ଚ୍ୟାନେଲ୍‌ ଦୁଇଟିକୁ ମିଶାଇଦେବା ପାଇଁ ରାଜି ହୋଇଥିଲେ।"
"The Business Advisory Committee allots time for discussing the Motion of Thanks and the time is proportionately allotted to various political parties according to their strength in the House. The Leaders of the Parties give the list of speakers to the Secretary-General in respect of their Parties and a record is maintained during the discussion of the time taken by each speaker. Generally, three days are allotted for the discussion.","ସାଧାରଣତଃ, ଆଲୋଚନା ପାଇଁ ତିନି ଦିନ ଧାର୍ଯ୍ୟ କରାଯାଇଥାଏ ।"
"The Ministry of External Affairs has the responsibility for issuing Passports to Indian citizens. It also renews Passports to those living abroad, while rendering other Consular services that are required for their livelihood and education. Since 2014, it has been the Modi Governments priority to make it easier for the average Indian to obtain and renew Passports, both at home and abroad.","୨୦୧୪ ଠାରୁ , ମୋଦୀ ସରକାରଙ୍କର ଅଗ୍ରାଧିକାର ହେଉଛି, ଉଭୟ ଦେଶ ମଧ୍ୟରେ ତଥା ଦେଶ ବାହାରେ, ସାଧାରଣ ଭାରତୀୟଙ୍କର ପାସ୍‌ପୋର୍ଟ୍‌ ହାସଲ କରିବା ଏବଂ ନବୀକରଣ କରିବାକୁ ଅଧିକ ସହଜ କରିବା ।"
"The appraisal program under NSP was planned to cover onland basins. However, in next campaign, offshore basins (East Coast, West Coast and Andaman) upto EEZ boundaries are being taken up. Till February 2022, total 22,555 LKM 2D Broadband seismic data in Andaman offshore has been acquired.","ମାତ୍ର, ପରବର୍ତ୍ତୀ ଅଭିଯାନଟିରେ, ଉପକୂଳ ଠାରୁ ସମୁଦ୍ର ଆଡ଼କୁ ଇ.ଇ.ଜେଡ଼୍‌. ସୀମା ପର୍ଯ୍ୟନ୍ତ ଥିବା ଅବବାହିକାଗୁଡ଼ିକ (ପୂର୍ବ ଉପକୂଳ, ପଶ୍ଚିମ ଉପକୂଳ, ଏବଂ ଆଣ୍ଡାମାନ) ର କାର୍ଯ୍ୟ ଆରମ୍ଭ କରାଯାଉଛି ।"
"The appraisal program under NSP was planned to cover onland basins. However, in next campaign, offshore basins (East Coast, West Coast and Andaman) upto EEZ boundaries are being taken up. Till February 2022, total 22,555 LKM 2D Broadband seismic data in Andaman offshore has been acquired.","ଭୂ-ଉପରିସ୍ଥ ଅବବାହିକାଗୁଡ଼ିକୁ ଅନ୍ତର୍ଭୁକ୍ତ କରିବା ନିମନ୍ତେ, ଏନ୍‌.ଏସ୍‌.ପି. ଅଧୀନରେ ଥିବା ମୂଲ୍ୟାଙ୍କନ କାର୍ଯ୍ୟକ୍ରମଟିର ଯୋଜନା କରାଯାଇଥିଲା ।"
"The appraisal program under NSP was planned to cover onland basins. However, in next campaign, offshore basins (East Coast, West Coast and Andaman) upto EEZ boundaries are being taken up. Till February 2022, total 22,555 LKM 2D Broadband seismic data in Andaman offshore has been acquired.","୨୦୨୨ ମସିହା ଫେବୃୟାରୀ ମାସ ପର୍ଯ୍ୟନ୍ତ, ଆଣ୍ଡାମାନ ଉପକୂଳରୁ ସ୍ଥଳଭାଗ ଆଡ଼କୁ ସମୁଦାୟ ୨୨,୫୫୫ ଏଲ୍‌.କେ.ଏମ୍‌. ର ୨ଡି ବ୍ରଡ଼୍‌ବ୍ୟାଣ୍ଡ୍‌ ସେସମିକ୍‌ ତଥ୍ୟ ହାସଲ କରାଯାଇଛି ।"
"The first challenge is to lead the economy back to the high GDP growth rate of 9 per cent per annum at the earliest. Growth of income is important in itself, but it is as important for the resources that it brings in. These resources provide us with the means to bridge the critical gaps that remain in our development efforts, particularly with regard to the welfare of the vulnerable segments of our population.","ଏହି ସମ୍ବଳଗୁଡ଼ିକ ଆମକୁ ଆମର ବିକାଶୋନ୍ମୁଖୀ ଉଦ୍ୟମରେ ରହିଥିବା ଗୁରୁତ୍ୱପୂର୍ଣ୍ଣ ବ୍ୟବଧାନଗୁଡ଼ିକୁ ଦୂର କରିବାର ସାଧନ ଯୋଗାଇଥାଏ, ବିଶେଷତଃ ଆମ ଜନସଂଖ୍ୟାର ବିପଦପ୍ରବଣ ଅଂଶର କଲ୍ୟାଣକୁ ବିଚାରକୁ ନେଇ ।"
"The low level of female literacy continues to be a matter of grave concern. It has, therefore, been decided to launch a National Mission for Female Literacy, with focus on minorities, SCs, STs and other marginalised groups. The aim will be to reduce by half, the current level of female illiteracy, in three years.",ଏହାର ଲକ୍ଷ୍ୟ ହେବ ତିନି ବର୍ଷ ମଧ୍ୟରେ ବର୍ତ୍ତମାନର ମହିଳା ନିରକ୍ଷରତାର ସ୍ତରକୁ ଅଧାକୁ କମାଇ ଆଣିବା ।
"The population of Hyderabad was over 85 per cent Hindu. But the civil services, the police and the army were the close preserve of the Muslims. Even in the Legislative Assembly, which the Nizam set up in 1946, the Muslims had a majority of 10 over the Hindus in a House of 132.","ମାତ୍ର ପ୍ରଶାସନିକ ସେବାସବୁ, ପୋଲିସ୍‌ ବିଭାଗ, ଏବଂ ସ୍ଥଳ ସେନା ବିଭାଗ ମୁସଲମାନମାନଙ୍କ ନିମନ୍ତେ ପୂର୍ଣ୍ଣରୂପେ ସଂରକ୍ଷିତ ଥିଲା ।"
"The process of sending prior information on appointments through an SMS and email to the applicant has also been introduced. Electronic Token Issuance upon arrival and an electronic Exit Letter after completion of service at the PSK has enabled in providing paperless service, protecting the environment and promoting the green initiatives of Digital India. Such seamless process has helped in increasing the speed of service delivery and reduced public grievances.","ଆଗମନ ପରେ 'ଇଲେକ୍ଟ୍ରୋନିକ୍‌ ଟୋକନ୍‌ ଇସ୍ୟୁଆନ୍ସ୍' ଏବଂ ପି.ଏସ୍‌.କେ. ରେ ସେବା ସମାପ୍ତି ପରେ ଏକ 'ଇଲେକ୍ଟ୍ରୋନିକ୍‌ ଏକ୍‌ଜିଟ୍‌ ଲେଟର୍‌', ପରିବେଶକୁ ସୁରକ୍ଷା ପ୍ରଦାନ କରି ତଥା 'ଡିଜିଟାଲ ଇଣ୍ଡିଆ'ର ସବୁଜ ପଦକ୍ଷେପଗୁଡ଼ିକର ପ୍ରଚାର ଓ ପ୍ରସାର କରି କାଗଜବିହୀନ ସେବା ଯୋଗାଇବାରେ ସହାୟକ ହୋଇଛି ।"
"The process of sending prior information on appointments through an SMS and email to the applicant has also been introduced. Electronic Token Issuance upon arrival and an electronic Exit Letter after completion of service at the PSK has enabled in providing paperless service, protecting the environment and promoting the green initiatives of Digital India. Such seamless process has helped in increasing the speed of service delivery and reduced public grievances.",ଏହିପରି ଏକ ନିରବଚ୍ଛିନ୍ନ ପ୍ରକ୍ରିୟା ସେବା ପ୍ରଦାନର ବେଗ ବୃଦ୍ଧି କରିବାରେ ସହାୟକ ହୋଇଛି ଏବଂ ସର୍ବସାଧାରଣଙ୍କ ଅଭିଯୋଗଗୁଡ଼ିକୁ ହ୍ରାସ କରିଦେଇଛି ।
"There is no requirement under the rules to consult the Leader of the House or the Minister concerned in this regard. However, as per the prevailing pratice, the Chairman may consult the Business Advisory Committee or the Minister of Parliamentary Affairs. It is quite possible that a matter for Calling Attention may not be taken up in the Rajya Sabha even if such a matter has been permitted in the Lok Sabha.",ନିୟମ ଅନୁଯାୟୀ କୌଣସି ସଦନର ମୁଖ୍ୟ କିମ୍ବା ସମ୍ପୃକ୍ତ ମନ୍ତ୍ରୀଙ୍କ ସହ ଏ ସଂକ୍ରାନ୍ତରେ ପରାମର୍ଶ କରିବାର ଆବଶ୍ୟକତା ନାହିଁ ।
"To bring the fiscal deficit under control, we have to initiate institutional reform measures during the current year itself. This is essential for maintaining a stable balance of payments, moderate interest rates and steady flow of external capital for corporate investment. These measures have to encompass all aspects of the Budget such as subsidies, taxes, expenditure and disinvestment.","ଏହି ପଦକ୍ଷେପଗୁଡ଼ିକୁ ବଜେଟ୍‌ଟିର ସମସ୍ତ ଦିଗ ଯଥା ଅନୁଦାନ, କର, ଖର୍ଚ୍ଚ ଏବଂ ବିନିବେଶ ପ୍ରଭୃତିକୁ ଅନ୍ତର୍ଭୁକ୍ତ କରିବାକୁ ହେବ ।"
"To bring the fiscal deficit under control, we have to initiate institutional reform measures during the current year itself. This is essential for maintaining a stable balance of payments, moderate interest rates and steady flow of external capital for corporate investment. These measures have to encompass all aspects of the Budget such as subsidies, taxes, expenditure and disinvestment.","ଆଦାନ ପ୍ରଦାନରେ ସମତୁଳନ, ମଧ୍ୟମ ପରିମାଣର ସୁଧ ହାର, ଏବଂ କର୍ପୋରେଟ୍‌ ନିବେଶ ନିମନ୍ତେ ବାହ୍ୟ ପୁଞ୍ଜିର ଏକ ନିୟମିତ ପ୍ରବାହ ପାଇଁ ଏହା ଅନିବାର୍ଯ୍ୟ।"
"US shoppers are avid cross-border shoppers. About 50% of them prefer to shop online rather than in a store and this proportion is even higher for Generation X and Y shoppers. On top of that, US shoppers are happy to spend their money abroad with the UK being their favoured destination (49%) followed by China (39%), Canada (34%), Hong Kong (20%) and Australia (18%).","ତଦୁର୍ଦ୍ଧ୍ଵରେ, ଆମେରିକୀୟ କ୍ରେତାମାନେ ନିଜ ଅର୍ଥକୁ ବିଦେଶରେ ଖର୍ଚ୍ଚ କରି ଖୁସି ଅଛନ୍ତି ଏବଂ ବ୍ରିଟେନ୍‌ ହେଉଛି ସେମାନଙ୍କ ଅନୁକୂଳ ଗନ୍ତବ୍ୟ କ୍ଷେତ୍ର (୪୯%), ଯାହା ପଛକୁ ରହିଛନ୍ତି ଚୀନ (୩୯%), କାନାଡ଼ା (୩୪%), ହଂକଂ (୨୦%) ଏବଂ ଅଷ୍ଟ୍ରେଲିଆ (୧୮%) ।"
"Under the MoP’s direction, states have nominated State Nodal Agencies (SNAs) to govern the implementation of public charging. State Nodal Agencies (SNAs) are mandated to select implementing agencies to install, operate and maintain public charging stations and battery swapping/charging facilities in the state. Unless otherwise specified by the state, state electricity distribution companies (DISCOMs) are the SNAs by default.","ରାଜ୍ୟ ନୋଡାଲ୍ ସଂସ୍ଥା (ଏସ୍‌.ଏନ୍‌.ଏ.) ଗୁଡ଼ିକୁ ସାର୍ବଜନୀନ ଚାର୍ଜିଂ ଷ୍ଟେସନ୍‌ମାନ ତଥା ବ୍ୟାଟେରୀ ବଦଳାଇବା/ ଚାର୍ଜ୍‌ କରିବା ସୁବିଧାଗୁଡ଼ିକ ସ୍ଥାପନ, ପରିଚାଳନା ଏବଂ ଅନୁରକ୍ଷଣ କରିବା ନିମନ୍ତେ କାର୍ଯ୍ୟକାରୀ କରିବା ସଂସ୍ଥାଗୁଡ଼ିକୁ ଚୟନ କରିବା ପାଇଁ ନିର୍ଦ୍ଦେଶ ଦିଆଯାଇଛି ।"
"thefinancialsectoristhelifebloodofanyeconomy.ourgovernment'ssapproachtothebankingandfinancialsectorhasbeentoensurerobustoversightandregulationwhileexpandingfinancialaccessanddeepeningmarkets.themeritofthisbalancedapproachhasbeenborneoutintherecentexperience,astheturbulenceintheworldfinancialmarketshaslefttheindianbankingandfinancialsectorrelativelyunaffected.",ବ୍ୟାଙ୍କିଙ୍ଗ୍ ଓ ବିତ୍ତୀୟ କ୍ଷେତ୍ର ପ୍ରତି ଆମ ସରକାରଙ୍କର ଆଭିମୁଖ୍ୟ ହେଉଛି ଆର୍ଥିକ ସୁଗମ୍ୟତାକୁ ସୁବିସ୍ତୃତ କରିବା ତଥା ପୁଞ୍ଜିବଜାରଗୁଡ଼ିକୁ ସଘନ କରିବା ସହିତ ସୁଦୃଢ଼ ପର୍ଯ୍ୟବେକ୍ଷଣ ଓ ବିଧିବ୍ୟବସ୍ଥାକୁ ସୁନିଶ୍ଚିତ କରିବା।
"Although age related events of growth, development and maturation in human beings are mostly the same in all cultures, however, some variations do exist. This is because growth is affected by both genetic and the environmental factors. Growth is also influenced by the sociocultural context.",ଏହାର କାରଣଟି ହେଲା ଅଭିବୃଦ୍ଧି ଉଭୟ ଆନୁବଂଶିକ ଏବଂ ପାରିବେଶିକ କାରକଗୁଡ଼ିକ ଦ୍ଵାରା ପ୍ରଭାବିତ ହୋଇଥାଏ।
"Antimicrobial resistance costs lives and money and threatens our ability to treat infections in humans and animals. Drug resistance has become a global public health crisis. Because of its effect on food production, economy and security, antimi- crobial resistance is also considered a threat to health, national security and the economy.","ଖାଦ୍ୟ ଉତ୍ପାଦନ, ଅର୍ଥନୀତି ଏବଂ ନିରାପତ୍ତା ଉପରେ ଏହାର ପ୍ରଭାବ ହେତୁ ଅଣୁଜୀବୀରୋଧକ ପ୍ରତିରୋଧ ସ୍ୱାସ୍ଥ୍ୟ, ଜାତୀୟ ସୁରକ୍ଷା ଏବଂ ଅର୍ଥନୀତି ପାଇଁ ମଧ୍ୟ ଏକ ବିପଦ ବୋଲି ବିବେଚନା କରାଯାଇଥାଏ।"
"Ayurveda literally means Science of Life. Ayurveda is evolved from the various Vedic hymns rooted in the fundamental philosophies about life, disease and health. The Charak Samhita and Sushruta Samhita developed around 2500 BC are the main treatises of Ayurveda fully available today.",ପ୍ରାୟ ଖ୍ରୀ.ପୂ. ୨୫୦୦ ରେ ବିକଶିତ ହୋଇଥିବା 'ଚରକ ସଂହିତା' ଏବଂ 'ସୁଶ୍ରୁତ ସଂହିତା' ହେଉଛି ଆଜି ପୂର୍ଣ୍ଣ ରୂପେ ଉପଲବ୍ଧ ଥିବା ଆୟୁର୍ବେଦର ପ୍ରମୁଖ ଗ୍ରନ୍ଥାବଳୀ ।
"Cardio-respiratory endurance reflects the ability of the bodys circulatory and respiratory systems to supply fuel during sustained physical activity. To improve your cardio-respiratory endurance, try activities that keep your heart rate elevated at a safe level for a sustained length of time such as walking, running, jogging, swimming, bicycling etc. The activity you choose need not be strenuous enough to improve your cardio-respiratory endurance.",ହୃତ୍‌-ଶ୍ୱାସକ୍ରିୟା ସମ୍ବନ୍ଧୀୟ ସହ୍ୟଶକ୍ତି କ୍ରମାଗତ ଶାରୀରିକ ପରିଶ୍ରମ ସମୟରେ ଶରୀରର ସଞ୍ଚରଣଶୀଳତା ଓ ଶ୍ୱାସକ୍ରିୟା ପ୍ରଣାଳୀର ଇନ୍ଧନ ଯୋଗାଇବାର ଦକ୍ଷତା ଜଣା ପଡ଼ିଥାଏ।
"During the exit interviews with patients at the facilities, the prescriptions were noted or photocopied, and an analysis of these prescriptions was undertaken during the analysis phase. The prescriptions were available for 13 out of 18 districts (states) of Homeopathy, Ayurveda, Siddha, and of Unani systems, as per the availability of AYUSH doctors. The remaining 5 districts had unclear prescriptions mentioning use of AYUSH medicines without their names, e.g., Haryana, Andhra Pradesh, Assam and Jharkhand, because of the methodological error in recording them by the investigators of these states.","ଆୟୁଷ ଡାକ୍ତରମାନଙ୍କ ଉପଲବ୍ଧତା ଅନୁଯାୟୀ ହୋମିଓପାଥି, ଆୟୁର୍ବେଦ, ସିଦ୍ଧ, ଏବଂ ୟୁନାନି ପ୍ରଣାଳୀର ଔଷଧପତ୍ର ୧୮ଟି ଜିଲ୍ଲା (ରାଜ୍ୟ) ମଧ୍ୟରୁ ୧୩ଟି ପାଇଁ ଉପଲବ୍ଧ ଥିଲା |"
"Fourteen years old Suleman and George were very good friends who also shared their birth date. Sulemans parents were quite tall. While Suleman was 5 feet 6 inches tall, George was only 4 feet 9 inches.",ସୁଲେମାନ୍‌ଙ୍କ ପିତାମାତା ଖୁବ୍‌ ଡେଙ୍ଗା ଥିଲେ ।
"From the analysis of 202 responses, it is evident that all the respondents were aware of basic principles and strengths of Ayurveda. They also opined that, integration is useful to strengthen the overall health care delivery in India. Further, they expressed that the communication barrier between practitioners of Ayurveda and Biomedicine, meagre research work with respect to safety and efficacy of Ayurvedic medicines and therapies, inadequate policy initiatives are the important obstacles in realizing functional integration between Ayurveda and Biomedicine.","ଅଧିକନ୍ତୁ, ସେମାନେ କହିଛନ୍ତି ଯେ ଆୟୁର୍ବେଦ ଏବଂ ଜୈବଭେଷଜ ଚିକିତ୍ସକମାନଙ୍କ ମଧ୍ୟରେ ଯୋଗାଯୋଗର ଅଭାବ, ଆୟୁର୍ବେଦିକ ଔଷଧ ଓ ଚିକିତ୍ସାର ନିରାପତ୍ତା ତଥା କାର୍ଯ୍ୟକାରୀତାକୁ ନେଇ ଖୁବ୍‌ କମ୍‌ ଗବେଷଣା, ଏବଂ ନୀତିଗତ ସ୍ତରରେ ଯଥେଷ୍ଟ ଉଦ୍ୟମର ଅଭାବ ଆଦି ହେଉଛି ଆୟୁର୍ବେଦ ଓ ଜୈବଭେଷଜ ମଧ୍ୟରେ ବ୍ୟାବହାରିକ-ସଂହତି ହାସଲ କରିବାରେ ଗୁରୁତ୍ୱପୂର୍ଣ୍ଣ ପ୍ରତିବନ୍ଧକ।"
"Given the appreciation and high utilisation of AYUSH services in most states, the unmet felt need must be recognised and catered to. A higher financial allocation needs to be made for the AYUSH services. A mere 3% of the total budget is grossly inadequate and, with the large number of institutions, can only ensure poor quality of services in them.",ଆୟୁଷ ସେବାଗୁଡ଼ିକ ପାଇଁ ଅଧିକ ଅର୍ଥ ଆବଣ୍ଟନ କରିବାର ଆବଶ୍ୟକତା ରହିଛି |
"Given the appreciation and high utilisation of AYUSH services in most states, the unmet felt need must be recognised and catered to. A higher financial allocation needs to be made for the AYUSH services. A mere 3% of the total budget is grossly inadequate and, with the large number of institutions, can only ensure poor quality of services in them.","ମୋଟ ବଜେଟ୍‌ର ମାତ୍ର ୩% ନିହାତି କମ୍‌ ଅଟେ, ଏବଂ ଯେହେତୁ ଏତେ ସଂଖ୍ୟାରେ ଅନୁଷ୍ଠାନସବୁ ରହିଛି, ସେମାନଙ୍କୁ କେବଳ ନିମ୍ନମାନର ସେବା ମିଳିବା ସୁନିଶ୍ଚିତ।"
"If you dont do anything because a study said not to, that may not be good enough as a defense. The prudent doctor vs. the prudent patient: who decides for whom?","ଯଦି ଆପଣ କେବଳ ଏକ ଅଧ୍ୟୟନର କଥାନୁସାରେ କିଛି କରନ୍ତି ନାହିଁ, ତେବେ ତାହା ସମର୍ଥନଯୋଗ୍ୟ ହେବା ନିମନ୍ତେ ଯଥେଷ୍ଟ ନୁହେଁ।"
"If you dont do anything because a study said not to, that may not be good enough as a defense. The prudent doctor vs. the prudent patient: who decides for whom?",ଏକ ଚିନ୍ତାଶୀଳ ଡାକ୍ତର ବନାମ ଏକ ଚିନ୍ତାଶୀଳ ରୋଗୀ - କିଏ କାହା ପାଇଁ ନିଷ୍ପତ୍ତି ନେଇଥାଏ ?
"If you think that hearing loss only affects older people, think again. Shockingly, according to the World Health Organization (WHO), not only are 430 million people currently living with disabling hearing loss, but more than 1 billion people aged between 12 and 35 years are at risk of hearing loss due to exposure to loud sounds at music gigs and clubs or on their devices. Problems with hearing loss start early but tend not to manifest immediately.","ଆଶ୍ଚର୍ଯ୍ୟଜନକ କଥା ହେଉଛି, ବିଶ୍ୱ ସ୍ୱାସ୍ଥ୍ୟ ସଙ୍ଗଠନ (ଡବ୍ଲ୍ୟୁ.ଏଚ୍.ଓ) ଅନୁଯାୟୀ, ବର୍ତ୍ତମାନ ଯେ ୪୩୦ ନିୟୁତ ଲୋକ ଶ୍ରବଣ ଶକ୍ତି ହରେଇସାରି ବଞ୍ଚୁଛନ୍ତି, କେବଳ ଏତିକି ନୁହେଁ, ବରଂ ୧୨ରୁ ୩୫ ବର୍ଷ ବୟସ ମଧ୍ୟରେ ୧୦୦ କୋଟିରୁ ଅଧିକ ଲୋକ ସଙ୍ଗୀତ ଉତ୍ସବ ଓ କ୍ଲବ୍‌ଗୁଡ଼ିକରେ କିମ୍ବା ନିଜ ଉପକରଣରେ ପ୍ରାୟ ସମୟରେ ଉଚ୍ଚ ଶବ୍ଦ ଶୁଣୁଥିବା ହେତୁ ଶ୍ରବଣ ଶକ୍ତି ହରାଇବାର ଆଶଙ୍କା ରହିଛି।"
"In a private sector model, there is a financial disincentive to scan less, an incentive to scan more (f I scan more, I earn more) . Is there any motive to scan less? We should define individual risk.",ଆମେ ନିର୍ଦ୍ଦିଷ୍ଟ ଶଙ୍କାର ସଂଜ୍ଞା ନିରୂପଣ କରିବା ଉଚିତ୍‌ ।
"In fact, the caloric density, protein, carbohydrate and fat in breast milk are very important for the growth of the child. Breast milk is free from contamination by bacteria and is easier for the infants stomach to digest. Infants who are breastfed for at least eight months have reduced incidence of many diseases.","ବାସ୍ତବରେ, ଶିଶୁର ଅଭିବୃଦ୍ଧି ପାଇଁ ମା' କ୍ଷୀରରେ ଥିବା କାଲୋରିର ସାନ୍ଦ୍ରତା, ଜୀବସାର, ଶ୍ୱେତସାର ଏବଂ ସ୍ନେହସାର ଅତ୍ୟନ୍ତ ଗୁରୁତ୍ୱପୂର୍ଣ୍ଣ।"
"In such cases efforts are made to remove water from the stomach of the drowned person. Attempting to forcefully remove water from the victims stomach should be avoided as this may make the victim vomit and there are chances of casualty. A casualty from drowning needs to be treated by a medical doctor, even if he/she seems to recover, because, as explained in Box 12.2, a secondary drowning may occur in him/her at a later stage.","ବୁଡ଼ିଯିବା ଦୁର୍ଘଟଣାରେ ଆକ୍ରାନ୍ତ ବ୍ୟକ୍ତିଙ୍କର ଚିକିତ୍ସା ଜଣେ ଡାକ୍ତରଙ୍କ ଦ୍ୱାରା କରାଯିବା ଆବଶ୍ୟକ, ଯଦିବା ସେ ଆରୋଗ୍ୟ ହେଉଥିବାଭଳି ମନେହୁଅନ୍ତି, କାରଣ ଯେମିତିକି ବାକ୍ସ ୧୨.୨ରେ ବୁଝାଇ ଦିଆଯାଇଛି, ପରବର୍ତ୍ତୀ ସମୟରେ ତାଙ୍କଠାରେ ପୁଣିଥରେ ଆକ୍ରାନ୍ତ ହେବା ଭଳି ସ୍ଥିତି ଉପୁଜିପାରେ।"
"India has a comparative advantage in the area of Complementary Medicine and can be a world leader in the field. This is because India has an immensely rich and mature indigenous medical heritage of its own and strong foundations in western biomedical sciences. It is the only country which has provided legal status to seven non-allopathic systems of medicine, namely Ayurveda, Yoga, Unani, Siddha, Homeopathy, Naturopathy and Tibetan / Amchi Medicine.","ପରିପୂରକ ଔଷଧି କ୍ଷେତ୍ରରେ ଭାରତ ତୁଳନାତ୍ମକ ଭାବେ ଅନୁକୂଳ ସ୍ଥିତିରେ ରହିଛି, ଏବଂ ଆଗକୁ ଯାଇ ଏହି କ୍ଷେତ୍ରରେ ବିଶ୍ୱ ଅଗ୍ରଣୀ ହୋଇପାରିବ ।"
"India has a comparative advantage in the area of Complementary Medicine and can be a world leader in the field. This is because India has an immensely rich and mature indigenous medical heritage of its own and strong foundations in western biomedical sciences. It is the only country which has provided legal status to seven non-allopathic systems of medicine, namely Ayurveda, Yoga, Unani, Siddha, Homeopathy, Naturopathy and Tibetan / Amchi Medicine.","ଏହାର କାରଣ ହେଉଛି ଭାରତ ପାଖରେ ନିଜର ଏକ ଅତି ଉତ୍କୃଷ୍ଟ ଓ ପରିପକ୍ୱ ସ୍ୱଦେଶୀ ଚିକିତ୍ସା ବିଜ୍ଞାନର ଐତିହ୍ୟ ରହିଛି, ଏବଂ ପାଶ୍ଚାତ୍ୟ ଜୈବ-ଭେଷଜ ବିଜ୍ଞାନରେ ଏହାର ଭିତ୍ତି ସୁଦୃଢ଼।"
"Medicines kill microbes and /or slow their growth. These are classified as anti-virals, anti-fungals, anti-protozoals and antibiotics according to the group of microbes they act upon. However, these medicines should be taken in the recommended dose and duration as advised by the doctor.","ଯେଉଁ ଭୂତାଣୁ ଗୋଷ୍ଠୀଗୁଡ଼ିକ ଉପରେ ଏହା କାମ କରିଥାଏ, ସେହି ଅନୁଯାୟୀ ଏଗୁଡ଼ିକୁ ଭୂତାଣୁ ପ୍ରତିରୋଧୀ, କବକ ପ୍ରତିରୋଧୀ, ପ୍ରୋଟୋଜୋଆ-ପ୍ରତିରୋଧୀ, ଏବଂ ପ୍ରତିଜୈବିକ ଭାବରେ ଶ୍ରେଣୀଭୁକ୍ତ କରାଯାଇଛି।"
"Observe the animals daily to check for signs of poor health. These may include reduced feed or water intake, lethargy, watery or pale white mucoid discharge from the eyes, inflammation in the eyes and abnormal stool (colour and form). Regular monitoring of the animals health helps identify, investigate and resolve their health and management problems.","ଖାଦ୍ୟଖାଇବା ଓ ପାଣି ପିଇବାରେ ହ୍ରାସ, ନିଷ୍କ୍ରିୟତା, ଆଖିରୁ ପାଣିଆ ବା ଫିକା ଧଳା ଲେଞ୍ଜରା ବାହାରିବା, ଆଖି ଫୁଲା ଏବଂ ଅସ୍ୱାଭାବିକ ମଳତ୍ୟାଗ (ରଙ୍ଗ ଓ ଗଠନ) ଆଦି ଏଥିରେ ଅନ୍ତର୍ଭୁକ୍ତ ହୋଇପାରେ।"
"One of the important non-cancerous applications of therapeutic radiopharmaceuticals is their use for loco-regional administration (in contrast to systemic administration) for the treatment of rheumatoid arthritis. This treatment modality, which is known as 'Radiation Synovectomy' or 'Radiosynoviorthesis', employs administration of radiolabeled particulates or radiolabeled colloids in the synovial cavities of the affected joints. Another important loco- regional administration of therapeutic radiopharmaceuticals is reported for the treatment of hepatocellular carcinoma (liver cancer), where radiolabeled micro-spheres of specific size or radiolabeled lipiodol (a highly viscous liquid - ethyl ester of fatty acid derived from poppy seed oil) are injected through the hepatic artery of the patient.","ଥେରାପିୟୁଟିକ୍ ରେଡିଓଫାର୍ମାସ୍ୟୁଟିକାଲ୍ସର ଅନ୍ୟ ଏକ ଗୁରୁତ୍ୱପୂର୍ଣ୍ଣ ନିର୍ଦ୍ଦିଷ୍ଟ-ସ୍ଥାନୀୟ ପ୍ରୟୋଗ ହେପାଟୋସେଲୁଲାର୍ କାରସିନୋମା (ଯକୃତ କର୍କଟ)ର ଚିକିତ୍ସା ପାଇଁ ରିପୋର୍ଟ ହୋଇଛି, ଯେଉଁଥିରେ ଏକ ନିର୍ଦ୍ଦିଷ୍ଟ ଆକାରର ରେଡିଓଲେବ୍‌ଲଡ୍ ମାଇକ୍ରୋ ସ୍ଫିଅର୍‌ କିମ୍ବା ରେଡିଓଲେବ୍‌ଲଡ୍‌ ଲିପିଓଡଲ୍‌ (ଏକ ଅତ୍ୟନ୍ତ ବହଳିଆ ଚର୍ବିବହୁଳ ଅମ୍ଳର ତରଳ-ଇଥାଇଲ୍ ଏଷ୍ଟର୍ ଯାହା ଅଫିମ ମଞ୍ଜିର ତୈଳରୁ ପ୍ରସ୍ତୁତ କରାଯାଇଥାଏ) କୁ ରୋଗୀର ଯକୃତ୍ ଧମନୀରେ ଇଂଜେକ୍ଟ କରାଯାଇଥାଏ।"
"One of the important non-cancerous applications of therapeutic radiopharmaceuticals is their use for loco-regional administration (in contrast to systemic administration) for the treatment of rheumatoid arthritis. This treatment modality, which is known as 'Radiation Synovectomy' or 'Radiosynoviorthesis', employs administration of radiolabeled particulates or radiolabeled colloids in the synovial cavities of the affected joints. Another important loco- regional administration of therapeutic radiopharmaceuticals is reported for the treatment of hepatocellular carcinoma (liver cancer), where radiolabeled micro-spheres of specific size or radiolabeled lipiodol (a highly viscous liquid - ethyl ester of fatty acid derived from poppy seed oil) are injected through the hepatic artery of the patient.","ଏହି ଚିକିତ୍ସା ପଦ୍ଧତିଟି ଯାହା ""ରେଡିଏସନ୍ ସିନୋଭେକ୍ଟୋମି"" ବା ""ରେଡିଓସିନୋଭିଓର୍ଥେସିସ୍"" ଭାବରେ ଜଣାଶୁଣା, ପ୍ରଭାବିତ ଗଣ୍ଠିର ସନ୍ଧିରସ ଛିଦ୍ରରେ ରେଡିଓଲେବଲେଡ କଣିକା କିମ୍ବା ରେଡିଓଲେବଲେଡ କୋଲଏଡ୍‌ର ବ୍ୟବହାର କରିଥାଏ।"
"People who are hard of hearing usually communicate through spoken language and can benefit from hearing aids, cochlear implants, and other devices, as well as captioning. Cochlear implants also benefit people who have more significant hearing loss. People who are diagnosed as deaf mostly have profound hearing loss, which implies very little or no hearing.","ଯେଉଁ ଲୋକମାନଙ୍କର ଆହୁରି ଅଧିକ ମାତ୍ରାରେ ଶ୍ରବଣ ଶକ୍ତି ହ୍ରାସ ହୋଇଛି, ସେମାନଙ୍କ ପାଇଁ ମଧ୍ୟ କର୍ଣ୍ଣାବର୍ତ୍ତ ତନ୍ତ୍ରିକା ଆରୋପଣ ଲାଭଜନକ ହୋଇଥାଏ |"
"People who are hard of hearing usually communicate through spoken language and can benefit from hearing aids, cochlear implants, and other devices, as well as captioning. Cochlear implants also benefit people who have more significant hearing loss. People who are diagnosed as deaf mostly have profound hearing loss, which implies very little or no hearing.","ଯେଉଁମାନଙ୍କର ଶ୍ରବଣ ଶକ୍ତି କମ୍‌, ସେମାନେ ସାଧାରଣତଃ କଥିତ ଭାଷା ମାଧ୍ୟମରେ ଯୋଗାଯୋଗ କରିଥାନ୍ତି, ଏବଂ ସେମାନେ ଶ୍ରବଣ ଉପକରଣ, କର୍ଣ୍ଣାବର୍ତ୍ତ ତନ୍ତ୍ରିକା ପ୍ରତ୍ୟାରୋପଣ, ଅନ୍ୟାନ୍ୟ ଉପକରଣ, ଏବଂ ବର୍ଣ୍ଣନାତ୍ମକ ଶୀର୍ଷଲିପି ଦ୍ୱାରା ମଧ୍ୟ ଉପକୃତ ହୋଇ ପାରିବେ |"
"Per-rectal palpation of female reproductive organ is the most common method of pregnancy diagnosis. It is, usually, performed between 35 and 42 days after mating or AI. Per-rectal examination is a quick method (an experienced person takes 12 minutes).",ମଳାଶୟୀ ପରୀକ୍ଷା ଏକ ତ୍ୱରିତ ପଦ୍ଧତି ଅଟେ (ଜଣେ ଅଭିଜ୍ଞ ବ୍ୟକ୍ତିଙ୍କୁ ୧୨ ମିନିଟ ସମୟ ଲାଗିଥାଏ)।
"Radiopharmaceuticals are highly pure radioactive pharmaceutical preparations which are safe enough for human administration and used for either diagnosis or therapy of various kinds of human ailments. Radiopharmaceutical employs nuclear properties of the radionuclides as well as pharmacological properties of the pharmaceuticals to show its effectiveness as diagnostic or therapeutic agent. Radiopharmaceuticals usually do not exhibit any pharmacologic effect as they are usually administered in tracer quantities and thus, differ from conventional drugs.",ବିକିରଣ ଔଷଧିଗୁଡ଼ିକ ହେଉଛି ଅତ୍ୟଧିକ ଶୁଦ୍ଧ ତେଜସ୍କ୍ରିୟ ଔଷଧୀୟ ସାମଗ୍ରୀ ଯେଉଁଗୁଡ଼ିକ କି ମନୁଷ୍ୟ କ୍ଷେତ୍ରରେ ପ୍ରୟୋଗ ନିମନ୍ତେ ଯଥେଷ୍ଟ ନିରାପଦ ଏବଂ ବିଭିନ୍ନ ପ୍ରକାରର ମାନବୀୟ ରୋଗର ନିଦାନ କିମ୍ବା ଚିକିତ୍ସା ନିମନ୍ତେ ବ୍ୟବହୃତ ହୋଇଥାଏ ।
"Resistance to the effects of antimicrobial drugs is a serious problem in the world. Antimicrobial resistance occurs naturally over time, usually through genetic changes. However, the misuse and overuse of antimicrobials is accelerating this process.","ତେବେ, ଅଣୁଜୀବୀରୋଧକର ଅପବ୍ୟବହାର ଓ ଅତ୍ୟଧିକ ବ୍ୟବହାର ଏହି ପ୍ରକ୍ରିୟାକୁ ତ୍ୱରାନ୍ୱିତ କରୁଛି।"
The Government has put in place a framework with this strategic plan to address the threats that antimicrobial resistance poses to the welfare of the people and livestock of Ethiopia. The strategic plan sets out a coordinated and collaborative One Health approach involving key stakeholders in government and other sectors. The National Antimicrobial Resistance Advisory Committee will continue to coordinate the work to be done and monitor the progress.,"ଏହି ରଣନୈତିକ ଯୋଜନା ଏକ ସଂଯୋଜିତ ଓ ସହଯୋଗ ଭିତ୍ତିକ 'ୱାନ୍ ହେଲ୍‌ଥ' ଆଭିମୁଖ୍ୟର ପ୍ରସ୍ତାବ ରଖିଛି, ଯେଉଁଥିରେ ସରକାର ଏବଂ ଅନ୍ୟ କ୍ଷେତ୍ରର ପ୍ରମୁଖ ଅଂଶୀଦାରମାନେ ସାମିଲ ରହିବେ।"
The Institute is trying its best to set the highest standards of teaching and research in Ayurveda. Attendance of patients in OPD and IPD of the Institute has continuously increased. The Institute is serving the goal of popularizing the Ayurveda and better health care of citizens by various expo organized at national and state level.,ଅନୁଷ୍ଠାନର ଓ.ପି.ଡି. ଏବଂ ଆଇ.ପି.ଡି.ରେ ରୋଗୀମାନଙ୍କର ଉପସ୍ଥାନ କ୍ରମାଗତ ଭାବେ ବୃଦ୍ଧି ପାଇଛି |
The bias to cure and save is misguided. Huge bias against doing nothing. There is a medico-legal aspect.,ଏକ ଡାକ୍ତରୀ-ଆଇନ୍‌ଗତ ଦିଗ ରହିଛି ।
"The quality of AYUSH services was assessed based on a set of parameters covering infrastructure, human resources, supplies, record-keeping and other inputs. While the quality varied across states, in almost all, the quality of infrastructure, presence of human resources, supply of medicines, and records were found to be unsatisfactory. Combining indicators for all these parameters a qualitative grade was composed for the quality of facilities in each state.","ଯଦିଓ ରାଜ୍ୟଗୁଡ଼ିକ ମଧ୍ୟରେ ଗୁଣବତ୍ତା ଭିନ୍ନ ଭିନ୍ନ ଥିଲା, କିନ୍ତୁ ପ୍ରାୟ ସବୁଠାରେ, ଭିତ୍ତିଭୂମିର ଗୁଣବତ୍ତା, ମାନବ ସମ୍ବଳର ଉପସ୍ଥିତି, ଔଷଧର ଯୋଗାଣ ଏବଂ ରେକର୍ଡପତ୍ର ଆଦି ସନ୍ତୋଷଜନକ ନଥିଲା ବୋଲି ଜଣାପଡ଼ିଛି।"
"There is no generic blueprint for how to make a health report. The best way to assemble information and present it in a health report depends on the context, the purpose of the report, the target audience and the authors degree of freedom in terms of creativity and opportunities to try out new paths. Thus, this guidance focuses on well defined quality criteria for health reports, rather than presenting a standard health report.","ଏକ ସ୍ଵାସ୍ଥ୍ୟ ବିବରଣୀ କିପରି ପ୍ରସ୍ତୁତ କରିବାକୁ ହୁଏ, ତାହାର କୌଣସି ସାଧାରଣ ଅଭିକଳ୍ପ ନାହିଁ ।"
"There is re-emergence of the integrative approach to facilitate affordable, safe and equitable health to all. Due to the active initiatives taken up by the Government of India and other stake holders the reach of Ayurveda has expanded along with wide spread consumer acceptance. The efforts to co-locate Ayurveda centers along with bio-medical facilities across India through programs like National Rural Health Mission (NRHM are limited to the extent of only physical proximity between biomedicine and Ayurveda and far away from the possibility of functional integration granulated to the level of clinical service delivery together.","ଜାତୀୟ ଗ୍ରାମୀଣ ସ୍ୱାସ୍ଥ୍ୟ ମିଶନ (ଏନ୍‌.ଆର୍‌.ଏଚ୍.ଏମ୍‌.) ପରି କାର୍ଯ୍ୟକ୍ରମ ମାଧ୍ୟମରେ ସାରା ଭାରତରେ ଆୟୁର୍ବେଦ କେନ୍ଦ୍ରଗୁଡ଼ିକ ଜୈବଭେଷଜ ସୁବିଧାଥିବା କେନ୍ଦ୍ରଗୁଡ଼ିକ ସହିତ ଏକତ୍ର ସ୍ଥାନିତ କରିବାର ପ୍ରୟାସ କେବଳ କାୟିକ ନିକଟତା ମଧ୍ୟରେ ସୀମିତ ହୋଇ ରହିଯାଇଛି, ଏବଂ ରୋଗୀ ଚିକିତ୍ସା କ୍ଷେତ୍ରରେ ବ୍ୟାବହାରିକ ଦିଗରୁ ସୁସଂହତ ଏକତ୍ର ସେବା ପ୍ରଦାନ କରିବାର ସମ୍ଭାବନା ଏବେ ମଧ୍ୟ ବହୁ ଦୂରରେ।"
"There will be discomfort and reluctance in its walking. But in case of severe infection or disease, the animal will lie on the ground for the maximum number of hours and will limp while walking. If the animal stays away from other animals in a herd, it indicates that it is having some health problem.","ଯଦି ପଶୁଟି ପଲରେ ଥିବା ଅନ୍ୟ ପଶୁମାନଙ୍କ ଠାରୁ ଦୂରେଇ ରହୁଥାଏ, ତେବେ ପଶୁଟିର କିଛି ସ୍ୱାସ୍ଥ୍ୟ ସମସ୍ୟା ରହିଛି ବୋଲି ଏହା ଇଙ୍ଗିତ କରିଥାଏ।"
"This was unnecessary, for the inspector had only done his duty. He did not know me, and even if he had known me, he should not have done otherwise. The Medical Officer would not let me go to him again and insisted on sending an inspector to me instead.",ମେଡିକାଲ୍ ଅଧିକାରୀ ଜଣକ ମୋତେ ପୁନର୍ବାର ତାଙ୍କ ପାଖକୁ ଯିବାକୁ ଦେଇ ନଥିଲେ ଏବଂ ତା' ପରିବର୍ତ୍ତେ ମୋ ପାଖକୁ ଜଣେ ଇନ୍ସପେକ୍ଟରଙ୍କୁ ପଠାଇବେ ବୋଲି ଜିଦ୍ ଧରିଥିଲେ |
Unsaturated fats are those fats that are liquid at room temperature. Olive oil and peanut oil are called monounsaturated fats because they lack one pair of hydrogen atoms. Trans fats result from adding hydrogen to vegetable oils used in commercial baked goods and for cooking in most restaurants and fastfood chains.,"ଉଦଜାନ ବାଷ୍ପକୁ ବନସ୍ପତି ତେଲରେ ମିଶାଇଲେ ଟ୍ରାନ୍ସ ସ୍ନେହସାର ଉତ୍ପନ୍ନ ହୋଇଥାଏ, ଯାହା ବ୍ୟାବସାୟିକ ସେକା-ସାମଗ୍ରୀରେ ଏବଂ ଅଧିକାଂଶ ଭୋଜନାଳୟ ତଥା ଫାଷ୍ଟ ଫୁଡ୍ ଚେନ୍‌ରେ ରାନ୍ଧିବା ପାଇଁ ବ୍ୟବହାର କରାଯାଇଥାଏ।"
Unsaturated fats are those fats that are liquid at room temperature. Olive oil and peanut oil are called monounsaturated fats because they lack one pair of hydrogen atoms. Trans fats result from adding hydrogen to vegetable oils used in commercial baked goods and for cooking in most restaurants and fastfood chains.,ଅସଂତୃପ୍ତ ସ୍ନେହସାର ହେଉଛି ଏକ ପ୍ରକାର ଚର୍ବି ଯାହା ଘରୋଇ ତାପମାତ୍ରାରେ ତରଳ ସ୍ଥିତିରେ ଥାଏ।
"WHO is committed to providing a work environment that respects the inherent dignity of all persons. WHO has a responsibility to take all appropriate steps to prevent and respond to discrimination, abuse of authority, and harassment, including sexual harassment (collectively referred to as abusive conduct) in the workplace or in connection with work. WHO has zero tolerance towards abusive conduct.","କର୍ମ ସମ୍ବନ୍ଧୀୟ ତଥା କର୍ମସ୍ଥଳରେ ଯୌନ ନିର୍ଯ୍ୟାତନା ସମେତ ଭେଦଭାବ, କ୍ଷମତାର ଅପବ୍ୟବହାର, ନିର୍ଯ୍ୟାତନା, (ମିଳିତ ଭାବେ ଯାହାକୁ ଅପମାନଜନକ ଆଚରଣ କୁହାଯାଏ) - ଏ ସମସ୍ତର ନିବାରଣ ଓ ଏହା ବିରୁଦ୍ଧରେ ଉପଯୁକ୍ତ ପଦକ୍ଷେପ ନେବାର ଏକ ଦାୟିତ୍ୱ ଡବ୍ଲ୍ୟୁ.ଏଚ୍.ଓ.ର ରହିଛି।"
What is the harm? How much is the harm? It is very complex.,କ୍ଷତି କ'ଣ?
Writing a health report is at the third level (knowledge) of the health information pyramid. It builds on the data collection and analysis and contextualization of the data activities. The aim of the third level is to present and communicate the results in a way that it supports decision-making.,ତୃତୀୟ ସ୍ତରର ଉଦ୍ଦେଶ୍ୟ ହେଉଛି ଫଳାଫଳକୁ ଏପରି ଭାବେ ଉପସ୍ଥାପନା ତଥା ସଞ୍ଚାରିତ କରିବା ଯାହାକି ନିଷ୍ପତ୍ତି ନେବା ପ୍ରକ୍ରିୟାରେ ସହାୟକ ହୋଇଥାଏ।
"Yoga is essentially spiritual and it is an art and science of healthy living which focuses on bringing harmony between body and mind. The word Yoga has two meanings; the first comes from the root Yujir or Union, the second is derived from a different root yuja which means Samadhi the highest state of mind and the absolute knowledge. These two are the most important meanings of the word Yoga according to Panini, the most well-known Sanskrit grammarian.","'ଯୋଗ' ଶବ୍ଦର ଦୁଇଟି ଅର୍ଥ ରହିଛି- ପ୍ରଥମଟି ଆସିଛି ମୂଳ 'ୟୁଜିର୍' ବା 'ମିଳନ'ରୁ, ଏବଂ ଦ୍ଵିତୀୟଟିର ଉତ୍ପତ୍ତି ହେଉଛି ଏକ ଭିନ୍ନ ମୂଳ, 'ୟୁଜ'ରୁ, ଅର୍ଥାତ୍‌ 'ସମାଧି' - ମନ ତଥା ଜ୍ଞାନର ସର୍ବୋଚ୍ଚ ଅବସ୍ଥା।"
"""radiopharmaceuticals'arehighlypureradioactivepharmaceuticalpreparationswhicharesafeenoughforhumanadministrationandusedforeitherdiagnosisortherapyofvariouskindsofhumanailments.radiopharmaceuticalemploysnuclearpropertiesoftheradionuclidesaswellaspharmacologicalpropertiesofthepharmaceuticalstoshowitseffectivenessasdiagnosticortherapeuticagent.radiopharmaceuticalsusuallydonotexhibitanypharmacologiceffectastheyareusuallyadministeredintracerquantitiesandthus,differfromconventionaldrugs.","ରେଡିଓଫାର୍ମାସ୍ୟୁଟିକାଲ୍‌ମାନେ, ଉଭୟ ରେଡିଓନ୍ୟୁକ୍ଲାଇଡ୍ସର ଆଣବିକ ଗୁଣ ଏବଂ ଫାର୍ମାସ୍ୟୁଟିକାଲ୍ସର ଫାର୍ମାକୋଲଜିକାଲ୍‌ ଗୁଣସବୁକୁ, ରୋଗର କାରଣ ନିର୍ଣ୍ଣୟ କିମ୍ବା ଉପଶମ କରିବା ଶକ୍ତି ଭାବେ ଫଳପ୍ରଦ ହେବାପାଇଁ ସେଗୁଡ଼ିକୁ ନିୟୋଜିତ କରିଥାନ୍ତି।"
"A green economy is one which promotes development while making sure that the environment is protected. The term Green Economy was first coined in a 1989 report for the Government of the United Kingdom by a group of leading environmental economists, titled Blueprint for a Green Economy. Every economy has many sectors.","""ସବୁଜ ଅର୍ଥନୀତି"" ପଦଟିର ପ୍ରଚଳନ ପ୍ରଥମକରି ଅଗ୍ରଣୀ ପାରିବେଶିକ ଅର୍ଥନୀତିଜ୍ଞମାନଙ୍କର ଏକ ଗୋଷ୍ଠୀ ଦ୍ଵାରା ୟୁନାଇଟେଡ଼୍‌ କିଙ୍ଗ୍‌ଡମ୍ ସରକାରଙ୍କ ନିମନ୍ତେ ଉଦ୍ଦିଷ୍ଟ ୧୯୮୯ ମସିହାର ଏକ ରିପୋର୍ଟରେ କରାଯାଇଥିଲା, ଯାହାର ଶୀର୍ଷକ ଥିଲା ""ବ୍ଲୁପ୍ରିଣ୍ଟ୍‌ ଫର୍‌ ଏ ଗ୍ରୀନ୍‌ ଇକୋନମି"" ।"
"A white wine made from kiwi fruit called Naara Aaba, comes from Arunachal Pradesh, is produced by Lambu-Subu Food and Beverages at Hong village in Lower Subansiri district. Tage Rita Takhe, 37 is the proud manufacturer of this wine hailing from Lower Subansiri district of Arunachal Pradesh. Lambu-Subu Food produces around 40,000 litres of white wine per batch, and it takes the company around four months to produce one batch of wine.",କିୱି ଫଳରୁ ପ୍ରସ୍ତୁତ ଏକ ଶ୍ଵେତ ୱାଇନ୍‌ ଅରୁଣାଚଳ ପ୍ରଦେଶରୁ ଆସିଥାଏ ଯାହାକୁ 'ନାରା ଆବା' କୁହାଯାଏ ଏବଂ ଏହା ନିମ୍ନ ସୁବନସିରୀ ଜିଲ୍ଲାର ହଙ୍ଗ୍‌ ଗ୍ରାମରେ ଥିବା 'ଲମ୍ବୁ-ସୁବୁ ଫୁଡ଼୍‌ ଆଣ୍ଡ୍‌ ବେଭରେଜେସ୍‌' ଦ୍ଵାରା ଉତ୍ପାଦିତ ହୋଇଥାଏ ।
Adjustable head restraints are provided to increase the height and fix at a desired comfortable position. To reduce the height press release button to move downwards. Make sure that the top of restraint is at the same height as the top of the occupants head.,"ଉଚ୍ଚତା କମ୍ କରିବା ପାଇଁ, ରିଲିଜ୍‌ ବଟନ୍‌କୁ ତଳ ଆଡ଼କୁ ଦବାନ୍ତୁ।"
"All fodder crops change in nutritive profile as they mature. Fodder crops at very early stages of growth have high protein content and are, usually, easily digestible but their yield (total volume or biomass) is low. As a plant grows, the yield increases but digestibility and protein content decrease.","ଫସଲର ପ୍ରାରମ୍ଭିକ ସ୍ତରରେ ପଶୁଖାଦ୍ୟ ଫସଲରେ ଅଧିକ ମାତ୍ରାରେ ଜୀବସାର ଉପାଦାନ ଥାଏ, ଏବଂ ଏହା ସାଧାରଣତଃ ସହଜରେ ହଜମ ହୋଇଥାଏ, କିନ୍ତୁ ଏହାର ଉତ୍ପାଦନ (ମୋଟ ପରିମାଣ ବା ଜୈବ ଇନ୍ଧନ) କମ୍ ରହିଥାଏ ।"
"Armed with the passion for experimental ideas and geared with confidence and determination, Zeinorin from Ukhrul is not a regular entrepreneur. A chef friend of hers taught the process to make chocolates. Thus, Hill Wild was incorporated in November 2017 by Zeinorin along with Leiyolan Vashum, who is her founding partner.","ପରୀକ୍ଷାମୂଳକ ଯୋଜନା ପାଇଁ ଉତ୍ସାହରେ ସଶକ୍ତ ଏବଂ ଆସ୍ଥା ଓ ଦୃଢ଼ତାରେ ଭରା, ଉଖରୁଲ୍‌ର ଜେନୋରିନ୍ ଜଣେ ଗତାନୁଗତିକ ଉଦ୍ୟୋଗୀ ନୁହଁନ୍ତି।"
"Basically, it involves generation of biomass that can be converted to convenient energy- containing substances via different ways such as thermal conversion, chemical conversion, and biochemical conversion. This biomass conversion can result in fuels which are in solid, liquid, or gas form. Major types are bioethanol or biologically generated alcohols produced via fermentation of sugar and starches by micro-organisms.","ମୂଳତଃ, ଏଥିରେ ଜୈବଭାରର ଉତ୍ପାଦନ ଅନ୍ତର୍ଭୁକ୍ତ ଯାହାକୁକି ଅନେକ ଉପାୟରେ ଉପଯୁକ୍ତ ଶକ୍ତି-ଧାରଣ କରିଥିବା ପଦାର୍ଥକୁ ରୂପାନ୍ତରିତ କରାଯାଇପାରିବ, ଯଥା ତାପୀୟ ରୂପାନ୍ତରଣ, ରାସାୟନିକ ରୂପାନ୍ତରଣ ଏବଂ ଜୈବରାସାୟନିକ ରୂପାନ୍ତରଣ ।"
"Biofuels production can also be improved using biotechnology. These are produced through biological processes rather than a fuel produced by geological processes such as coal and petroleum. Biofuels can be derived directly from plants, or indirectly from agricultural, commercial and industrial wastes.","ଏସବୁର ଉତ୍ପାଦନ ଜୈବିକ ପ୍ରକ୍ରିୟା ମାଧ୍ୟମରେ କରାଯାଇଥାଏ, କୋଇଲା ଓ ପେଟ୍ରୋଲ୍‌ ଭଳି ଭୂଗର୍ଭୀୟ ପ୍ରକ୍ରିୟାରୁ ଉତ୍ପାଦିତ ଇନ୍ଧନ ନୁହେଁ ।"
"DEEP Modern Chulha Society of Development and Environment Protection (DEEP) developed the Modern DEEP Chulha that uses biomass to reduce consumption of wood by 50%. This chulha reduces smoke by 80%, reducing environmental and health problems. The project trains masons and welders, to produce the chulhas, thus increasing employment and entrepreneurship opportunities.","'ଦୀପ୍‌' ବିକାଶ ଏବଂ ପରିବେଶ ସଂରକ୍ଷଣ - ଆଧୁନିକ ଚୁଲା ସମାଜ (ଡି.ଇ.ଇ.ପି.), ଆଧୁନିକ ଦୀପ୍‌ ଚୁଲା ବିକଶିତ କରିଥିଲା ଯାହା କାଠର ବ୍ୟବହାରକୁ ୫୦% ହ୍ରାସ କରିବା ପାଇଁ ଜୈବ ଇନ୍ଧନ ବ୍ୟବହାର କରିଥାଏ ।"
Emphasis is being laid on the protection and improvement of indigenous breeds. Gazette notification of 197 notified indigenous breeds was done by 2020. This will help in conservation and improvement of local breeds.,୨୦୨୦ ସୁଦ୍ଧା ୧୯୭ଟି ଅଧିସୂଚିତ ସ୍ୱଦେଶୀ ପ୍ରଜାତିମାନଙ୍କର ଗେଜେଟ୍‌ ବିଜ୍ଞପ୍ତି ଜାରି କରାଯାଇଥିଲା।
Enbiolet Green Solution Foundation (GSF) has created a bio-toilet solution for hygienic sanitation in villages and slums in cities that lacked sewage systems. Users or donors fund these bio-toilets while GSF provides training on toilet use and servicing involving the local population creating employment and entrepreneurship opportunities. The bio-digester tank forms the basis for this eco-friendly toilet.,"ଏନ୍‌ବାୟୋଲେଟ୍‌ ଗ୍ରୀନ୍‌ ସଲ୍ୟୁସନ୍‌ ଫାଉଣ୍ଡେସନ୍‌ (ଜି.ଏସ୍‌.ଏଫ୍.), ଯେଉଁ ଗ୍ରାମ ଓ ସହରୀ ବସ୍ତି ମାନଙ୍କରେ ମଳ ନିଷ୍କାସନ ପାଇଁ କିଛି ବ୍ୟବସ୍ଥା ନାହିଁ, ସେ ସବୁ ଅଞ୍ଚଳର ସ୍ୱାସ୍ଥ୍ୟକର ପରିମଳ ପାଇଁ ଏକ ଜୈବ-ଶୌଚାଳୟର ସମାଧାନ ବାହାର କରିଛି |"
"Enhancing food production, the export promotion and import substitution are the focus through local to global and one district one product initiatives. The processable varieties could be one potent tool to enhance the availability of raw material for processing industries and reduce their imports. ICAR has targeted to develop 30 processable varieties of field and horticultural crops by the year 2024 to substitute imports.","୨୦୨୪ ମସିହା ସୁଦ୍ଧା ଆମଦାନୀର ବିକଳ୍ପ ପାଇଁ ଆଇ.ସି.ଏ.ଆର୍. ୩୦ ପ୍ରକାରର, ପ୍ରକ୍ରିୟାକରଣ କରାଯାଇପାରୁଥିବା, ଜମି-ଭିତ୍ତିକ ଫସଲ ଓ ଉଦ୍ୟାନ-ଭିତ୍ତିକ ଫସଲକୁ ବିକଶିତ କରିବା ପାଇଁ ଲକ୍ଷ୍ୟ ରଖିଛି |"
"Foreseeing a growing demand for radioisotopes and advanced research in nuclear science, the necessity for another reactor with comparatively higher neutron flux was felt way back in 1970s, which ultimately resulted in the construction and commissioning of R-5 reactor (later renamed as Dhruva reactor) at BARC, Trombay. This completely indigenous reactor is a testimony to the resolve of Indian scientists and engineers to achieve self-reliance in nuclear reactor technology. After shut down of the CIRUS reactor in 2010, Dhruva continues to cater to the radioisotope demand of our country and at the same time providing the facilities to carry out research in nuclear sciences.","ରେଡ଼ିଓଆଇସୋଟପ୍ ଏବଂ ଆଣବିକ ବିଜ୍ଞାନରେ ଉନ୍ନତ ଗବେଷଣାର ବଢ଼ୁଥିବା ଚାହିଦାର ପୂର୍ବାନୁମାନ କରି, ଅପେକ୍ଷାକୃତ ଅଧିକ ନ୍ୟୁଟ୍ରନ୍‌ ପ୍ରବାହ ହେଉଥିବା ଅନ୍ୟ ଏକ ରିଆକ୍ଟରର ଆବଶ୍ୟକତା ବହୁ ପୂର୍ବରୁ ୧୯୭୦ ଦଶକରେ ଅନୁଭବ କରାଯାଇଥିଲା, ଯାହାକି ପରିଶେଷରେ ଟ୍ରମ୍ବେର ବି.ଏ.ଆର୍‌.ସି. ଠାରେ ଥିବା ଆର୍‌-୫ ରିଆକ୍ଟର (ପରେ 'ଧ୍ରୁବ ରିଆକ୍ଟର' ଭାବରେ ପୁନଃନାମିତ) ର ନିର୍ମାଣର କାରଣ ହୋଇଥିଲା ।"
"HLLW contains fission products, minor actinides, traces of uranium & plutonium, corrosion products and chemicals added during reprocessing. HLLW is immobilized in inert glass (vitreous) matrix, stored for a few decades in air cooled vault and then planned to be disposed in deep repository. Conditioning of HLLW in vitreous matrix immobilizes the radioactivity in a chemically durable form and ensures isolation of radioactivity from biosphere for larger time frame.","ଏଚ୍.ଏଲ୍.ଏଲ୍.ଡବ୍ଲ୍ୟୁ. ରେ ବିଖଣ୍ଡନ ପଦାର୍ଥ, କ୍ଷୁଦ୍ର ଆକ୍‌ଟିନାଇଡ୍, ଅତ୍ୟଳ୍ପ ପରିମାଣରେ ୟୁରାନିୟମ୍ ଓ ପ୍ଲୁଟୋନିୟମ୍, ଅବକ୍ଷୟ ପଦାର୍ଥ ଏବଂ ପୁନଃପ୍ରକ୍ରିୟାକରଣ ସମୟରେ ବ୍ୟବହୃତ ରାସାୟନିକ ଦ୍ରବ୍ୟ ଅନ୍ତର୍ଭୁକ୍ତ ଥାଏ।"
"HLLW contains fission products, minor actinides, traces of uranium & plutonium, corrosion products and chemicals added during reprocessing. HLLW is immobilized in inert glass (vitreous) matrix, stored for a few decades in air cooled vault and then planned to be disposed in deep repository. Conditioning of HLLW in vitreous matrix immobilizes the radioactivity in a chemically durable form and ensures isolation of radioactivity from biosphere for larger time frame.","ଏଚ୍‌.ଏଲ୍‌.ଏଲ୍‌.ଡବ୍ଲୁ. କୁ ଏକ ନିଷ୍କ୍ରିୟ କାଚ (ସ୍ଵଚ୍ଛ ) ମ୍ୟାଟ୍ରିକ୍ସ୍‌ ମଧ୍ୟରେ ଗତିରୋଧିତ କରି ରଖାଯାଏ, ଏକ ବାୟୁ-ଶୀତଳୀକୃତ କକ୍ଷରେ ଅଳ୍ପକିଛି ଦଶନ୍ଧି ପାଇଁ ଗଚ୍ଛିତ ରଖାଯାଏ, ଏବଂ ତା'ପରେ ଏକ ଗଭୀର ସଂଗ୍ରହାଗାର ମଧ୍ୟକୁ ନିଷ୍କୃତି ନିମନ୍ତେ ଯୋଜନା କରାଯାଏ ।"
"High yielding cows produce milk with low fat content. The composition of milk produced by individual cows of a particular breed may differ greatly (Table 3.5). Jersey cows produce milk having about 5 per cent fat content, while the milk of HolsteinFriesian contains about 3.5 per cent fat.","ଜର୍ସି ଗାଈ ଦେଉଥିବା କ୍ଷୀରରେ ପାଖାପାଖି ୫ ପ୍ରତିଶତ ସ୍ନେହସାର ଅଂଶ ଥିବା ବେଳେ, ହୋଲଷ୍ଟାଇନ୍-ଫ୍ରିଜିଆନ୍‌ର କ୍ଷୀରରେ ୩.୫ ପ୍ରତିଶତ ସ୍ନେହସାର ଥାଏ।"
"Human safety mainly focuses on the safety of health, hygiene and environment of all people, including customers, employees and the management. Everyone at a workplace, including employer, supervisor, workers, employees and customers have the responsibility to promote hygiene and safety. At home, too, you must have experienced injury due to hazardous tools, equipment and materials.","ମାନବ ସୁରକ୍ଷା ଗ୍ରାହକ, କର୍ମଚାରୀ ଓ ପରିଚାଳକ ସମେତ ସମସ୍ତଙ୍କର ସ୍ୱାସ୍ଥ୍ୟ ତଥା ସ୍ୱାସ୍ଥ୍ୟକର ପରିବେଶ ଉପରେ ମୁଖ୍ୟତଃ ଧ୍ୟାନ ଦେଇଥାଏ |"
"In India, solvent extraction-based facility has been deployed at Waste Immobilisation Plant, BARC, Trombay, where three cycle based solvent extraction process has been established. In the first cycle, residual uranium and plutonium are recovered from HLLW. While cesium recovery is aimed in the second cycle, Strontium-Actinide-Lanthanide combined separation is achieved in the third cycle from HLLW.","ଯଦିଓ ଦ୍ଵିତୀୟ ଚକ୍ରରେ ସିଜିଅମ୍ ପୁନଃପ୍ରାପ୍ତି ହେବାର ଲକ୍ଷ୍ୟ କରାଯାଇଥାଏ, ଏଚ୍.ଏଲ.ଏଲ.ଡବ୍ଲ୍ୟୁ. ରୁ ସ୍ଟ୍ରୋଣ୍ଟିଅମ୍-ଆକ୍‌ଟିନାଇଡ୍-ଲାଂଥାନାଇଡ୍‌ର ସଂଯୁକ୍ତ ପୃଥକୀକରଣ ତୃତୀୟ ଚକ୍ରରେ ହାସଲ ହୋଇଥାଏ।"
"Non availability of adequate number of cloud free optical satellite datasets is a major constraint for using optical remote sensing data for agricultural applications during monsoon season. In light of this, all weather capability of RADAR, an active sensor, is an attractive option to rely upon. Microwave remote sensing techniques have all weather capability as atmosphere is transparent to microwaves at lower frequencies, penetrate clouds and are suitable for day/night operations owing to the independence of microwave sensors on Suns illumination.","ମାଇକ୍ରୋୱେଭ୍‌ ରିମୋଟ୍ ସେନ୍ସିଂ କୌଶଳଗୁଡ଼ିକର ସମସ୍ତ ପାଣିପାଗ ନିମନ୍ତେ ଉଦ୍ଦିଷ୍ଟ ଦକ୍ଷତା ରହିଛି କାରଣ ନିମ୍ନତର ଆବୃତ୍ତିରେ ମାଇକ୍ରୋୱେଭ୍‌ଗୁଡ଼ିକ ନିମନ୍ତେ ବାୟୁମଣ୍ଡଳ ସୁଭେଦ୍ୟ ଅଟେ, ସେଗୁଡ଼ିକ ବାଦଲମଧ୍ୟକୁ ପ୍ରବେଶ କରିପାରେ, ଏବଂ ମାଇକ୍ରୋୱେଭ୍‌ ସେନ୍ସରଗୁଡ଼ିକର ସୂର୍ଯ୍ୟାଲୋକ ଉପରେ ଅଣ-ନିର୍ଭରଶୀଳତା ହେତୁ ଦିନ ଓ ରାତିର ସଞ୍ଚାଳନ ନିମନ୍ତେ ସେଗୁଡ଼ିକ ଉପଯୁକ୍ତ ହୋଇଥାଏ ।"
"Nuclear reactors facilitate nuclear fission to produce energy. Uranium, either in natural or enriched form, is commonly used as fuel in nuclear power plants for nuclear fission. When neutron bombards on it, uranium-235 (fissile isotope of natural uranium) split into two lighter atoms, called fission products and generates large amount of energy.","ୟୁରାନିଅମ୍, ଉଭୟ ପ୍ରାକୃତିକ ଓ ସମୃଦ୍ଧ ରୂପରେ, ଆଣବିକ ଶକ୍ତି ଉତ୍ପାଦନ କେନ୍ଦ୍ରରେ ଆଣବିକ ବିଘଟନ ନିମନ୍ତେ ପ୍ରାୟତଃ ଇନ୍ଧନ ଭାବେ ବ୍ୟବହୃତ ହୋଇଥାଏ।"
"Oil quality has been improved with enhanced level of oleic acid in groundnut. Besides, earliness has been induced in soybean. These improved cultivars provide better yield under stress conditions, and also possess higher nutritional value.","ଏହା ଛଡ଼ା, ଶୀଘ୍ରତାକୁ ସୋୟାବିନ୍‌ରେ ପ୍ରୟୋଗ କରାସରିଛି।"
"Racking Back method is useful when full length of the wall cannot be built at one time. In this method, the full length of the wall is constructed in parts and each successive portion is racked back. Racking back is done to reduce the possibility of any settlement of cement plaster in freshly laid portion of the wall.","ଯେତେବେଳେ ସମ୍ପୂର୍ଣ୍ଣ-ଦୈର୍ଘ୍ୟର କାନ୍ଥଟି ଏକା ଥରକେ ନିର୍ମାଣ ହୋଇପାରେ ନାହିଁ, ରାକିଂ ବ୍ୟାକ୍ ପଦ୍ଧତି କାମରେ ଲାଗିଥାଏ |"
"Realization of higher agricultural production has been associated with higher chemical footprints in the environment. Unbalanced use of fertilizers in agriculture in certain crops /regions is leading to land degradation, water & air pollution, unhealthy ecosystem and unsafe food posing risks to human health. This has brought focused attention of all concerned towards chemical-free farming, including organic farming, and techniques that recover, revitalize, and restore the soil and the environment.","ଏହା ସମସ୍ତଙ୍କର କେନ୍ଦ୍ରିତ ଧ୍ୟାନକୁ ରାସାୟନିକପଦାର୍ଥ-ମୁକ୍ତ କୃଷି ପ୍ରତି ଉଦ୍ୱିଗ୍ନ କରାଇଥିଲା, ଯେଉଁଥିରେକି ଜୈବିକ କୃଷି, ଏବଂ ମୃତ୍ତିକା ଓ ପରିବେଶର ପୁନରୁଦ୍ଧାର, ପୁନରୁଜ୍ଜୀବନ ତଥା ପୁନଃସ୍ଥାପନ କରିବାର କୌଶଳଗୁଡ଼ିକ ଅନ୍ତର୍ଭୁକ୍ତ ଥିଲା ।"
"Rose is a day neutral plant for flower initiation, and duration of light does not affect flowering. However, though for vegetative growth, it is a sun-loving plant, as during winter it requires bright sunshine at least for six hours daily and free ventilation. Temperature requirement is 24o27oC during the daytime and 15o17oC during night hours, that is optimum being 15o27oC with 75 per cent relative humidity.","ଦିନରେ ତାପମାତ୍ରା ଆବଶ୍ୟକତା ୨୪°–୨୭° ସେଲ୍‌ସିୟସ୍ ଥିବା ବେଳେ, ରାତିରେ ୧୫°–୧୭° ସେଲ୍‌ସିୟସ୍ ରହିଥାଏ, ଯେବେକି ଅନୁକୂଳ ତାପମାତ୍ରା ୭୫ ପ୍ରତିଶତ ଆପେକ୍ଷିକ ଆର୍ଦ୍ରତା ସହିତ ୧୫° –୨୭° ସେଲ୍‌ସିୟସ୍ ରହିବା କଥା |"
"Small businesses were given a helping hand onto the World stage at expo 2020 Dubai. A series of events at the UN pavilion in the opportunity district unlocked the potential for growth and possible solutions for tackling problems. Various events are being organised by the International Trade centre, who highlight the needs of small businesses and entrepreneurs and and provide support for them as they grow like Digital Trade: Opportunities for youth in the MENA region, small businesses for the SDGs-Photo exhibition, young entrepreneurs in sport and Investing in Women.","ଅନ୍ତର୍ଜାତୀୟ ବାଣିଜ୍ୟ କେନ୍ଦ୍ର ଦ୍ଵାରା ବିଭିନ୍ନ କାର୍ଯ୍ୟକ୍ରମ ଆୟୋଜିତ ହେଉଛି, ଯାହାକି କ୍ଷୁଦ୍ର ବ୍ୟବସାୟ ଏବଂ ଉଦ୍ୟୋଗୀମାନଙ୍କ ଆବଶ୍ୟକତାଗୁଡ଼ିକ ଉପରେ ଗୁରୁତ୍ଵାରୋପ କରୁଛି ଏବଂ ସେମାନେ ଡିଜିଟାଲ ବାଣିଜ୍ୟ ଭଳି ପ୍ରଗତି କରୁଥିବା ସମୟରେ ସେମାନଙ୍କ ପାଇଁ ସହାୟତା ପ୍ରଦାନ କରେ: 'ମେନା' ଅଞ୍ଚଳରେ ଯୁବପିଢ଼ୀଙ୍କ ପାଇଁ ସୁଯୋଗ, 'ଏସ୍‌.ଡି.ଜି.'-ଫଟୋ ପ୍ରଦର୍ଶନୀ ନିମନ୍ତେ କ୍ଷୁଦ୍ର ବ୍ୟବସାୟମାନ, କ୍ରୀଡ଼ା କ୍ଷେତ୍ରରେ ଥିବା ଯୁବ ଉଦ୍ୟୋଗୀ ଏବଂ ମହିଳା ମାନଙ୍କ ପାଇଁ ଅର୍ଥ ବିନିଯୋଗ କରିବା ।"
"Solvent extraction-based processes are the most promising for the large-scale separation of 131 Cs from highly radioactive acidic solutions. Technologies for large scale applications of the process are also well established. In this process, an organic stream containing solvent, traces of selective extractant and the aqueous waste are kept in intimate contact by employing strong agitation.","ଏହି ପ୍ରକ୍ରିୟାରେ, ଏକ ଜୈବ ଧାରା ଯେଉଁଥିରେ ଦ୍ରାବକ ଓ କିଛି ନିର୍ଦ୍ଦିଷ୍ଟ ପରିସ୍ରବଣ-ଲବ୍ଧ ପଦାର୍ଥ ଥାଏ, ଏବଂ ଜଳୀୟ ବର୍ଯ୍ୟକୁ, ଦୃଢ଼ ମନ୍ଥନ ଦ୍ୱାରା, ପରସ୍ପରର ଅତି ନିକଟରେ ରଖାଯାଇଥାଏ।"
"Special glass matrix has been developed and deployed for making cesium glass with activity up to 5 Ci/g. The bulk cesium rich glass is drained into a dispenser, which is a smaller capacity pot for cesium re-melting furnace. Cesium glass containing dispenser is assembled remotely to dedicated re-melting furnace for making Cs glass pencils with precise control of Cesium glass in each pencil.",ସିଜିୟମ୍‌ କାଚ ଥିବା ଡିସ୍‌ପେନ୍‌ସର୍‌ଟି ପ୍ରତ୍ୟେକ ପେନ୍‌ସିଲ୍‌ରେ ସିଜିୟମ୍‌ କାଚର ସଠିକ ନିୟନ୍ତ୍ରଣ ଥିବା ସିଜିୟମ୍‌ ଗ୍ଳାସ୍‌ ପେନ୍‌ସିଲ୍‌ ପ୍ରସ୍ତୁତ କରିବା ପାଇଁ ଉପଯୁକ୍ତ ପୁନଃବିଗଳନକାରୀ ଫର୍ଣ୍ଣେସ୍ ସହିତ ଦୂର-ନିୟନ୍ତ୍ରିତ ଭାବରେ ସଂଯୁକ୍ତ ହୋଇଥାଏ ।
"Substantial increase in crop production is possible by bringing additional land under cultivation (horizontal approach) and improved crop management (vertical approach) technologies such as use of high yielding input responsive, energy intensive and stress tolerant varieties, increased irrigation and integrated crop nutrition and protection. In addition, reliable and timely estimates and seasonal crop acreage and production estimates are important for formulation of marketing strategies such as export/import, price fixation, public distribution. Conventional techniques to provide this information are highly tedious, time consuming, more often subjective, whereas satellite remote sensing has the requisite potential to provide this information on a regular, synoptic, temporal, timely and in a more objective manner.","ଅଧିକନ୍ତୁ, ଭରସାଯୋଗ୍ୟ ଏବଂ ସମୟୋଚିତ ଆକଳନ ତଥା ଋତୁକାଳୀନ ଫସଲ ହେଉଥିବା ଜମିର ପରିମାଣ ଏବଂ ଉତ୍ପାଦନ ଆକଳନଗୁଡ଼ିକ ରପ୍ତାନି/ଆମଦାନୀ, ମୂଲ୍ୟ ନିର୍ଦ୍ଧାରଣ, ଏବଂ ସାର୍ବଜନୀନ ବିତରଣ ଭଳି ବିପଣନ ଯୋଜନାଗୁଡ଼ିକର ପ୍ରସ୍ତୁତି ନିମନ୍ତେ ଗୁରୁତ୍ୱପୂର୍ଣ୍ଣ ଅଟେ ।"
"Substantial increase in crop production is possible by bringing additional land under cultivation (horizontal approach) and improved crop management (vertical approach) technologies such as use of high yielding input responsive, energy intensive and stress-tolerant varieties, increased irrigation and integrated crop nutrition and protection. In addition, reliable and timely estimates and seasonal crop acreage and production estimates are important for formulation of marketing strategies such as export/import, price fixation, public distribution. Conventional techniques to provide this information are highly tedious, time consuming, more often subjective, whereas satellite remote sensing has the requisite potential to provide this information on a regular, synoptic, temporal, timely and in a more objective manner.","ଶସ୍ୟ ଉତ୍ପାଦନରେ ଏକ ବୃହଦାକାର ଅଭିବୃଦ୍ଧି ଚାଷକାର୍ଯ୍ୟ ନିମନ୍ତେ ଅତିରିକ୍ତ ଜମି ଆଣିବା (ଭୂ-ସମାନ୍ତରାଳ ପଦ୍ଧତି) ଏବଂ ଉନ୍ନତ ଶସ୍ୟ ପରିଚାଳନା (ଭୂ-ଲମ୍ବ ପଦ୍ଧତି) କୌଶଳଗୁଡ଼ିକ ଯଥା ଉତ୍କୃଷ୍ଟ ଉତ୍ପାଦନକ୍ଷମ ନିବେଶ ପ୍ରତି ଅନୁକୂଳ, ଶକ୍ତି-କୈନ୍ଦ୍ରିକ ଓ ଚାପ-ସହିଷ୍ଣୁ ପ୍ରକାରଗୁଡ଼ିକ, ବର୍ଦ୍ଧିତ ଜଳସେଚନ, ଏବଂ ପୂର୍ଣ୍ଣାଙ୍ଗ ଶସ୍ୟ ପୋଷଣ ତଥା ସୁରକ୍ଷା ପ୍ରଦାନ ଦ୍ଵାରା ସମ୍ଭବ ।"
The gearshift lever is mounted on the center console between the two front seats. The gearshift pattern is as shown on the gear lever knob. Application of Gear shifting should always be done with clutch pedal pressed.,ଦୁଇଟା ଆଗ ସିଟ୍ ମଧ୍ୟରେ ଥିବା କନ୍‌ସୋଲ୍‌ ଉପରେ ଗିଅର୍ ଚାଳନା ଭାରଦଣ୍ଡକୁ ରଖାଯାଇଥାଏ।
"The playing field, the resources and the gameso much has changed with digital technology. But it would be inaccurate to attribute this change merely to technology. Sweeping economic changes, the onset of satellite television, increased access to more western sounds and production techniques, greater formal distribution and exhibition of Hindi cinema around the worldall these come into play significantly.",କିନ୍ତୁ ଏହି ପରିବର୍ତ୍ତନ ପାଇଁ କେବଳ ଟେକ୍‌ନୋଲୋଜିକୁ ଦାୟୀ କରିବା ଭୁଲ୍‌ ହେବ।
"The quality of AYUSH services was assessed based on a set of parameters covering infrastructure, human resources, supplies, record-keeping and other inputs. While the quality varied across states, in almost all, the quality of infrastructure, presence of human resources, supply of medicines, and records were found to be unsatisfactory. Combining indicators for all these parameters a qualitative grade was composed for the quality of facilities in each state.","ଏହି ସମସ୍ତ ମାନଦଣ୍ଡଗୁଡ଼ିକ ପାଇଁ ସୂଚକମାନ ଏକତ୍ରିତ କରି, ପ୍ରତ୍ୟେକ ରାଜ୍ୟରେ ସୁବିଧାସୁଯୋଗର ଗୁଣବତ୍ତା ଅନୁଯାୟୀ ଏକ ଗୁଣବତ୍ତା ଆଧାରିତ ଶ୍ରେଣୀ ବିଭାଗ ତିଆରି କରାଯାଇଥିଲା।"
"The simple calipers can be used in these situations. For measuring, the object is held between the ends, the object removed and the ends are placed on steel scale to determine the distance. These calipers can be used to calculate the length, outside, and inside diameters.","ଏହି କାଲିପର୍‌‌ଗୁଡ଼ିକ ଦୈର୍ଘ୍ୟ, ବାହାର, ଓ ଭିତରର ବ୍ୟାସ ହିସାବ କରିବା ପାଇଁ ବ୍ୟବହାର କରାଯାଇପାରିବ।"
"Their nominal size is considered as 201010cm. Generally,the first and second class bricks are used for brick work. Bricks should be tested for hardness and durability before they are used in masonry.",ଇଟାସବୁକୁ ଯୋଡ଼ାଇ କାମରେ ବ୍ୟବହାର କରିବା ପୂର୍ବରୁ ଏହାର କଠିନତା ଓ ସ୍ଥାୟୀତ୍ୱକୁ ପରୀକ୍ଷା କରାଯିବା ଉଚିତ।
There are also upside risks to food prices. Cereal price pressure is spreading from wheat to rice due to the likely lower kharif paddy production. The lower sowing for kharif pulses could also cause some pressures.,ସମ୍ଭବତଃ ଖରିଫ୍ ଧାନ ଉତ୍ପାଦନ ହ୍ରାସ ପାଇଥିବା କାରଣରୁ ଶସ୍ୟ ଦରର ଚାପ ଗହମରୁ ଚାଉଳ ଆଡକୁ ମୁହାଁଉଛି।
"There is re-emergence of the integrative approach to facilitate affordable, safe and equitable health to all. Due to the active initiatives taken up by the Government of India and other stake holders the reach of Ayurveda has expanded along with wide spread consumer acceptance. The efforts to co-locate Ayurveda centers along with bio-medical facilities across India through programs like National Rural Health Mission (NRHM are limited to the extent of only physical proximity between biomedicine and Ayurveda and far away from the possibility of functional integration granulated to the level of clinical service delivery together.",ଭାରତ ସରକାର ଏବଂ ଅନ୍ୟାନ୍ୟ ସମ୍ପୃକ୍ତ ପକ୍ଷମାନଙ୍କ ସକ୍ରିୟ ଉତ୍ୟମ କାରଣରୁ ବ୍ୟାପକ ଉପଭୋକ୍ତା ସ୍ୱୀକୃତି ସହିତ ଆୟୁର୍ବେଦର ପ୍ରସାର ବିସ୍ତାରିତ ହୋଇପାରିଛି।
"Towards utilization of a radioisotope, first and foremost, it must be separated from HLLW in a radio-chemically pure form. The extent of purity, though application specific, should be in conformity with stringent regulatory limits. Further, excluding the therapeutic applications, the radioisotope is to be converted to a non-leachable form, so that no inadvertent release of radioactivity occurs during its use.","ପୁନଶ୍ଚ, ଚିକିତ୍ସାତ୍ମକ ପ୍ରୟୋଗଗୁଡ଼ିକୁ ବାଦ୍‌ ଦେଇ, ରେଡ଼ିଓଆଇସୋଟପ୍‌କୁ ଏକ ଅଣ-ନିକ୍ଷାଳନୀୟ ରୂପକୁ ରୂପାନ୍ତରିତ କରାଯିବାର ଥାଏ ଯାହା ଫଳରେକି ଏହାର ବ୍ୟବହାର ସମୟରେ କୌଣସି ଅନିଚ୍ଛାକୃତ ବିକିରଣଜନିତ ନିର୍ଗମନ ଘଟିବ ନାହିଁ ।"
"Towards utilization of a radioisotope, first and foremost, it must be separated from HLLW in a radio-chemically pure form. The extent of purity, though application specific, should be in conformity with stringent regulatory limits. Further, excluding the therapeutic applications, the radioisotope is to be converted to a non-leachable form, so that no inadvertent release of radioactivity occurs during its use.","ଏକ ରେଡ଼ିଓଆଇସୋଟୋପ୍‌‌କୁ କାର୍ଯ୍ୟରେ ଲଗାଇବା ଦିଗରେ ସର୍ବପ୍ରଥମ କାମ ହେଉଛି, ତାକୁ ଏକ ରେଡ଼ିଓ-ରାସାୟନିକ ବିଶୁଦ୍ଧ ରୂପରେ ଏଚ୍.ଏଲ୍‌.ଏଲ୍‌.ଡବ୍ଲ୍ୟୁ. ଠାରୁ ଅଲଗା କରିବା।"
"While granting customer credit, the sales associate has to follow certain steps, which include creation of credit policy, obtaining credit application, checking customer references, getting a personal guarantee, run a credit check, setting limits of credit and payment terms. The credit requisition contains information on the desired products, details of possible vendors, delivery instructions, accounting details, contact information, etc. The sales associate has to follow the criteria in processing credit sale application.","ଏହି ଋଣ ଆବେଦନରେ ଚାହୁଁଥିବା ସାମଗ୍ରୀ, ସମ୍ଭାବ୍ୟ ବିକ୍ରେତାମାନଙ୍କ ବିଷୟରେ ବିଶଦ ବିବରଣୀ, ବିତରଣ ଅନୁଦେଶ, ଆୟବ୍ୟୟ ହିସାବ, ଯୋଗାଯୋଗ ସୂଚନା ଇତ୍ୟାଦି ବାବଦରେ ସୂଚନା ରହିଥାଏ।"
"With the advancement in Information and Communication Technology (ICT), electronic retailing or e-retailing has become a reality. It is the sale of goods and services through the Internet. E-retailing can include business-to-business (B2B) and business- to-consumer (B2C) sales of products and services through subscriptions to website content, or through advertising, and selling products through TV channels for which payments can be made online through credit or debit cards.",ଏହା ହେଉଛି ଇଣ୍ଟରନେଟ୍ ମାଧ୍ୟମରେ ସାମଗ୍ରୀ ଏବଂ ସେବାର ବିକ୍ରୟ।
"Accordingly, the report lodged was sent to the officials in Gujarat. So far as respondent No.6 is concerned sanction in terms of Section 196 of the Code was prayed for alleging that there was complete inaction and, therefore, the writ petition has been filed. It was pointed out by learned counsel for the petitioners that since undisputedly, the commission of cognizable offence is disclosed even on a bare reading of the FIR lodged, the authorities were not justified in not registering the FIR.","ସେହି ଅନୁଯାୟୀ, ଦାଏର ହୋଇଥିବା ଅଭିଯୋଗଟିକୁ ଗୁଜରାଟର ଅଧିକାରୀମାନଙ୍କ ପାଖକୁ ପଠାଯାଇଥିଲା ।"
"Although efforts have been made since long to ensure that marriages take place at proper age, the problem of early marriage and even child marriage is still continuing in many communities in India. The Child Marriage Restraint Act, 1978 stipulates legal age of marriage as 18 for girls and 21 for boys, but social customs encourage early marriage even now. You may have heard the word kanyadan.","୧୯୭୮ ମସିହାର ବାଲ୍ୟ ବିବାହ ନିରୋଧ ଅଧିନିୟମ, ବିବାହର ଆଇନଗତ ବୟସ ଝିଅମାନଙ୍କ ପାଇଁ ୧୮ ଏବଂ ପୁଅମାନଙ୍କ ପାଇଁ ୨୧ ବୋଲି ଧାର୍ଯ୍ୟ କରିଛି, ମାତ୍ର ଏବେ ମଧ୍ୟ ସାମାଜିକ ପରମ୍ପରାଗୁଡ଼ିକ ନିର୍ଦ୍ଧାରିତ ସମୟ ପୂର୍ବରୁ ବିବାହକୁ ପ୍ରୋତ୍ସାହିତ କରୁଛି ।"
"DoT or the TRAI may exercise regulatory or police powers imposing a penalty or strict civil liability for violation of any of the terms and conditions of the license when public interest so requires. However, BSNL does not have any statutory, regulatory or police powers to impose strict civil liability. That, strict civil liability has been recognized and upheld where it is imposed by the State exercising legislative power in respect of violation of tax liabilities.","ମାତ୍ର, ବିଧିବଦ୍ଧ ସିଭିଲ୍‌ ଦେୟତା ସାବ୍ୟସ୍ତ କରିବା ପାଇଁ ବି.ଏସ୍‌.ଏନ୍‌.ଏଲ୍‌. ପାଖରେ କୌଣସି ବୈଧାନିକ, ନିୟାମକ କିମ୍ବା ପୋଲିସ୍‌ କ୍ଷମତା ନାହିଁ ।"
"For the aforesaid reasons, we are of the considered opinion that the Tribunal did not commit any error in coming to the conclusion that M/s. Kwality Ice Cream and BBLIL are not related persons. The transaction between them is of the nature of principal to principal and the price was the sole consideration for the sale of goods.","ଉପରୋକ୍ତ କାରଣଗୁଡ଼ିକ ପାଇଁ, ଆମର ବିଚାରିତ ମତ ହେଉଛି, ମେସର୍ସ୍ କ୍ଵାଲିଟି ଆଇସ୍‌ କ୍ରିମ୍‌ ଏବଂ ବି.ବି.ଏଲ୍‌.ଆଇ.ଏଲ୍‌. ସମ୍ବନ୍ଧିତ ସତ୍ତା ନୁହନ୍ତି ବୋଲି ସିଦ୍ଧାନ୍ତରେ ଉପନୀତ ହୋଇ ଟ୍ରିବ୍ୟୁନାଲ୍‌ କୌଣସି ଭୁଲ୍ କରିନଥିଲେ ।"
"For the aforesaid reasons, we are of the considered opinion that the Tribunal did not commit any error in coming to the conclusion that M/s. Kwality Ice Cream and BBLIL are not related persons. The transaction between them is of the nature of principal to principal and the price was the sole consideration for the sale of goods.",ସେମାନଙ୍କ ମଧ୍ୟରେ ଦେଣନେଣ ମୂଳଧନରୁ ମୂଳଧନ ସ୍ଵଭାବର ଅଟେ ଏବଂ ଦ୍ରବ୍ୟଗୁଡ଼ିକ ବିକ୍ରି ହେବାର ଏକମାତ୍ର ବିଚାରଣୀୟ ବିଷୟ ଥିଲା ମୂଲ୍ୟ।
"However, subsequently, petitioner No.2 and Shri Y. Jaganmohan Reddy filed petitions before the High Court of Andhra Pradesh for transfer of investigation to the CBI. It is submitted that thereafter the elections to the State Assembly were held on 11.04.2019 and Shri Y. Jaganmohan Reddy became the Chief Minister and took oath on 30.05.2019. Thereafter, the SIT was re-constituted twice, but there was no progress in the investigation and therefore petitioner No.1 was constrained to approach the High Court to transfer the investigation to the CBI.","ପ୍ରକାଶ ଥାଉ କି, ତା'ପରେ ରାଜ୍ୟ ବିଧାନସଭା ନିର୍ବାଚନ ତା୧୧.୦୪.୨୦୧୯ରିଖ ଦିନ ହୋଇଥିଲା ଏବଂ ଶ୍ରୀ ୱାଇ. ଜଗନମୋହନ ରେଡ୍ଡି ମୁଖ୍ୟମନ୍ତ୍ରୀ ହୋଇଥିଲେ ତଥା ତା୩୦.୦୫.୨୦୧୯ରିଖ ଦିନ ଶପଥ ଗ୍ରହଣ କରିଥିଲେ ।"
"In Ramesh Kumaris case (supra) the basic issue did not relate to the methodology to be adopted which was expressly dealt with in All India Institute of Medical Sciencess case (supra), Gangadhars case (supra), Minu Kumaris case (supra) and Hari Singhs case (supra). The view expressed in Ramesh Kumaris case (supra) was reiterated in Lallan Chaudhary and Ors. V. State of Bihar (AIR 2006 SC 3376).",ରମେଶ କୁମାରୀଙ୍କ ମାମଲା (ଉପର୍ଯ୍ୟୁକ୍ତ) ଟିରେ ପ୍ରକାଶିତ ମତଟିର ଲଲ୍ଲନ୍ ଚୌଧୁରୀ ଏବଂ ଅନ୍ୟମାନେ ବନାମ ବିହାର ରାଜ୍ୟ (ଏ.ଆଇ.ଆର୍‌. ୨୦୦୬ ଏସ୍‌.ସି. ୩୩୭୬) କ୍ଷେତ୍ରରେ ପୁନରାବୃତ୍ତି ଘଟିଥିଲା ।
"In September, 2004, BSNL received several complaints from its subscribers in Gujarat that they were receiving ILD calls with local CLI Numbers. On the basis of these reports, BSNL made its own enquiries by calling the local CLI number, i.e., 0281-3041000. This was on 5th October, 2004, 6th October, 2004 and 7th October, 2004.","ଏହି ଅଭିଯୋଗଗୁଡ଼ିକର ଆଧାରରେ, ବି.ଏସ୍‌.ଏନ୍‌.ଏଲ୍‌., ସ୍ଥାନୀୟ ସି.ଏଲ୍‌.ଆଇ. ନମ୍ବର, ଅର୍ଥାତ୍‌ ୦୨୮୧-୩୦୪୧୦୦୦ ରେ ଫୋନ୍‌ କରି ଏହାର ନିଜର ଅନୁସନ୍ଧାନ କରିଥିଲା ।"
"In the present case, the Mumbai Police has attempted to stretch the purview of Section 174 without drawing up any FIR and therefore, as it appears, no investigation pursuant to commission of a cognizable offence is being carried out by the Mumbai police. They are yet to register a FIR. Nor they have made a suitable determination, in terms of Section 175(2) CrPC.",ସେମାନେ ଏପର୍ଯ୍ୟନ୍ତ କୌଣସି ଏଫ୍‌.ଆଇ.ଆର୍‌. ପଞ୍ଜିକୃତ କରିନାହାନ୍ତି ।
"Insofar as the definition of occupier in Section 2(e) of the 1971 Act is concerned, it must be immediately stated that the said definition is not exhaustive but inclusive. Clauses (i) to (iv) of Section 2(e) definitely do not embrace within itself a trespasser but Clause (v) that reads, `occupier includes any person who is liable to pay to the owner damages for the use and occupation of any land or building would surely take within its fold and sweep a trespasser since such person is not only liable for damages for an act of trespass but also liable to pay to the owner damages for the use and occupation of any land or building trespassed by him. It is immaterial whether damages for the use and occupation are in fact claimed or not by the owner in an action against the trespasser.",ମାଲିକଜଣକଙ୍କ ଦ୍ଵାରା ଅନୁପ୍ରବେଶକାରୀଜଣକଙ୍କ ବିରୁଦ୍ଧରେ ଗ୍ରହଣ କରାଯାଉଥିବା କାର୍ଯ୍ୟାନୁଷ୍ଠାନରେ ବ୍ୟବହାର ଏବଂ ଭୋଗଦଖଲ ହେତୁ ହୋଇଥିବା କ୍ଷୟକ୍ଷତି ନିମନ୍ତେ ବାସ୍ତବରେ ଦାବି କରାଯିବ କି ନାହିଁ ତାହା ନିରର୍ଥକ ଅଟେ ।
"It has entered into agreement with BBLIL for a period ending on March 21, 1997. Later an agreement was entered into with M/s. HLL with effect from March 22, 1997.",ଏହା ୧୯୯୭ ମସିହା ମାର୍ଚ୍ଚ ୨୧ ରେ ସମାପ୍ତ ହେଉଥିବା ସମୟାବଧି ପାଇଁ ବି.ବି.ଏଲ୍‌.ଆଇ.ଏଲ୍‌. ସହିତ ଏକ ଚୁକ୍ତି ସ୍ଵାକ୍ଷର କରିଛି ।
"It has entered into agreement with BBLIL for a period ending on March 21, 1997. Later an agreement was entered into with M/s. HLL with effect from March 22, 1997.","ପରବର୍ତ୍ତୀ ସମୟରେ, ମେସର୍ସ ଏଚ୍‌.ଏଲ୍‌.ଏଲ୍‌. ସହିତ ଏକ ଚୁକ୍ତି ସ୍ଵାକ୍ଷରିତ ହୋଇଥିଲା ଯାହାକି ୧୯୯୭ ମସିହା ମାର୍ଚ୍ଚ ୨୨ ତାରିଖରୁ କାର୍ଯ୍ୟକାରୀ ହୋଇଥିଲା ।"
"It is contended that the partisan approach of the authorities in the State of Gujarat is writ large, which is evident from a bare reading of the counter affidavit filed. The role which is to be played by the investigating agency and finally the court has been assumed by the authorities who were not competent to deal with the matter. It is pointed out that in Ramesh Kumari v.","ଏହା ଦାବି କରାଯାଉଛି ଯେ ଗୁଜରାଟ ରାଜ୍ୟ କର୍ତ୍ତୃପକ୍ଷଙ୍କର ପକ୍ଷପାତୀ ଦୃଷ୍ଟିକୋଣଟି ପୂରା ସ୍ପଷ୍ଟ, ଯାହାକି ଦାଖଲ କରାଯାଇଥିବା ପ୍ରତି-ସତ୍ୟପାଠଟିର ଏକ ସାଧାରଣ ପଠନରୁ ସୁସ୍ପଷ୍ଟ ।"
"It is used when an author wants to give people the right to share, use and build upon a work that they have created. GPL is primarily designed for providing public licence to a software. GNU GPL is another free software license, which provides end users the freedom to run, study, share and modify the software, besides getting regular updates.",ଜି.ପି.ଏଲ୍‌. ପ୍ରଧାନତଃ କୌଣସି ଏକ ସଫ୍ଟୱେର୍‌କୁ ସାର୍ବଜନୀନ ଲାଇସେନ୍ସ୍‌ ପ୍ରଦାନ କରିବା ପାଇଁ ପ୍ରସ୍ତୁତ କରାଯାଇଛି ।
"M/s. Kwality Ice Cream (respondent-assessee) is engaged in the manufacture of ice cream falling under the Schedule to the Central Excise Tariff Act, 1985 (for short the Act). It entered into an agreement for the sale of the entire production to BBLIL, which later merged with HLL, for marketing.","ସମଗ୍ର ଉତ୍ପାଦନ ବି.ବି.ଏଲ୍‌.ଆଇ.ଏଲ୍‌. କୁ ବିକ୍ରୟ ନିମନ୍ତେ, ଏହା ଏକ ଚୁକ୍ତି ସ୍ଵାକ୍ଷର କରିଥିଲା, ଯାହାକି ପରବର୍ତ୍ତୀ ସମୟରେ ବିପଣନ ପାଇଁ ଏଚ୍‌.ଏଲ୍‌.ଏଲ୍‌. ସହିତ ମିଶିଯାଇଥିଲା ।"
"M/s. Kwality Ice Cream (respondent-assessee) is engaged in the manufacture of ice cream falling under the Schedule to the Central Excise Tariff Act, 1985 (for short the Act). It entered into an agreement for the sale of the entire production to BBLIL, which later merged with HLL, for marketing.","'କ୍ଵାଲିଟି ଆଇସ୍‌ କ୍ରିମ୍‌' (ପ୍ରତିବାଦୀ-କରଦାତା) କେନ୍ଦ୍ରୀୟ ଅବକାରୀ ଟିକସ ଶୁଳ୍କ ଅଧିନିୟମ, ୧୯୮୫ (ସଂକ୍ଷେପରେ, 'ଦି ଆକ୍ଟ୍‌')ର ଅନୁସୂଚୀ ଅଧୀନରେ ଆସି ଆଇସ୍‌ କ୍ରିମ୍‌ ଉତ୍ପାଦନରେ ନିୟୋଜିତ ହୋଇଛି ।"
"Moreover the Opposition Labour Party refused to take part in the Conference. The serious gap at this session, as at the first, was the absence of the Congress, for the Congress had in the meantime launched another campaign of civil disobedience. The important question considered at this short session was the composition of the federal legislature.",ଏହି ସ୍ୱଳ୍ପ ଅବଧିର ଅଧିବେଶନଟିରେ ବିଚାରକୁ ନିଆଯାଇଥିବା ଗୁରୁତ୍ୱପୂର୍ଣ୍ଣ ପ୍ରଶ୍ନଟି ଥିଲା ସଂଘୀୟ ବ୍ୟବସ୍ଥାପକ ସଭାର ଗଠନ ।
"Moreover, learned senior counsel submitted that it is technically impossible for BSNL to trace or block a call with a tampered (masked) CLI. That, on a given day a single POI handles millions of minutes of calls which are handed over to BSNL and in such a situation it is not commercially feasible to 7 decipher which call is genuine and which call is without CLI/tampered CLI. Thus, clause 6.4.6 should be interpreted against the background knowledge referred to above and, if so read, it becomes clear that the said clause is inserted in the Agreement for commercial prudence as a thumb rule and should as such be interpreted in that manner.","ଅଧିକନ୍ତୁ, ସୁବିଜ୍ଞ ବରିଷ୍ଠ ଅଧିବକ୍ତା ଯୁକ୍ତି ରଖିଛନ୍ତି ଯେ ଏକ ଅବୈଧ (ଛଦ୍ମ) ସି.ଏଲ୍‌.ଆଇ. ଦ୍ଵାରା କୌଣସି କଲ୍‌କୁ ଟ୍ରେସ୍‌ କିମ୍ବା ବ୍ଲକ୍‌ କରିବା ବି.ଏସ୍‌.ଏନ୍‌.ଏଲ୍‌. ପକ୍ଷେ ସାଧ୍ୟତା ଦୃଷ୍ଟିରୁ ଅସମ୍ଭବ ।"
"Moreover, learned senior counsel submitted that it is technically impossible for BSNL to trace or block a call with a tampered (masked) CLI. That, on a given day a single POI handles millions of minutes of calls which are handed over to BSNL and in such a situation it is not commercially feasible to 7 decipher which call is genuine and which call is without CLI/tampered CLI. Thus, clause 6.4.6 should be interpreted against the background knowledge referred to above and, if so read, it becomes clear that the said clause is inserted in the Agreement for commercial prudence as a thumb rule and should as such be interpreted in that manner.","ଏହା ଯେ, ଏକ ନିର୍ଦ୍ଦିଷ୍ଟ ଦିନରେ, ଏକମାତ୍ର ପି.ଓ.ଆଇ., ବି.ଏସ୍‌.ଏନ୍‌.ଏଲ୍‌. କୁ ହସ୍ତାନ୍ତରିତ ହେଉଥିବା ଲକ୍ଷ ଲକ୍ଷ ମିନିଟ୍‌ର କଲ୍‌ ପରିଚାଳନା କରିଥାଏ, ଏବଂ ଏପରି ପରିସ୍ଥିତିରେ, କେଉଁ କଲ୍‌ଟି ଅସଲି, ଏବଂ କେଉଁ କଲ୍‌ଟିର ସି.ଏଲ୍‌.ଆଇ. ନାହିଁ ବା ଏକ ଅବୈଧଭାବେ ବଦଳାଯାଇଥିବା ସି.ଏଲ୍‌.ଆଇ. ରହିଛି ତାହା ନିର୍ଦ୍ଧାରଣ କରିବା ବ୍ୟାବସାୟିକ ଦୃଷ୍ଟିରୁ ସମ୍ଭବ ନୁହେଁ ।"
"On the interpretation of clause 6.4.6, learned counsel submitted that the said clause carries a heavy penalty; that the said clause is attracted in cases of tampering/wrong routing of calls attributable to some fault on the part of the operator and not otherwise, and since in the present case the actions complained are attributable to an unscrupulous subscriber and not to Reliance, clause 6.4.6 cannot be invoked. In other words, according to the learned counsel, grey market operations of telecom are a reality affecting all telecom service operators and cannot become a ground for invoking clause 6.4.6 which is a unilateral clause regardless of the fault of the private operator. Learned senior counsel further submitted that the contention of BSNL regarding strict civil liability is entirely misplaced as BSNL does not possess any statutory power to impose such liability.","ଉପ-ଧାରା ୬.୪.୬ ର ବ୍ୟାଖ୍ୟା ଉପରେ, ସୁବିଜ୍ଞ ଅଧିବକ୍ତା ଯୁକ୍ତି ରଖିଥିଲେ ଯେ ଉକ୍ତ ଧାରାଟିରେ ଏକ କଠୋର ଦଣ୍ଡ ରହିଛି; ଅପରେଟରଙ୍କ ତରଫରୁ ଘଟିଥିବା କିଛି ତ୍ରୁଟି ଜନିତ 'କଲ୍‌ ଟ୍ୟାମ୍ପରିଂ' କିମ୍ବା 'ତ୍ରୁଟିପୂର୍ଣ୍ଣ ରାଉଟିଂ' ଅଭିଯୋଗ କ୍ଷେତ୍ରରେ ଉକ୍ତ ଧାରାଟି ଲୋଡ଼ା ହୁଏ ଏବଂ ଅନ୍ୟଥା ନୁହେଁ; ଏବଂ ଯେହେତୁ ବର୍ତ୍ତମାନର ମାମଲାଟିରେ ଅଭିଯୋଗ କରାଯାଇଥିବା କାର୍ଯ୍ୟଗୁଡ଼ିକ ପାଇଁ ଜଣେ ନୀତିହୀନ ଗ୍ରାହକ ଦାୟୀ ଏବଂ ରିଲାଏନ୍‌ସ୍‌ ଦାୟୀ ନୁହେଁ, ଧାରା ୬.୪.୬ ଅଧୀନରେ ଆବେଦନ କରାଯାଇପାରିବ ନାହିଁ ।"
Ransomware can get downloaded when the users visit any malicious or unsecure websites or download software from doubtful repositories. Some ransomware are sent as email attachments in spam mails. It can also reach our system when we click on a malicious advertisement on the Internet.,କେତେକ 'ରାନ୍‌ସମ୍‌ୱେର୍‌'କୁ 'ସ୍ପାମ୍‌ ମେଲ୍‌'ଗୁଡ଼ିକରେ 'ଇମେଲ୍‌ ଆଟାଚ୍‌ମେଣ୍ଟ୍‌' ହିସାବରେ ପଠାଯାଇଥାଏ ।
"That, what BSNL can recover is either consideration for services rendered by their interconnection or compensatory damages in case of breach of any of the clauses of the said Agreement. This is because the Contract Act does not contemplate any other amount being received by one contracting party (BSNL) from the other contracting party (Reliance). That, the consideration for services rendered by interconnection is regulated by TRAI it is not open to BSNL to charge what they like.",ଏହାର କାରଣଟି ହେଲା 'ଚୁକ୍ତିନାମା ଅଧିନିୟମ' ଗୋଟିଏ ଚୁକ୍ତିକାରୀ ପକ୍ଷ (ବି.ଏସ୍‌.ଏନ୍‌.ଏଲ୍‌.) ଦ୍ଵାରା ଅନ୍ୟ ଚୁକ୍ତିକାରୀ ପକ୍ଷଟି (ରିଲାଏନ୍‌ସ୍‌) ଠାରୁ ଗ୍ରହଣ କରାଯାଇଥିବା ଅନ୍ୟ କୌଣସି ଅର୍ଥରାଶି ସମ୍ପର୍କରେ ଅନୁଧ୍ୟାନ କରେ ନାହିଁ ।
"The FIR according to the petitioner is contradictory and the Complaint fails to disclose how the alleged actions of the petitioner, led to the suicidal death of the actor. The petitioner projects that she has fully cooperated with the Mumbai Police in their inquiry but will have no objection if the investigation is conducted by the CBI. Mr. Shyam Divan the learned Senior Counsel submits that justice needs to be done in this case and powers under Article 142 of the Constitution can be invoked by the Court.","ଆବେଦନକାରୀଜଣକ ପ୍ରକାଶ କରିଛନ୍ତି ଯେ ସେ ମୁମ୍ବାଇ ପୋଲିସକୁ ତଦନ୍ତରେ ସମ୍ପୂର୍ଣ୍ଣରୂପେ ସହଯୋଗ କରିଛନ୍ତି କିନ୍ତୁ ଯଦି ତଦନ୍ତଟି ସି.ବି.ଆଇ. ଦ୍ଵାରା କରାଯାଏ, ତେବେ ତାଙ୍କର କୌଣସି ଆପତ୍ତି ରହିବ ନାହିଁ ।"
"The GNU General public license (GPL) and the Creative Commons (CC) are two popular categories of public licenses. CC is used for all kind of creative works like websites, music, film, literature, etc. CC enables the free distribution of an otherwise copyrighted work.",'ଜି.ଏନ୍‌.ୟୁ. ଜେନେରାଲ୍‌ ପବ୍ଲିକ୍‌ ଲାଇସେନ୍ସ୍‌' (ଜି.ପି.ଏଲ୍‌.) ଏବଂ 'କ୍ରିଏଟିଭ୍‌ କମନ୍ସ୍‌' (ସି.ସି.) ହେଉଛନ୍ତି ସାର୍ବଜନୀନ ଲାଇସେନ୍ସ୍‌ର ଦୁଇଟି ଲୋକପ୍ରିୟ ପ୍ରକାର ।
"The NGT has in the present case abdicated its jurisdiction and entrusted judicial functions to an administrative expert committee. An expert committee may be able to assist the NGT, for instance, by carrying out a fact-finding exercise, but the adjudication has to be by the NGT. This is not a delegable function.","ବର୍ତ୍ତମାନର ମାମଲାଟିରେ, ଏନ୍‌.ଜି.ଟି. ନିଜର ବିଚାରାଧିକାରକୁ ପରିତ୍ୟାଗ କରିଛି ତଥା ନ୍ୟାୟିକ କାର୍ଯ୍ୟ ଦାୟିତ୍ୱଗୁଡ଼ିକୁ ଏକ ପ୍ରଶାସନିକ ବିଶେଷଜ୍ଞ କମିଟି ଉପରେ ନ୍ୟସ୍ତ କରିଛି ।"
The appellant traversed the first respondents claim and set up the case in the written statement that the subject room was constructed by her in 1987 and she was holding a photopass for the said room. She denied that she was a trespasser. She set up a plea that subject room was situate in the slum area declared under the 1971 Act and the suit filed by the first respondent was not maintainable without written permission of the Competent Authority in view of the prohibition contained in Section 22(1)(a) of that Act.,"ସେ ଏକ ଆବେଦନ ଉପସ୍ଥାପନ କରିଥିଲେ ଯେ ଆଲୋଚ୍ୟ ବସାଘରଟି '୧୯୭୧ ଅଧିନିୟମ' ଅନୁଯାୟୀ ଘୋଷିତ ବସ୍ତି ଅଞ୍ଚଳଟିରେ ଅବସ୍ଥିତ ଥିଲା ଏବଂ ସେହି 'ଅଧିନିୟମ'ର ଧାରା ୨୨(୧)(କ)ରେ ଅନ୍ତର୍ଭୁକ୍ତ ନିଷେଧାଦେଶକୁ ଦୃଷ୍ଟିରେ ରଖି, କ୍ଷମତାପନ୍ନ କର୍ତ୍ତୃପକ୍ଷଙ୍କ ଲିଖିତ ଅନୁମତି ବିନା ପ୍ରଥମ ପ୍ରତିବାଦୀଙ୍କ ଦ୍ଵାରା ଦାଏର ହୋଇଥିବା ମକଦ୍ଦମାଟି ଅନୁରକ୍ଷଣୀୟ ନଥିଲା ।"
"The basic question is as to what course is to be adopted if the police does not do it. As was held in All India Institute of Medical Sciencess case (supra) and re-iterated in Gangadhars case (supra) the remedy available is as set out above by filing a complaint before the Magistrate. Though it was faintly suggested that there was conflict in the views in All India Institute of Medical Sciencess case (supra), Gangadhars case (supra), Hari Singhs case (supra), Minu Kumaris case (supra) and Ramesh Kumaris case (supra), we find that the view expressed in Ramesh Kumaris case (supra) related to the action required to be taken by the police when any cognizable offence is brought to its notice.","ଯେପରି 'ଅଖିଳ ଭାରତୀୟ ଆୟୁର୍ବିଜ୍ଞାନ ପ୍ରତିଷ୍ଠାନ' ମାମଲାରେ ନିଷ୍ପତ୍ତି ହୋଇଥିଲା ଏବଂ ଗଙ୍ଗାଧରଙ୍କ ମାମଲାରେ ପୁନରାବର୍ତ୍ତିତ ହୋଇଥିଲା, ଉପଲବ୍ଧ ଥିବା ପ୍ରତିକାରଟି ହେଉଛି ଉପରେ ଦର୍ଶାଯାଇଥିବା ଭଳି ମାଜିଷ୍ଟ୍ରେଟ୍‌ଙ୍କ ନିକଟରେ ଏକ ଅଭିଯୋଗ ଦାଖଲ କରିବା ।"
"The basic question is as to what course is to be adopted if the police does not do it. As was held in All India Institute of Medical Sciencess case (supra) and re-iterated in Gangadhars case (supra) the remedy available is as set out above by filing a complaint before the Magistrate. Though it was faintly suggested that there was conflict in the views in All India Institute of Medical Sciencess case (supra), Gangadhars case (supra), Hari Singhs case (supra), Minu Kumaris case (supra) and Ramesh Kumaris case (supra), we find that the view expressed in Ramesh Kumaris case (supra) related to the action required to be taken by the police when any cognizable offence is brought to its notice.","ଯଦିଓ 'ଅଖିଳ ଭାରତୀୟ ଆୟୁର୍ବିଜ୍ଞାନ ପ୍ରତିଷ୍ଠାନ' ମାମଲା, ଗଙ୍ଗାଧରଙ୍କ ମାମଲା, ହରି ସିଂହଙ୍କ ମାମଲା, ମୀନୁ କୁମାରୀଙ୍କ ମାମଲା ଏବଂ ରମେଶ କୁମାରୀଙ୍କ ମାମଲାରେ ମତାମତରେ ବିରୋଧାଭାସ ଥିଲା ବୋଲି କ୍ଷୀଣ ସଙ୍କେତ ମିଳିଥିଲା, ରମେଶ କୁମାରୀଙ୍କ ମାମଲାରେ ପ୍ରକାଶିତ ମତ, କୌଣସି ଧର୍ତ୍ତବ୍ୟ ଅପରାଧ ପୋଲିସ୍‌ର ଦୃଷ୍ଟିକୁ ଅଣାଗଲେ, ତା'ଦ୍ଵାରା ନିଆଯିବାକୁ ଆବଶ୍ୟକ ଥିବା କାର୍ଯ୍ୟାନୁଷ୍ଠାନ ସହିତ ସମ୍ପର୍କିତ ଥିଲା ।"
"The course available, when the police does not carry out the statutory requirements under Section 154 was directly in issue in All India Institute of Medical Sciencess case (supra), Gangadhars case (supra), Hari Singhs case (supra) and Minu Kumaris case (supra). The correct position in law, therefore, is that the police officials ought to register the FIR whenever facts brought to its notice show that cognizable offence has been made out. In case the police officials fail to do so, the modalities to be adopted are as set out in Sections 190 read with Section 200 of the Code.","ପୋଲିସ୍‌ ଧାରା ୧୫୪ ଅନ୍ତର୍ଗତ ବିଧିସମ୍ମତ ଆବଶ୍ୟକତାଗୁଡ଼ିକୁ କାର୍ଯ୍ୟକାରୀ ନକରିବା ସମୟରେ, ଉପଲବ୍ଧ ଥିବା ଉପାୟଟି ସିଧାସଳଖ 'ଅଖିଳ ଭାରତୀୟ ଆୟୁର୍ବିଜ୍ଞାନ ପ୍ରତିଷ୍ଠାନ' ମାମଲା, ଗଙ୍ଗାଧରଙ୍କ ମାମଲା, ହରି ସିଂହଙ୍କ ମାମଲା, ଏବଂ ମୀନୁ କୁମାରୀଙ୍କ ମାମଲା ସହିତ ବିରୋଧାଭାସରେ ଥିଲା ।"
"The decision was hence left to the expert agencies of the Union of India. However, having regard to the hardship which was faced by the petitioners and similarly placed persons, we left it open to them to submit a representation to the Union Government. Responding to the request, an extension of the cut-off date has been granted from 31 May 2022 to 31 July 2022.",ତେଣୁ ନିଷ୍ପତ୍ତିଟିକୁ ଭାରତୀୟ ମହାସଂଘର ବିଶେଷଜ୍ଞ ସଙ୍ଗଠନଗୁଡ଼ିକ ଉପରେ ଛାଡ଼ି ଦିଆଗଲା।
"The first respondent challenged the judgment and decree passed by the trial court in appeal before the District Court, Pune which was transferred to the court of the 8th Additional District Judge, Pune for hearing and final disposal. The first appellate court reversed the findings of the trial court on issue nos. 1 and 4 and held that the 4 suit filed by the first respondent was maintainable without the permission of the Competent Authority as she was a trespasser and in case of trespasser in occupation of slum area governed by the 1971 Act, the permission of the Competent Authority was not necessary.","ପ୍ରଥମ ଅପିଲୀୟ କୋର୍ଟ୍‌ ୧ ଏବଂ ୪ ନମ୍ବର ପ୍ରସଙ୍ଗରେ ଟ୍ରାଏଲ୍‌ କୋର୍ଟ୍‌ଙ୍କର ନିର୍ଣ୍ଣୟଗୁଡ଼ିକୁ ରବ୍ଦ କରିଦେଇଥିଲେ ଏବଂ କହିଥିଲେ ଯେ ପ୍ରତିବାଦୀଙ୍କ ଦ୍ଵାରା ଦାଖଲ କରାଯାଇଥିବା ୪ଟି ମକଦ୍ଦମା କ୍ଷମତାପନ୍ନ କର୍ତ୍ତୃପକ୍ଷଙ୍କ ଅନୁମତି ବିନା ଅନୁରକ୍ଷଣୀୟ ଥିଲା କାରଣ ସେ ଜଣେ ଅନୁପ୍ରବେଶକାରିଣୀ ଥିଲେ, ଏବଂ '୧୯୭୧ ଅଧିନିୟମ' ଦ୍ଵାରା ପରିଚାଳିତ ଏକ ବସ୍ତି ଅଞ୍ଚଳ ଦଖଲରେ ଅନୁପ୍ରବେଶକାରୀଙ୍କ କ୍ଷେତ୍ରରେ, କ୍ଷମତାପନ୍ନ କର୍ତ୍ତୃପକ୍ଷଙ୍କ ଅନୁମତି ଆବଶ୍ୟକ ନଥିଲା ।"
"The petitioner is a friend of the deceased, and she too is in the acting field since last many years. The petitioner and the deceased were in a live-in relationship but on 8.6.2020, a few days prior to the death of the actor, she had shifted to her own residence at Mumbai. According to the petitioner, the Mumbai Police is competent to undertake the investigation, even for the FIR lodged at Patna.","ଆବେଦନକାରୀଜଣକ ଏବଂ ମୃତକାଜଣକ ଏକ ଲିଭ୍‌-ଇନ୍‌ ସମ୍ପର୍କରେ ରହିଥିଲେ, ମାତ୍ର ଅଭନେତ୍ରୀଜଣକଙ୍କ ମୃତ୍ୟୁର ଅଳ୍ପ କିଛି ଦିନ ପୂର୍ବରୁ, ତା.୮.୬.୨୦୨୦ ରିଖ ଦିନ, ସେ ମୁମ୍ବାଇସ୍ଥିତ ତାଙ୍କ ନିଜ ବାସସ୍ଥାନକୁ ସ୍ଥାନାନ୍ତରିତ ହୋଇଯାଇଥିଲେ ।"
The proceedings under Section 174 have a very limited scope. The object of the proceedings is merely to ascertain whether a person has died under suspicious circumstances or an unnatural death and if so what is the apparent cause of the death. The question regarding the details as to how the deceased was assaulted or who assaulted him or under what circumstances he was assaulted is foreign to the ambit and scope of the proceedings under Section 174 of the Code.,"ଆଇନ୍‌ଗତ କାର୍ଯ୍ୟାନୁଷ୍ଠାନର ଉଦ୍ଦେଶ୍ୟ ହେଉଛି କେବଳ ଏହା ନିର୍ଦ୍ଧାରଣ କରିବା ଯେ ଜଣେ ବ୍ୟକ୍ତି ସନ୍ଦେହପୂର୍ଣ୍ଣ ପରିସ୍ଥିତିରେ ବା ଏକ ଅସ୍ୱାଭାବିକ ମୃତ୍ୟୁରେ ମୃତ୍ୟୁ ବରଣ କରିଛି କି ନାହିଁ, ଏବଂ ଯଦି ସେପରି, ତେବେ ମୃତ୍ୟୁର ଆପାତ ପ୍ରତୀୟମାନ କାରଣଟି କ'ଣ ଅଟେ ।"
The proceedings under Section 174 have a very limited scope. The object of the proceedings is merely to ascertain whether a person has died under suspicious circumstances or an unnatural death and if so what is the apparent cause of the death. The question regarding the details as to how the deceased was assaulted or who assaulted him or under what circumstances he was assaulted is foreign to the ambit and scope of the proceedings under Section 174 of the Code.,"ମୃତକଜଣକଙ୍କୁ କିପରି ଆକ୍ରମଣ କରାଯାଇଥିଲା, ତାଙ୍କୁ କିଏ ଆକ୍ରମଣ କରିଥିଲା ବା କେଉଁ ପରିସ୍ଥିତିରେ ତାଙ୍କୁ ଆକ୍ରମଣ କରାଯାଇଥିଲା ସେ ବିଷୟରେ ସବିଶେଷ ତଥ୍ୟ ସମ୍ପର୍କିତ ପ୍ରଶ୍ନଟି ସଂହିତାର ଧାରା ୧୭୪ ଅନୁଯାୟୀ ରହିଥିବା ପ୍ରକ୍ରିୟାର ପରିଧି ଏବଂ ପରିସରର ସମ୍ପୂର୍ଣ୍ଣ ବାହାରେ ।"
"The role of the Competent Authority under the 1971 Act is extremely important as the legislature has conferred power on him to carry out execution of works in improvement of the slum. Sub-Section (2) of Section 22 requires the person desiring to obtain the permission to make an application in writing to the Competent Authority. As per sub-section (3) on receipt of such application, the Competent Authority by an order in writing may either grant or refuse to grant such permission after giving an opportunity to the parties of being heard and after making such summary enquiries into the circumstances of the case as it thinks fit.","ଉପ-ଧାରା (୩) ଅନୁଯାୟୀ, ଏହିପରି ଏକ ଆବେଦନ ପ୍ରାପ୍ତ ହେବା ପରେ, କ୍ଷମତାପନ୍ନ କର୍ତ୍ତୃପକ୍ଷ, ଲିଖିତ ଭାବରେ ନିର୍ଦ୍ଦେଶ ଦେଇ, ପକ୍ଷ ଦ୍ୱୟଙ୍କୁ ନିଜ ପକ୍ଷ ରଖିବାର ସୁଯୋଗ ଦେବା ପରେ ଏବଂ ମାମଲାଟିର ପରିସ୍ଥିତିଗୁଡ଼ିକର ଏକ ସାରାଂଶ ଅନୁଧ୍ୟାନ କରିସାରିବା ପରେ, ଯେପରି ଉଚିତ୍‌ ବୋଲି ପ୍ରତୀତ ହେବ ସେହି ଅନୁସାରେ, ଏପରି ଅନୁମତି ପ୍ରଦାନକୁ ମଞ୍ଜୁର କିମ୍ବା ଖାରଜ କରିପାରନ୍ତି ।"
"The role of the Competent Authority under the 1971 Act is extremely important as the legislature has conferred power on him to carry out execution of works in improvement of the slum. Sub-Section (2) of Section 22 requires the person desiring to obtain the permission to make an application in writing to the Competent Authority. As per sub-section (3) on receipt of such application, the Competent Authority by an order in writing may either grant or refuse to grant such permission after giving an opportunity to the parties of being heard and after making such summary enquiries into the circumstances of the case as it thinks fit.","ଧାରା ୨୨ ର ଉପ-ଧାରା (୨) ଅନୁଯାୟୀ, ଅନୁମତି ପାଇବାକୁ ଇଚ୍ଛା କରୁଥିବା ବ୍ୟକ୍ତିଜଣକଙ୍କୁ କ୍ଷମତାପନ୍ନ କର୍ତ୍ତୃପକ୍ଷଙ୍କୁ ଲିଖିତ ଭାବରେ ଆବେଦନ କରିବାକୁହେବ।"
"Trademark includes any visual symbol, word, name, design, slogan, label, etc., that distinguishes the brand or commercial enterprise, from other brands or commercial enterprises. For example, no company other than Nike can use the Nike brand to sell shoes or clothes. It also prevents others from using a confusingly similar mark, including words or phrases.","ଟ୍ରେଡ଼୍‌ମାର୍କ୍‌ରେ ଚାକ୍ଷୁଷ ସଙ୍କେତ, ଶବ୍ଦ, ନାମ, ଅଭିକଳ୍ପ, ସ୍ଲୋଗାନ, ଲେବଲ ଚିହ୍ନ, ଇତ୍ୟାଦି, ରହିଥାଏ ଯାହାକି ସମ୍ପୃକ୍ତ ବ୍ରାଣ୍ଡ୍‌ ବା ବାଣିଜ୍ୟିକ ଉଦ୍ୟୋଗଟିକୁ ଅନ୍ୟ ବ୍ରାଣ୍ଡ୍‌ ବା ବାଣିଜ୍ୟିକ ଉଦ୍ୟୋଗଗୁଡ଼ିକ ଠାରୁ ପୃଥକ୍‌ କରିଥାଏ ।"
Whenever any information is received by the police about the alleged commission of offence which is a cognizable one there is a duty to register the FIR. There can be no dispute on that score. The only question is whether a writ can be issued to the police authorities to register the same.,"ଯେତେବେଳେ ବି ପୋଲିସ୍‌ ଦ୍ଵାରା ଏକ କଥିତ ଧର୍ତ୍ତବ୍ୟ ଅପରାଧ ଘଟିଥିବା ନେଇ କୌଣସି ସୂଚନା ପ୍ରାପ୍ତ ହୋଇଥାଏ, ସେତେବେଳେ ଏଫ୍‌.ଆଇ.ଆର୍‌. ପଞ୍ଜିକୃତ କରିବାର କର୍ତ୍ତବ୍ୟ ରହିଛି ।"
"Where there are beachfront or bayfront houses, the owners will try to protect their property, through shoreline hardening for example. It is much easier to adapt to sea level rise if those properties are not built to begin with. Land use policies that discourage shoreline building will leave communities more flexibility to deal with sea level rise.",ତଟରେଖୀୟ ଗୃହନିର୍ମାଣକୁ ପ୍ରଶ୍ରୟ ଦେଉନଥିବା ଭୂ-ସମ୍ପତ୍ତି ବ୍ୟବହାର ନୀତିଗୁଡ଼ିକ ଜନସମୁଦାୟଗୁଡ଼ିକୁ ସାମୁଦ୍ରିକ ସ୍ତର ବୃଦ୍ଧିର ମୁକାବିଲା ପାଇଁ ଅଧିକ ସମର୍ଥ କରିବ।
"Where there are beachfront or bayfront houses, the owners will try to protect their property, through shoreline hardening for example. It is much easier to adapt to sea level rise if those properties are not built to begin with. Land use policies that discourage shoreline building will leave communities more flexibility to deal with sea level rise.","ଯେଉଁଠାରେ ତଟୋନ୍ମୁଖୀ ବା ଉପକୂଳମୁଖୀ ଘରଗୁଡ଼ିକ ରହିଛି, ମାଲିକମାନେ ନିଜ ସମ୍ପତ୍ତିକୁ ରକ୍ଷା କରିବାକୁ ଚେଷ୍ଟା କରିବେ, ଉଦାହରଣ ସ୍ଵରୂପ, ତଟରେଖୀୟ ଅଞ୍ଚଳକୁ ମଜବୁତ କରି ।"
"At that time the Ashram was in Kochrab, a small village near Ahmedabad. Plague broke out in this village, and I saw evident danger to the safety of the Ashram children. It was impossible to keep ourselves immune from the effects of the surrounding insanitation, however scrupulously we might observe the rules of cleanliness within the Ashram walls.","ଏହି ଗ୍ରାମରେ ପ୍ଲେଗ୍‌ ବ୍ୟାଧି ବ୍ୟାପିଗଲା, ଏବଂ ମୁଁ ଆଶ୍ରମର ପିଲାମାନଙ୍କ ସୁରକ୍ଷା ପ୍ରତି ରହିଥିବା ପ୍ରତ୍ୟକ୍ଷ ବିପଦକୁ ଦେଖିପାରୁଥିଲି ।"
"During the season, heat wave/severe heat wave conditions were observed in March and April. In the month of May, no significant heat wave conditions were observed. During March the heat wave conditions were observed at most places with Severe Heat wave conditions at isolated places occurred over West Rajasthan during 29-31 March, Heat wave conditions were also observed at a few places over east Rajasthan during 30-31 March, over Odisha and adjoining parts of Gangetic West Bengal, Coastal Andhra Pradesh and Tamil Nadu on 31 March.","ଏହି ଋତୁରେ, ମାର୍ଚ୍ଚ ଏବଂ ଏପ୍ରିଲରେ ଗରମ ଲହରୀ/ ତୀବ୍ର ଗରମ ଲହରୀର ପରିସ୍ଥିତି ଲକ୍ଷ କରାଯାଇଥିଲା ।"
"During the season, heat wave/severe heat wave conditions were observed in March and April. In the month of May, no significant heat wave conditions were observed. During March the heat wave conditions were observed at most places with Severe Heat wave conditions at isolated places occurred over West Rajasthan during 29-31 March, Heat wave conditions were also observed at a few places over east Rajasthan during 30-31 March, over Odisha and adjoining parts of Gangetic West Bengal, Coastal Andhra Pradesh and Tamil Nadu on 31 March.","ମେ' ମାସରେ, କୌଣସି ଉଲ୍ଲେଖନୀୟ ଗରମ ଲହରୀ ପରିସ୍ଥିତି ଲକ୍ଷ କରାଯାଇନଥିଲା ।"
"Fatma Begum has lived a life away from the arc lights for several years now, so when this first lady of Indian cinema, whos never given a media interview, agreed to speak to me on 3 May 2013, I promptly made my way to her once-impressive but now crumbling residence in Dhanraj Mahal, where she lives with her daughter Zubeida. Clad in an olive- green chiffon saree, Fatma looked every bit the begum Id imagined her to be. After supping on the best Hyderabadi kebabs and qubani ka meetha Ive ever had, we settled down on huge, heavily-cushioned sofa chairs, sipping chai, to have a chat about her life and films.","ମୁଁ ଏଯାବତ୍‌ ଖାଇଥିବା ସବୁଠାରୁ ଭଲ 'ହାଇଦରାବାଦୀ କବାବ' ଏବଂ 'ଖୁବାନୀ କା ମିଠା'ର ରାତ୍ରି ଭୋଜନ କରି ସାରିବା ପରେ, ଆମେ ବୃହତ୍‌କାୟ, ଅତ୍ୟଧିକ ନରମ ଗଦି ଦିଆଯାଇଥିବା ସୋଫା ଚଉକିରେ ବସିପଡ଼ି ଚା' ପିଉପିଉ ତାଙ୍କ ଜୀବନ ଏବଂ ଚଳଚ୍ଚିତ୍ରଗୁଡ଼ିକ ବିଷୟରେ କଥାବାର୍ତ୍ତା କରିବାକୁ ଲାଗିଲୁ ।"
"Fatma Begum has lived a life away from the arc lights for several years now, so when this first lady of Indian cinema, whos never given a media interview, agreed to speak to me on 3 May 2013, I promptly made my way to her once-impressive but now crumbling residence in Dhanraj Mahal, where she lives with her daughter Zubeida. Clad in an olive- green chiffon saree, Fatma looked every bit the begum Id imagined her to be. After supping on the best Hyderabadi kebabs and qubani ka meetha Ive ever had, we settled down on huge, heavily-cushioned sofa chairs, sipping chai, to have a chat about her life and films.","ଫାତିମା ବେଗମ୍‌ ଆଜିକୁ କିଛି ବର୍ଷ ହେବ ଆର୍କ୍ ଲାଇଟ୍‌ ଠାରୁ ଦୂରରେ ରହି ଜୀବନ ଯାପନ କରିଆସିଛନ୍ତି; ତେଣୁ, ଯେତେବେଳେ ଭାରତୀୟ ଚଳଚ୍ଚିତ୍ରର ଏହି ପ୍ରଥମ ମହିଳା, ଯିଏକି କଦାପି କୌଣସି ଗଣମାଧ୍ୟମକୁ ସାକ୍ଷାତକାର ଦେଇନାହାନ୍ତି, ମୋ ସହିତ ୨୦୧୩ ମସିହା ମେ' ୩ ତାରିଖ ଦିନ କଥା ହେବାକୁ ରାଜି ହେଲେ, ମୁଁ ଅବିଳମ୍ବେ 'ଧନରାଜ ମହଲ' ସ୍ଥିତ ତାଙ୍କର ଏକଦା-ପ୍ରଶଂସନୀୟ, ମାତ୍ର ବର୍ତ୍ତମାନ ଭଗ୍ନପ୍ରାୟ ଅବସ୍ଥାରେ ରହିଥିବା ବାସସ୍ଥାନ ଅଭିମୁଖେ ଯାତ୍ରା କଲି, ଯେଉଁଠାରେ ସେ ନିଜ ଝିଅ ଜୁବୈଦା ସହିତ ବାସ କରୁଛନ୍ତି ।"
"Friends, this pandemic has not yet come to an end. More dreadful variants of this virus are expected in coming days. Hence, we have to be ready for collective action and mutual cooperation to combat the pandemic and mobilise resources for a humanitarian response based on multilateralism.",ଆଗାମୀ ଦିନମାନଙ୍କରେ ଏହି ଭୂତାଣୁଟିର ଅଧିକ ଭୟଙ୍କର ରୂପମାନ ଆଶା କରାଯାଉଛି ।
"Globally, antimicrobial resistance causes an estimated 700 000 deaths every year. Failing to tackle antimicrobial resistance could, by 2050, cause an estimated 10 million deaths a year and cost up to $100 trillion. The highest impact likely will be in Asia and Africa, which likely will account for an estimated 4.7 million and 4.2 million deaths, respectively.","ସର୍ବାଧିକ ପ୍ରଭାବ ସମ୍ଭବତଃ ଏସିଆ ଏବଂ ଆଫ୍ରିକା ଉପରେ ରହିବ, ଯେଉଁଠାରେ ସମ୍ଭବତଃ ଆନୁମାନିକ ଭାବରେ ଯଥାକ୍ରମେ ୪୭ ଲକ୍ଷ ଏବଂ ୪୨ ଲକ୍ଷ ମୃତ୍ୟୁ ହେବ ।"
"Here I found Abdul Gani Sheth expecting me, and he gave me a cordial greeting. He had a hearty laugh over the story of my experience at the hotel. 'However did you expect to be admitted to a hotel?' he said.","ଏଠାରେ ମୁଁ ଅବ୍‌ଦୁଲ୍‌ ଗନି ଶେଠ୍‌ଙ୍କୁ ମୋତେ ଅପେକ୍ଷା କରିଥିବାର ଦେଖିବାକୁ ପାଇଥିଲି, ଏବଂ ସେ ମୋତେ ମିତ୍ରୋଚିତ ଅଭିବାଦନ ଜଣାଇଲେ ।"
"I saw the Manager and asked for a room. He eyed me for a moment, and politely saying, 'I am very sorry, we are full up,' bade me good- bye. So I asked the cabman to drive to Muhammad Kasam Kamruddin's shop.",ତେଣୁ ମୁଁ ଗାଡ଼ିଚାଳକଙ୍କୁ ମହମ୍ମଦ କାସମ୍‌ କମରୁଦ୍ଦିନ୍‌ଙ୍କ ଦୋକାନ ଅଭିମୁଖେ ଗାଡ଼ି ଚଳାଇବାକୁ କହିଲି ।
"Johannesburg was the stronghold of the Asiatic officers. I had been observing that, far from protecting the Indians, Chinese and others, these officers were grinding them down. Every day I had complaints like this: 'The rightful ones are not admitted, whilst those who have no right are smuggled in on payment of 100.","ମୁଁ ଲକ୍ଷ୍ୟ କରିଆସୁଥିଲି ଯେ, ଭାରତୀୟ, ଚୀନା ଏବଂ ଅନ୍ୟମାନଙ୍କୁ ସୁରକ୍ଷା ଦେବା ଦୂରେଥାଉ, ଏହି ଅଧିକାରୀମାନେ ସେମାନଙ୍କ ଆତ୍ମବିଶ୍ୱାସକୁ ପରାହତ କରୁଥିଲେ ।"
"Mangal Panday was, then, tried before a court-martial. During the inquiry, attempts were made to compel him to reveal the names of other conspirators. But the valiant youth bluntly refused to do so.","ତଦନ୍ତ ସମୟରେ, ତାଙ୍କୁ ଅନ୍ୟ ଷଡ଼ଯନ୍ତ୍ରକାରୀମାନଙ୍କ ନାଁ ପ୍ରକାଶ କରିବାକୁ ବାଧ୍ୟ କରିବା ନିମନ୍ତେ ପ୍ରୟାସ କରାଯାଇଥିଲା ।"
"Media is the most potent tool that connects the Parliament with its people. Given the sophistication and transformation brought in by the technological advancements that has further widened its reach, media has acquired a distinctive character of moulding public opinion today. In a vigilant society with growing population such as ours, it is but imperative that the institution of Parliament has its own independent channel to disseminate authentic information to its constituents.","ଗଣମାଧ୍ୟମ ହେଉଛି ସବୁଠାରୁ ଶକ୍ତିଶାଳୀ ସାଧନ, ଯାହାକି ସଂସଦକୁ ଏହାର ଜନତାଙ୍କ ସହିତ ସଂଯୁକ୍ତ କରିଥାଏ ।"
"On reaching Rajkot, I reported myself to the Medical officer the next morning. I was not unknown there. The Doctor felt ashamed and was angry with the inspector.","ରାଜକୋଟରେ ପହଞ୍ଚିବା ପରେ, ମୁଁ ମେଡ଼ିକାଲ ଅଫିସରଙ୍କ ନିକଟରେ ମୋର ହାଜିରି ଜଣାଇଥିଲି ।"
"Our country owes a deep debt of gratitude to our valiant ex-Servicemen. The Committee headed by the Cabinet Secretary on OROP has submitted its report and the recommendations of the Committee have been accepted. On the basis of these recommendations, the Government has decided to substantially improve the pension of pre 1 January 2006 defence pensioners below officer rank (PBOR) and bring pre 10 October 1997 pensioners on par with post 10 October 1997 pensioners.",ଆମ ଦେଶ ଆମ ପୂର୍ବତନ ବୀର ସୈନିକମାନଙ୍କ ନିକଟରେ ଗଭୀର ଭାବେ କୃତଜ୍ଞ।
Rashtriya Swasthya Bima Yojana (RSBY) was operationalised last year. The initial response has been very good. More than 46 lakh BPL families in eighteen States and UTs have been issued biometric smart cards.,ପ୍ରାରମ୍ଭିକ ପ୍ରତିକ୍ରିୟା ଖୁବ୍‌ ଭଲ ରହିଛି ।
"She said that inequality is a sensitive challenge for all and is complex, representing inequality, discrimination, threat perception and violence. Women rights are indeed human rights. Women have a right to live with dignity and equality.",ମହିଳାମାନଙ୍କ ଅଧିକାରଗୁଡ଼ିକ ବାସ୍ତବରେ ମାନବ ଅଧିକାର ।
"Since the centenary of Indian cinema is a milestone that cannot be ignored, our choice of theme for this issue was pretty much unavoidable. What we did take care to avoid, though, was treading the beaten path. We have slipped behind the scenes and sneaked towards the fringes, chosen the seedy over the glamorous, the fans over the superstar, the little- known over the celebrated, the background score over the hit song.","ଯେହେତୁ ଭାରତୀୟ ଚଳଚ୍ଚିତ୍ରର ଶତବାର୍ଷିକୀ ଏକ ମାଇଲଖୁଣ୍ଟ, ଯାହାକୁକି ଅଣଦେଖା କରାଯାଇପାରିବ ନାହିଁ, ଆମର ଏହି ପ୍ରକାଶନଟି ପାଇଁ ବିଷୟବସ୍ତୁ ଚୟନ କରିବା ଥିଲା ପ୍ରାୟଶଃ ଅନିବାର୍ଯ୍ୟ ।"
"Some of the government initiatives like Swachh Bharat Abhiyan (to create mass awareness on cleanliness and environmental pollution, to eliminate open defecation and improve solid waste management) and Namami Gange (signifi cant reduction of pollution, conservation and resuscitation of the river Ganga) are worth mentioning here. During this phase the effective policy initiatives have started providing fruitful results. The total forest cover of India increased to 7,13,789 sq.","ଏହି ପର୍ଯ୍ୟାୟରେ, କାର୍ଯ୍ୟକ୍ଷମ ଯୋଜନା ପଦକ୍ଷେପଗୁଡ଼ିକ ଫଳପ୍ରଦ ଫଳାଫଳ ପ୍ରଦାନ କରିବାକୁ ଆରମ୍ଭ କରିଛି ।"
"Some of the government initiatives like Swachh Bharat Abhiyan (to create mass awareness on cleanliness and environmental pollution, to eliminate open defecation and improve solid waste management) and Namami Gange (signifi cant reduction of pollution, conservation and resuscitation of the river Ganga) are worth mentioning here. During this phase the effective policy initiatives have started providing fruitful results. The total forest cover of India increased to 7,13,789 sq.","'ସ୍ଵଚ୍ଛ ଭାରତ ଅଭିଯାନ' (ପରିଷ୍କାର ପରିଚ୍ଛନ୍ନତା ତଥା ପରିବେଶ ପ୍ରଦୂଷଣ ସମ୍ପର୍କରେ ଜନ ସଚେତନତା ସୃଷ୍ଟି କରିବା ପାଇଁ, ପଦାରେ ମଳତ୍ୟାଗକୁ ରଦ୍ଦ କରିବା, ଏବଂ କଠିନ ବର୍ଜ୍ୟବସ୍ତୁ ପରିଚାଳନାରେ ଉନ୍ନତି ଆଣିବା ପାଇଁ) ଏବଂ 'ନମାମି ଗଙ୍ଗେ' (ପ୍ରଦୂଷଣର ଉଲ୍ଲେଖନୀୟ ହ୍ରାସ, ଗଙ୍ଗା ନଦୀର ସଂରକ୍ଷଣ ଓ ପୁନରୁଜ୍ଜୀବନ) ଭଳି ସରକାରୀ ପଦକ୍ଷେପଗୁଡ଼ିକ ମଧ୍ୟରୁ କେତେକ ଏଠାରେ ଉଲ୍ଲେଖଯୋଗ୍ୟ ।"
"The Passport Seva Programme (PSP) has been further consolidated and strengthened during this period. Before 2014, 77 Passport Seva Kendras (PSK) were operational in the country. After 2014, 16 new PSK have been established by this Government to take the total number of PSK to 93, including all the States of the North East.","୨୦୧୪ ପୂର୍ବରୁ, ଦେଶରେ ୭୭ଟି ପାସ୍‌ପୋର୍ଟ ସେବା କେନ୍ଦ୍ର (ପି.ଏସ୍‌.କେ.) କାର୍ଯ୍ୟକ୍ଷମ ଥିଲା ।"
The admission notice for the academic year 2020 was published on 08.12.2019 in all leading newspapers. Online Admission Procedure was adopted for the year 2020. Last date for applying online was 31.01.2020.,ଅନ୍‌ଲାଇନ୍‌ରେ ଆବେଦନ କରିବାର ଶେଷ ତାରିଖଟି ଥିଲା ୩୧.୦୧.୨୦୨୦ ।
"The program concluded with a cultural event entitled 'Partition and Independence : Reflections in Literature & Cinema' organized by the employees of the Society. On this occasion a blood donation camp was also organized by the Society on 12th August, 2022. The staff members of the Society, the Council members and other members and well-wishers took active part in both organizing the program and also remaining present all through the day.","ଏହି ଅବସରରେ, ୧୨ ଅଗଷ୍ଟ ୨୦୨୨ରେ ଉକ୍ତ ସୋସାଇଟି ଦ୍ଵାରା ଏକ ରକ୍ତ ଦାନ ଶିବିର ମଧ୍ୟ ଆୟୋଜିତ ହୋଇଥିଲା ।"
"The program concluded with a cultural event entitled 'Partition and Independence : Reflections in Literature & Cinema' organized by the employees of the Society. On this occasion a blood donation camp was also organized by the Society on 12th August, 2022. The staff members of the Society, the Council members and other members and well-wishers took active part in both organizing the program and also remaining present all through the day.","କାର୍ଯ୍ୟକ୍ରମଟି ଏକ ସାଂସ୍କୃତିକ କାର୍ଯ୍ୟକ୍ରମ ସହିତ ସମାପ୍ତ ହୋଇଥିଲା, ଯାହାର ଶୀର୍ଷକ ଥିଲା 'ପାର୍ଟିସନ୍‌ ଆଣ୍ଡ୍‌ ଇଣ୍ଡିପେଣ୍ଡେନ୍ସ୍‌: ରିଫ୍ଲେକ୍ସନ୍ସ୍ ଇନ୍ ଲିଟରେଚର୍‌ ଆଣ୍ଡ୍‌ ସିନେମା', ଯାହାକି ସୋସାଇଟିଟିର କର୍ମକର୍ତ୍ତାମାନଙ୍କ ଦ୍ଵାରା ଆୟୋଜିତ ହୋଇଥିଲା ।"
"The program concluded with a cultural event entitled 'Partition and Independence : Reflections in Literature & Cinema' organized by the employees of the Society. On this occasion a blood donation camp was also organized by the Society on 12th August, 2022. The staff members of the Society, the Council members and other members and well-wishers took active part in both organizing the program and also remaining present all through the day.","ସୋସାଇଟିଟିର କର୍ମଚାରୀ ବୃନ୍ଦ, ସମିତିର ସଭ୍ୟମାନେ, ଏବଂ ଅନ୍ୟାନ୍ୟ ସଦସ୍ୟବୃନ୍ଦ ତଥା ଶୁଭ-ଚିନ୍ତକମାନେ ଉଭୟ କାର୍ଯ୍ୟକ୍ରମଟିକୁ ଆୟୋଜନ କରିବାରେ ଓ ଉକ୍ତ ଦିନ ସାରା ଉପସ୍ଥିତ ରହିବାରେ ଏକ ସକ୍ରିୟ ଅଂଶ ଗ୍ରହଣ କରିଥିଲେ ।"
"The winter edition of Film Appreciation Course was launched on 23 rd November 2020. This course was also in coordination with National Film Archives of India, Pune and Ms Arunaraje Patil as course coordinator. A total of 41 participants from all over India participated in the course.",ଉକ୍ତ ପାଠ୍ୟକ୍ରମଟିରେ ସମଗ୍ର ଭାରତରୁ ସମୁଦାୟ ୪୧ ଜଣ ଅଂଶଗ୍ରହଣକାରୀ ଭାଗ ନେଇଥିଲେ ।
"There is macroeconomic stability. The financial system remains intact, with improved performance parameters. The country has withstood the shocks from COVID-19 and the conflict in Ukraine.",ଦେଶ କୋଭିଡ଼୍-୧୯ ଏବଂ ୟୁକ୍ରେନ୍‌‌‌ରେ ଲଢ଼େଇ ଜନିତ ଧକ୍କାଗୁଡ଼ିକୁ ସାମ୍‌ନା କରିଛି ।
"This year marks the Centenary year of Champaran Satyagraha, which gave a new direction to our freedom struggle and channelised janashakti in the fight against colonial power. Mahatma Gandhis ideals of Satyagraha instilled in every Indian an indomitable self-belief, and spirit of sacrifice for the larger good. This janashakti is today our greatest strength.",ମହାତ୍ମା ଗାନ୍ଧୀଙ୍କର ସତ୍ୟାଗ୍ରହର ଆଦର୍ଶଗୁଡ଼ିକ ପ୍ରତ୍ୟେକ ଭାରତୀୟର ମନରେ ଅଦମ୍ୟ ଆତ୍ମ-ବିଶ୍ଵାସ ଏବଂ ବୃହତ୍ତର ହିତ ପାଇଁ ତ୍ୟାଗର ମନୋଭାବ ଭରିଦେଇଥିଲା ।
"Tourism 2020 vision is the World Tourism Organization long - term forecast and assessment of the development of tourism up to the first 20 years of the new millennium. An essential outcome of the Tourism 2020 vision is quantitative forecasts covering a 25 years period, with 1995 as base year and forecasts for 2000 and 2020. Tourism 2020 vision calls these motivating factors the three Es - Entertainment, Excitement and Education.",'ଟୁରିଜିମ୍‌ ୨୦୨୦ ଭିଜନ୍‌' ହେଉଛି 'ବିଶ୍ଵ ପର୍ଯ୍ୟଟନ ସଙ୍ଗଠନ'ର ନୂତନ ସହସ୍ରାବ୍ଦୀର ପ୍ରଥମ ୨୦ ବର୍ଷ ପର୍ଯ୍ୟନ୍ତ ପର୍ଯ୍ୟଟନର ବିକାଶର ଦୀର୍ଘ-କାଳୀନ ପୂର୍ବାନୁମାନ ଏବଂ ଆକଳନ ।
"Until recently, no attempt had been made to prepare map showing different types of wastelands in India. The area reported by various government agencies under wastelands varies from 38 M ha, to 175M. ha.",ବିଭିନ୍ନ ସରକାରୀ ସଂସ୍ଥାର ସୂଚନା ଅନୁସାରେ ପତିତ-ଜମି ବର୍ଗରେ ଆସୁଥିବା ଜମିର ପରିମାଣ ଭିନ୍ନ ଭିନ୍ନ ହୋଇଥାଏ - ୩୮ ନିୟୁତ ହେକ୍ଟରରୁ ୧୭୫ନିୟୁତ ହେକ୍ଟର ।
"We are also going to organize a few important lectures including the programmed of observance of 'Azadi Ka Amrit Mahotsav'. Dr. Kalpana Kannabiran, eminent Sociologist and Social Activist delivered Indira Gandhi Memorial Lecture, 2021 on 20.07.2022. Professor Sudipta Sen received Sir William Jones Memorial Medal for 2021 and delivered a brief talk on William Jones and the Rule of Law in Late Eighteenth Century Calcutta on 22.07.2022.","ଆମେ କିଛି ଗୁରୁତ୍ୱପୂର୍ଣ୍ଣ ଅଭିଭାଷଣର ଆୟୋଜନ ମଧ୍ୟ କରିବାକୁ ଯାଉଛୁ, ଯେଉଁଥିରେ 'ଆଜାଦୀ କା ଅମୃତ ମହୋତ୍ସବ' ପାଳନର କାର୍ଯ୍ୟକ୍ରମ ମଧ୍ୟ ସାମିଲ୍‌ ରହିଛି ।"
"We are also going to organize a few important lectures including the programmed of observance of 'Azadi Ka Amrit Mahotsav'. Dr. Kalpana Kannabiran, eminent Sociologist and Social Activist delivered Indira Gandhi Memorial Lecture, 2021 on 20.07.2022. Professor Sudipta Sen received the Sir William Jones Memorial Medal for 2021 and delivered a brief talk on William Jones and the Rule of Law in Late Eighteenth Century Calcutta on 22.07.2022.",ପ୍ରଫେସର ସୁଦୀପ୍ତ ସେନ୍‌ ୨୦୨୧ ର ସାର୍‌ ୱିଲିୟମ୍ ଜୋନ୍‌ସ୍ ସ୍ମାରକ ପଦକ ପ୍ରାପ୍ତ କରିଥିଲେ ଏବଂ ତା୨୨.୦୭.୨୦୨୨ରିଖ ଦିନ ୱିଲିୟମ୍ ଜୋନ୍‌ସ୍‌ ତଥା ବିଳମ୍ବିତ ଅଷ୍ଟାଦଶ ଶତାବ୍ଦୀ କଲିକତାର ଆଇନ୍‌ଗତ ଶାସନ ଉପରେ ଏକ ସଂକ୍ଷିପ୍ତ ବକ୍ତୃତା ପ୍ରଦାନ କରିଥିଲେ ।
"johannesburgwasthestrongholdoftheasiaticofficers.ihadbeenobservingthat,farfromprotectingtheindians,chineseandothers,theseofficersweregrindingthemdown.everydayihadcomplaintslikethis:'therightfulonesarenotadmitted,whilstthosewhohavenorightaresmuggledinonpaymentof100'.","ପ୍ରତିଦିନ ମୋର ଏହିପରି ଅଭିଯୋଗ ରହିଥିଲା ଯେ: 'ହକ୍‌ଦାରମାନଙ୍କୁ ପ୍ରବେଶ କରାଇଦିଆଯାଉନଥିଲା, ଯେତେବେଳେକି ଯେଉଁମାନଙ୍କର କୌଣସି ହକ୍‌ ନଥିଲା, ସେମାନଙ୍କୁ ୧୦୦ ମୁଦ୍ରା ଦେୟରେ ଗୁପ୍ତ ଭାବରେ ଭିତରକୁ ଛଡ଼ାଯାଉଥିଲା' ।"
Another famous iron pillar is located at Mookambika temple in Kodachari Hill in a town near Mangalore. It also belongs to the same period. The iron beams lying in the Surya temple at Konark are still bigger in size.,କୋଣାର୍କର ସୂର୍ଯ୍ୟ ମନ୍ଦିରରେ ରହିଥିବା ଲୌହ ଦଣ୍ଡଗୁଡ଼ିକ ଆକାରରେ ଆହୁରି ବଡ଼।
Aparigraha is the first step towards advancement on the road of Dharma - Righteousness. An Aparigrahi is always above self. The Jain doctrine of non-acquisition could lead to more equitable distribution of wealth and resources in society.,ଅନଧିଗ୍ରହଣର ଜୈନ ସିଦ୍ଧାନ୍ତଟି ସମାଜରେ ଧନସମ୍ପତ୍ତି ଏବଂ ସମ୍ବଳଗୁଡ଼ିକର ଅଧିକ ସମାନ ବଣ୍ଟନ ଦିଗରେ ପଥପ୍ରଦର୍ଶନ କରିପାରେ ।
"As is mentioned elsewhere in this work, Yima or King Jamshed and his father Vivanhusa are both mentioned in Chapter 32.8 as persons whose example Zarathustra does not wish to follow as they illumine the material aspects of life. Likewise, two particularly evil human beings, Grehma and Bendva, are mentioned in Chapters 32.12, 32.13, and 32.14 and Chapters 49.1 and 49.2 respectively. Fryana, said to be a Turanian, i.e. a Mongol, is also mentioned in Chapter 46.12 as being a person who has embraced the faith.","ସେହିପରି ଭାବରେ, ଅଧ୍ୟାୟ ୩୨.୧୨, ୩୨.୧୩, ଏବଂ ୩୨.୧୪, ତଥା ଅଧ୍ୟାୟ ୪୯.୧ ଏବଂ ୪୯.୨ ରେ ଯଥାକ୍ରମେ ଦୁଇଜଣ ନିର୍ଦ୍ଦିଷ୍ଟ ଭାବରେ ଦୁଷ୍ଟବୁଦ୍ଧି ମନୁଷ୍ୟ, ଗ୍ରେହ୍‌ମା ଏବଂ ବେନ୍ଦ୍‌ବାଙ୍କର ଉଲ୍ଲେଖ କରାଯାଇଛି ।"
"Buddhism advocates the middle path. Its goal is neither nihilism, for there is nothing permanent to annihilate nor eternal- ism, for there is no permanent soul to eternalize. The Buddhist goal can be achieved in this life itself.","ଏହାର ଲକ୍ଷ୍ୟ, ନାସ୍ତିବାଦ ନୁହେଁ, କାରଣ ମୂଳୋତ୍ପାଟନ କରିବାକୁ କିଛି ହେଲେ ଚିରସ୍ଥାୟୀ ନାହିଁ, କିମ୍ବା ଶାଶ୍ଵତବାଦ ନୁହେଁ, କାରଣ ଶାଶ୍ଵତ କରିବାକୁ କୌଣସି ଚିରସ୍ଥାୟୀ ଆତ୍ମା ନାହିଁ ।"
Great was his compassion for the two dear ones at this parting moment. Greater was his compassion for suffering humanity. He was not worried about the future worldly hap- piness and comfort of the mother and child as they had every thing in abundance and were well protected.,"ଏହି ବିଚ୍ଛେଦ ମୂହୁର୍ତ୍ତରେ, ମହାନ ଥିଲା ତାଙ୍କର ଦୁଇ ପ୍ରିୟ ଜନଙ୍କ ପ୍ରତି ରହିଥିବା ସହାନୁଭୂତି ।"
Great was his compassion for the two dear ones at this parting moment. Greater was his compassion for suffering humanity. He was not worried about the future worldly hap- piness and comfort of the mother and child as they had every thing in abundance and were well protected.,ସେ ମାଆ ଓ ପିଲାଙ୍କର ଭବିଷ୍ୟତର ପାର୍ଥିବ ସୁଖ ଏବଂ ସ୍ୱାଚ୍ଛନ୍ଦ୍ୟକୁ ନେଇ ଚିନ୍ତିତ ନଥିଲେ କାରଣ ସେମାନଙ୍କର ସବୁକିଛି ବିପୁଳ ପରିମାଣରେ ଥିଲା ଏବଂ ସେମାନେ ସୁରକ୍ଷିତ ଥିଲେ ।
"I could not endure this. I must have stood there to hear them once only, but that was enough to dissuade me from repeating the experiment. About the same time, I heard of a well known Hindu having been converted to Christianity.","ପ୍ରାୟତଃ ସେହି ସମାନ ସମୟରେ, ମୁଁ ଜଣେ ସୁପରିଚିତ ହିନ୍ଦୁଙ୍କୁ ଖ୍ରୀଷ୍ଟଧର୍ମକୁ ଧର୍ମାନ୍ତରିତ କରାଯାଇଥିବାର ଶୁଣିଥିଲି ।"
"In the following verses, we are told that God appoints Zarathustra as a teacher for mankind, to tell them of the path of truth and how to live in accordance with truth. The prophet invokes the embodiment of truth itself to fulfill his guardianship as planned. In a verse of great poignancy, he shows his humility by asking the Almighty to take pity on him when he is judged.","ପରବର୍ତ୍ତୀ ପଦଗୁଡ଼ିକରେ, ଆମକୁ କୁହାଯାଇଛି ଯେ ଈଶ୍ଵର ମାନବଜାତିକୁ ସତ୍ୟର ମାର୍ଗ ଏବଂ କିପରି ସତ୍ୟ ଅନୁସାରେ ବଞ୍ଚିବାକୁ ହେବ କହିବା ପାଇଁ ଜରାଥୁଷ୍ଟ୍ରାଙ୍କୁ ସେମାନଙ୍କର ଏକ ଶିକ୍ଷକ ରୂପେ ନିଯୁକ୍ତ କରିଛନ୍ତି ।"
"In the three worlds there is not, and there will never be, any to equal him in martial or spiritual prowess. When he was king he obtained from the gods mastery of all weapons. He beholds the past, the present and the future.","ତିନି ଜଗତରେ ଏପରି କେହି ନାହାନ୍ତି, ଏବଂ କେବେହେଲେ ହେବେ ନାହିଁ ଯିଏକି ସାମରିକ ଏବଂ ଆଧ୍ୟାତ୍ମିକ ଦକ୍ଷତାରେ ତାଙ୍କର ସମାସ୍କନ୍ଧ ହୋଇଥିବେ ।"
In those happy days when there were no political distur- bances the intellectuals of India were preoccupied with the study and exposition of some religious system or other. All facilities were provided for those more spiritually inclined to lead holy lives in solitude in accordance with their tempera- ments and most of these teachers had large followings of disci- ples. So it was not difficult for the ascetic Gotama to find another religious teacher who was more competent than the former.,"ନିଜ ସ୍ୱଭାବ ଅନୁସାରେ ନିଃସଙ୍ଗରେ ଜୀବନ ଯାପନ କରିବା ପ୍ରତି ଆଧ୍ୟାତ୍ମିକ ଭାବରେ ଆକୃଷ୍ଟ ହୋଇଥିବା ବ୍ୟକ୍ତିମାନଙ୍କ ପାଇଁ ସମସ୍ତ ସୁବିଧାସୁଯୋଗ ଯୋଗାଇ ଦିଆଯାଇଥିଲା, ଏବଂ ଏହି ଗୁରୁମାନଙ୍କ ମଧ୍ୟରୁ ଅଧିକାଂଶଙ୍କର ଅନେକ ଅନୁଗାମୀ ଶିଷ୍ୟ ରହିଥିଲେ ।"
In those happy days when there were no political distur- bances the intellectuals of India were preoccupied with the study and exposition of some religious system or other. All facilities were provided for those more spiritually inclined to lead holy lives in solitude in accordance with their tempera- ments and most of these teachers had large followings of disci- ples. So it was not difficult for the ascetic Gotama to find another religious teacher who was more competent than the former.,"ତେଣୁ, ସନ୍ନ୍ୟାସୀ ଗୌତମଙ୍କ ପାଇଁ ଅନ୍ୟ ଜଣେ ଧର୍ମ ଗୁରୁ ଖୋଜି ପାଇବା କଷ୍ଟକର ନଥିଲା, ଯିଏକି ପୂର୍ବତନଙ୍କ ଠାରୁ ଅଧିକ ସୁଦକ୍ଷ ଥିଲେ ।"
Jainism has laid down and described in much detail these five great vows for the path of liberation. These are to be observed strictly and entirely by the monks and nuns. The partial observance is laid down for the householders with additional seven vows.,"ଗୃହସ୍ଥ ମାନଙ୍କ ପାଇଁ ଆଂଶିକ ପାଳନ ବିଧି ପ୍ରଣୟନ କରାଯାଇଛି, ସାତୋଟି ଅତିରିକ୍ତ ଶପଥ ସହିତ ।"
"Likewise, the second grade, the Airyamna or friend, is attacked by those who slander him such persons should be kept away from him. And as far as the workers on the ground are concerned, since there will be opposition at home from members of the old faith, they should be protected. Further, the first two grades are exhorted to live according to the spiritual law received by them so that they can set a good example to the last grade, which is the worker.","ସେହିପରି, ଦ୍ଵିତୀୟ ସ୍ତରଧାରୀ, 'ଐର୍ଯ୍ୟାମାନ୍', ବା 'ବନ୍ଧୁ'ଜଣକଙ୍କୁ, ତାଙ୍କୁ ନିନ୍ଦା କରୁଥିବା ବ୍ୟକ୍ତିମାନଙ୍କ ଦ୍ଵାରା ଆକ୍ରମଣ କରାଯାଏ; ଏହିଭଳି ବ୍ୟକ୍ତିମାନଙ୍କୁ ତାଙ୍କଠାରୁ ଦୂରରେ ରଖାଯିବା ଉଚିତ୍‌ ।"
"Meditation on Nam burns countless sins. Singing the glory of the Lord through the Divine Word, can redeem a repentant sinner and, thus, doctrine of Karma ceases to operate. Such is the splendor of Guru Nanak's doctrine of God's Grace and Compassion.","'ଡିଭାଇନ୍‌ ୱର୍ଡ୍‌' ମାଧ୍ୟମରେ ଈଶ୍ଵରଙ୍କ ମହିମା ଗାନ ଜଣେ ଅନୁତପ୍ତ ପାପୀକୁ ଉଦ୍ଧାର କରିପାରେ, ଏବଂ, ଏଥିପାଇଁ, କର୍ମର ସିଦ୍ଧାନ୍ତ କାର୍ଯ୍ୟ କରିବା ବନ୍ଦ କରିଥାଏ ।"
"One very important aspect of spreading the revelation received from Almighty God is the instrument by which it is to be spread the Magha brotherhood. This brotherhood consists of three grades the highest is the Xvaitu, who is no longer in need of religious instruction but is self-reliant; the Airyamna or friend who befriends persons so that they do not go astray; and the Verezanah, or the worker who is the active field worker on the ground, who is to spread the faith. Thus, in a significant verse, those who are self-reliant in the first rung of the Magha brotherhood should beware of perverse thought the idea being that humility and not arrogance ought to be followed by persons who have reached the highest grade.","ସର୍ବୋଚ୍ଚଜଣକ ହେଉଛନ୍ତି 'ଖ୍ୱାଇତୁ', ଯିଏକି ସ୍ଵୟଂ-ସମ୍ପୂର୍ଣ୍ଣ ଅଟନ୍ତି ଏବଂ ଆଉ ଧାର୍ମିକ ମାର୍ଗଦର୍ଶନ ଆବଶ୍ୟକ କରନ୍ତି ନାହିଁ; 'ଐର୍ଯ୍ୟମାନ୍‌', ବା 'ବନ୍ଧୁ', ଯିଏକି ଲୋକମାନଙ୍କୁ କୁପଥରେ ଯିବାରୁ ରକ୍ଷା କରିବାକୁ ସେମାନଙ୍କ ସହିତ ବନ୍ଧୁତ୍ଵ ସ୍ଥାପନ କରନ୍ତି; ଏବଂ 'ବେରେଜାନା', ବା 'ଶ୍ରମିକ', ଯିଏକି କ୍ଷେତ୍ର ଉପରେ ଥିବା ସକ୍ରିୟ କ୍ଷେତ୍ର କାର୍ଯ୍ୟକର୍ତ୍ତା ଅଟନ୍ତି ତଥା ଯାହାଙ୍କୁ ବିଶ୍ଵାସ ସଞ୍ଚାର କରିବାର ଥାଏ ।"
"The Buddha cites this illustration of fire and adds that the question is wrongly put. One may be confused. But, it is not surprising.",ବୁଦ୍ଧ ନିଆଁର ଏହି ଉଦାହରଣଟିକୁ ଉଦ୍ଧୃତ କରିଛନ୍ତି ଏବଂ ଆହୁରି ମଧ୍ୟ କହିଛନ୍ତି ଯେ ପ୍ରଶ୍ନଟିକୁ ଭୁଲ୍‌ ଭାବରେ ଉପସ୍ଥାପିତ କରାଯାଇଛି ।
"The Buddha says it is not right to state that an Arahant exists nor does not exist after death. If, for in- stance, a fire burns and is extinguished, one cannot say that it went to any of the four directions. When no more fuel is added, it ceases to burn.",ବୁଦ୍ଧ କହିଛନ୍ତି ଜଣେ 'ଅର୍ହତ' ମୃତ୍ୟୁ ପରେ ବିଦ୍ୟମାନ ରହନ୍ତି କିମ୍ବା ବିଦ୍ୟମାନ ରହନ୍ତି ନାହିଁ ବୋଲି କହିବା ଉଚିତ୍ ନୁହେଁ ।
"The Buddha was the first most active missionary in the world. He wandered from place to place for forty-five years preaching His doctrine to the masses and the intelligentsia. Till His last moment, He served humanity both by example and by precept.","ତାଙ୍କର ଶେଷ ମୁହୂର୍ତ୍ତ ପର୍ଯ୍ୟନ୍ତ, ସେ ଉଭୟ ଉଦାହରଣ ଏବଂ ନୀତି-ଉପଦେଶ ଦ୍ଵାରା ମାନବଜାତିର ସେବା କରିଥିଲେ ।"
"The basic intent of this vow is to conquer passion and to prevent the wastage of energy. Positively stated, the vow is meant to impart the sense of serenity to the soul. In this vow, the householder must not have a sensual relationship with anybody but his own lawfully wedded spouse.","ଏହି ଶପଥଟିରେ, ଗୃହସ୍ଥଜଣକଙ୍କର ନିଜର ଆଇନସମ୍ମତରୂପେ ବିବାହିତା ପତ୍ନୀଙ୍କ ବ୍ୟତୀତ ଅନ୍ୟ କାହା ସହିତ ଇନ୍ଦ୍ରିୟାସକ୍ତ ସମ୍ପର୍କ ନଥିବା ଉଚିତ୍‌ ।"
"The battle rages for eighteen days and ends with the defeat of the Kauravas. All the Kauravas die; only the ve Pandava brothers and Krishna survive. The six set out for heaven together, but all die on the way, except Yudhishthira, who reaches the gates of heaven accompanied only by a small dog, who turns out to be an incarnation of the god Dharma.","ଛଅଜଣ ଯାକ ସ୍ଵର୍ଗ ଅଭିମୁଖେ ଯାତ୍ରା ଆରମ୍ଭ କରିଛନ୍ତି, ମାତ୍ର ଯୁଧିଷ୍ଠିରଙ୍କ ବ୍ୟତୀତ ସମସ୍ତେ ରାସ୍ତାରେ ମୃତ୍ୟୁବରଣ କରିଛନ୍ତି, ଯିଏକି କେବଳ ଏକ କ୍ଷୁଦ୍ର କୁକୁର ସହିତ ସ୍ୱର୍ଗର ଦ୍ଵାରଦେଶରେ ପହଞ୍ଚିଛନ୍ତି, ଯିଏକି ଧର୍ମ ଦେବତାଙ୍କର ଏକ ଅବତାର ବୋଲି ଜଣା ପଡ଼େ ।"
"The idealistic approach of Sikhism is that it recognizes the existence of the same heavenly Light in every human being, rich or poor, high or low irrespective of caste, creed, color, race, sex, religion or nationality. Therefore the doors of the Sikh temple called Gurdwara (House of the Guru) are open for all in this world without any prejudice or social discrimination. Every person in this world has equal right to enter and join the services in the Gurdwara.","ଶିଖ୍‌ଧର୍ମର ଆଦର୍ଶ ଆଭିମୁଖ୍ୟଟି ହେଲା ଏହା ଜାତି, ଧର୍ମମତ, ରଙ୍ଗ, ବର୍ଣ୍ଣ, ଲିଙ୍ଗ, ଧର୍ମ, କିମ୍ବା ଜାତୀୟତା ନିର୍ବିଶେଷରେ, ଧନୀ ଅଥବା ଗରିବ, ଉଚ୍ଚ ଅଥବା ନୀଚ ହୋଇଥିବା, ପ୍ରତ୍ୟେକ ମଣିଷ ମଧ୍ୟରେ ସେହି ସମାନ ସ୍ଵର୍ଗୀୟ ଆଲୋକର ଅସ୍ତିତ୍ୱକୁ ଚିହ୍ନିପାରେ ।"
"The idealistic approach of Sikhism is that it recognizes the existence of the same heavenly Light in every human being, rich or poor, high or low irrespective of caste, creed, color, race, sex, religion or nationality. Therefore the doors of the Sikh temple called Gurdwara (House of the Guru) are open for all in this world without any prejudice or social discrimination. Every person in this world has equal right to enter and join the services in the Gurdwara.","ସୁତରାଂ, ଶିଖ୍‌ ମନ୍ଦିରର ଦ୍ୱାର, ଯାହାକୁ 'ଗୁରୁଦ୍ୱାର' (ଗୁରୁଙ୍କର ଘର) ବୋଲି କୁହାଯାଏ, ଏହି ବିଶ୍ଵରେ ବିନା କୌଣସି ପକ୍ଷପାତ ଅଥବା ସାମାଜିକ ଭେଦଭାବରେ ସମସ୍ତଙ୍କ ପାଇଁ ଉନ୍ମୁକ୍ତ ।"
The law of Karma or fatalism is repugnant to Sikh Religion as it does not reconcile with the merciful trait of the Almighty Lord. There is no such thing in Sikhism as eternal damnation or an everlasting pit of fire created by the revengeful God. Guru's grace erases the blot of thousands of evil deeds of the past and the present. It is also the savior of the future.,ଏହା ଭବିଷ୍ୟତର ରକ୍ଷାକର୍ତ୍ତା ମଧ୍ୟ।
"The mode of revelation is pointed out in some of these verses, which is the Pure Mind entering Zarathustra and telling him what he should tell mankind. In an interesting verse, he lays down two important principles one, to fight evil to the extent that one is capable of so doing, and second, to pray to Fire being the physical embodiment of a spiritual being, namely Truth. In perhaps the most important verse in the Gathas, Chapter 45 Verse 8, Prophet Zarathustra finally gets to perceive Almighty God himself with his minds eye, pursuant to which the Holy Trinity of good thoughts, good words, and good deeds is laid down as the path of truth which mankind is to follow.","'ଗାଥାସ୍' ର ସମ୍ଭବତଃ ସବୁଠାରୁ ଅଧିକ ଗୁରୁତ୍ଵପୂର୍ଣ୍ଣ ପଦ, ଅଧ୍ୟାୟ ୪୫, ପଦ ୮ ରେ, ମହାପୁରୁଷ ଜରାଥୁଷ୍ଟ୍ରା ଶେଷରେ ସର୍ବଶକ୍ତିମାନ୍ ଈଶ୍ୱରଙ୍କୁ ନିଜ ମାନସ ଚକ୍ଷୁରେ ପ୍ରତ୍ୟକ୍ଷ ଅନୁଭବ କରିବାକୁ ପାଇଛନ୍ତି, ଯାହା ଅନୁଯାୟୀ, ଉତ୍ତମ ବିଚାର, ଉତ୍ତମ ଶବ୍ଦ ଏବଂ ଉତ୍ତମ କର୍ମ ପ୍ରଭୃତି 'ପବିତ୍ର ତ୍ରିତ୍ୱ'କୁ ସତ୍ୟର ମାର୍ଗ ଭାବରେ ନିର୍ଦ୍ଦିଷ୍ଟ କରାଯାଇଛି ଯାହାକି ମାନବଜାତିକୁ ଅନୁସରଣ କରିବାର ଅଛି ।"
"The mode of revelation is pointed out in some of these verses, which is the Pure Mind entering Zarathustra and telling him what he should tell mankind. In an interesting verse, he lays down two important principles one, to fight evil to the extent that one is capable of so doing, and second, to pray to Fire being the physical embodiment of a spiritual being, namely Truth. In perhaps the most important verse in the Gathas, Chapter 45 Verse 8, Prophet Zarathustra finally gets to perceive Almighty God himself with his minds eye, pursuant to which the Holy Trinity of good thoughts, good words, and good deeds is laid down as the path of truth which mankind is to follow.","ଏହି ପଦଗୁଡ଼ିକ ମଧ୍ୟରୁ କେତେକରେ ଐଶୀସତ୍ୟ ପ୍ରକଟନର ରୀତିକୁ ନିର୍ଦ୍ଦେଶ କରାଯାଇଛି; ତାହା ହେଉଛି ପବିତ୍ରମନା ଈଶ୍ଵର ଜରାଥୁଷ୍ଟ୍ରାଙ୍କ ମଧ୍ୟରେ ପ୍ରବେଶ କରୁଛନ୍ତି ଏବଂ ସେ ମାନବଜାତିକୁ କ'ଣ କହିବା ଉଚିତ୍‌, ତାଙ୍କୁ କହୁଛନ୍ତି ।"
"The other person mentioned by name is Grehma, who may well have been some evil priest or king. He is said to doom life to death, but once reformed by suffering will ask to be instructed correctly. The third person mentioned by name is Bendva, who again is said to be both a liar and duplicitous by nature, thus leading Zarathustra to forbid his flock from associating with such persons in general.","ତୃତୀୟ ବ୍ୟକ୍ତିଜଣକ, ଯାହାଙ୍କ ନାମର ଉଲ୍ଲେଖ ରହିଛି, ସେ ହେଉଛନ୍ତି ବେନ୍ଦ୍‌ବା, ଯିଏକି ପୁନଶ୍ଚ ଉଭୟ ଜଣେ ମିଥ୍ୟାବାଦୀ ଏବଂ ସ୍ଵଭାବତଃ ପ୍ରବଞ୍ଚକ, ତେଣୁ ଜରାଥୁଷ୍ଟ୍ରା ତାଙ୍କ ଜନଗୋଷ୍ଠୀକୁ ସାଧାରଣତଃ ଏପରି ବ୍ୟକ୍ତିମାନଙ୍କ ସାହଚର୍ଯ୍ୟରେ ଆସିବାକୁ ବାରଣ କରିଥିଲେ।"
"The rest of the Gita deepens and supplements the ideas presented before the epiphanythe importance of self-control and faith, of equanimity and unselshness, but above all, of bhakti, or devotion. Krishna explains to Arjuna how he can obtain immortality by transcending the properties which qualify not only primordial matter, but also human character and behavior. Krishna also emphasizes the importance of doing ones duty, declaring that it is better to do ones own duty without distinction than to do anothers duty well.","ଗୀତାର ଅବଶିଷ୍ଟାଂଶ ଖ୍ରୀଷ୍ଟଙ୍କ ଆବିର୍ଭାବ ପୂର୍ବରୁ ଆତ୍ମସଂଯମ ଓ ବିଶ୍ଵାସ, ସମଚିତ୍ତତା ଓ ନିଃସ୍ୱାର୍ଥପରତା, ପରନ୍ତୁ ସର୍ବୋପରି 'ଭକ୍ତି', ବା ଶ୍ରଦ୍ଧାର ଗୁରୁତ୍ୱ ସମ୍ପର୍କରେ ଉପସ୍ଥାପିତ କଥାଗୁଡ଼ିକୁ ଅଧିକ ଗଭୀର ତଥା ପରିପୂର୍ଣ୍ଣ କରିଥାଏ ।"
"The verses chosen below refer only to the holy spirit Angra Mainyu being spoken about in the two great sermons of Zarathustra which will be set out a little later. In these verses, Zarathustra chooses to be like Spenta Mainyu, who is equated with the highest that any human mind can achieve. This spirit speaks in accordance with the Pure Minds revelations and fulfills the tasks that any right-minded person must do, inspired by the fact that God alone is the Father of Truth.","ଏହି ପଦଗୁଡ଼ିକରେ, ଜରାଥୁଷ୍ଟ୍ରା ସ୍ପେଣ୍ଟା ମେଇନ୍ୟୁଙ୍କ ପରି ହେବାକୁ ବାଛି ନିଅନ୍ତି, ଯାହାଙ୍କୁକି ଯେକୌଣସି ମନୁଷ୍ୟ ମନ ହାସଲ କରିପାରୁଥିବା ସର୍ବୋଚ୍ଚ ସ୍ତର ସହିତ ସମାନ ବୋଲି ବିବେଚନା କରାଯାଏ ।"
"Then he takes Arjuna on a tour of philosophical ideas and ways of salvation. He discusses the nature of theory and action, the importance of ritual, the ultimate principle, Brahman, all the while gradually disclosing his own nature as the highest god. This part of the Gita culminates in an overwhelming vision: Krishna allows Arjuna to see his supernal form, the Vishvarupa, which strikes terror into Arjunas heart.",ତା'ପରେ ସେ ଅର୍ଜୁନଙ୍କୁ ଦାର୍ଶନିକ ଅବଧାରଣାଗୁଡ଼ିକ ତଥା ନିର୍ବାଣର ମାର୍ଗଗୁଡ଼ିକର ଏକ ଯାତ୍ରାରେ ନେଇ ଯାଆନ୍ତି ।
"Then he takes Arjuna on a tour of philosophical ideas and ways of salvation. He discusses the nature of theory and action, the importance of ritual, the ultimate principle, Brahman, all the while gradually disclosing his own nature as the highest god. This part of the Gita culminates in an overwhelming vision: Krishna allows Arjuna to see his supernal form, the Vishvarupa, which strikes terror into Arjunas heart.","ଗୀତାର ଏହି ଅଂଶଟି ଏକ ଭାବାଭିଭୂତ ଅନ୍ତର୍ଦୃଷ୍ଟିରେ ଶୀର୍ଷରେ ପହଞ୍ଚିଛି: କୃଷ୍ଣ ଅର୍ଜୁନଙ୍କୁ ନିଜର ଦିବ୍ୟ ରୂପ, 'ବିଶ୍ଵରୂପ' ଦେଖିବାକୁ ଅନୁମତି ଦେଇଛନ୍ତି, ଯାହାକି ଅର୍ଜୁନଙ୍କ ହୃଦୟରେ ଭୟ ସଞ୍ଚାର କରିଛି ।"
"Then there was a bastard king, Darius Nothos; Nothos means the son of somebody who is illegitimate, like William the Conqueror. Then we have Artaxerxes II, the man who was thoughtful (Mnemon). We have the Great Battle of Cunaxa in 400 BC fought against his brother Cyrus the Younger where he defeats him, and then we have Artaxerxes III, Arsaces.","ସେତେବେଳେ ଜଣେ ଜାରଜ ରାଜା, ଡାରିୟସ୍‌ ନୋ'ଥୋସ୍‌ ଥିଲେ; 'ନୋ'ଥୋସ୍‌'ର ଅର୍ଥ ହେଉଛି କୌଣସି ଜଣେ ବ୍ୟକ୍ତିଙ୍କର ପୁତ୍ର, ଯିଏକି 'ୱିଲିୟମ୍‌ ଦି କଙ୍କରର୍'ଙ୍କ ଭଳି ଜାରଜ ।"
"Then there was a bastard king, Darius Nothos; Nothos means the son of somebody who is illegitimate, like William the Conqueror. Then we have Artaxerxes II, the man who was thoughtful (Mnemon). We have the Great Battle of Cunaxa in 400 BC fought against his brother Cyrus the Younger where he defeats him, and then we have Artaxerxes III, Arsaces.","ତା'ପରେ ଆମର ଆର୍ତଜର୍କ୍ସିଜ୍-୨ୟ ରହିଛନ୍ତି, ସେହି ବ୍ୟକ୍ତି ଯିଏକି ବିଚାରବନ୍ତ ଥିଲେ ।"
"Three persons are singled out by name. The first is Yima, who is none other than the famous King Jamshed after whom the Navroz festival on 21st March of every year is named. He is said to have illumined the material side of this earth instead of the spiritual, and is thus condemned by Zarathustra.",ସେ ପୃଥିବୀର ଆଧ୍ୟାତ୍ମିକ ପରିବର୍ତ୍ତେ ପାର୍ଥିବ ପାର୍ଶ୍ୱଟିକୁ ଆଲୋକିତ କରିଥିବାର କୁହାଯାଏ ଏବଂ ଏଥିପାଇଁ ଜରାଥୁଷ୍ଟ୍ରାଙ୍କ ଦ୍ଵାରା ନିନ୍ଦିତ ହୁଅନ୍ତି ।
"Three persons are singled out by name. The first is Yima, who is none other than the famous King Jamshed after whom the Navroz festival on 21st March of every year is named. He is said to have illumined the material side of this earth instead of the spiritual, and is thus condemned by Zarathustra.","ପ୍ରଥମ ଜଣକ ହେଉଛନ୍ତି 'ୟିମା', ଯିଏକି ଆଉ କେହି ନୁହେଁ, ବରଂ ପ୍ରସିଦ୍ଧ ସମ୍ରାଟ ଜାମସେଦ୍‌, ଯାହାଙ୍କ ନାମରେ ପ୍ରତିବର୍ଷ ୨୧ ମାର୍ଚ୍ଚର ନୌରୋଜ୍ ଉତ୍ସବଟି ନାମିତ ହୋଇଛି ।"
"To remove this delusion, one takes the vow of non-possession and realizes the perfection of the soul. One must impose a limit on one's needs, acquisitions and possessions such as land, real estate, goods, valuables, animals, money etc. All surplus should be used for the common good.","ଏହି ଭ୍ରାନ୍ତ ଧାରଣାକୁ ହଟାଇବାକୁ, ଜଣେବ୍ୟକ୍ତି ଅପରିଗ୍ରହର ଶପଥ ନେଇଥାଏ ଏବଂ ଆତ୍ମାର ପରିପୂର୍ଣ୍ଣତାକୁ ହୃଦୟଙ୍ଗମ କରିଥାଏ ।"
"Unlike the nagara temple, the Dravida temple is enclosed within a compound wall. The front wall has an entrance gateway in its centre, known as gopuram. The shape of the main temple tower known as Vimna is similar to a stepped pyramid that rises up geometrically rather than the curving ikhara of north India.","'ନାଗର ମନ୍ଦିର' ଠାରୁ ଭିନ୍ନ ଭାବରେ, 'ଦ୍ରାବିଡ଼ ମନ୍ଦିର'ଟି ଏକ ଚୌହଦୀ ମଧ୍ୟରେ ଆବଦ୍ଧ ହୋଇ ରହିଥାଏ ।"
"We have already seen how Mother Earth wanted a protector to be appointed and how Zarathustra was so appointed. In one verse, he describes himself as a Ratu, with characteristic humility. However, he is really a Soshyant who has come with a message from God to save mankind from evil.","ମାତ୍ର, ସେ ହେଉଛନ୍ତି ଜଣେ ସାଓଶ୍ୟାନ୍ତ୍, ଯିଏକି ମାନବଜାତିକୁ ମନ୍ଦତା ଠାରୁ ରକ୍ଷା କରିବା ପାଇଁ ଭଗବାନଙ୍କ ଠାରୁ ଏକ ବାର୍ତ୍ତା ସହିତ ଆସିଛନ୍ତି ।"
"We have already seen how Mother Earth wanted a protector to be appointed and how Zarathustra was so appointed. In one verse, he describes himself as a Ratu, with characteristic humility. However, he is really a Soshyant who has come with a message from God to save mankind from evil.",ଆମେ ଜାଣିସାରିଛେ ଯେ ଧରିତ୍ରୀ ମାତା କିପରି ଜଣେ ରକ୍ଷାକର୍ତ୍ତା ନିଯୁକ୍ତ ହେବାକୁ ଚାହିଁଥିଲେ ଏବଂ କିପରି ଜରାଥୁଷ୍ଟ୍ରା ସେଥିପାଇଁ ନିଯୁକ୍ତ ହୋଇଥିଲେ ।
"When Arjuna refuses to ght, Krishna has no patience with him. Only when he realizes the extent of Arjunas despondency does Krishna change his attitude and start teaching the mysteries of dharmic action in this world. He introduces Arjuna to the structure of the universe, the concepts of prakriti, primordial nature, and the three gunas, the properties that are active in prakriti.","ଯେତେବେଳେ ଅର୍ଜୁନ ଯୁଦ୍ଧ କରିବାକୁ ଅନିଚ୍ଛା ପ୍ରକାଶ କରନ୍ତି, ସେତେବେଳେ କୃଷ୍ଣଙ୍କର ତାଙ୍କ ପ୍ରତି ଆଦୌ ଧୈର୍ଯ୍ୟ ରହେନାହିଁ ।"
"oneveryimportantaspectofspreadingtherevelationreceivedfromalmightygodistheinstrumentbywhichitistobespreadthemaghabrotherhood.thisbrotherhoodconsistsofthreegradesthehighestisthexvaitu,whoisnolongerinneedofreligiousinstructionbutisself-reliant;theairyamnaorfriendwhobefriendspersonssothattheydonotgoastray;andtheverezanah,ortheworkerwhoistheactivefieldworkerontheground,whoistospreadthefaith.thus,inasignificantverse,thosewhoareself-reliantinthefirstrungofthemaghabrotherhoodshouldbewareofperversethoughttheideabeingthathumilityandnotarroganceoughttobefollowedbypersonswhohavereachedthehighestgrade.","ତେଣୁ, ଏକ ଗୁରୁତ୍ଵପୂର୍ଣ୍ଣ ପଦରେ, ଯେଉଁମାନେ ମାଘା ଭ୍ରାତୃ-ସମ୍ପ୍ରଦାୟର ପ୍ରଥମ ସୋପାନରେ ଆତ୍ମନିର୍ଭରଶୀଳ ଅଟନ୍ତି, ସେମାନେ ବିକୃତ ଚିନ୍ତାଧାରା ପ୍ରତି ସାବଧାନ ରହିବା ଉଚିତ୍‌; କଥାଟି ହେଲା ସର୍ବୋଚ୍ଚ ସ୍ତରରେ ପହଞ୍ଚି ଯାଇଥିବା ଲୋକମାନଙ୍କ ଦ୍ଵାରା ଦାମ୍ଭିକତା ନୁହେଁ ବରଂ ନମ୍ରତା ବଜାୟ ରଖାଯିବା ଉଚିତ୍‌ ।"
"""During the Tokyo Olympic cycle, I would go to a psychologist, but I never made it a priority and didn't look after my body. Now I speak to psychologists regularly because it is draining. Training every day, you have stress from the outside and other people, and you still need to focus because you have goals in mind.""","ଟୋକିଓ ଅଲିମ୍ପିକ୍‌ ଚକ୍ର ସମୟରେ, ମୁଁ ଜଣେ ମନସ୍ତତ୍ତ୍ୱବିତ୍‌ଙ୍କ ପାଖକୁ ଯାଉଥିଲି, ମାତ୍ର ମୁଁ କଦାପି ଏହାକୁ ଅଗ୍ରଗଣ୍ୟତା ଦେଇନଥିଲି ଏବଂ ମୋ ଶରୀରର ଯତ୍ନ ନେଉନଥିଲି ।"
"""I still needed to train hard. I still needed to find funding. It's great to be an Olympian, but there is the stress and anxiety afterwards.",ମୋର ତଥାପି କଠିନ ଅଭ୍ୟାସ କରିବା ଆବଶ୍ୟକ ଥିଲା ।
"""I still needed to train hard. I still needed to find funding. It's great to be an Olympian, but there is the stress and anxiety afterwards.","ଜଣେ ଅଲିମ୍ପିକ୍ ପ୍ରତିଯୋଗୀ ହେବା ବହୁତ ବଡ଼ କଥା, ମାତ୍ର ପରବର୍ତ୍ତୀ ସମୟରେ ଚିନ୍ତା ଏବଂ ଉଦ୍‌ବେଗ ରହିଥାଏ ।"
"""It is after the Olympic Games that it hit me the most. It felt like I was almost not at the Olympic Games. And yes, you are an Olympian, but what do you get for it?","ଆଉ ହଁ, ଆପଣ ଜଣେ ଅଲିମ୍ପିକ୍‌ ପ୍ରତିଯୋଗୀ, କିନ୍ତୁ ଏଥିପାଇଁ ଆପଣଙ୍କୁ କ'ଣ ମିଳେ ?"
"""That was for my grandad, Niall,"" Walsh said afterwards. ""I didnt achieve it before he died in 2014. I felt he was there with me watching over me tonight.""","୨୦୧୪ ମସିହାରେ ସେ ମୃତ୍ୟୁବରଣ କରିବା ପୂର୍ବରୁ, ମୁଁ ଏହା ହାସଲ କରିନଥିଲି ।"
"""That was for my grandad, Niall,"" Walsh said afterwards. ""I didnt achieve it before he died in 2014. I felt he was there with me watching over me tonight.""","ମୋତେ ଅନୁଭୂତ ହେଲା ଯେ ଆଜି ରାତିରେ, ସେ ମୋ ସାଙ୍ଗରେ ରହି, ମୋର ଯତ୍ନ ନେଉଥିଲେ ।"
"A penalty kick is awarded for offences taking place in the penalty and goal areas. A nominated member of the team is allowed to strike at goal from the penalty spot, with only the goalkeeper to beat. The goalkeeper must remain on his line until the ball has been kicked, and all other players must be outside the penalty area behind the penalty spot.","ଦଳଟିର ଜଣେ ମନୋନୀତ ସଦସ୍ୟଙ୍କୁ ପେନାଲ୍‌ଟି ସ୍ପଟ୍‌ ଠାରୁ ଗୋଲ୍‌ ହାସଲ ଉଦ୍ଦେଶ୍ୟରେ ମାରିବାକୁ ଅନୁମତି ଦିଆଯାଏ, ଯେତେବେଳେକି ପରାଜିତ କରିବାକୁ କେବଳ ଗୋଲ୍‌କିପର ରହିଥାନ୍ତି ।"
"A penalty kick is awarded for offences taking place in the penalty and goal areas. A nominated member of the team is allowed to strike at goal from the penalty spot, with only the goalkeeper to beat. The goalkeeper must remain on his line until the ball has been kicked, and all other players must be outside the penalty area behind the penalty spot.","ଗୋଲ୍‌କିପର୍‌ଙ୍କୁ ବଲ୍‌ଟିକୁ ପଦାଘାତ କରାଯିବା ପର୍ଯ୍ୟନ୍ତ ନିଜ ଲାଇନ୍‌ ଉପରେ ରହିବାକୁ ପଡ଼ିଥାଏ, ଏବଂ ଅନ୍ୟ ସମସ୍ତ ଖେଳାଳିଙ୍କୁ ପେନାଲ୍‌ଟି ସ୍ପଟ୍‌ର ପଛରେ ରହିଥିବା ପେନାଲ୍‌ଟି କ୍ଷେତ୍ରର ବାହାରେ ରହିବାକୁ ପଡ଼େ ।"
"A team game means organised physical activity with players working together towards a shared objective. In team games a group of individuals in the same team, work together to achieve the objective of being the winners of the game. Team members set points and scores, make decisions, communicate among themselves, manage conflicting situations, and solve problems in a supportive, trusting atmosphere in order to achieve their objectives.",'ଦଳଗତ କ୍ରୀଡ଼ା'ର ଅର୍ଥ ହେଉଛି ସୁସଙ୍ଗଠିତ ଶାରୀରିକ କାର୍ଯ୍ୟକଳାପ ଯେଉଁଥିରେକି କ୍ରୀଡ଼ାବିତ୍‌ମାନେ ଏକ ସାମୂହିକ ଲକ୍ଷ୍ୟ ଦିଗରେ ଏକାଠି କାର୍ଯ୍ୟ କରିଥାନ୍ତି।
"A team game means organised physical activity with players working together towards a shared objective. In team games a group of individuals in the same team, work together to achieve the objective of being the winners of the game. Team members set points and scores, make decisions, communicate among themselves, manage conflicting situations, and solve problems in a supportive, trusting atmosphere in order to achieve their objectives.","ଦଳୀୟ କ୍ରୀଡ଼ାଗୁଡ଼ିକରେ, ସମାନ ଦଳରେ ଥିବା ଦଳେ ବ୍ୟକ୍ତି କ୍ରୀଡ଼ାଟିରେ ବିଜେତା ହେବାର ଲକ୍ଷ୍ୟଟିକୁ ହାସଲ କରିବା ପାଇଁ ଏକତ୍ର କାର୍ଯ୍ୟ କରିଥାନ୍ତି ।"
"A team game means organised physical activity with players working together towards a shared objective. In team games a group of individuals in the same team, work together to achieve the objective of being the winners of the game. Team members set points and scores, make decisions, communicate among themselves, manage conflicting situations, and solve problems in a supportive, trusting atmosphere in order to achieve their objectives.","ଦଳର ସଦସ୍ୟମାନେ ନିଜର ଲକ୍ଷ୍ୟ ହାସଲ କରିବା ନିମନ୍ତେ ପଏଣ୍ଟ୍‌ ଏବଂ ସ୍କୋର୍‌ ଧାର୍ଯ୍ୟ କରନ୍ତି, ନିଷ୍ପତ୍ତି ଗ୍ରହଣ କରନ୍ତି, ପରସ୍ପରଙ୍କ ମଧ୍ୟରେ ଯୋଗସୂତ୍ର ରକ୍ଷା କରନ୍ତି, ପ୍ରତିକୂଳ ପରିସ୍ଥିତିଗୁଡ଼ିକର ପରିଚାଳନା କରନ୍ତି, ଏବଂ ଏକ ଉତ୍ସାହ ପ୍ରଦାନକାରୀ, ବିଶ୍ୱାସଯୁକ୍ତ ପରିବେଶରେ ସମସ୍ୟାଗୁଡ଼ିକର ସମାଧାନ କରିଥାନ୍ତି ।"
"Although she had achieved almost everything she had dreamt about as a young girl, Whitebooi was left with a sense of discontent after Tokyo. The global pandemic has taken some shine off the experience of the Olympics. Whitebooi recovered from COVID-19 in the buildup to the showpiece, was knocked out in her first round, and left Tokyo with only a tiny taste of competing at the Games and life in the athlete's village.","ଯଦିଓ ସେ କିଶୋରୀ ଥିବା ବେଳେ ସ୍ୱପ୍ନ ଦେଖିଥିବା ପ୍ରାୟତଃ ସବୁକିଛି ହାସଲ କରିନେଇଥିଲେ, ଟୋକିଓ ପ୍ରତିଯୋଗିତା ପରେ ହ୍ଵାଇଟ୍‌ବୁଇଙ୍କ ମନରେ ଅସନ୍ତୋଷ ରହିଯାଇଥିଲା ।"
"Although she had achieved almost everything she had dreamt about as a young girl, Whitebooi was left with a sense of discontent after Tokyo. The global pandemic has taken some shine off the experience of the Olympics. Whitebooi recovered from COVID-19 in the buildup to the showpiece, was knocked out in her first round, and left Tokyo with only a tiny taste of competing at the Games and life in the athlete's village.",ବିଶ୍ୱବ୍ୟାପୀ ମହାମାରୀଟି 'ଅଲିମ୍ପିକ୍‌ସ୍‌'ର ଅନୁଭୂତିରୁ କିଛି ଚମକ ଛଡ଼ାଇ ନେଇଛି ।
"During a demonstration game, someone remarked that the players seemed to be volleying the ball back and forth over the net, and perhaps volleyball would be a more descriptive name for the sport. The game of Volleyball was invented by William G. Morgan in the year 1895 in Holyoke, Massachusetts by YMCA (USA).","ଏକ ପ୍ରଦର୍ଶନ ଖେଳରେ, କେହିଜଣେ ମନ୍ତବ୍ୟ ଦେଲେ ଯେ ଖେଳାଳିମାନେ ବଲ୍‌ଟିକୁ ନେଟ୍‌ ଉପରେ ଆଗକୁ ଏବଂ ପଛକୁ ଶୂନ୍ୟରେ ମାରୁଥିବା ପରି ଜଣାପଡ଼ୁଛି, ଏବଂ ବୋଧହୁଏ ଉକ୍ତ ଖେଳଟି ପାଇଁ, 'ଭଲିବଲ୍‌' ଏକ ଅଧିକ ବର୍ଣ୍ଣନାତ୍ମକ ନାମ ହେବ ।"
"During a demonstration game, someone remarked that the players seemed to be volleying the ball back and forth over the net, and perhaps volleyball would be a more descriptive name for the sport. The game of Volleyball was invented by William G. Morgan in the year 1895 in Holyoke, Massachusetts by YMCA (USA).",ଭଲିବଲ୍‌ ଖେଳଟି ୱିଲିୟମ୍‌ ଜି. ମୋର୍ଗାନ୍‌ଙ୍କ ଦ୍ଵାରା ୧୮୯୫ ମସିହାରେ ୱାଇ.ଏମ୍‌.ସି.ଏ. (ଯୁକ୍ତରାଷ୍ଟ୍ର ଆମେରିକା) ନିକଟରେ ଥିବା ମାସାଚୁସେଟ୍‌ସ୍‌ର ହୋଲିୟୋକ୍‌ ଠାରେ ଉଦ୍ଭାବିତ ହୋଇଥିଲା ।
"Field Hockey is a team game, in which a team of players attempt to score goals by hitting/Scooping, pushing or flicking a ball into an opposing teams goal using curved sticks. However, the name Field Hockey is used in countries in which the word Hockey is generally reserved for another form of hockey, such as ice hockey or street hockey. The players should learn and practice the basic skills of dribbling, passing, tapping and hitting.","'ଫିଲ୍ଡ୍‌ ହକି' ହେଉଛି ଏକ ଖେଳ ଯେଉଁଥିରେକି ଖେଳାଳିମାନଙ୍କର ଏକ ଦଳ ବକ୍ର ବାଡ଼ିମାନ ବ୍ୟବହାର କରି ଏକ ବଲ୍‌କୁ ଆଘାତ କରି, ସ୍କୁପ୍‌ କରି, ଧକ୍କା ଦେଇ କିମ୍ବା ହାଲୁକା କ୍ଷିପ୍ର ଆଘାତ ଦେଇ ପ୍ରତିପକ୍ଷର ଖେଳାଳିମାନଙ୍କ ଗୋଲ୍‌‌କ୍ଷେତ୍ର ମଧ୍ୟକୁ ଗୋଲ୍‌ କରିବାକୁ ପ୍ରୟାସ କରିଥାଏ ।"
"Field Hockey is a team game, in which a team of players attempt to score goals by hitting/Scooping, pushing or flicking a ball into an opposing teams goal using curved sticks. However, the name Field Hockey is used in countries in which the word Hockey is generally reserved for another form of hockey, such as ice hockey or street hockey. The players should learn and practice the basic skills of dribbling, passing, tapping and hitting.","ମାତ୍ର, ""ଫିଲ୍‌ଡ୍ ହକି"" ନାମଟି ସେହି ଦେଶଗୁଡ଼ିକରେ ବ୍ୟବହୃତ ହୋଇଥାଏ ଯେଉଁଠାରେକି ""ହକି"" ଶବ୍ଦଟି ସାଧାରଣ ଭାବରେ ହକିର ଅନ୍ୟ ଏକ ପ୍ରକାର ନିମନ୍ତେ ସଂରକ୍ଷିତ ରହିଥାଏ, ଯଥା 'ଆଇସ୍‌ ହକି' କିମ୍ବା 'ଷ୍ଟ୍ରୀଟ୍ ହକି' ।"
"Field Hockey is a team game, in which a team of players attempt to score goals by hitting/Scooping, pushing or flicking a ball into an opposing teams goal using curved sticks. However, the name Field Hockey is used in countries in which the word Hockey is generally reserved for another form of hockey, such as ice hockey or street hockey. The players should learn and practice the basic skills of dribbling, passing, tapping and hitting.","ଖେଳାଳିମାନେ ଡ୍ରିବ୍‌ଲିଂ, ପାସିଂ, ଟ୍ୟାପିଂ, ଏବଂ ହିଟିଂ ପ୍ରଭୃତି ମୌଳିକ କୌଶଳଗୁଡ଼ିକୁ ଶିକ୍ଷା ତଥା ଅଭ୍ୟାସ କରିବା ଉଚିତ୍‌ ।"
"In the 21st century, a new limited over form, Twenty 20, has made an immediate impact. The first T-20 international match took place on August 5 2004, between the womens teams of England and New Zealand. The first T-20 international match between mens teams was played on February 17 2005, between Australia and New Zealand.","ପୁରୁଷ ଦଳଗୁଡ଼ିକ ମଧ୍ୟରେ ପ୍ରଥମ ଟି-୨୦ ଆନ୍ତର୍ଜାତିକ ମ୍ୟାଚ୍‌ଟି ଫେବୃୟାରୀ ୧୭, ୨୦୦୫ ତାରିଖ ଦିନ ଅଷ୍ଟ୍ରେଲିଆ ଏବଂ ନ୍ୟୁଜିଲାଣ୍ଡ୍‌ ମଧ୍ୟରେ ଖେଳାଯାଇଥିଲା ।"
"In the 21st century, a new limited over form, Twenty 20, has made an immediate impact. The first T-20 international match took place on August 5 2004, between the womens teams of England and New Zealand. The first T-20 international match between mens teams was played on February 17 2005, between Australia and New Zealand.","ପ୍ରଥମ ଟି-୨୦ ଆନ୍ତର୍ଜାତିକ ମ୍ୟାଚ୍‌ଟି ଅଗଷ୍ଟ ୫, ୨୦୦୪ ତାରିଖ ଦିନ ଇଂଲଣ୍ଡ ଏବଂ ନ୍ୟୁଜିଲାଣ୍ଡ୍‌ର ମହିଳା ଦଳଗୁଡ଼ିକ ମଧ୍ୟରେ ଖେଳାଯାଇଥିଲା ।"
"It was superseded by the Marylebone Cricket Club (M.C.C) with its headquarters at Lords, London. Cricket became an international game with the formation of the Imperial Cricket Conference (I.C.C) in 1909. The name of Imperial Cricket Conference was changed to International Cricket Conference (later, Council) to enable countries outside the common wealth to become its members.","ରାଜ୍ୟଗୋଷ୍ଠୀ ବାହାରର ଦେଶଗୁଡ଼ିକୁ ଏହାର ସଦସ୍ୟ ହେବା ପାଇଁ ସକ୍ଷମ କରାଇବାକୁ 'ଇମ୍ପିରିଆଲ୍ କ୍ରିକେଟ୍‌ କନ୍‌ଫରେନ୍ସ୍‌' ନାମଟିକୁ 'ଇଣ୍ଟର୍‌ନ୍ୟାସନାଲ୍‌ କ୍ରିକେଟ୍ କନ୍‌ଫରେନ୍ସ୍‌' (ପରେ, କାଉନ୍‌ସିଲ୍‌) କୁ ପରିବର୍ତ୍ତିତ କରାଯାଇଥିଲା ।"
"Originally named Mintonette, it was created as a gentle indoor sport for older players to be able to exert a bit of athletic effort by keeping the ball in the air. The idea of using a net was borrowed from tennis. It was raised to a height above the average mans height.",ମୂଳତଃ 'ମିଣ୍ଟୋନେଟ୍‌' ନାମରେ ନାମିତ ଥିବା ଏହାକୁ ବୟୋଜ୍ୟେଷ୍ଠ ବ୍ୟକ୍ତିମାନେ ବଲ୍‌ଟିକୁ ଶୂନ୍ୟରେ ରଖିବା ଦ୍ଵାରା ସ୍ୱଳ୍ପମାତ୍ରାର କ୍ରୀଡ଼ାଭ୍ୟାସଗତ ପ୍ରୟାସ କରିବା ପାଇଁ ଏକ ଭଦ୍ରଜନୋଚିତ ଘରଭିତରର ଖେଳ ଭାବେ ସୃଷ୍ଟି କରାଯାଇଥିଲା ।
"Originally named Mintonette, it was created as a gentle indoor sport for older players to be able to exert a bit of athletic effort by keeping the ball in the air. The idea of using a net was borrowed from tennis. It was raised to a height above the average mans height.",ଏକ ନେଟ୍‌ ବ୍ୟବହାର କରିବାର ଚିନ୍ତାଧାରାଟି ଟେନିସ୍‌ରୁ ଅଣାଯାଇଥିଲା ।
"Passing involves giving the ball to partners. Perfect decision making is required before a perfect pass. Before pass, see the target, approach the ball, and look at the ball holding the head steady.","ପାସ୍‌ କରିବା ପୂର୍ବରୁ, ଲକ୍ଷ୍ୟସ୍ଥଳଟିକୁ ଦେଖନ୍ତୁ, ବଲ୍‌ଆଡ଼କୁ ଅଗ୍ରସର ହୁଅନ୍ତୁ, ଏବଂ ମୁଣ୍ଡକୁ ସ୍ଥିର ରଖି ବଲ୍‌ ଆଡ଼କୁ ଦେଖନ୍ତୁ ।"
"That's where the confusion kicks in. The Titans players piled on Ajinkya and there was no room for him to escape. The referee, who was six yards away, pointed both his palms downwards to signal the defenders to ease out of the tackle.","ରେଫରିଜଣକ, ଯିଏକି ଛଅ ୟାର୍ଡ଼୍‌ ଦୂରରେ ଥିଲେ, ଡିଫେଣ୍ଡର୍‌ମାନଙ୍କୁ ଆୟତ୍ତରୁ ଶିଥିଳିତ କରିବା ପାଇଁ ସଙ୍କେତ ଦେବାକୁ, ନିଜର ଉଭୟ ପାପୁଲିକୁ ତଳଆଡ଼କୁ ଦେଖାଇଥିଲେ ।"
"The game of cricket, as it is played today, has its origin in the south eastern part of England. Cricket became a generally adopted sport in the second half of the seventeenth century. The Hambeldon club which was founded in about 1750s had played a significant part in the evolution of the game.",ସପ୍ତଦଶ ଶତାବ୍ଦୀର ଦ୍ଵିତୀୟ ଅର୍ଦ୍ଧାଂଶରେ କ୍ରିକେଟ୍‌ ଏକ ବ୍ୟାପକରୂପେ ଲୋକପ୍ରିୟ କ୍ରୀଡ଼ାରେ ପରିଣତ ହୋଇଥିଲା ।
"The game of cricket, as it is played today, has its origin in the south eastern part of England. Cricket became a generally adopted sport in the second half of the seventeenth century. The Hambeldon club which was founded in about 1750s had played a significant part in the evolution of the game.",୧୭୫୦ ଦଶକରେ ସ୍ଥାପିତ ହୋଇଥିବା 'ହାମ୍ବଲ୍‌ଡନ୍‌ କ୍ଲବ୍‌' ଏହି କ୍ରୀଡ଼ାଟିର କ୍ରମବିକାଶରେ ଏକ ଗୁରୁତ୍ୱପୂର୍ଣ୍ଣ ଭୂମିକା ଗ୍ରହଣ କରିଥିଲା ।
"The game of cricket, as it is played today, has its origin in the south eastern part of England. Cricket became a generally adopted sport in the second half of the seventeenth century. The Hambeldon club which was founded in about 1750s had played a significant part in the evolution of the game.","କ୍ରିକେଟ୍‌ ଖେଳ, ଆଜି ଯେଉଁ ଭାବରେ ଖେଳାଯାଉଅଛି, ତାହାର ଉତ୍ପତ୍ତିସ୍ଥଳ ହେଉଛି ଇଂଲଣ୍ଡର ଦକ୍ଷିଣ-ପୂର୍ବ ଭାଗ ।"
"The objective of rebounding is to successfully gain possession of the basketball after a missed field point or free throw, as it rebounds from the ring or backboard. This plays a major role in the game, as most possessions end when a team misses a shot. There are two categories of rebounds: offensive rebounds, in which the ball is recovered by the offensive side and does not change possession, and defensive rebounds, in which the defending team gains possession of the loose ball.","ଦୁଇ ପ୍ରକାରର 'ରିବାଉଣ୍ଡ୍‌' ରହିଛି: 'ଅଫେନ୍‌ସିଭ୍‌ ରିବାଉଣ୍ଡ୍‌', ଯେଉଁଥିରେକି ବଲ୍‌ଟିକୁ ଅଫେନ୍‌ସିଭ୍‌ ପକ୍ଷଟି ଦ୍ଵାରା ପୁନର୍ଲାଭ କରାଯାଏ ଓ ଏହା ପଜେସନ୍‌ ପରିବର୍ତ୍ତନ କରେ ନାହିଁ, ଏବଂ 'ଡିଫେନ୍‌ସିଭ୍‌ ରିବାଉଣ୍ଡ୍‌', ଯେଉଁଥିରେକି ଡିଫେଣ୍ଡିଂ ଦଳଟି ମୁକ୍ତ ବଲ୍‌ଟିର ପଜେସନ୍‌ ହାସଲ କରିଥାଏ ।"
"The objective of rebounding is to successfully gain possession of the basketball after a missed field point or free throw, as it rebounds from the ring or backboard. This plays a major role in the game, as most possessions end when a team misses a shot. There are two categories of rebounds: offensive rebounds, in which the ball is recovered by the offensive side and does not change possession, and defensive rebounds, in which the defending team gains possession of the loose ball.","ଏହା ଖେଳରେ ମୁଖ୍ୟ ଭୂମିକା ଗ୍ରହଣ କରିଥାଏ, କାରଣ ଯେତେବେଳେ ଗୋଟିଏ ଦଳ ଏକ 'ଶଟ୍‌' ହାସଲ କରିବାରେ ଅସଫଳ ହୁଏ, ଅଧିକାଂଶ 'ପଜେସନ୍‌' ସମାପ୍ତ ହୋଇଯାଏ ।"
"The receiving team must not let the ball be grounded within their court. The rally continues, with each team allowed up to three consecutive touches, until either a team grounds the ball on the opponents court and wins the rally or a team commits a fault and loses the rally. The team that wins the rally is awarded a point, and serves the ball to start the next rally.","ରାଲିଟି ଜାରି ରହେ, ଯେଉଁଥିରେକି ପ୍ରତ୍ୟେକ ଦଳକୁ ତିନୋଟି କ୍ରମିକ ସ୍ପର୍ଶ ପର୍ଯ୍ୟନ୍ତ ଅନୁମତି ଦିଆଯାଏ, ଯେପର୍ଯ୍ୟନ୍ତ ଏକ ଦଳ ବଲ୍‌ଟିକୁ ପ୍ରତିପକ୍ଷଙ୍କ କୋର୍ଟ୍‌କୁ ପରିଚାଳିତ କରେ ଏବଂ ରାଲିଟିକୁ ଜିତିଥାଏ, କିମ୍ବା ଏକ ଦଳ କୌଣସି ଭୁଲ୍‌ କରିଥାଏ ଏବଂ ରାଲିଟିକୁ ହାରି ଯାଇଥାଏ ।"
"The receiving team must not let the ball be grounded within their court. The rally continues, with each team allowed up to three consecutive touches, until either a team grounds the ball on the opponents court and wins the rally or a team commits a fault and loses the rally. The team that wins the rally is awarded a point, and serves the ball to start the next rally.",ରିସିଭିଂ ଦଳଟି ବଲ୍‌ଟିକୁ ସେମାନଙ୍କ କୋର୍ଟ୍‌ ମଧ୍ୟରେ ଅବରୁଦ୍ଧ ହେବାକୁ ଦେବା ଆଦୌ ଉଚିତ୍‌ ନୁହେଁ ।
"They should learn how to attack and score goals and how to work with others to defend and stop goals from being scored. To do this they need to learn how to keep possession by dribbling effectively and moving the ball accurately and quickly between players. As they progress, skills should become more consistent and efficient, and the players should be introduced to set play situations.","ସେମାନେ ଅଗ୍ରଗତି କରିବା ସମୟରେ, କୌଶଳଗୁଡ଼ିକ ଦୃଢ଼ତର ଏବଂ ଅଧିକ ଫଳପ୍ରଦ ହେବା ଉଚିତ୍‌, ଏବଂ ଖେଳାଳିମାନଙ୍କୁ କ୍ରୀଡ଼ାର ପରିସ୍ଥିତିଗୁଡ଼ିକୁ ପ୍ରସ୍ତୁତ କରିବା ସହିତ ପରିଚିତ କରାଯିବା ଉଚିତ୍‌ ।"
"They should learn how to attack and score goals and how to work with others to defend and stop goals from being scored. To do this they need to learn how to keep possession by dribbling effectively and moving the ball accurately and quickly between players. As they progress, skills should become more consistent and efficient, and the players should be introduced to set play situations.","ଏହା କରିବା ପାଇଁ, ସେମାନଙ୍କୁ କିପରି ଫଳପ୍ରଦ ଭାବରେ ବଲ୍‌ଟିକୁ ଗଡ଼ାଇ ଅକ୍ତିଆରରେ ରଖିବାକୁ ହେବ ଏବଂ ବଲ୍‌ଟିକୁ ଖେଳାଳିମାନଙ୍କ ମଧ୍ୟରେ ସଠିକ୍‌ ରୂପେ ତଥା ଚଟାପଟ୍‌ ସ୍ଥାନାନ୍ତରିତ କରିବାକୁ ହେବ ତାହା ଶିଖିବାକୁ ପଡ଼ିବ ।"
"This one could come down to a battle of the forwards. Will Harry Kane and Son Heung-min blow Milan away with their quality, or will former Chelsea and Arsenal forward Olivier Giroud return to haunt Spurs again? And does 41-year-old Zlatan Ibrahimovic still have one big goal in him?",ଆଉ ୪୧-ବର୍ଷ-ବୟସ୍କ ଜାଲାତାନ୍‌ ଇବ୍ରାହିମଭିଚ୍‌ଙ୍କର ନିଜ ମଧ୍ୟରେ ଏବେ ମଧ୍ୟ ଏକ ବଡ଼ ଲକ୍ଷ୍ୟ ରହିଛି କି ?
"This one could come down to a battle of the forwards. Will Harry Kane and Son Heung-min blow Milan away with their quality, or will former Chelsea and Arsenal forward Olivier Giroud return to haunt Spurs again? And does 41-year-old Zlatan Ibrahimovic still have one big goal in him?",ଏଇଟି ଫର୍‌ୱାର୍ଡ ଖେଳାଳିମାନଙ୍କ ମଧ୍ୟରେ ଏକ ଲଢ଼େଇ ହୋଇପାରେ।
"This one could come down to a battle of the forwards. Will Harry Kane and Son Heung-min blow Milan away with their quality, or will former Chelsea and Arsenal forward Olivier Giroud return to haunt Spurs again? And does 41-year-old Zlatan Ibrahimovic still have one big goal in him?","ହ୍ୟାରି କେନ୍‌ ଏବଂ ସନ୍‌ ହ୍ୟୁଙ୍ଗ୍‌-ମିନ୍‌ ନିଜ ଗୁଣ ଦ୍ଵାରା କ'ଣ ମିଲାନ୍‌କୁ ଉଡ଼େଇ ଦେବେ, ନା ପୂର୍ବତନ 'ଚେଲ୍‌ସି' ଏବଂ 'ଆର୍ସେନାଲ୍‌' ଫର୍‌ୱାର୍ଡ ଅଲିଭିୟର୍‌ ଜିରୋଡ଼୍‌ 'ସ୍ପର୍ସ୍‌' ଉପରେ ପୁଣି ରାଜ କରିବାକୁ ଫେରିବେ?"
"Volleyball is a fast game played by two teams of 6 players each. It can be played indoors or outdoors. A player on one of the teams begins a rally by serving the ball from behind the back line of the court, over the net, and into the receiving teams court.",ଏହାକୁ ଘର ଭିତରେ ଏବଂ ଘର ବାହାରେ ଖେଳାଯାଇପାରିବ ।
"Volleyball is a fast game played by two teams of 6 players each. It can be played indoors or outdoors. A player on one of the teams begins a rally by serving the ball from behind the back line of the court, over the net, and into the receiving teams court.",ଭଲିବଲ୍‌ ହେଉଛି ଏକ ଦ୍ରୁତ କ୍ରୀଡ଼ା ଯାହାକି ପ୍ରତି ଦଳରେ ଛଅଜଣ ଖେଳାଳି ରହିଥିବା ଦୁଇଟି ଦଳ ମଧ୍ୟରେ ଖେଳାଯାଏ ।
"itwassupersededbythemarylebonecricketclub(m.c.c)withitsheadquartersatlords,london.cricketbecameaninternationalgamewiththeformationoftheimperialcricketconference(i.c.c)in1909.thenameofimperialcricketconferencewaschangedtointernationalcricketconference(later,council)toenablecountriesoutsidethecommonwealthtobecomeitsmembers.","ଏହାର ସ୍ଥାନଟି ମେରିଲେବନ୍‌ କ୍ରିକେଟ୍‌ କ୍ଲବ୍‌ (ଏମ୍.ସି.ସି.) ଦ୍ଵାରା ଅଧିକୃତ କରାଯାଇଥିଲା, ଯାହାର ମୁଖ୍ୟାଳୟ ଲଣ୍ଡନର ଲର୍ଡ଼୍‌ସ୍‌ ଠାରେ ରହିଥିଲା ।"
A visa is a certificate prepared by the immigration officials of the foreign country with stamp marked on a passport after verifying the persons credentials. It gives the person the right to enter a country and stay for a temporary period. Applying for a visa to India must be submitted to the High Commission of India in the country of the person who wishes to travel to India.,ଭିସା ହେଉଛି ଏକ ପ୍ରମାଣପତ୍ର ଯାହା ବ୍ୟକ୍ତି ଜଣଙ୍କର ପରିଚୟ ପତ୍ର ଯାଞ୍ଚ କରି ସାରିଲା ପରେ ତାଙ୍କ ପାସ୍‌ପୋର୍ଟରେ ଏକ ଷ୍ଟାମ୍ପ ଦେଇ ଏକ ବିଦେଶୀ ରାଷ୍ଟ୍ରର ଆପ୍ରବାସ ଅଧିକାରୀମାନଙ୍କ ଦ୍ୱାରା ପ୍ରସ୍ତୁତ କରାଯାଇଥାଏ।
A visa is a certificate prepared by the immigration officials of the foreign country with stamp marked on a passport after verifying the persons credentials. It gives the person the right to enter a country and stay for a temporary period. Applying for a visa to India must be submitted to the High Commission of India in the country of the person who wishes to travel to India.,ଏହା ଉକ୍ତ ବ୍ୟକ୍ତିଜଣକଙ୍କୁ ଏକ ଦେଶରେ ପ୍ରବେଶ କରିବାର ତଥା ଏକ ସାମୟିକ ଅବଧି ପାଇଁ ରହିବାର ଅଧିକାର ପ୍ରଦାନ କରିଥାଏ ।
"As per the report of Sargent Committee, Tourist Traffic Committee was appointed in 1948. On the recommendation a Tourist Traffic Branch was setup in 1949 with regional offices at Kolkata and Chennai. The tourist traffic branch was further expanded in 1955-56 from one branch to four branches and hand over a function to them viz 1) Tourist Traffic 2) Tourist Administration 3) Tourist Advertisements 4) Distribution Section","'ସାର୍ଜେଣ୍ଟ୍‌ କମିଟି'ର ରିପୋର୍ଟ ମୁତାବକ, ୧୯୪୮ ମସିହାରେ 'ଟୁରିଷ୍ଟ୍‌ ଟ୍ରାଫିକ୍‌ କମିଟି' ନିଯୁକ୍ତ ହୋଇଥିଲା ।"
"Attraction, accommodation, supporting facilities, and infrastructure are the basic elements of tourism. For the better development of tourism, these facilities should be developed in respective areas and for this public as well as private sector should take a lead. The flow of domestic tourists will depend on the location of tourist spot and population density of an area.","ଆକର୍ଷଣ, ବାସସ୍ଥାନ, ସହାୟକ ସୁବିଧା, ଏବଂ ଭିତ୍ତିଭୂମି ହେଉଛି ପର୍ଯ୍ୟଟନର ମୂଳ ଉପାଦାନ ।"
"Attraction, accommodation, supporting facilities, and infrastructure are the basic elements of tourism. For the better development of tourism, these facilities should be developed in respective areas and for this public as well as private sector should take a lead. The flow of domestic tourists will depend on the location of tourist spot and population density of an area.","ପର୍ଯ୍ୟଟନର ଅଧିକ ଉନ୍ନତି ପାଇଁ, ଏହି ସୁବିଧାସବୁ ସମ୍ପୃକ୍ତ ଅଞ୍ଚଳଗୁଡ଼ିକରେ ବିକଶିତ କରିବା ଉଚିତ, ଏବଂ ଏଥିପାଇଁ ଉଭୟ ସରକାରୀ ଏବଂ ଘରୋଇ କ୍ଷେତ୍ର ନେତୃତ୍ୱ ନେବା ଉଚିତ |"
"BACKWATERS of Kerala encompass a complex network of lagoons, lakes, & canals, that are best experienced aboard traditional thatch- roofed rice houseboat, known as 'Kettuvallam'. On display is life on the banks, lush green rice fields, and coconut groves with an occasional temple or church as you cruise through the backwaters. The houseboats come along with a chef on board, preparing authentic Kerala cuisine.","କେରଳର 'ବ୍ୟାକ୍‌ୱାଟର୍ସ୍‌' ଲେଗୁନ, ହ୍ରଦ, ଏବଂ କେନାଲଗୁଡ଼ିକର ଏକ ଛନ୍ଦାଛନ୍ଦି ହୋଇ ରହିଥିବା ଜାଲିକାକୁ ବେଷ୍ଟିତ କରୁଛି, ଯେଉଁଗୁଡ଼ିକୁ 'କେଟ୍ଟୁବଳମ୍' ଭାବେ ଜଣାଶୁଣା ଏକ ପାରମ୍ପରିକ ନଡ଼ାଛପର-ଚାଳ ଥିବା ଧାନବାହୀ ନୌକା-ଗୃହରେ ସବୁଠାରୁ ଭଲ ଭାବରେ ଅନୁଭବ କରାଯାଇପାରିବ ।"
"BACKWATERS of Kerala encompass a complex network of lagoons, lakes, & canals, that are best experienced aboard traditional thatch- roofed rice houseboat, known as 'Kettuvallam'. On display is life on the banks, lush green rice fields, and coconut groves with an occasional temple or church as you cruise through the backwaters. The houseboats come along with a chef on board, preparing authentic Kerala cuisine.","'ବ୍ୟାକ୍‌ୱାଟର୍ସ' ମଧ୍ୟରେ ଯେତେବେଳେ ଆପଣ ଯାତ୍ରା କରିଥାନ୍ତି, ନଦୀ ତଟରେ ଜୀବନଯାତ୍ରା, ସତେଜ ସବୁଜ ଧାନ କ୍ଷେତ, ଏବଂ ନଡ଼ିଆ ବଗିଚା ସହ ବେଳେବେଳେ ମନ୍ଦିର ଅବା ଗୀର୍ଜା ଘର ଦେଖିବାକୁ ମିଳିଥାଏ।"
"BODHGAYA (Bihar), was the place where Prince Siddhartha attained enlightenment and became Lord Buddha. It was here that Lord Buddha entered into meditation after being moved by the sufferings of mankind. Bodhgaya is often visited by the Dalai Lama and other Lamas (Buddhist religious heads).","'ବୋଧଗୟା' (ବିହାର), ସେହି ସ୍ଥାନ ଥିଲା ଯେଉଁଠାରେକି ଯୁବରାଜ ସିଦ୍ଧାର୍ଥଙ୍କର ଜ୍ଞାନୋଦୟ ହୋଇଥିଲା ଏବଂ ସେ ଭଗବାନ ବୁଦ୍ଧ ହୋଇଯାଇଥିଲେ ।"
"During the British period, tourism in India becomes more organized. They built Dak Bungalows on the road side for the convenience of dak traveler. The finest of Indias cuisines is as rich and diverse as its civilization.",ସେମାନେ ଡାକ ଭ୍ରମଣକାରୀମାନଙ୍କ ସୁବିଧା ପାଇଁ ରାସ୍ତାର ପାର୍ଶ୍ଵରେ ଡାକ ବଙ୍ଗଳାମାନ ନିର୍ମାଣ କରିଥିଲେ ।
"Golden Chariot inherits its name from the Stone Chariot in Hampi. Taking you on an enchanting and mesmerising journey through Karnataka, the Golden Chariot complements the rich culture of the state of Karnataka, and is a marvel in itself. The coach chambers of the train are steeped in history, under a sky of intricate craftsmanship that narrates timeless tales.","କର୍ଣ୍ଣାଟକ ମଧ୍ୟ ଦେଇ ଆପଣଙ୍କୁ ଏକ ସମ୍ମୋହିତ ଓ ମନ୍ତ୍ରମୁଗ୍ଧ କରି ଦେଉଥିବା ଯାତ୍ରାର ଅନୁଭବ ଦେଇ, ଏହି ସୁବର୍ଣ୍ଣ ରଥ କର୍ଣ୍ଣାଟକ ରାଜ୍ୟର ସମୃଦ୍ଧ ସଂସ୍କୃତିର ଅନୁପୂରକ ଭାବେ କାର୍ଯ୍ୟକରିଥାଏ, ଏବଂ ଏହି ରଥଟି ନିଜେ ଏକ ବିସ୍ମୟ।"
"Golden Chariot inherits its name from the Stone Chariot in Hampi. Taking you on an enchanting and mesmerising journey through Karnataka, the Golden Chariot complements the rich culture of the state of Karnataka, and is a marvel in itself. The coach chambers of the train are steeped in history, under a sky of intricate craftsmanship that narrates timeless tales.","ଏହି ଟ୍ରେନ୍‌ର ବଗିଗୁଡ଼ିକରେ ଭରପୂର ଇତିହାସ ରଚନା ହୋଇଥାଏ, ଏକ ସୂକ୍ଷ୍ମ କାରୁକାର୍ଯ୍ୟ ବିଜଡ଼ିତ ଆକାଶ ତଳେ ଯାହା ଅନେକ କାଳାତୀତ କାହାଣୀର ବର୍ଣ୍ଣନା କରେ।"
"In the heart of Rajasthan, lie a number of small towns and villages, which define the true essence of this land. A visit to these hidden gems, provides an opportunity to learn about the people, culture and lifestyle of rural India. Stay at erstwhile forts and palaces, which have now been converted to heritage hotels, and experience the intriguing traditions and customs of tribal Rajasthan.","ରାଜସ୍ଥାନର କେନ୍ଦ୍ରସ୍ଥଳରେ, ଅନେକ ଛୋଟ ଛୋଟ ସହର ଓ ଗ୍ରାମ ରହିଛି, ଯାହା ଏହି ଭୂମିର ମୌଳିକ ପ୍ରକୃତିକୁ ପରିଭାଷିତ କରିଥାଏ |"
"India is a land of great variety and contrast. Its unique cultural mystique, exotic heritage, aesthetic environment and outstanding natural resources have attracted international tourists. Tourism has emerged as one of Indias important industry.",ଭାରତ ଏକ ବିଶାଳ ବିବିଧତା ତଥା ବିସମତାର ଭୂମି ।
"India is a land of great variety and contrast. Its unique cultural mystique, exotic heritage, aesthetic environment and outstanding natural resources have attracted international tourists. Tourism has emerged as one of Indias important industry.",ପର୍ଯ୍ୟଟନ ଭାରତର ଗୁରୁତ୍ଵପୂର୍ଣ୍ଣ ଉଦ୍ୟୋଗଗୁଡ଼ିକ ମଧ୍ୟରୁ ଅନ୍ୟତମ ଭାବରେ ମୁଣ୍ଡ ଟେକି ଉଠିଛି ।
"Indias glorious traditions and rich cultural heritage are closely related with the development of tourism. Its magnificent monuments attract a large number of tourists from all over the world. The natural surroundings, the architectural masterpieces, the music, dance, paintings, customs and languages all these go to make India as tourist paradise.","ପ୍ରାକୃତିକ ପରିବେଷ୍ଟନୀ, ଅତି ଉତ୍କୃଷ୍ଟ ଶିଳ୍ପକଳାକୃତି, ସଙ୍ଗୀତ, ନୃତ୍ୟ, ଚିତ୍ର, ପ୍ରଥା ଓ ଭାଷା - ଏସବୁ ଭାରତକୁ ଏକ ପର୍ଯ୍ୟଟନର ସ୍ୱର୍ଗ କରିଥାଏ।"
Interaction with tourists creates the path for receiving new ideas and values. It also improves the confidence and social values of the host communities. Interaction with the tourists helps to develop hospitable conduct amongst the workers associated to tourism industry in local areas.,"ପର୍ଯ୍ୟଟକମାନଙ୍କ ସହିତ ଭାବ ବିନିମୟ, ସ୍ଥାନୀୟ ଅଞ୍ଚଳମାନଙ୍କରେ ପର୍ଯ୍ୟଟନ ଶିଳ୍ପ ସହିତ ସଂଶ୍ଳିଷ୍ଟ କର୍ମୀମାନଙ୍କ ମଧ୍ୟରେ ଅତିଥିପରାୟଣ ଆଚରଣ ବିକଶିତ କରିବାରେ ସହାୟତା କରିଥାଏ ।"
"KOCHI , the most cosmopolitan city of Kerala, is also known as ' Queen of the Arabian Sea'. The distinctive architecture seen in Dutch mansions, Portuguese churches, Jewish synagogue, British store houses and 14th century Chinese fishing nets, reflects Kochi's long history as an important sea port and trading centre. Kochi is renowned for its spectacular Kathakali performance, one of the oldest theatre forms in India.","ଡଚ୍ ଅଟ୍ଟାଳିକା, ପର୍ତ୍ତୁଗୀଜ୍ ଗୀର୍ଜା ଘର, ଇହୁଦୀୟ ଧର୍ମସ୍ଥଳ, ବ୍ରିଟିଶ୍ ଭଣ୍ଡାର ଘର, ଆଦିରେ ଦେଖାଯାଉ ଥିବା ସ୍ୱତନ୍ତ୍ର ସ୍ଥାପତ୍ୟ ଏବଂ ୧୪ଶ ଶତାବ୍ଦୀର ଚୀନା ମତ୍ସ୍ୟ ଜାଲ - ଏକ ଗୁରୁତ୍ୱପୂର୍ଣ୍ଣ ସାମୁଦ୍ରିକ ବନ୍ଦର ଏବଂ ବାଣିଜ୍ୟ କେନ୍ଦ୍ର ଭାବେ କୋଚିର ଦୀର୍ଘ ଇତିହାସକୁ ପ୍ରତିଫଳିତ କରିଥାଏ |"
"Located along south western coast of India, Kerala resembles a banana leaf clinging between the Western Ghats and beaches of Arabian sea. Kerala has been included in the top 50 tourist destinations for once in a life time visit by National Geographic Channel. The beauty of Kerala lies in its placid nature encompassing serene backwaters, beaches, hill stations, spice plantations, flora and fauna, Ayurveda, boat races, natural harbours and more.",ନ୍ୟାସନାଲ୍‌ ଜିଓଗ୍ରାଫିକ୍‌ ଚାନେଲ୍‌ ଦ୍ୱାରା ଚୟନ ହୋଇଥିବା 'ଜୀବନକାଳ-ମଧ୍ୟରେ-ଥରଟିଏ ଭ୍ରମଣରେ ଯିବା' ୫୦ଟି ସର୍ବୋତ୍ତମ ପର୍ଯ୍ୟଟକ ଗନ୍ତବ୍ୟସ୍ଥଳୀ ତାଲିକାରେ କେରଳକୁ ସାମିଲ କରା ଯାଇଛି।
"Located along south western coast of India, Kerala resembles a banana leaf clinging between the Western Ghats and beaches of Arabian sea. Kerala has been included in the top 50 tourist destinations for once in a life time visit by National Geographic Channel. The beauty of Kerala lies in its placid nature encompassing serene backwaters, beaches, hill stations, spice plantations, flora and fauna, Ayurveda, boat races, natural harbours and more.","କେରଳର ସୌନ୍ଦର୍ଯ୍ୟ ତାହାର ଶାନ୍ତ ପ୍ରକୃତି, ବିସ୍ତୃତ ସ୍ଥିର 'ବ୍ୟାକ୍‌ୱାଟର୍ସ', ବେଳାଭୂମି, ହିଲ୍‌-ଷ୍ଟେସନ୍‌, ମସଲା ବଗିଚା, ଉଦ୍ଭିଦରାଜି ଏବଂ ଜୀବଜନ୍ତୁ, ଆୟୁର୍ବେଦ, ନୌକାଦୌଡ଼, ପ୍ରାକୃତିକ ବନ୍ଦର ଏବଂ ଆହୁରି ଅନେକ କିଛିରେ ରହିଛି।"
"MUNNAR , a famous hill resort in east Kerala, had long fascinated Europeans and became the southern summer resort of British India. Munnar valley was developed by Scottish planters in the early 20th century. Munnar is carpeted by thick forests and tea estates.",ମୁନ୍ନାର ଘନ ଜଙ୍ଗଲ ଏବଂ ଚା' ବଗିଚା ଦ୍ଵାରା ଆଚ୍ଛାଦିତ ।
"Maharashtra contains a number of sites of historical importance. Of these, some monuments also figure in the list of World Heritage Sites recognized by UNESCO. These sites are Ajanta, Ellora and Elephanta, providing support to the states tourism initiatives; the Central Government has promised ` 50 crore worth of aid in Vidarbha for developing ecotourism and ` 25 crore to develop the tourism sector in Aurangabad.","ଏଗୁଡ଼ିକ ମଧ୍ୟରୁ, କେତେକ ସ୍ମୃତିସ୍ଥଳ ୟୁନେସ୍କୋ ଦ୍ଵାରା ସ୍ୱୀକୃତିପ୍ରାପ୍ତ ବିଶ୍ଵ ଐତିହ୍ୟ ସ୍ଥଳୀଗୁଡ଼ିକର ତାଲିକାରେ ସ୍ଥାନିତ ହୋଇଛି ।"
"Maharashtra has recognized tourism as a major thrust area for economic growth in the state because Sahyadri Mountain is the backbone of Maharashtra. Maharashtra is a land of rich culture, tradition and festivals and is a major trade and tourist destination of India, attracting thousands of tourists from across the world every year. As a result Maharashtra is the first state to declare Tourism District for the tourism development.",ମହାରାଷ୍ଟ୍ର ପର୍ଯ୍ୟଟନକୁ ଅର୍ଥନୈତିକ ଅଭିବୃଦ୍ଧି ପାଇଁ ରାଜ୍ୟର ଏକ ପ୍ରମୁଖ କ୍ଷେତ୍ର ଭାବେ ଚିହ୍ନଟ କରିଛି କାରଣ ସହ୍ୟାଦ୍ରି ପର୍ବତ ମହାରାଷ୍ଟ୍ରର ମେରୁଦଣ୍ଡ ଅଟେ |
"Meet and Greet Service at the airport is an important service for tourists as well as for the company, since it helps the tourists in fast-track clearance through arrivals or departures, helping with transfers, baggage and family travel and ensures a swift, smooth and safe passage through the airport. The Customer Service Executives (Meet and Greet Officers) help in dealing with any issues that might arise due to cultural differences or language difficulties. Travel companies even have their own lounges, reserved exclusively for the tourists or their customers.","ବିମାନ ବନ୍ଦର ଠାରେ ଦେଖା-ସାକ୍ଷାତ ସେବା ଉଭୟ କମ୍ପାନୀ ଏବଂ ପର୍ଯ୍ୟଟକମାନଙ୍କ ପାଇଁ ଏକ ଗୁରୁତ୍ୱପୂର୍ଣ୍ଣ ସେବା, କାରଣ ଏହା ପର୍ଯ୍ୟଟକଙ୍କର ଆଗମନ କିମ୍ବା ପ୍ରସ୍ଥାନ ସମୟରେ ସ୍ଥାନାନ୍ତର, ବ୍ୟାଗେଜ୍ ଏବଂ ପାରିବାରିକ ଭ୍ରମଣର ସୁବିଧା ପ୍ରଦାନ କରି ଫାଷ୍ଟ-ଟ୍ରାକ୍ କ୍ଲିୟରାନ୍ସ ପ୍ରକ୍ରିୟାକୁ ସହଜ କରିଥାଏ, ଏବଂ ବିମାନ ବନ୍ଦର ଦେଇ ଏକ ଚଞ୍ଚଳ, ସହଜ ଓ ନିରାପଦ ଯାତ୍ରା ସୁନିଶ୍ଚିତ କରିଥାଏ।"
"On a 720 kms long strip between the Western Ghats and the Arabian Sea, lie a host of hidden beaches and creeks. Only a few of them are known to the regular beach hopper. These solitary beaches, alongside the wild and verdant Western Ghats, are a quiet alternative to the more boisterous goan counterpart.",ପଶ୍ଚିମ ଘାଟ ଏବଂ ଆରବ ସାଗର ମଧ୍ୟରେ ଥିବା ଏକ ୭୨୦ କି.ମି. ଦୀର୍ଘ ପଟ୍ଟିକାରେ ଅନେକ ଲୁକ୍କାୟିତ ବେଳାଭୂମି ଏବଂ କ୍ଷୁଦ୍ର ନଦୀମାନ ରହିଛି ।
"On a 720 kms long strip between the Western Ghats and the Arabian Sea, lie a host of hidden beaches and creeks. Only a few of them are known to the regular beach hopper. These solitary beaches, alongside the wild and verdant Western Ghats, are a quiet alternative to the more boisterous goan counterpart.","ବନ୍ୟ ଓ ତୃଣାକୀର୍ଣ୍ଣ ପଶ୍ଚିମ ଘାଟର କଡ଼େ କଡ଼େ, ଏହି ନିର୍ଜନ ବେଳାଭୂମିଗୁଡ଼ିକ ସେଗୁଡ଼ିକର କୋଳାହଳପୂର୍ଣ୍ଣ ଗୋଆସ୍ଥିତ ପ୍ରତିରୂପର ଏକ ନୀରବ ବିକଳ୍ପ ।"
"PERIYAR , the hub of spice plantations in Kerala, is also famous for its wildlife park which is best experienced aboard a boat cruise on Lake Periyar. The wildlife sanctuary is home to elephants, deer, wild boars, bears, flying squirrels, and a variety of bird and reptile species. The town is fragranced with the spicy aromas of pepper, cardamom, cinnamon, cloves, ginger and nutmeg.","ପେରିୟାର, କେରଳରେ ମସଲା ବଗିଚାର ଏହି କେନ୍ଦ୍ର, ନିଜ ବନ୍ୟପ୍ରାଣୀ ଉଦ୍ୟାନ ପାଇଁ ମଧ୍ୟ ପ୍ରସିଦ୍ଧ, ଯାହାର ସବୁଠୁ ଭଲ ଅନୁଭବ ପେରିୟାର ହ୍ରଦ ଉପରେ ଏକ ନୌକା ଯାତ୍ରାରେ ନିଆଯାଇ ପାରେ।"
"Regional offices are located in all capital cities in India. Besides, there are several other offices at focal point of international tourist interest. Tourist destination in the country are improved and provided more facilities to attract the foreign tourists.","ଏତଦ୍‌ବ୍ୟତୀତ, ଆନ୍ତର୍ଜାତିକ ପର୍ଯ୍ୟଟକ ସ୍ଵାର୍ଥର କେନ୍ଦ୍ର ବିନ୍ଦୁରେ କେତେକ ଅନ୍ୟାନ୍ୟ କାର୍ଯ୍ୟାଳୟ ରହିଛି ।"
"SRINAGAR , set along the banks of River Jhelum in Kashmir valley, was aptly named by the Mughals as 'Paradise on Earth'. Set like a jeweled crown on the map of India, Kashmir changes its hues with seasons - in winter, when snow carpets the mountains, there is skiing and sledge riding along the gentle slopes; in spring and summer, the honey-dewed orchards, rippling lakes make the valley breathtakingly beautiful. Drifting down the serene lakes in Shikaras and living in wooden houseboats are unique experiences offered by Srinagar.",ପ୍ରଶାନ୍ତ ହ୍ରଦମାନଙ୍କରେ ଶିକାରାରେ ବିହରଣ କରିବା ତଥା କାଠନିର୍ମିତ ନୌକା-ଗୃହରେ ବସବାସ କରିବା ହେଉଛି ଶ୍ରୀନଗର ଦ୍ଵାରା ପ୍ରଦତ୍ତ ଅନନ୍ୟ ଅନୁଭୂତି ।
"SRINAGAR , set along the banks of River Jhelum in Kashmir valley, was aptly named by the Mughals as 'Paradise on Earth'. Set like a jeweled crown on the map of India, Kashmir changes its hues with seasons - in winter, when snow carpets the mountains, there is skiing and sledge riding along the gentle slopes; in spring and summer, the honey-dewed orchards, rippling lakes make the valley breathtakingly beautiful. Drifting down the serene lakes in Shikaras and living in wooden houseboats are unique experiences offered by Srinagar.","ଭାରତର ମାନଚିତ୍ରରେ ଏକ ରତ୍ନଖଚିତ ମୁକୁଟ ପରି ରହିଥିବା କାଶ୍ମୀର ଋତୁ ସହିତ ନିଜ ରଙ୍ଗ ବଦଳାଇଥାଏ - ଶୀତ କାଳରେ ଯେବେ ବରଫ ପାହାଡ଼ ଉପରେ ଗାଲିଚା ପରି ବିଛେଇ ହୋଇଯାଏ, ତାହାର ମୃଦୁ ଗଡ଼ାଣି ଉପରେ ସ୍କିଇଂ ଏବଂ ସ୍ଲେଜ୍‌ ରାଇଡିଂ ଅନୁଷ୍ଠିତ ହୋଇଥାଏ; ବସନ୍ତ ଓ ଗ୍ରୀଷ୍ମ କାଳରେ, ମଧୁସିକ୍ତ ଫଳବଗିଚାମାନ ଓ ତରଙ୍ଗାୟିତ ହ୍ରଦ ଉପତ୍ୟକାଟିକୁ ଅକଳ୍ପନୀୟ ଭାବେ ରମଣୀୟ କରିଥାଏ।"
"So, foreign tourists are the best means of bringing in foreign currency to the host nation. In 2015, Foreign Exchange Earnings for India from the industry were 16.94 billion dollars. This was 1 per cent more than the previous year.","୨୦୧୫ ମସିହାରେ, ଉକ୍ତ ଉଦ୍ୟୋଗରୁ ଭାରତର ବୈଦେଶିକ ବିନିମୟ ଆୟ ଥିଲା ୧୬.୯୪ ଶହ କୋଟି ଡଲାର ।"
"The Bagh Caves, consisting of Buddhist mural paintings, are located 97 km from Dhar district of Madhya Pradesh. These rock-cut cave monuments are not natural but were carved over a period of time during the Satvahana period. The Bagh caves, like those at Ajanta, were excavated on a perpendicular sandstone rock face of a hill across the seasonal stream of Baghani.","ଅଜନ୍ତାରେ ଥିବା ଗୁମ୍ଫାଗୁଡ଼ିକ ପରି, ବାଘ ଗୁମ୍ଫା, ବାଘିନୀର ଋତୁକାଳୀନ ସ୍ରୋତ ଦିଗରେ ଏକ ପର୍ବତର ଗୋଟିଏ ଲମ୍ବଭାବରେ ଦଣ୍ଡାୟମାନ ମାଙ୍କଡ଼ା ପଥର ଶିଳାର ସମ୍ମୁଖ ଭାଗ ଉପରେ ଖୋଦେଇ ହୋଇଥିଲା ।"
"The state has a separate department for tourism, set up in 1969, but the Maharashtra State Tourism Development Corporation (MTDC), a government body to promote tourism was established in 1975. The offices of the MTDCs are located in most of the major cities of the state, and also outside state as in New Delhi, Goa and other places. There is opportunity to develop tourism industry on large scale in Maharashtra.","ରାଜ୍ୟରେ ପର୍ଯ୍ୟଟନ ପାଇଁ ଏକ ପୃଥକ୍‌ ବିଭାଗ ୧୯୬୯ ମସିହାରେ ପ୍ରତିଷ୍ଠା ହୋଇଛି, କିନ୍ତୁ ପର୍ଯ୍ୟଟନକୁ ପ୍ରୋତ୍ସାହନ ଦେବା ନିମନ୍ତେ, ମହାରାଷ୍ଟ୍ର ରାଜ୍ୟ ପର୍ଯ୍ୟଟନ ବିକାଶ ନିଗମ (ଏମ୍.ଟି.ଡି.ସି.)ର ପ୍ରତିଷ୍ଠା ୧୯୭୫ ମସିହାରେ ହୋଇଥିଲା, ଯାହା ଏକ ସରକାରୀ ସଂସ୍ଥା।"
"Tourism emerged as the largest global industry of the 20 th century and is projected to grow even faster in the 21 st century. India has immense possibilities of growth in the tourism sector with vast cultural and religious heritage, varied natural attractions, but comparatively small role in the world tourism scenario. The government of India announced the first tourism policy in November 1982, but new initiatives towards making tourism as the catalysts in employment generation, environmental re-generation.","ଏହାର ବ୍ୟାପକ ସାଂସ୍କୃତିକ ତଥା ଧାର୍ମିକ ଐତିହ୍ୟ ଏବଂ ବିବିଧ ପ୍ରାକୃତିକ ଆକର୍ଷଣ ସହ ଭାରତର ପର୍ଯ୍ୟଟନ କ୍ଷେତ୍ରରେ ଅଭିବୃଦ୍ଧିର ବିଶାଳ ସମ୍ଭାବନା ରହିଛି, କିନ୍ତୁ ବିଶ୍ୱ ପର୍ଯ୍ୟଟନ ମାନଚିତ୍ରରେ ତୁଳନାତ୍ମକ ଭାବେ ଏହାର ଏକ ଛୋଟ ଭୂମିକା ରହିଛି।"
"Tourism emerged as the largest global industry of the 20 th century and is projected to grow even faster in the 21 st century. India has immense possibilities of growth in the tourism sector with vast cultural and religious heritage, varied natural attractions, but comparatively small role in the world tourism scenario. The government of India announced the first tourism policy in November 1982, but new initiatives towards making tourism as the catalysts in employment generation, environmental re-generation.","ପର୍ଯ୍ୟଟନ ୨୦ଶ ଶତାବ୍ଦୀର ସର୍ବବୃହତ୍ ବିଶ୍ଵସ୍ତରୀୟ ଉଦ୍ୟୋଗ ଭାବେ ଦେଖାଦେଇଥିଲା, ଏବଂ ଆକଳନ କରାଯାଉଛି ଯେ ୨୧ଶ ଶତାବ୍ଦୀରେ ଆହୁରି ଦ୍ରୁତ ଗତିରେ ଏହାର ଅଭିବୃଦ୍ଧି ଘଟିବ।|"
"Tourism is our business, but each tour is a travellers' memory. We take responsibility to ensure these memories are cherished forever. We understand the significance of meticulous planning, cross checks, and follow ups to ensure seamless service.","ପର୍ଯ୍ୟଟନ ହେଉଛି ଆମର ବ୍ୟବସାୟ, ମାତ୍ର ପ୍ରତ୍ୟେକ ଯାତ୍ରା ଜଣେ ଭ୍ରମଣକାରୀର ସ୍ମୃତି ଅଟେ ।"
"Travel agents are authorised to process the necessary documents on behalf of the money exchangers, foreign consulate offices, passport offices, income tax office, insurance office, etc. Travel documentations are processed for clients and customers before their confirmation for purchasing a tour package. Travel documents include passport, visa, currency certificate or endorsement of currency in the passport, travel insurance, income tax statements, health certificates, etc.","ଯାତ୍ରାକାଳୀନ କାଗଜପତ୍ରଗୁଡ଼ିକ ମଧ୍ୟରେ ପାସ୍‌ପୋର୍ଟ୍‌, ଭିସା, ମୁଦ୍ରାଗତ ପ୍ରମାଣପତ୍ର ଅଥବା ପାସ୍‌ପୋର୍ଟ୍‌ରେ ମୁଦ୍ରାର ଅନୁମୋଦନ, ଯାତ୍ରାକାଳୀନ ବୀମା, ଆୟ କର ବିବରଣୀ, ସ୍ୱାସ୍ଥ୍ୟଗତ ପ୍ରମାଣପତ୍ର, ଇତ୍ୟାଦି ଅନ୍ତର୍ଭୁକ୍ତ ।"
"Under the aegis of the corporation a number of tourist homes, resorts, and hotels operate from several tourist sites to accommodate visitors and provide information and also arrange guided tours. The corporation also organizes numerous festivals at some of the well-known tourist places like the culture and traditional performances, dance, and music providing visitors an opportunity to experience the land, its heritage, its people and their customs. Some of these festivals are the Ellora festival, The Pune Ganesh festival, The Gharapuri festival, Paryatan Mahotsav in Murud (Raigad) and others.","ଏହି ପର୍ବପର୍ବାଣୀଗୁଡ଼ିକ ମଧ୍ୟରୁ କେତେକ ହେଉଛି 'ଏଲୋରା ଉତ୍ସବ', 'ପୁଣେ ଗଣେଶ ଉତ୍ସବ', 'ଘରପୁରୀ ଉତ୍ସବ', ମୁରୁଡ (ରାୟଗଡ଼)ର ପର୍ଯ୍ୟଟନ ମହୋତ୍ସବ ତଥା ଅନ୍ୟାନ୍ୟ ।"
"Under the aegis of the corporation a number of tourist homes, resorts, and hotels operate from several tourist sites to accommodate visitors and provide information and also arrange guided tours. The corporation also organizes numerous festivals at some of the well-known tourist places like the culture and traditional performances, dance, and music providing visitors an opportunity to experience the land, its heritage, its people and their customs. Some of these festivals are the Ellora festival, The Pune Ganesh festival, The Gharapuri festival, Paryatan Mahotsav in Murud (Raigad) and others.","ନିଗମର ସହାୟତାରେ, ପର୍ଯ୍ୟଟକମାନଙ୍କୁ ରହଣି ସୁବିଧା ପ୍ରଦାନ କରିବା ସହିତ ସୂଚନା ପ୍ରଦାନ ଏବଂ ଗାଇଡ୍‌ମାନଙ୍କ ସହାୟତାରେ ପରିଚାଳିତ ଭ୍ରମଣର ଆୟୋଜନ କରିବା ନିମନ୍ତେ, ଅନେକ ପର୍ଯ୍ୟଟକ ଗୃହ, ରିସୋର୍ଟ ଓ ହୋଟେଲ ବିଭିନ୍ନ ପର୍ଯ୍ୟଟନ ସ୍ଥଳରେ କାର୍ଯ୍ୟ କରୁଛି।"
"Without planning and controlling mechanism the development of tourism may end by having social cultural and economic distortions, which will be reflected in the relationship between tourists and local people. As soon as tourism grows and expands, it brings the social and economic changes in the respective region. This can be positive as well as negative.",ଏହା ସକାରାତ୍ମକ ମଧ୍ୟ ହୋଇପାରେ ତଥା ନକରାତ୍ମକ ମଧ୍ୟ ହୋଇପାରେ ।
"withoutplanningandcontrollingmechanismthedevelopmentoftourismmayendbyhavingsocialculturalandeconomicdistortions,whichwillbereflectedintherelationshipbetweentouristsandlocalpeople.assoonastourismgrowsandexpands,itbringsthesocialandeconomicchangesintherespectiveregion.thiscanbepositiveaswellasnegative.","ଯୋଜନା ଏବଂ ନିୟନ୍ତ୍ରଣ ବ୍ୟବସ୍ଥାମାନ ନରହିଲେ, ପର୍ଯ୍ୟଟନ କ୍ଷେତ୍ରରେ ଅଭିବୃଦ୍ଧି ଶେଷରେ ସାମାଜିକ, ସାଂସ୍କୃତିକ ଓ ଅର୍ଥନୈତିକ କ୍ଷେତ୍ରଯୋଜନା ଏବଂ ନିୟନ୍ତ୍ରଣ ବ୍ୟବସ୍ଥାମାନ ନରହିଲେ, ପର୍ଯ୍ୟଟନ କ୍ଷେତ୍ରରେ ଅଭିବୃଦ୍ଧି ଶେଷରେ ସାମାଜିକ, ସାଂସ୍କୃତିକ ଓ ଅର୍ଥନୈତିକ କ୍ଷେତ୍ରରେ ନକାରାତ୍ମକ ପରିବର୍ତ୍ତନର କାରଣ ହୋଇପାରେ, ଯାହା ପର୍ଯ୍ୟଟକ ଓ ସ୍ଥାନୀୟ ଲୋକମାନଙ୍କ ମଧ୍ୟର ସମ୍ପର୍କରେ ପରିଲକ୍ଷିତ ହେବ।ରେ ନକାରାତ୍ମକ ପରିବର୍ତ୍ତନର କାରଣ ହୋଇପାରେ, ଯାହା ପର୍ଯ୍ୟଟକ ଓ ସ୍ଥାନୀୟ ଲୋକମାନଙ୍କ ମଧ୍ୟର ସମ୍ପର୍କରେ ପରିଲକ୍ଷିତ ହେବ।"
"According to Nepali mythology, eight is a lucky number. The pleats or Kallis signify the Pancha Buddha or Pancha Ratna. The closed neck of the Daura signifies the snake around the Lord Shivas neck.",କୁଞ୍ଚ ବା 'କାଲ୍ଲିସ୍‌' 'ପଞ୍ଚ ବୁଦ୍ଧ' ବା 'ପଞ୍ଚ ରତ୍ନ'ଙ୍କୁ ସୂଚାଏ ।
"Apatani also live among the Nyishi, but are distinct. In the centre, one finds predominantly Galo people, with the major sub-groups of Karka, Lodu, Bogum, Lare and Pugo among others, extending to the Ramo and Pailibo areas (which are close in many ways to Galo). In the east, one finds the Adi with many subtribes including Padam, Pasi, Minyong and Bokar, among others.","ପୂର୍ବରେ, 'ଆଦୀ'ମାନଙ୍କୁ ଅନ୍ୟମାନଙ୍କ ମଧ୍ୟରେ 'ପଦମ୍‌', 'ପାସୀ', 'ମିନ୍‌ୟୋଙ୍ଗ୍‌', ଏବଂ 'ବୋକର୍‌' ସମେତ ଅନେକ ଉପଜନଜାତିଙ୍କ ସହିତ ଦେଖିବାକୁ ମିଳିଥାଏ ।"
"As with the Mughals, under European colonial rule, architecture became an emblem of power, designed to endorse the occupying power. Numerous European countries invaded India and created architectural styles reflective of their ancestral and adopted homes. The European colonizers created architecture that symbolized their mission of conquest, dedicated to the state or religion.",ୟୁରୋପୀୟ ଉପନିବେଶବାଦୀମାନେ ଏକ ସ୍ଥାପତ୍ୟ ନିର୍ମାଣ କରିଥିଲେ ଯାହାକି ସେମାନଙ୍କ ରାଷ୍ଟ୍ର କିମ୍ବା ଧର୍ମ ପ୍ରତି ଉତ୍ସର୍ଗୀକୃତ ବିଜୟ ଅଭିଯାନକୁ ଚିହ୍ନିତ କରୁଥିଲା ।
"Bhajan, Janan, Oriya songs based on ragas, Rangila Chaupadi etc. are grouped under Light classical music, which forms an important segment of Oriya music. Sri Geetagovinda, Anirjukta Pravadha, Divya Manusi Prabandha, Chautisa, Chhanda, Chaupadi (now known as Odissi), Champu, Malasri, Sariman, nVyanjani, Chaturang, Tribhang, Kuduka Geeta, Laxana and Swaramalika are the various sub-forms, which individually or collectively constitute the traditional Odissi music.","ରାଗ ଉପରେ ଆଧାରିତ ଭଜନ, ଜଣାଣ, ଏବଂ ଓଡ଼ିଆ ସଙ୍ଗୀତ, ରଙ୍ଗିଲା ଚଉପଦୀ, ଇତ୍ୟାଦିକୁ ସୁଗମ ଶାସ୍ତ୍ରୀୟ ସଙ୍ଗୀତ ଅଧୀନରେ ବର୍ଗୀକୃତ କରାଯାଇଛି ଯାହାକି ଓଡ଼ିଆ ସଙ୍ଗୀତର ଏକ ଗୁରୁତ୍ୱପୂର୍ଣ୍ଣ ଅଂଶ ଗଠନ କରୁଛି ।"
"During his final years, and especially after the death of Hephaestion, Alexander began to exhibit signs of megalomania and paranoia. His extraordinary achievements, coupled with his own ineffable sense of destiny and the flattery of his companions, may have combined to produce this effect. His delusions of grandeur are readily visible in his will and in his desire to conquer the world, in as much as he is by various sources described as having boundless ambition, an epithet, the meaning of which has descended into a historical clich.","ତାଙ୍କ ନିଜ ନିୟତିର ଅବର୍ଣ୍ଣନୀୟ ଧାରଣା ସହିତ ତାଙ୍କର ଅସାଧାରଣ କୃତିତ୍ୱଗୁଡ଼ିକ ତଥା ତାଙ୍କ ସହଚରମାନଙ୍କ ପ୍ରଶଂସା, ସମ୍ମିଳିତ ହୋଇ ଏହି ପରିଣାମ ଘଟାଇଥାଇପାରନ୍ତି ।"
"Ganga has been revered in Cambodia since the Khmer empire. In Shiva's iconographical form Uma-Gangapatisvarar (Khmer: ), Shiva is depicted with Ganga and his wife Uma (Parvati). Ganga's images are located in Bakong, Lintel in Thommanon and exhibit in International Council of Museums.","ଖ୍ମେର୍‌ ସାମ୍ରାଜ୍ୟ କାଳରୁ, କାମ୍ବୋଡ଼ିଆରେ ଗଙ୍ଗାକୁ ଶ୍ରଦ୍ଧେୟ ସ୍ଥାନ ଦିଆଯାଇଛି ।"
"Having been a Portuguese territory for over 450 years, Goan culture is an amalgamation of both Eastern and Western styles, with the latter having a more dominant role. The tableau of Goa showcases religious harmony by focusing on the Deepastambha, the Cross, and Ghode Modni followed by a chariot. European royal attire of kings is as much part of Goa's cultural heritage as are regional dances performed depicting a unique blend of different religions and cultures of this State.","ଗୋଆର ପ୍ରଜ୍ଞାପନ ମେଢ଼ ଦୀପସ୍ତମ୍ଭ, କୃଶ ଏବଂ ଏକ ବିମାନ ଦ୍ଵାରା ଅନୁସୃତ 'ଘୋଡ଼େ ମୋଡ଼୍‌ନୀ' ଉପରେ ଧ୍ୟାନ କେନ୍ଦ୍ରିତ କରି ଧାର୍ମିକ ସମନ୍ୱୟକୁ ପ୍ରଦର୍ଶିତ କରେ ।"
"He wrote the book, Mizo Nge Israel? (""Mizo or Israeli?"") (2004), exploring this issue. He does not think the people have a legitimate claim to Jewish descent.","ସେ ଏହି ବିଷୟଟିକୁ ଅନୁଶୀଳନ କରିଥିବା ପୁସ୍ତକ ""ମିଜୋ ଙ୍ଗେ ଇଜ୍‌ରାଏଲ୍‌?"" (""ମିଜୋ ନା ଇଜ୍‌ରାଏଲି?"")ର ରଚନା କରିଥିଲେ ।"
"Historical linguists broadly estimate that a continuum of Indo-Iranian languages probably began to diverge by 2000 BCE, if not earlier,:3839 preceding both the Vedic and Iranian cultures. The earliest recorded forms of these languages, Vedic Sanskrit and Gathic Avestan, are remarkably similar, descended from the common Proto-Indo-Iranian language. The origin and earliest relationship between the Nuristani languages and that of the Iranian and Indo-Aryan groups is not completely clear.","ଏହି ଭାଷାଗୁଡ଼ିକର ପ୍ରାଚୀନତମ ଲିପିବଦ୍ଧ ରୂପଗୁଡ଼ିକ, ଯଥା ବୈଦିକ ସଂସ୍କୃତ ଏବଂ ଗାଥିକ୍‌ ଆବେଷ୍ଟାନ୍, ଉଲ୍ଲେଖନୀୟଭାବରେ ପରସ୍ପର ସଦୃଶ ଅଟନ୍ତି, ଯେଉଁଗୁଡ଼ିକକି ଏକ ସମାନ ପୁରା-ଇଣ୍ଡୋ-ଇରାନୀୟ ଭାଷାରୁ ଜାତ ହୋଇଛନ୍ତି ।"
"In Southern India, the Pallava period beginning with Simhavishnu (575 CE 900 CE) was a transitional stage in southern Indian society with monument building, establishment of (bhakti) sects of Alvars and Nayanars, flowering of rural Brahmanical institutions of Sanskrit learning, and the establishment of Chakravartin model of kingship over a territory of diverse people; which ended the pre-Pallavan era of territorially segmented people, each with their culture, under a tribal chieftain. The Pallava period extolled ranked relationships based on ritual purity as enjoined by the shastras. Burton distinguishes between the Chakravatin model and the Kshatriya model, and likens kshatriyas to locally based warriors with ritual status sufficiently high enough to share with Brahmins; and states that in south India the kshatriya model did not emerge.","ଦକ୍ଷିଣ ଭାରତରେ, ସିଂହବିଷ୍ଣୁ (୫୭୫ ଖ୍ରୀଷ୍ଟାବ୍ଦ - ୯୦୦ ଖ୍ରୀଷ୍ଟାବ୍ଦ)ଙ୍କ ସହିତ ଆରମ୍ଭ ହୋଇଥିବା ପଲ୍ଲବ ଯୁଗ ଦକ୍ଷିଣ ଭାରତୀୟ ସମାଜରେ ଏକ ପରିବର୍ତ୍ତନର ପର୍ଯ୍ୟାୟ ଥିଲା ଯେଉଁଥିରେ ରହିଥିଲା ସ୍ମାରକ ନିର୍ମାଣ, ଆଳ୍ଵାର ଏବଂ ନାୟନାର (ଭକ୍ତି) ସମ୍ପ୍ରଦାୟଗୁଡ଼ିକର ସ୍ଥାପନା, ସଂସ୍କୃତ ଶିକ୍ଷାର ଗ୍ରାମୀଣ ବ୍ରାହ୍ମଣବାଦୀ ଅନୁଷ୍ଠାନଗୁଡ଼ିକର ବିକାଶ, ଏବଂ ବିବିଧ ପ୍ରକାରର ଲୋକମାନଙ୍କର ଏକ ଅଞ୍ଚଳ ଉପରେ ରାଜତ୍ୱର ଚକ୍ରବର୍ତ୍ତୀ ଆଦର୍ଶର ସ୍ଥାପନା, ଯାହାକି ଆଞ୍ଚଳିକ ଭାବେ ବିଚ୍ଛିନ୍ନ ହୋଇ ରହିଥିବା ଲୋକମାନଙ୍କର ପ୍ରାକ୍‌-ପଲ୍ଲବ ଯୁଗଟିର ସମାପ୍ତି ଘଟାଇଥିଲା, ଯେଉଁଠି ପ୍ରତ୍ୟେକଙ୍କର ନିଜର ସଂସ୍କୃତି ରହିଥିଲା, ପ୍ରତ୍ୟେକ ଜଣେ ଜନଜାତି ମୁଖିଆଙ୍କ ଅଧୀନରେ ରହିଥିଲେ ।"
"In the 19th century, Swabhab Kavi Gangadhar Meher (1862-1924), Fakir Mohan Senapati (18431918), Gouri Shankar Ray, Gopal Chandra Praharaj, Pandit Nilmani Vidyaratna, Kabibar Radhanath Ray were few of the prominent figures in prose and poetry writings of Odia literature. In the 20th century Godabarish Mohapatra, Kalindi Charana Panigrahi, Kanhu Charan Mohanty (19061994), Godabarish Mishra, Gopinath Mohanty (19141991), Sachidananda Routray (19162004), Sitakant Mahapatra (born 17 September 1937), Surendra Mohanty, Manoj Das, Kishori Charan Das, Ramakanta Rath (born 13 December 1934), Binapani Mohanty, Jagadish Mohanty, Sarojini Sahoo, Rajendra Kishore Panda, Padmaj Pal, Ramchandra Behera, Pratibha Satpathy, Nandini Sahu, Debaraj Samantray are few names who created Odia literature. Recently the Government of India accorded classical status to Odia in 2014.","୨୦ଶ ଶତାବ୍ଦୀରେ ଗୋଦାବରୀଶ ମହାପାତ୍ର, କାଳିନ୍ଦୀ ଚରଣ ପାଣିଗ୍ରାହୀ, କାହ୍ନୁ ଚରଣ ମହାନ୍ତି (୧୯୦୬-୧୯୯୪), ଗୋଦାବରୀଶ ମିଶ୍ର, ଗୋପୀନାଥ ମହାନ୍ତି (୧୯୧୪-୧୯୯୧), ସଚ୍ଚିଦାନନ୍ଦ ରାଉତରାୟ (୧୯୧୬-୨୦୦୪), ସୀତାକାନ୍ତ ମହାପାତ୍ର (ଜନ୍ମ ୧୭ ସେପ୍ଟେମ୍ବର, ୧୯୩୭), ସୁରେନ୍ଦ୍ର ମହାନ୍ତି, ମନୋଜ ଦାସ, କିଶୋରୀ ଚରଣ ଦାସ, ରମାକାନ୍ତ ରଥ (ଜନ୍ମ ୧୩ ଡିସେମ୍ବର, ୧୯୩୪), ବୀଣାପାଣି ମହାନ୍ତି, ଜଗଦୀଶ ମହାନ୍ତି, ସରୋଜିନୀ ସାହୁ, ରାଜେନ୍ଦ୍ର କିଶୋର ପଣ୍ଡା, ପଦ୍ମଜ ପାଲ, ରାମଚନ୍ଦ୍ର ବେହେରା, ପ୍ରତିଭା ଶତପଥୀ, ନନ୍ଦିନୀ ସାହୁ, ଦେବରାଜ ସାମନ୍ତରାୟ ପ୍ରଭୃତି ହେଉଛନ୍ତି ସ୍ଵଳ୍ପ କେତେକ ନାମ, ଯେଉଁମାନେକି ଓଡ଼ିଆ ସାହିତ୍ୟ ସୃଷ୍ଟି କରିଥିଲେ ।"
"Islamic Bengal was noted for its production of the finest cotton fabrics and saris, notably the Jamdani, which received warrants from the Mughal court. The Bengal School of painting flourished in Kolkata and Shantiniketan in the British Raj during the early 20th century. Its practitioners were among the harbingers of modern painting in India.","ଇସ୍‌ଲାମୀୟ ବଙ୍ଗ ନିଜର ଉତ୍କୃଷ୍ଟତମ ସୂତାବୁଣା କପଡ଼ା ଏବଂ ଶାଢ଼ୀ ନିମନ୍ତେ ପ୍ରସିଦ୍ଧି ଅର୍ଜନ କରିଥିଲା, ବିଶେଷତଃ 'ଜାମଦାନି', ଯାହାକି ମୋଗଲ ଦରବାରର ସ୍ୱୀକୃତି ଲାଭ କରିଥିଲା ।"
"Islamic civilization is credited with further advancing the accuracy of clocks with elaborate engineering. In 797 AD (or possibly 801 AD), the Abbasid caliph of Baghdad, Harun al-Rashid, presented Charlemagne with an Asian elephant named Abul-Abbas together with a ""particularly elaborate example"" of a water clock. Pope Sylvester II introduced clocks to northern and western Europe around 1000 AD.","୭୯୭ ଖ୍ରୀଷ୍ଟାବ୍ଦ (ବା ସମ୍ଭବତଃ ୮୦୧ ଖ୍ରୀଷ୍ଟାବ୍ଦ)ରେ, ବାଗଦାଦ୍‌‌ର ଅବ୍ବାସିଦ୍‌ ଖଲିଫା, ହାରୁନ୍ ଅଲ୍‌-ରଶିଦ୍‌, ସାର୍ଲେମେନ୍‌ଙ୍କୁ, ଏକ ଜଳ-ଘଣ୍ଟାର ""ବିଶେଷ ଭାବେ କାର୍ଯ୍ୟ ହୋଇଥିବା ନମୁନା"" ସହିତ, ଏକ ଏସୀୟ ହାତୀ ପ୍ରଦାନ କରିଥିଲେ, ଯାହାର ନାମ ଥିଲା ଅବୁଲ୍‌-ଅବ୍ବାସ୍‌।"
"Many children were born to unofficial partnerships: 54% of the children baptised at St. John's, Calcutta between 1767 and 1782 were Anglo-Indian and illegitimate. British women of good social standing were scarce; in 1785 surgeon John Stewart wrote to his brother from Cawnpore: ""Many of the women here are mere adventuresses from Milliners shops on Ludgate Hill and some even from Covent Garden and Old Drury [well known areas of prostitution in late 18th century London]. They possess neither sentiment nor education, and are so intoxicated by their sudden elevation, that a sensible man can only regard them with indignation and outrage.""","ଭଲ ସାମାଜିକ ପ୍ରତିଷ୍ଠା ରହିଥିବା ଇଂରେଜ ମହିଳା କ୍ୱଚିତ୍ ଥିଲେ; ୧୭୮୫ ମସିହାରେ ଶଲ୍ୟ ଚିକିତ୍ସକ ଜନ୍‌ ଷ୍ଟେୱାର୍ଟ କାନପୁରରୁ ନିଜ ଭାଇଙ୍କୁ ଚିଠି ଲେଖିଲେ: ""ଏଠାକାର ଅନେକ ମହିଳା ହେଉଛନ୍ତି କେବଳ ଦୁଃସାହସିନୀ ଯେଉଁମାନେକି ଲୁଡ୍‌ଗେଟ୍‌ ହିଲ୍‌ରେ ଥିବା ମିଲିନର ଦୋକାନମାନଙ୍କରୁ ଆସିଛନ୍ତି, ଏପରିକି କେତେକ କୋଭେଣ୍ଟ ଗାର୍ଡେନ ଏବଂ ଓଲ୍ଡ ଡ୍ରୁରିରୁ ମଧ୍ୟ [୧୮ଶ ଶତାବ୍ଦୀ ଲଣ୍ଡନରେ ଥିବା ବେଶ୍ୟାବୃତ୍ତିର ଜଣାଶୁଣା ଅଞ୍ଚଳ] ।"
"No place along her banks is more longed for at the moment of death by Hindus than Varanasi, the Great Cremation Ground, or Mahashmshana. Those who are lucky enough to die in Varanasi, are cremated on the banks of the Ganges, and are granted instant salvation. If the death has occurred elsewhere, salvation can be achieved by immersing the ashes in the Ganges.","ଯଦି ମୃତ୍ୟୁ ଅନ୍ୟ କେଉଁଠାରେ ଘଟିଛି, ଚିତାଭସ୍ମକୁ ଗଙ୍ଗାରେ ବିସର୍ଜନ କରିବା ଦ୍ଵାରା ନିର୍ବାଣ ପ୍ରାପ୍ତ କରାଯାଇପାରିବ ।"
"On 18 August 2017, following an ""instruction"" from a Chinese import agency, Cambridge University Press used the functionality that had been built into Cambridge Core to temporarily delete politically sensitive articles from The China Quarterly on its Chinese website. The articles focused on topics China regards as taboo, including the 1989 Tiananmen massacre, Chairman Mao Zedong's Cultural Revolution, Hong Kong's fight for democracy and ethnic tensions in Xinjiang and Tibet. On 21 August 2017, in the face of growing international protests, Cambridge University Press announced it would immediately repost the articles to uphold the principle of academic freedom on which the university's work is founded.","ଲେଖାଗୁଡ଼ିକ ଚୀନ୍‌ ନିଷିଦ୍ଧ ମନେ କରୁଥିବା ପ୍ରସଙ୍ଗଗୁଡ଼ିକ ଉପରେ ଧ୍ୟାନ କେନ୍ଦ୍ରୀଭୂତ କରିଥିଲା, ଯେଉଁଥିରେ ୧୯୮୯ ମସିହା ତିଆନେନ୍‌ମେନ୍‌ ଚୌକ ସାମୂହିକ ହତ୍ୟାକାଣ୍ଡ, ଚେୟାରମ୍ୟାନ୍‌ ମାଓ ଚେଡଙ୍ଗ୍‌ଙ୍କ ସାଂସ୍କୃତିକ ବିପ୍ଳବ, ଗଣତନ୍ତ୍ର ନିମନ୍ତେ ହଂକଂର ଲଢ଼େଇ, ତଥା ଶିନ୍‌ଜାଙ୍ଗ୍‌ ଓ ତିବ୍ବତରେ ରହିଥିବା ଜାତିଗତ ଉତ୍ତେଜନା ଅନ୍ତର୍ଭୁକ୍ତ ।"
"On 26 January 1950, India became a sovereign republic. This series was introduced on 15 August 1950 and represented the first coinage of Republic India. The British monarch's portrait was replaced by the Lion Capital of Ashoka.",ବ୍ରିଟିଶ୍‌ ସମ୍ରାଟଙ୍କ ପଟ୍ଟଚିତ୍ରଟି ସ୍ଥାନରେ ଅଶୋକଙ୍କ ସିଂହ ସ୍ତମ୍ଭ ଶୀର୍ଷଟିକୁ ପ୍ରତିସ୍ଥାପିତ କରାଯାଇଥିଲା ।
"Pausanias writes that Alexander wanted to dig through the Mimas mountain (in today's Karaburun area), but didn't succeed. He says this was Alexander's only unsuccessful project. Pliny the Elder adds that the planned distance was 12 kilometres (7.5mi), and the purpose was to cut a canal through the isthmus to connect the Caystrian and Hermaean bays.","ପ୍ଲିନୀ ଦି ଏଲ୍‌ଡ଼ର୍‌ ଆହୁରି କହିଛନ୍ତି ଯେ ଯୋଜନା କରାଯାଇଥିବା ଦୂରତ୍ୱଟି ୧୨ କି.ମି. ଥିଲା (୭.୫ ମାଇଲ), ଏବଂ ଉଦ୍ଦେଶ୍ୟ ଥିଲା କାଏଷ୍ଟ୍ରିଆନ୍‌ ଏବଂ ହର୍ମିଆନ୍‌ ଉପସାଗରକୁ ସଂଯୁକ୍ତ କରିବା ନିମନ୍ତେ ସଙ୍କୀର୍ଣ୍ଣ ସ୍ଥଳଭାଗଟି ମଧ୍ୟଦେଇ ଏକ କେନାଲ ଖୋଳିବା ।"
"Quarter svarna coins have been excavated from gandhara. Besides svarna being a term for gold coins (called Svarna Rupa), it was also a weight standard which replaced Purana or Dharana in ancient India. According to Arthashastra one svarna or karsha was equal to 80 rattis (based on 1 masha = 5 ratti standard)","'ଅର୍ଥଶାସ୍ତ୍ର' ଅନୁସାରେ, ଏକ ସ୍ଵର୍ଣ୍ଣ ବା କର୍ଷ ୮୦ ରତି ସହିତ ସମାନ ଥିଲା ('୧ ମାଶା = ୫ ରତି' ମାନକ ଉପରେ ଆଧାର କରି) ।"
"Recent C14 datings and stylistic comparisons with Amri II-B period pottery shows the first two phases should be termed Pre-Harappan Dholaviran Culture and re-dated as follows: Stage I (c. 3500-3200 BCE), and Stage II (c. 3200-2600 BCE).",ନିକଟ ଅତୀତର ସି୧୪ କାଳାନୁମାନ ତଥା 'ଅମରୀ-୨ୟ-ଖ' କାଳ ମୃଣ୍ମୟ ଶିଳ୍ପ ସହିତ ଶୈଳୀସଂକ୍ରାନ୍ତୀୟ ତୁଳନା ଦର୍ଶାଏ ଯେ ପ୍ରଥମ ଦୁଇ ପର୍ଯ୍ୟାୟକୁ 'ପ୍ରାକ୍‌-ହରପ୍‌ପା ଧୋଳାବୀରା ସଂସ୍କୃତି' ନାମ ଦିଆଯିବା ଉଚିତ୍‌ ଏବଂ ନିମ୍ନରେ ପ୍ରଦତ୍ତ ହୋଇଥିବା ପରି ପୁନଃ କାଳ ନିର୍ଦ୍ଦିଷ୍ଟ କରାଯିବା ଉଚିତ୍‌: ୧ମ ପର୍ଯ୍ୟାୟ (ପ୍ରାୟ ଖ୍ରୀ.ପୂ ୩୫୦୦ - ୩୨୦୦) ଏବଂ ୨ୟ ପର୍ଯ୍ୟାୟ (ପ୍ରାୟ ଖ୍ରୀ.ପୂ ୩୨୦୦ - ୨୬୦୦) ।
"Russian historian Lev Gumilev wrote that Xiongnu, Mongols (Mongol Empire, Zunghar Khanate) and Turkic peoples (First Turkic Khaganate, Uyghur Khaganate) played a role to stop Chinese aggression to the north. The Turkic Khaganate had special policy against Chinese assimilation policy. Another interesting theoretical analysis on the historical-geopolitics of the Central Asia was made through the reinterpretation of Orkhun Inscripts.","ଋଷୀୟ ଇତିହାସକାର ଲେଭ୍‌ ଗୁମିଲେଭ୍‌ ଲେଖିଥିଲେ ଯେ ଜାୟଙ୍ଗ୍‌ନୁ, ମଙ୍ଗୋଲ (ମଙ୍ଗୋଲ ସାମ୍ରାଜ୍ୟ, ଜଙ୍ଗାର ଖାନତ), ଏବଂ ତୁର୍କୀ ଲୋକମାନେ (ପ୍ରଥମ ତୁର୍କୀ ଖାଗନତ, ଉଈଗୁର ଖାଗନତ) ଉତ୍ତର ଆଡ଼କୁ ଚୀନା ଆକ୍ରମଣକୁ ରୋକିବାରେ ଏକ ଭୂମିକା ଗ୍ରହଣ କରିଥିଲେ ।"
"Sandansa/Sandamsa (hell of pincers): The Bhagavata Purana and the Devi Bhagavata Purana state that a person who robs a Brahmin or steals jewels or gold from someone, when not in dire need, is confined to this hell. However, the Vishnu Purana tells the violators of vows or rules endure pain here. His body is torn by red-hot iron balls and tongs.","'ସନ୍ଦଂଶ'/'ସନ୍ଦମ୍‌ଶ' (ଦଂଶକୀଟ ମାନଙ୍କର ନରକ): ଭାଗବତ ପୁରାଣ ଏବଂ ଦେବୀ ଭାଗବତ ପୁରାଣ ବର୍ଣ୍ଣନା କରେ ଯେ ଜଣେ ବ୍ୟକ୍ତି ଯିଏ, ଅତିଶୟ ଅଭାବରେ ନଥିବାବେଳେ, ଜଣେ ବ୍ରାହ୍ମଣଙ୍କୁ ଲୁଟ କରେ ଅଥବା କାହାଠାରୁ ରତ୍ନ କିମ୍ବା ସ୍ଵର୍ଣ୍ଣ ଚୋରିକରେ, ସେ ଏହି ନରକରେ ବନ୍ଦୀ ହୋଇଥାଏ ।"
"The Aparokshanubhuti and Atma bodha are also attributed to Shankara, as his original philosophical treatises, but this is doubtful. Paul Hacker has also expressed some reservations that the compendium Sarva-darsana-siddhanta Sangraha was completely authored by Shankara, because of difference in style and thematic inconsistencies in parts. Similarly, Gayatri-bhasya is doubtful to be Shankara's work.","ପଲ୍‌ ହ୍ୟାକର ମଧ୍ୟ କିଛି ମାତ୍ରାରେ ସନ୍ଦେହ ବ୍ୟକ୍ତ କରିଛନ୍ତି ଯେ 'ସର୍ବ-ଦର୍ଶନ-ସିଦ୍ଧାନ୍ତ-ସଂଗ୍ରହ' ପୁସ୍ତକଟି ସମ୍ପୂର୍ଣ୍ଣ ରୂପେ ଶଙ୍କରଙ୍କ ଦ୍ଵାରା ବିରଚିତ, କାରଣ ଶୈଳୀରେ ଭିନ୍ନତା ତଥା ପ୍ରାସଙ୍ଗିକ ଅସାମଞ୍ଜସ୍ୟମାନ ରହିଛି ।"
"The Bengali New Year is observed as a public holiday in Bangladesh. It is celebrated across religious boundaries by its Muslim majority and Hindu minority. According to Willem van Schendel and Henk Schulte Nordholt, the festival became a popular means of expressing cultural pride and heritage among the Bangladeshi as they resisted Pakistani rule in the 1950s and 1960s.","ୱିଲେମ୍‌ ଭାନ୍‌ ଶେଣ୍ଡେଲ୍‌ ଏବଂ ହେଙ୍କ୍‌ ଶୁଲ୍‌ତେ ନର୍ଡ଼୍‌ହୋଲ୍ଟ୍‌ଙ୍କ ମତରେ, ଉତ୍ସବଟି ବାଂଲାଦେଶୀମାନଙ୍କ ମଧ୍ୟରେ ସାଂସ୍କୃତିକ ଗୌରବ ଏବଂ ଐତିହ୍ୟକୁ ପ୍ରକାଶ କରିବାର ଏକ ଲୋକପ୍ରିୟ ମାଧ୍ୟମ ହୋଇଯାଇଥିଲା, ଯେବେ ସେମାନେ ୧୯୫୦ ଏବଂ ୧୯୬୦ ଦଶକରେ ପାକିସ୍ତାନୀ ଶାସନକୁ ବିରୋଧ କରିଥିଲେ ।"
"The Ghurids initially ruled as vassals of the Ghaznawids and later of the Seljuks. However, the long-standing rivalry between the Seljuks and Ghaznawids created a power vaccum in Khurasan to which the Ghurids cashed in and began their territorial expansion, during the early twelfth century. Ala al-Din Husayn launched a devastating raid in the Ghaznavid territory and sacked their capital, although he was defeated by the Seljuks which for briefly halted the rapid Ghurid expansion.","ଆଲା ଅଲ୍-ଦିନ୍ ହୁସେନ୍‌ ଗଜନବୀ ଅଞ୍ଚଳରେ ଏକ ପ୍ରଚଣ୍ଡ ଆକ୍ରମଣ ଚଳାଇଥିଲେ ଏବଂ ସେମାନଙ୍କ ରାଜଧାନୀକୁ ଲୁଣ୍ଠନ କରିଥିଲେ, ଯଦିଓ ସେ ସେଲଜୁକମାନଙ୍କ ଦ୍ଵାରା ପରାଜିତ ହୋଇଥିଲେ, ଯାହାକି କ୍ଷିପ୍ର ଘୋରୀ ସାମ୍ରାଜ୍ୟବିସ୍ତାରକୁ ସ୍ୱଳ୍ପ ସମୟ ପାଇଁ ରୋକି ଦେଇଥିଲା ।"
"The Pallavas were instrumental in the transition from rock-cut architecture to stone temples. The earliest examples of Pallava constructions are rock-cut temples dating from 610 CE to 690 CE and structural temples between 690 CE and 900 CE. A number of rock-cut cave temples bear the inscription of the Pallava king, Mahendravarman I and his successors.",ପଲ୍ଲବ ସ୍ଥାପତ୍ୟର ପ୍ରାଚୀନତମ ଉଦାହରଣଗୁଡ଼ିକ ହେଲା ୬୧୦ ଖ୍ରୀଷ୍ଟାବ୍ଦରୁ ୬୯୦ ଖ୍ରୀଷ୍ଟାବ୍ଦ ସମୟର ଶୈଳ-ଖୋଦିତ ମନ୍ଦିରମାନ ଏବଂ ୬୯୦ ଖ୍ରୀଷ୍ଟାବ୍ଦରୁ ୯୦୦ ଖ୍ରୀଷ୍ଟାବ୍ଦ ସମୟର ଗଢ଼ାହୋଇଥିବା ମନ୍ଦିରମାନ ।
"The Salankayanas were an ancient dynasty that ruled the Andhra region between Godavari and Krishna with their capital at Vengi (modern Pedavegi) from 300 to 440CE. The Eastern Chalukyas of Vengi, whose dynasty lasted for around five hundred years from the 7th century until 1130CE, eventually merged with the Chola dynasty. They continued to rule under the protection of the Chola dynasty until 1189CE when the kingdom succumbed to the Hoysalas and the Yadavas.",ସାଲଙ୍କାୟନମାନେ ଥିଲେ ଏକ ପ୍ରାଚୀନ ରାଜବଂଶ ଯେଉଁମାନେକି ୩୦୦ ରୁ ୪୪୦ ଖ୍ରୀଷ୍ଟାବ୍ଦ ପର୍ଯ୍ୟନ୍ତ ଗୋଦାବରୀ ଏବଂ କୃଷ୍ଣା ମଧ୍ୟସ୍ଥ ଆନ୍ଧ୍ର ଅଞ୍ଚଳଟିକୁ ଶାସନ କରୁଥିଲେ; ସେମାନଙ୍କର ରାଜଧାନୀ ବେଙ୍ଗୀ (ଆଧୁନିକ ପେଦବେଗି) ଠାରେ ରହିଥିଲା ।
"The Standard Cross-Cultural Sample described the occurrence of extramarital sex by gender in over 50 pre-industrial cultures. The occurrence of extramarital sex by men is described as ""universal"" in 6 cultures, ""moderate"" in 29 cultures, ""occasional"" in 6 cultures, and ""uncommon"" in 10 cultures. The occurrence of extramarital sex by women is described as ""universal"" in 6 cultures, ""moderate"" in 23 cultures, ""occasional"" in 9 cultures, and ""uncommon"" in 15 cultures.","ପୁରୁଷମାନଙ୍କ ଦ୍ଵାରା ବିବାହ ବାହାରେ ଯୌନ ସମ୍ପର୍କକୁ ୬ଟି ସଂସ୍କୃତିରେ ""ସାର୍ବଜନୀନ"", ୨୯ଟି ସଂସ୍କୃତିରେ ""ମଧ୍ୟମ"", ୬ଟି ସଂସ୍କୃତିରେ ""ଅନିୟମିତ"" ଏବଂ ୧୦ଟି ସଂସ୍କୃତିରେ ""ଅସ୍ୱାଭାବିକ"" ଭାବରେ ବର୍ଣ୍ଣନା କରାଯାଇଛି ।"
"The biggest prize that galvanised English trade was the seizure of a large Portuguese carrack, the Madre de Deus by Sir Walter Raleigh and the Earl of Cumberland at the Battle of Flores on 13 August 1592. When she was brought in to Dartmouth she was the largest vessel ever seen in England and she carried chests of jewels, pearls, gold, silver coins, ambergris, cloth, tapestries, pepper, cloves, cinnamon, nutmeg, benjamin (a tree that produces frankincense), red dye, cochineal and ebony. Equally valuable was the ship's rutter (mariner's handbook) containing vital information on the China, India, and Japan trade routes.","ସମାନ ଭାବରେ ମୁଲ୍ୟବାନ ଥିଲା ଜାହାଜଟିର 'ରଟର୍‌' (ନାବିକଙ୍କ ସହାୟକ ପୁସ୍ତିକା), ଯେଉଁଥିରେ ଚୀନ, ଭାରତ, ଏବଂ ଜାପାନର ବାଣିଜ୍ୟିକ ଗତିପଥଗୁଡ଼ିକ ଉପରେ ଅତି ଗୁରୁତ୍ଵପୂର୍ଣ୍ଣ ସୂଚନାମାନ ରହିଥିଲା ।"
"The modern art movement in Bangladesh took shape during the 1950s, particularly with the pioneering works of Zainul Abedin. East Bengal developed its own modernist painting and sculpture traditions, which were distinct from the art movements in West Bengal. The Art Institute Dhaka has been an important centre for visual art in the region.",ଢାକାର କଳା ପ୍ରତିଷ୍ଠାନଟି ଉକ୍ତ ଅଞ୍ଚଳରେ ଦୃଶ୍ୟ କଳାର ଏକ ଗୁରୁତ୍ୱପୂର୍ଣ୍ଣ କେନ୍ଦ୍ର ହୋଇ ରହିଆସିଛି ।
"The possibility of different interpretations of the Vedic literature, states Arvind Sharma, was recognized by ancient Indian scholars. The Brahmasutra (also called Vednta Sutra, composed in 1st millennium BCE) accepted this in verse 1.1.4 and asserts the need for the Upanishadic teachings to be understood not in piecemeal cherrypicked basis, rather in a unified way wherein the ideas in the Vedic texts are harmonized with other means of knowledge such as perception, inference and remaining pramanas. This theme has been central to the Advaita school, making the Brahmasutra as a common reference and a consolidated textual authority for Advaita.","'ବ୍ରହ୍ମସୂତ୍ର' (ବେଦାନ୍ତ ସୂତ୍ର ମଧ୍ୟ କୁହାଯାଏ, ଯାହାକି ଖ୍ରୀଷ୍ଟପୂର୍ବ ୧ମ ସହସ୍ରାବ୍ଦୀରେ ରଚିତ ହୋଇଥିଲା) ଏହାକୁ ପଦ ୧.୧.୪. ରେ ସ୍ୱୀକୃତି ପ୍ରଦାନ କରିଛି ଏବଂ ଉପନିଷଦୀୟ ଶିକ୍ଷାଗୁଡ଼ିକୁ ପୃଥକ୍‌ଭାବେ, ବଛାବଛି ଆଧାରରେ ନୁହେଁ, ବରଂ ଏକ ଏକୀକୃତ ଉପାୟରେ ବୁଝାଯିବାର ଆବଶ୍ୟକତା ଉପରେ ଦୃଢ଼ୋକ୍ତି ପ୍ରକାଶ କରିଛି, ଯେଉଁଠିକି ବୈଦିକ ରଚନାବଳୀର ଧାରଣାଗୁଡ଼ିକ ଜ୍ଞାନର ଅନ୍ୟାନ୍ୟ ମାଧ୍ୟମଗୁଡ଼ିକ ଯଥା ଇନ୍ଦ୍ରିୟଲବ୍ଧ ଅନୁଭୂତି, ଅନୁମାନ, ଏବଂ ଅବଶିଷ୍ଟ ପ୍ରମାଣଗୁଡ଼ିକ ସହିତ ସମଞ୍ଜସ ହୋଇଥାନ୍ତି ।"
"The roles and guises recommended for Vyanjana (appearance) agents by the Arthashastra include ascetics, forest hermits, mendicants, cooks, merchants, doctors, astrologers, householders, entertainers, dancers, female agents and others. It suggests that members from these professions should be sought to serve for the secret service. A prudent state, states the text, must expect that its enemies seek information and are spying inside its territory and spreading propaganda, and therefore it must train and reward double agents to gain identity about such hostile intelligence operations.",ଏହା ସୂଚିତ କରୁଛି ଯେ ଏହି ବୃତ୍ତିଗୁଡ଼ିକର ସଦସ୍ୟମାନଙ୍କୁ ଗୁପ୍ତ ସେବା ନିମନ୍ତେ ଲୋଡ଼ାଯିବା ଉଚିତ୍‌ ।
"The section concludes by listing the names of actions or deeds possible with various weapons, including 32 positions to be taken with sword and shield (khagacarmavidhau); 11 techniques for using a rope in fighting, 5 acts in the rope operation, lists of deeds pertaining to the chakram (war-quoit), the spear, the tomara (iron club), the gada (mace), the axe, the hammer, the bhindipla or laguda, the vajra, the dagger, the slingshot, and a bludgeon or cudgel. A short passage near the end addresses larger concerns of warfare and explains the various uses of war elephants and men. The text concludes with a description of how to appropriately send the well-trained fighter off to war.",ଶେଷଭାଗଟି ନିକଟରେ ରହିଥିବା ଏକ କ୍ଷୁଦ୍ର ଅନୁଚ୍ଛେଦ ଯୁଦ୍ଧତନ୍ତ୍ରକୁ ନେଇ ରହିଥିବା ବୃହତ୍ତର ଉଦ୍‌ବେଗଗୁଡ଼ିକ ଉପରେ ବିଚାର ବ୍ୟକ୍ତ କରିଛି ଏବଂ ଯୁଦ୍ଧରେ ବ୍ୟବହୃତ ହସ୍ତୀ ଏବଂ ଲୋକମାନଙ୍କର ବିଭିନ୍ନ ପ୍ରକାରର ବ୍ୟବହାରକୁ ବ୍ୟାଖ୍ୟା କରିଛି ।
"The text consists of 1,430 angs (pages) and 5,894 shabads (line compositions), which are poetically rendered and set to a rhythmic ancient north Indian classical form of music. The bulk of the scripture is divided into 31 main ragas, with each Granth raga subdivided according to length and author. The hymns in the scripture are arranged primarily by the rgas in which they are read.","ଗ୍ରନ୍ଥଗୁଡ଼ିକର ବୃହତ୍‌ ସମୂହଟି ୩୧ଟି ମୁଖ୍ୟ ରାଗରେ ବିଭକ୍ତ, ଯାହାମଧ୍ୟରୁ ପ୍ରତ୍ୟେକ ଗ୍ରନ୍ଥରାଗ ଦୈର୍ଘ୍ୟ ଏବଂ ରଚୟିତାଙ୍କ ଅନୁସାରେ ପୁନର୍ବିଭାଜିତ ।"
"The text is a prose style Upanishad, with a motley collection of different sized paragraphs. The first section has four paragraphs, the second has seven, the third presents five paragraphs, while the fourth section contains six. As appendices, the fifth lesson has two paragraphs, while the sixth Prapathaka is the longest section with thirty eight paragraphs.","ରଚନାଟି ଏକ ଗଦ୍ୟ-ଶୈଳୀବିଶିଷ୍ଟ ଉପନିଷଦ, ଯହିଁରେ ଭିନ୍ନଭିନ୍ନ-ଆକାରବିଶିଷ୍ଟ ଅନୁଚ୍ଛେଦଗୁଡ଼ିକର ଏକ ବିବିଧ ସଂଗ୍ରହ ରହିଛି ।"
"These are also called the Astika (theistic) philosophical traditions and are those that accept the Vedas as an authoritative, important source of knowledge. Ancient and medieval India was also the source of philosophies that share philosophical concepts but rejected the Vedas, and these have been called nstika (heterodox or non-orthodox) Indian philosophies. Nastika Indian philosophies include Buddhism, Jainism, Charvaka, Ajivika, and others.","ନାସ୍ତିକ ଭାରତୀୟ ଦର୍ଶନରେ ବୌଦ୍ଧଧର୍ମ, ଜୈନଧର୍ମ, ଚାର୍ବାକ, ଆଜୀବିକ ଏବଂ ଅନ୍ୟାନ୍ୟ ଅନ୍ତର୍ଭୁକ୍ତ ।"
"Trickster tales played a major role in the Winnebago tribe. These stories were passed down orally and depicted humorous lessons through animals, nature and trickery. For example, ""The Trickster and Talking Bulb"" tells the story of ""The Old Man"", who disregards the warnings of a bulb and, in turn, gets punished for his defiance.","ଉଦାହରଣ ସ୍ଵରୂପ, ""ଦ' ଟ୍ରିକ୍‌ଷ୍ଟର୍‌ ଆଣ୍ଡ୍‌ ଦ' ଟକିଂ ବଲ୍‌ବ"" ସେହି ""ବୃଦ୍ଧ ବ୍ୟକ୍ତି""ଙ୍କର କାହାଣୀ କହେ, ଯିଏକି ଏକ ବଲ୍‌ବର ଚେତାବନୀକୁ ଉପେକ୍ଷା କରନ୍ତି ଏବଂ, ପ୍ରତିବଦଳରେ, ନିଜର ଅବାଧ୍ୟତା ପାଇଁ ଦଣ୍ଡିତ ହୁଅନ୍ତି ।"
"Uniscribed die struck coins appeared around 4th century BC in Taxila and Ujjain. These coins were mostly in copper and rarely in silver, the metal dies were cast carefully with the required designs. These coins had some symbols similar to Punch marked coins.","ଏହି ମୁଦ୍ରାଗୁଡ଼ିକ ମୁଖ୍ୟତଃ ତମ୍ବା ଏବଂ କ୍ୱଚିତ୍‌ ରୂପାରେ ନିର୍ମିତ ଥିଲା, ଆବଶ୍ୟକୀୟ ପ୍ରାରୂପ ସହିତ ଧାତବ ରଙ୍ଗଗୁଡ଼ିକ ସତର୍କତାର ସହିତ ଦିଆଯାଇଥିଲା ।"
"katha upanishad's fifth valli is an eschatological treatise. it begins by stating that human body is like a pura (sanskrit: , town, city) with eleven gates that connect him to the universe. the individual, asserts katha upanishad, who understands and reveres this town of eternal, non-changing spirit, is never crooked-minded, is always free.","କଠ ଉପନିଷଦ ଦୃଢ଼ୋକ୍ତି ପ୍ରକାଶ କରେ ଯେ, ସେହି ବ୍ୟକ୍ତି ଯିଏକି ଏହି ଶାଶ୍ଵତର ଚିନ୍ତା କରିଥାଏ, ଏବଂ କୁଟିଳଟିର ନୁହେଁ, ସେ ସ୍ଵାଧୀନ ଅଟେ ଏବଂ କଦାପି ଦୁଃଖ ଅନୁଭବ କରିନଥାଏ।"
"the section concludes by listing the names of actions or deeds possible with various weapons, including 32 positions to be taken with sword and shield (khagacarmavidhau); 11 techniques for using a rope in fighting, 5 acts in the rope operation, lists of deeds pertaining to the chakram (war-quoit), the spear, the tomara (iron club), the gada (mace), the axe, the hammer, the bhindipla or laguda, the vajra, the dagger, the slingshot, and a bludgeon or cudgel. a short passage near the end addresses larger concerns of warfare and explains the various uses of war elephants and men. the text concludes with a description of how to appropriately send the well-trained fighter off to war.","ଉକ୍ତ ଭାଗଟି ବିଭିନ୍ନ ଅସ୍ତ୍ରଶସ୍ତ୍ର ଦ୍ଵାରା ସମ୍ଭବ ହେଉଥିବା ଚାଳନା ରୀତି ଏବଂ କାର୍ଯ୍ୟଗୁଡ଼ିକର ତାଲିକା ସହିତ ସମାପ୍ତ ହୋଇଛି, ଯାହା ମଧ୍ୟରେ ରହିଛି ଖଣ୍ଡା ଏବଂ ଢାଲ ସହିତ ନିଆଯାଉଥିବା ୩୨ଟି ସ୍ଥିତି (ଖଗଚର୍ମବିଧୌ), ଯୁଦ୍ଧରେ ରଜ୍ଜୁ ବ୍ୟବହାର କରିବାର ୧୧ଟି କୌଶଳ, ରଜ୍ଜୁ ପ୍ରଚାଳନର ୫ଟି କାର୍ଯ୍ୟବିଧି, 'ଚକ୍ରମ୍‌' (ଯୁଦ୍ଧ-ଚକ୍ର ବ୍ୟୁହ) ସହିତ ସମ୍ପର୍କିତ ବିଧିଗୁଡ଼ିକର ତାଲିକା, ବର୍ଚ୍ଛା, ତୋମର (ଲୌହ ସୂକ୍ଷ୍ମାଗ୍ର ବିଶିଷ୍ଟ ଗଦା), ଗଦା (ମୂଷଳ), କୁରାଢ଼ୀ, ହାତୁଡ଼ି, ଭିନ୍ଦିପାଳ ବା ଲଗୁଡ, ବଜ୍ର, ଛୁରିକା, ପ୍ରସ୍ତରାଦି ନିକ୍ଷେପଣ ଅସ୍ତ୍ର, ଏବଂ ଏକ ମୁଗୁର ବା ଆୟୁଧ।"
"After the fall of Socialist Yugoslavia, the economy experienced several shocks that damaged the local economy. Starting with the Western embargo on the Yugoslavian common market, and ending with the Greek embargo on North Macedonia over the country's former name, Republic of Macedonia. The economy began to recover in 1995 and experienced a full recovery after the 2001 insurgency by ethnic Albanians.","ଯୁଗୋସ୍ଲୋଭୀୟ ସାଧାରଣ ବଜାର ଉପରେ ପାଶ୍ଚାତ୍ୟ ବାଣିଜ୍ୟ ନିଷେଧାଦେଶ ଠାରୁ ଆରମ୍ଭ କରି, ଏବଂ ଦେଶଟିର ପୂର୍ବ ନାମ, 'ଦି ରିପବ୍ଲିକ୍‌ ଅଫ୍‌ ମସେଡୋନିଆ'କୁ ନେଇ ଉତ୍ତର ମସେଡୋନିଆ ଉପରେ ଥିବା ଗ୍ରୀକ୍‌ ବାଣିଜ୍ୟ ନିଷେଧାଦେଶ ସହିତ ସମାପ୍ତ କରି ।"
"After the sharp devaluation in 1991 and transition to current account convertibility in 1994, the value of the rupee has been largely determined by market forces. The rupee has been fairly stable during the decade 20002010. In October 2018, rupee touched an all-time low 74.90 to US dollar.","୧୯୯୧ ମସିହାର ତୀବ୍ର ଅବମୂଲ୍ୟାୟନ, ତଥା ୧୯୯୪ ମସିହାର ଚଳନ୍ତି ଖାତା ପରିବର୍ତ୍ତନୀୟତାକୁ ପରିବର୍ତ୍ତନ ପରେ, ଟଙ୍କାର ମୂଲ୍ୟ ବହୁଳ ଭାବରେ ବଜାରର ଶକ୍ତିଗୁଡ଼ିକ ଦ୍ଵାରା ନିର୍ଦ୍ଧାରିତ ହୋଇଆସିଛି ।"
"Anuthin is heir to a major construction company fortune. His family's company, Sino-Thai Engineering and Construction PCL, built several government mega-projects such as Bangkoks Suvarnabhumi Airport. An engineer, Anuthin served as president of Sino-Thai.","ତାଙ୍କ ପରିବାରର କମ୍ପାନୀ, ସାଇନୋ-ଥାଇ ଇଞ୍ଜିନିୟରିଂ ଆଣ୍ଡ୍‌ କନ୍‌ଷ୍ଟ୍ରକ୍‌ସନ୍‌ ପି.ସି.ଏଲ୍‌., ଅନେକ ସରକାରୀ ବୃହତ୍‌-ପ୍ରକଳ୍ପମାନ ନିର୍ମାଣ କରିଥିଲା, ଯେପରିକି ବ୍ୟାଙ୍ଗ୍‌କକ୍‌ର ସୁବର୍ଣ୍ଣଭୂମି ବିମାନବନ୍ଦର ।"
"Apple evangelists were actively engaged by the company at one time, but this was after the phenomenon had already been firmly established. Apple evangelist Guy Kawasaki has called the brand fanaticism ""something that was stumbled upon,"" while Ive explained in 2014 that ""People have an incredibly personal relationship"" with Apple's products. Apple Store openings and new product releases can draw crowds of hundreds, with some waiting in line as much as a day before the opening.","'ଆପଲ୍‌' ବିକ୍ରୟ କେନ୍ଦ୍ର ଉଦ୍‌ଘାଟନ ଏବଂ ନୂତନ ଉତ୍ପାଦ ଲୋକାର୍ପଣ ଶହ ଶହ ସଂଖ୍ୟାରେ ଜନସମାଗମକୁ ଆକର୍ଷିତ କରିପାରେ, ଯେତେବେଳେକି କେତେକ ବ୍ୟକ୍ତି ଯଥା ସମ୍ଭବ ଏହି ଉଦ୍‌ଘାଟନର ଦିନକ ପୂର୍ବରୁ ଧାଡ଼ିରେ ରହି ଅପେକ୍ଷା କରିଥିବେ ।"
"Apple evangelists were actively engaged by the company at one time, but this was after the phenomenon had already been firmly established. Apple evangelist Guy Kawasaki has called the brand fanaticism ""something that was stumbled upon,"" while Ive explained in 2014 that ""People have an incredibly personal relationship"" with Apple's products. Apple Store openings and new product releases can draw crowds of hundreds, with some waiting in line as much as a day before the opening.","'ଆପଲ୍‌'ର ପ୍ରଚାରକ ଗାୟ କାୱାସାକି ବ୍ରାଣ୍ଡ୍‌ର ଅନ୍ଧ ସମର୍ଥନକୁ କହିଛନ୍ତି ଯେ ""ଏପରି କିଛି ଯାହା ଆକସ୍ମିକ ଭାବରେ ଦେଖିବାକୁ ମିଳିଥିଲା,"" ଯେତେବେଳେକି ମୁଁ ୨୦୧୪ ମସିହାରେ ବୁଝାଇ କହିଛି ଯେ 'ଆପଲ୍‌' ଜିନିଷଗୁଡ଼ିକ ସହିତ ""ଲୋକମାନଙ୍କର ଏକ ଅବିଶ୍ଵସନୀୟ ଭାବେ ବ୍ୟକ୍ତିଗତ ସମ୍ପର୍କ ରହିଛି"" ।"
"Bloomberg Television is a 24-hour financial news television network. It was introduced in 1994 as a subscription service transmitted on satellite television provider DirecTV, 13 hours a day, 7 days a week. In 1995, the network entered the cable television market and by 2000, Bloomberg's 24-hour news programming was being aired to 200 million households.","୧୯୯୪ ମସିହାରେ, ଏହାକୁ ଉପଗ୍ରହ ଟେଲିଭିଜନ ପ୍ରବନ୍ଧକ 'ଡାଇରେକ୍‌ଟି.ଭି.' ଦ୍ଵାରା ଦିନକୁ ୧୩ ଘଣ୍ଟା, ସପ୍ତାହକୁ ସାତ ଦିନ ସଞ୍ଚାରିତ ଏକ ଗ୍ରାହକ ସେବା ଭାବେ ଆରମ୍ଭ କରାଯାଇଥିଲା ।"
"By 2019, Zee Entertainment Enterprises Ltd (ZEEL) was Essel Group's only profit-generating company; the group had accumulated an overall debt of around 20,000 crore (equivalent to 210 billion or US $2.6billion in 2020). During the next year, Essel Group sold off part of its pledged shares in ZEEL for the repayment of some of its debt. Invesco Oppenheimer acquired an 11% stake in the company, while Essel Group's decreased to 22.37%.","୨୦୧୯ ସୁଦ୍ଧା, 'ଜୀ' ଏଣ୍ଟର୍‌ଟେନ୍‌ମେଣ୍ଟ୍‌ ଏଣ୍ଟର୍‌ପ୍ରାଇଜେସ୍‌ ଲି.' (ଜୀ'ଲ୍) ଥିଲା 'ଏସେଲ୍‌ ଗ୍ରୁପ୍‌'ର ଏକମାତ୍ର ଲାଭଜନକ କମ୍ପାନୀ; ଏହି ଗୋଷ୍ଠୀଟି ମୋଟାମୋଟି ୨୦,୦୦୦ କୋଟି (୨୦୨୦ରେ ୨୧୦୦୦ କୋଟି ବା $୨୬୦ କୋଟି ଆମେରିକୀୟ ଡଲାର ସହିତ ସମାନ) ର ଋଣ କରିଥିଲା ।"
"EDS eventually shed hundreds of jobs at A.T. Kearney, reduced compensation, consolidated back-office functions, and eventually relocated A.T. Kearney's headquarters from Chicago to Plano, Texas. By mid-2005, A.T. Kearney had experienced 11 straight quarters of shrinking revenues, including being unprofitable the final three quarters. In 2006, A.T. Kearney CEO Henner Klein and the consultancy's management struck a deal with EDS CEO Michael Jordan to buy the firm back, and A.T. Kearney was once again an independent firm.","ଇ.ଡି.ଏସ୍‌. ଶେଷରେ 'ଏ.ଟି. କିୟର୍ଣ୍ଣି'ରେ ଥିବା ଶହ ଶହ କର୍ମନିଯୁକ୍ତିକୁ ସମାପ୍ତ କରିଦେଇଥିଲା, କ୍ଷତିପୂରଣ ହ୍ରାସ କରିଦେଇଥିଲା, ବ୍ୟାକ୍‌-ଅଫିସ୍‌ କାର୍ଯ୍ୟଗୁଡ଼ିକୁ ମିଶାଇ ଗୋଟିଏ ସମଷ୍ଟିଭୁକ୍ତ କରିଦେଇଥିଲା, ଏବଂ ପରିଶେଷରେ 'ଏ.ଟି. କିୟର୍ଣ୍ଣି'ର ମୁଖ୍ୟାଳୟକୁ ଚିକାଗୋରୁ ଟେକ୍ସାସ୍‌ର ପ୍ଲାନୋକୁ ସ୍ଥାନାନ୍ତରିତ କରିଦେଇଥିଲା ।"
"Eventually admitting that adoption of the socialist model of economic centralization and state control was a mistake, the Ratsiraka regime in 1980 initiated a return to a more classic liberal economic model that the Zafy regime wholeheartedly adopted following its inauguration in 1993. The post-1980 Ratsiraka and Zafy regimes have overseen the privatization of parastatals, the disbanding of agricultural marketing boards, the ratification of more liberal investment codes favoring foreign investment, the privatization of the banking industry, diversification of traditional, primary-product exports, and greater investment in food production. The Zafy regime has made reinvigoration of the Malagasy economy its number-one priority.","୧୯୮୦ ପରବର୍ତ୍ତୀ 'ରାତ୍‌ସିରାକା' ଏବଂ 'ଜାଫି' ଶାସନ 'ପାରାଷ୍ଟେଟାଲ୍‌'ଗୁଡ଼ିକର ଘରୋଇକରଣ, କୃଷିଭିତ୍ତିକ ମାର୍କେଟିଂ ବୋର୍ଡ଼୍‌ଗୁଡ଼ିକର ବିଘଟନ, ବୈଦେଶିକ ନିବେଶକୁ ସୁହାଉଥିବା ପରି ଅଧିକ ଉଦାର ନିବେଶ ସଂହିତା, ବ୍ୟାଙ୍କିଂ ଉଦ୍ୟୋଗର ଘରୋଇକରଣ, ପାରମ୍ପରିକ , ମୌଳିକ-ଦ୍ରବ୍ୟ ରପ୍ତାନିର ବିବିଧୀକରଣ, ଏବଂ ଖାଦ୍ୟ ଉତ୍ପାଦନରେ ଅଧିକ ନିବେଶକୁ ପର୍ଯ୍ୟବେକ୍ଷଣ କରିଆସିଛି ।"
"External commercial borrowing (ECBs) are loans in India made by non-resident lenders in foreign currency to Indian borrowers. They are used widely in India to facilitate access to foreign money by Indian corporations and PSUs (public sector undertakings). ECBs include commercial bank loans, buyers' credit, suppliers' credit, securitised instruments such as floating rate notes and fixed rate bonds etc., credit from official export credit agencies and commercial borrowings from the private sector window of multilateral financial Institutions such as International Finance Corporation (Washington), ADB, AFIC, CDC, etc.","'ଇ.ସି.ବି.' ଗୁଡ଼ିକ ମଧ୍ୟରେ ବାଣିଜ୍ୟିକ ବ୍ୟାଙ୍କ୍‌ ଋଣ, କ୍ରେତାଙ୍କ କ୍ରେଡିଟ୍‌, ଯୋଗାଣକାରୀଙ୍କ କ୍ରେଡିଟ୍‌, ପ୍ରତିଭୂତ ଦଲିଲ୍‌ଗୁଡ଼ିକ ଯଥା ଫ୍ଲୋଟିଙ୍ଗ ରେଟ୍‌ ନୋଟ୍‌ସ ଏବଂ ସ୍ଥିର ହାର ବଣ୍ଡ୍‌ ଇତ୍ୟାଦି, ଆଧିକାରିକ ନିର୍ଯାତ କ୍ରେଡିଟ୍‌ ସଂସ୍ଥାଗୁଡ଼ିକ ଠାରୁ ନିଆଯାଉଥିବା ଋଣ, ଏବଂ 'ଇଣ୍ଟର୍‌ନ୍ୟାସନାଲ୍‌ ଫାଇନାନ୍ସ୍‌ କର୍ପୋରେସନ୍‌' (ୱାଶିଂଟନ୍‌), 'ଏ.ଡି.ବି.', 'ଏ.ଏଫ୍‌.ଆଇ.ସି.', 'ସି.ଡି.ସି.' ଇତ୍ୟାଦି ଭଳି ବହୁପାକ୍ଷିକ ଆର୍ଥିକ ଅନୁଷ୍ଠାନଗୁଡ଼ିକର ବେସରକାରୀ ଉଦ୍ୟୋଗ ୱିଣ୍ଡୋ ଠାରୁ ନିଆଯାଉଥିବା ବାଣିଜ୍ୟିକ ଋଣ ପ୍ରଭୃତି ଅନ୍ତର୍ଭୁକ୍ତ ।"
"Following a merger process, the merger of the 5 remaining associate banks, (viz. State Bank of Bikaner and Jaipur, State Bank of Hyderabad, State Bank of Mysore, State Bank of Patiala, State Bank of Travancore); and the Bharatiya Mahila Bank) with the SBI was given an in-principle approval by the Union Cabinet on 15 June 2016. This came a month after the SBI board had, on 17 May 2016, cleared a proposal to merge its five associate banks and Bharatiya Mahila Bank with itself.","ଏହା, ଏସ୍‌.ବି.ଆଇ. ବୋର୍ଡ଼୍‌ ତା ୧୭ ମେ ୨୦୧୬ ରିଖ ଦିନ ନିଜର ପାଞ୍ଚଟି ସହଯୋଗୀ ବ୍ୟାଙ୍କ୍‌ ଏବଂ 'ଭାରତୀୟ ମହିଳା ବ୍ୟାଙ୍କ୍‌'କୁ ନିଜ ସହିତ ମିଶାଇବାର ଏକ ପ୍ରସ୍ତାବକୁ ଅନୁମୋଦନ କରିବାର ଏକ ମାସ ପରେ ଆସିଥିଲା ।"
"For the fiscal year 2017, American Express reported earnings of US$2.634billion, with an annual revenue of US$35.583billion, an increase of 5.2% over the previous fiscal cycle. Its shares traded at over $83 per share, and its market capitalization was valued at over US$86.5billion in October 2018. American Express ranked #86 in the 2018 Fortune 500 list of the largest United States corporations by total revenue.",'ଆମେରିକାନ୍‌ ଏକ୍ସ୍‌ପ୍ରେସ୍‌' ୨୦୧୮ ମସିହାର ମୋଟ ରାଜସ୍ୱ ଭିତ୍ତିରେ ବୃହତ୍ତମ ଆମେରିକୀୟ ନିଗମଗୁଡ଼ିକର ଫର୍ଚ୍ୟୁନ୍‌ ୫୦୦ ତାଲିକାରେ ୮୬ତମ ସ୍ଥାନ ଅଧିକାର କରିଥିଲା ।
"Foreign investment in Bolivia was buoyed in 1995 by privatization. Investment in mining and natural gas extraction increased, as did investment in the banking sector. However, the economic decline of the late 1990s, along with political unrest, caused foreign investors to pull out of Bolivia once again.","ବ୍ୟାଙ୍କିଂ ଉଦ୍ୟୋଗରେ ନିବେଶ ବଢ଼ିଥିବା ପରି, ଖଣି ଖନନ ଏବଂ ପ୍ରାକୃତିକ ଗ୍ୟାସ୍‌ ଉତ୍ତୋଳନରେ ନିବେଶ ବଢ଼ିଥିଲା ।"
"Honduras's international economic activity surged in the early 20th century. Between 1913 and 1929, its agricultural exports rose from $3million ($2million from bananas) to $25million ($21million from bananas). These ""golden"" exports were supported by more than $40million of specialized banana company investment in the Honduran infrastructure and were safeguarded by US pressure on the national government when the companies felt threatened.","୧୯୧୩ ଏବଂ ୧୯୨୯ ମସିହା ମଧ୍ୟରେ, ଏହାର କୃଷିଭିତ୍ତିକ ରପ୍ତାନି ଆୟ $୩୦ ଲକ୍ଷ ଡଲାର (କଦଳୀରୁ $୨୦ ଲକ୍ଷ ଡଲାର) ରୁ $୨.୫ କୋଟି ଡଲାର (କଦଳୀରୁ $୨.୧ କୋଟି ଡଲାର) କୁ ବୃଦ୍ଧି ପାଇଥିଲା ।"
"However, the economic fluctuations of the business cycle did affect Poland's unemployment rate, which by early 2013 reached almost 11%. This level was still below European average and has begun falling subsequently. As of October 2017, Poland's unemployment rate stood at 4.6% according to Eurostat.","ମାତ୍ର, ବ୍ୟାବସାୟିକ ଚକ୍ରଟିର ଅର୍ଥନୈତିକ ଅସ୍ଥିରତାଗୁଡ଼ିକ ନିଶ୍ଚିତ ଭାବେ ପୋଲାଣ୍ଡର ବେକାରୀ ହାରକୁ ପ୍ରଭାବିତ କରିଥିଲା, ଯାହାକି ୨୦୧୩ ମସିହାର ପ୍ରାରମ୍ଭ ବେଳକୁ ପ୍ରାୟ ୧୧% କୁ ପହଞ୍ଚିଥିଲା ।"
"In 1986, the BSE developed the S&P BSE SENSEX index, giving the BSE a means to measure the overall performance of the exchange. In 2000, the BSE used this index to open its derivatives market, trading S&P BSE SENSEX futures contracts. The development of S&P BSE SENSEX options along with equity derivatives followed in 2001 and 2002, expanding the BSE's trading platform.","୨୦୦୦ ମସିହାରେ, ବି.ଏସ୍‌.ଇ. ଏହି ସୂଚୀଟିକୁ ଏହାର ବ୍ୟୁତ୍ପନ୍ନ ବଜାର ଖୋଲିବା ନିମନ୍ତେ ବ୍ୟବହାର କରି, 'ଏସ୍‌. ଆଣ୍ଡ୍‌ ପି. ବି.ଏସ୍‌.ଇ. ସେନ୍‌ସେକ୍ସ୍‌'ର ଭବିଷ୍ୟତ ଚୁକ୍ତିପତ୍ର ଗୁଡ଼ିକର କିଣାବିକା କରୁଥିଲା ।"
"In 1986, the BSE developed the S&P BSE SENSEX index, giving the BSE a means to measure the overall performance of the exchange. In 2000, the BSE used this index to open its derivatives market, trading S&P BSE SENSEX futures contracts. The development of S&P BSE SENSEX options along with equity derivatives followed in 2001 and 2002, expanding the BSE's trading platform.","ପରବର୍ତ୍ତୀ ସମୟରେ, ୨୦୦୧ ଏବଂ ୨୦୦୨ ମସିହାରେ, ସାଧାରଣ ଅଂଶର ବ୍ୟୁତ୍ପନ୍ନଗୁଡ଼ିକ ସମେତ, 'ଏସ୍‌. ଆଣ୍ଡ୍‌ ପି. ବି.ଏସ୍‌.ଇ. ସେନ୍‌ସେକ୍ସ୍‌' ବିକଳ୍ପଗୁଡ଼ିକର ସୃଷ୍ଟି ହୋଇଥିଲା, ଯାହାକି 'ବି.ଏସ୍‌.ଇ.'ର ବାଣିଜ୍ୟିକ କ୍ଷେତ୍ରଟିକୁ ସମ୍ପ୍ରସାରିତ କରିଥିଲା ।"
"In 1997, FAO launched TeleFood, a campaign of concerts, sporting events and other activities to harness the power of media, celebrities and concerned citizens to help fighting hunger. Since its start, the campaign has generated close to US$28 million, 15 million in donations. Money raised through TeleFood pays for small, sustainable projects that help small-scale farmers produce more food for their families and communities.","୧୯୯୭ ମସିହାରେ, ଏଫ୍‌.ଏ.ଓ. କ୍ଷୁଧା ସହିତ ଲଢ଼େଇ କରିବା ନିମନ୍ତେ, ଗଣମାଧ୍ୟମ, ଖ୍ୟାତନାମା ବ୍ୟକ୍ତିତ୍ୱ ତଥା ସଂପୃକ୍ତ ନାଗରିକମାନଙ୍କର କ୍ଷମତାକୁ ବ୍ୟବହାର କରିବାକୁ ସଙ୍ଗୀତ ସମାରୋହ, କ୍ରୀଡ଼ା କାର୍ଯ୍ୟକ୍ରମ, ତଥା ଅନ୍ୟାନ୍ୟ କାର୍ଯ୍ୟକଳାପର ଏକ ଅଭିଯାନ, 'ଟେଲିଫୁଡ଼୍‌'ର ଶୁଭାରମ୍ଭ କରିଥିଲା ।"
"In 2006 the main sectoral data are: for trade there are 1,600,000 enterprises, equal to 26% of the Italian entrepreneurial fabric, and over 3,500,000 work units. Transport, communications, tourism and consumption outside the home, over 582,000 businesses, equal to 9.5% of the entrepreneurial fabric, almost 3,500,000 work units. Business services: 630,000 registered companies, equal to 10.3% of the entrepreneurial fabric, over 2,800,000 work units.","ବ୍ୟାବସାୟିକ ସେବା: ୬,୩୦,୦୦୦ଟି ପଞ୍ଜୀକୃତ କମ୍ପାନୀ, ଯାହାକି ଶିଳ୍ପୋଦ୍ୟୋଗ ସଂକ୍ରାନ୍ତୀୟ ଢାଞ୍ଚାର ୧୦.୩% ସହିତ ସମାନ, ଯାହାରକି ୨୮,୦୦,୦୦୦ଟି କାର୍ଯ୍ୟ ୟୁନିଟ ରହିଛି ।"
"In 2016, Shayne Elliott became CEO. In April ANZ partnered with Apple to bring Apple Pay to its customers. In 2017, ANZ acquired REALas property price predictor start-up.","୨୦୧୭ ମସିହାରେ, ଏ.ଏନ୍‌.ଜେଡ଼୍‌. 'ରିୟଲ୍‌ଆସ୍‌' ସମ୍ପତ୍ତି ଦର ପୂର୍ବାନୁମାନକାରୀ ଷ୍ଟାର୍ଟ୍‌-ଅପ୍‌ଟିକୁ ହାସଲ କରିଥିଲା ।"
"In 2020, Finance Minister Nirmala Sitaraman introduced a bill to amend the Act. The bill sought to bring all cooperative banks under the Reserve Bank of India. It brought 1,482 urban and 58 multi-state cooperative banks under the supervision of the RBI. The bill granted the RBI ability to reconstruct or merge banks without moratoriums.","ଏହା ୧,୪୮୨ଟି ସହରୀ ତଥା ୫୮ଟି ବହୁ-ରାଜ୍ୟ ସମବାୟ ବ୍ୟାଙ୍କ୍‌କୁ ଆର୍‌.ବି.ଆଇ. ର ତତ୍ତ୍ୱାବଧାନ ଅଧୀନକୁ ଆଣିଥିଲା ।"
"In August 2000, Barclays took over the recently de-mutualised Woolwich PLC, formerly the Woolwich Building Society, in a 5.4 billion acquisition. Woolwich thus joined the Barclays group of companies, and the Woolwich name was retained after the acquisition. The company's head office remained in Bexleyheath, south-east London, four miles (6km) from the original head office in Woolwich.","ଏଣୁ 'ଊଲ୍‌ୱିଚ୍‌' ବାର୍‌କ୍ଲେଜ୍‌ କମ୍ପାନୀ ସମୂହରେ ଯୋଗଦେଇଥିଲା, ଏବଂ ଅଧିଗ୍ରହଣ ପରେ 'ଊଲ୍‌ୱିଚ୍‌' ନାମଧାରଣକୁ ବଜାୟ ରଖାଯାଇଥିଲା ।"
"In August 2011, AMD announced that former Lenovo executive Rory Read would be joining the company as CEO, replacing Meyer. In November 2011, AMD announced plans to lay off more than 10% (1,400) of its employees from across all divisions worldwide. In October 2012, it announced plans to lay off an additional 15% of its workforce to reduce costs in the face of declining sales revenue.","ହ୍ରାସାଭିମୁଖୀ ବିକ୍ରୟଜନିତ ଆୟର ପରିସ୍ଥିତିରେ, ଉତ୍ପାଦନମୂଲ୍ୟ କମ୍ କରିବା ପାଇଁ, ୨୦୧୨ ମସିହା ଅକ୍ଟୋବରରେ, ଏହା ନିଜର ଶ୍ରମଶକ୍ତିର ଅତିରିକ୍ତ ୧୫%ଙ୍କୁ କାଢ଼ିଦେବାର ଯୋଜନା ଘୋଷିତ କରିଥିଲା ।"
"In October 1908, at the International Conference on Electric Units and Standards in London, so-called ""international"" definitions were established for practical electrical units. Siemens' definition was adopted as the ""international"" watt. (Also used: 1A2 1.) The watt was defined as equal to 107 units of power in the ""practical system"" of units.","ସୀମେନ୍‌ଜ୍‌ଙ୍କ ସଂଜ୍ଞାଟି ""ଆନ୍ତର୍ଜାତିକ"" ୱାଟ୍‌ ଭାବରେ ଗ୍ରହଣ କରାଯାଇଥିଲା ।"
"In addition, the Bajaj Group has also undertaken several educational activities. They not only focus on mainstream education through the maintenance and running of Bal Sanskar Kendras, Balwadis and conducting study tours, but also on vocational education through tailoring classes, literacy and hobby classes, training programmes for self-employment, and so on. Jamnalal Bajaj Award was established in 1978 by the Jamnalal Bajaj Foundation.","ଅଧିକନ୍ତୁ, 'ବାଜାଜ୍‌ ଗ୍ରୁପ୍‌' କେତେକ ଶିକ୍ଷାଭିତ୍ତିକ କାର୍ଯ୍ୟକଳାପର ମଧ୍ୟ ଦାୟିତ୍ଵ ଗ୍ରହଣ କରିଛି ।"
"India's GDP growth during JanuaryMarch period of 2015 was at 7.5% compared to China's 7%, making it the fastest growing MAJOR economy. During 201415, India's GDP growth recovered marginally to 7.3% from 6.9% in the previous fiscal. During 201415, India's services sector grew by 10.1%, manufacturing sector by 7.1% & agriculture by 0.2%.","୨୦୧୫ ମସିହାର ଜାନୁଆରୀ-ମାର୍ଚ୍ଚ୍‌ ଅବଧିରେ, ଭାରତର ଜି.ଡି.ପି ଅଭିବୃଦ୍ଧି ଚୀନ୍‌ର ୭% ତୁଳନାରେ ୭.୫% ଥିଲା, ଯାହାକି ଏହାକୁ ଦ୍ରୁତତମ ଭାବେ ଅଭିବୃଦ୍ଧି ଘଟୁଥିବା ପ୍ରଧାନ ଅର୍ଥବ୍ୟବସ୍ଥା କରିଥିଲା ।"
"Often referred to simply as ""investments"". Long-term investments are to be held for many years and are not intended to be disposed of in the near future. This group usually consists of three types of investments:","ଦୀର୍ଘ-ମିଆଦୀ ନିବେଶଗୁଡ଼ିକ ଅନେକ ବର୍ଷ ପାଇଁ ରଖା ଯିବାକୁ ହୋଇଥାଏ, ଏବଂ ନିକଟ ଭବିଷ୍ୟତରେ ସମାପ୍ତ କରାଯିବା ପାଇଁ ଉଦ୍ଦିଷ୍ଟ ହୋଇନଥାଏ ।"
"On 28 December 2010, the non-governmental organisation, Coalition to Uproot Ragging from Education (CURE) co-founder Harsh Agarwal wrote a letter to the Raghavan Committee, a panel headed by former HRD Ministry R. K. Raghavan, explaining distress over a particular scene, where the lead actors gets ragged by seniors. The organisation asked the committee to write a letter to the censor board to revisit and re-examine the particular scene.","୨୦୧୦ ମସିହା ଡିସେମ୍ବର ୨୮ ତାରିଖ ଦିନ, ବେସରକାରୀ ଅନୁଷ୍ଠାନ, 'କୋଆଲିସନ୍‌ ଟୁ ଅପ୍‌ରୁ'ଟ୍ ରାଗିଂ ଫ୍ରମ୍‌ ଏଜୁକେଶନ୍‌' (କ୍ୟୋର୍‌)ର ସହ-ପ୍ରତିଷ୍ଠାତା ହର୍ଷ ଅଗ୍ରୱାଲ ପୂର୍ବତନ ଏଚ୍‌.ଆର୍‌.ଡି. ମନ୍ତ୍ରୀ ଆର୍‌. କେ. ରାଘବନ୍‌ଙ୍କ ନେତୃତ୍ଵାଧୀନ ଏକ ପ୍ୟାନେଲ୍‌, 'ରାଘବନ୍‌ କମିଟି'କୁ ଏକ ପତ୍ର ଲେଖିଥିଲେ, ଯେଉଁଟି ଏକ ନିର୍ଦ୍ଦିଷ୍ଟ ଦୃଶ୍ୟକୁ ନେଇ ରହିଥିବା କଷ୍ଟକୁ ବର୍ଣ୍ଣନା କରୁଥିଲା, ଯେଉଁଥିରେକି ମୁଖ୍ୟ ଅଭିନେତାମାନଙ୍କର ସିନିୟର୍‌ମାନଙ୍କ ଦ୍ଵାରା ରାଗିଂ ହୁଏ ।"
"Revival efforts also included appointing Jean-Charles de Castelbajac as artistic director and re-appointing photographer Oliviero Toscani. As of 2020, United Colors of Benetton has 1,500 employees and uses 25,000 workers through subcontractors. In March 2020, Massimo Renon was named CEO of the company.",ପୁନର୍ଜାଗରଣ ଉଦ୍ୟମଗୁଡ଼ିକ ମଧ୍ୟରେ ଜଁ ଶାଲ୍ ଦେ କ୍ୟାସ୍ତେଲ୍‌ବଜାକ୍‌ଙ୍କୁ କଳାତ୍ମକ ନିର୍ଦ୍ଦେଶକ ଭାବରେ ନିଯୁକ୍ତ କରିବା ତଥା ଫଟୋଗ୍ରାଫର୍‌ ଅଲିଭିୟେରୋ ତୋସ୍କାନିଙ୍କୁ ପୁନଃ-ନିଯୁକ୍ତ କରିବା ମଧ୍ୟ ଅନ୍ତର୍ଭୁକ୍ତ ଥିଲା ।
"Semex was founded as a joint venture between Sharp and Mexican investors which acts as an autonomous independent company which Sharp only maintains partial control over. The company manufactures whole products such televisions and designs individual components on behalf of Sharp such as LCD modules and in return Semex is granted access to Sharp capital, technology, research capacity and branding. Notable foreign companies which have set up joint venture entities in Mexico include Samsung which formed Samex, a local designer and manufacturer of finished televisions, white goods and individual electronic components like printed circuit boards, LCD panels and semiconductors, Toshiba, who formed Toshiba de Mxico, S.A. de C.V., an administratively autonomous subsidiary which produces electronics parts, televisions and heavy industrial equipment.","ମେକ୍ସିକୋରେ ସଂଯୁକ୍ତ ଉଦ୍ୟମ ସଂସ୍ଥାମାନ ସ୍ଥାପିତ କରିଥିବା ପ୍ରସିଦ୍ଧ ବୈଦେଶିକ କମ୍ପାନୀଗୁଡ଼ିକ ମଧ୍ୟରେ ରହିଛି 'ସାମସଙ୍ଗ୍‌', ଯିଏ 'ସାମେକ୍ସ୍‌' ଗଠନ କରିଥିଲା, ଯିଏ ଏକ ସ୍ଥାନୀୟ ଡିଜାଇନର ତଥା ପ୍ରସ୍ତୁତ ହୋଇଯାଇଥିବା ଟେଲିଭିଜନ, ଗୃହୋପଯୋଗୀ ବୈଦ୍ୟୁତିକ ଉପକରଣ, ଏବଂ ମୁଦ୍ରିତ ସର୍କିଟ୍‌ ବୋର୍ଡ଼୍‌, ଏଲ୍‌.ସି.ଡି. ପ୍ୟାନେଲ୍, ଅର୍ଦ୍ଧପରିବାହୀ ଭଳି ଗୋଟିକିଆ ବୈଦ୍ୟୁତିକ ଉପାଦାନଗୁଡ଼ିକର ଉତ୍ପାଦନକର୍ତ୍ତା; ଏବଂ 'ତୋଷିବା', ଯିଏ ପ୍ରଶାସନିକ ଦୃଷ୍ଟିରୁ ସ୍ୱୟଂଶାସିତ ସହାୟକ ସଂସ୍ଥା 'ତୋଷିବା ଦେ ମେକ୍ସିକୋ, ଏସ୍‌.ଏ. ଦେ ସି.ଭି.' ଗଠନ କରିଥିଲା, ଯିଏ ବୈଦ୍ୟୁତିକ ଯନ୍ତ୍ରାଂଶ, ଟେଲିଭିଜନ ଓ ଭାରି ଶିଳ୍ପ ସରଞ୍ଜାମ ଉତ୍ପାଦନ କରିଥାଏ।"
"The Government of India has amended FDI policy to increase FDI inflow. In 2014, the government increased foreign investment upper limit from 26% to 49% in insurance sector. It also launched Make in India initiative in September 2014 under which FDI policy for 25 sectors was liberalised further.","୨୦୧୪ ମସିହାରେ, ସରକାର ବୀମା ଉଦ୍ୟୋଗ କ୍ଷେତ୍ରରେ ବୈଦେଶିକ ନିବେଶର ଉଚ୍ଚ ସୀମାକୁ ୨୬% ରୁ ୪୯%କୁ ବୃଦ୍ଧି କରିଥିଲେ ।"
"The Indian banking sector is broadly classified into scheduled and non-scheduled banks. The scheduled banks are those included under the 2nd Schedule of the Reserve Bank of India Act, 1934. The scheduled banks are further classified into: nationalised banks; State Bank of India and its associates; Regional Rural Banks (RRBs); foreign banks; and other Indian private sector banks.","ଅନୁସୂଚିତ ବ୍ୟାଙ୍କ୍‌ଗୁଡ଼ିକ ହେଉଛନ୍ତି ଯେଉଁଗୁଡ଼ିକ ଭାରତୀୟ ରିଜର୍ଭ ବ୍ୟାଙ୍କ୍‌ ଅଧିନିୟମ, ୧୯୩୪ ର ୨ୟ ଅନୁସୂଚୀରେ ଅନ୍ତର୍ଭୁକ୍ତ।"
"The Residence accommodates one or two people, in a space of 125 square feet (11.6m2). It features a private living room, bedroom, and bathroom. It features a 60.6-inch (154cm)-wide two-seater reclining sofa and 32-inch (81cm) TV monitor in the lounge; an ensuite bathroom with shower, an 82-inch (210cm)-long, 47.5-inch (121cm)-wide double bed in the bedroom which also includes a 27-inch (69cm) TV monitor, and a personal butler.","ଏଥିରେ ବୈଠକ ଘରେ ଏକ ୬୦.୬-ଇଞ୍ଚ (୧୫୪ ସେ.ମି.)-ଓସାରଯୁକ୍ତ ଦୁଇ-ସିଟ୍‌-ବିଶିଷ୍ଟ ଆଉଜି ହେଉଥିବା ସୋଫା ଏବଂ ୩୨-ଇଞ୍ଚ (୮୧ ସେ.ମି.) ଟି.ଭି. ମନିଟର; ଏକ ଶାୱାର ଥିବା ସଂଲଗ୍ନ ବାଥ୍‌ରୁମ୍‌; ଶୋଇବା ଘରେ ଏକ ୮୨-ଇଞ୍ଚ (୨୧୦ ସେ.ମି.)-ଲମ୍ବ, ୪୭.୫-ଇଞ୍ଚ (୧୨୧ ସେ.ମି.)-ଓସାରଯୁକ୍ତ ଡବଲ୍‌ ବେଡ଼୍‌ ଯେଉଁଠି ମଧ୍ୟ ୨୭-ଇଞ୍ଚ (୬୯ ସେ.ମି.) ର ଏକ ଟି.ଭି. ମନିଟର, ତଥା ଜଣେ ବ୍ୟକ୍ତିଗତ ପରିଚାରକ ରହିଛନ୍ତି।"
"The World State in Aldous Huxley's Brave New World (1932) and Airstrip One in George Orwell's Nineteen Eighty-Four (1949) provide fictional depictions of command economies, albeit with diametrically opposed aims. The former is a consumer economy designed to engender productivity while the latter is a shortage economy designed as an agent of totalitarian social control. Airstrip One is organized by the euphemistically named Ministry of Plenty.","ପୂର୍ବଟି ଉତ୍ପାଦନ ବୃଦ୍ଧି କରିବା ନିମନ୍ତେ ପରିକଳ୍ପିତ ଏକ ଖାଉଟି ଅର୍ଥବ୍ୟବସ୍ଥା ହୋଇଥିବା ବେଳେ, ପରଟି ହେଉଛି ସର୍ବାଧିକାରବାଦୀ ସାମାଜିକ ନିୟନ୍ତ୍ରଣର କାର୍ଯ୍ୟକାରୀ ଶକ୍ତି ଭାବରେ ପରିକଳ୍ପିତ ଏକ ଅଭାବ ଅର୍ଥବ୍ୟବସ୍ଥା ।"
"The initial public offering (IPO) market in India has been small compared to NYSE and NASDAQ, raising US$300million in 2013 and US$1.4billion in 2012. Ernst & Young stated that the low IPO activity reflects market conditions, slow government approval processes, and complex regulations. Before 2013, Indian companies were not allowed to list their securities internationally without first completing an IPO in India.","୨୦୧୩ ପୂର୍ବରୁ, ଭାରତୀୟ କମ୍ପାନୀଗୁଡ଼ିକୁ ପ୍ରଥମେ ଭାରତରେ ଏକ ଆଇ.ପି.ଓ. ସମ୍ପନ୍ନ ନକରି ନିଜର ପ୍ରତିଭୂତିଗୁଡ଼ିକୁ ଆନ୍ତର୍ଜାତିକ ଭାବରେ ତାଲିକାଭୁକ୍ତ କରିବାକୁ ଅନୁମତି ନଥିଲା ।"
"The opening of New York City's Apple Fifth Avenue store in 2006 was highly attended, and had visitors from Europe who flew in for the event. In June 2017, a newlywed couple took their wedding photos inside the then-recently opened Orchard Road Apple Store in Singapore. The high level of brand loyalty has been criticized and ridiculed, applying the epithet ""Apple fanboy"" and mocking the lengthy lines before a product launch.","""ଆପଲ୍‌ ଫ୍ୟାନ୍‌ବୟ୍‌"" ବିଶେଷଣଟିର ପ୍ରୟୋଗ କରାଯାଇ ତଥା ଏକ ଉତ୍ପାଦ ଲୋକାର୍ପଣ ପୂର୍ବର ଦୀର୍ଘ ଧାଡ଼ିଗୁଡ଼ିକୁ ଉପହାସ କରାଯାଇ, ବ୍ରାଣ୍ଡ୍‌ ଆନୁଗତ୍ୟର ଅତ୍ୟାଧିକ୍ୟକୁ ସମାଲୋଚନା ତଥା ପରିହାସ କରାଯାଇଛି ।"
"The opening of New York City's Apple Fifth Avenue store in 2006 was highly attended, and had visitors from Europe who flew in for the event. In June 2017, a newlywed couple took their wedding photos inside the then-recently opened Orchard Road Apple Store in Singapore. The high level of brand loyalty has been criticized and ridiculed, applying the epithet ""Apple fanboy"" and mocking the lengthy lines before a product launch.","୨୦୦୬ ମସିହାରେ, ନ୍ୟୁୟର୍କ ସହରର 'ଆପଲ୍‌ ଫିଫ୍‌ଥ୍‌ ଆଭେନ୍ୟୁ' ବିକ୍ରୟ କେନ୍ଦ୍ରର ଶୁଭାରମ୍ଭଟିରେ ବିପୁଳ ସଂଖ୍ୟାରେ ଜନସମାଗମ ହୋଇଥିଲା, ଏବଂ ୟୁରୋପର ପରିଦର୍ଶକମାନେ ଉକ୍ତ କାର୍ଯ୍ୟକ୍ରମଟି ପାଇଁ ବିମାନଯାତ୍ରା କରି ଆସି ପହଞ୍ଚିଥିଲେ ।"
"To achieve the target of an average of 5.6% per annum, investment of 23.2% of the gross domestic product was required. The incremental capital ratio is 4.1. The saving for investment was to come from domestic sources and foreign sources, with the rate of domestic saving at 21.6% of gross domestic production and of foreign saving at 1.6% of gross domestic production.","ନିବେଶ ନିମନ୍ତେ ଉଦ୍ଦିଷ୍ଟ ସଞ୍ଚୟ ଘରୋଇ ଏବଂ ବିଦେଶୀ ଉତ୍ସଗୁଡ଼ିକରୁ ଆସିବାର ଥିଲା, ଯାହାର ଘରୋଇ ସଞ୍ଚୟ ହାର ସମୁଦାୟ ଘରୋଇ ଉତ୍ପାଦର ୨୧.୬% ଏବଂ ବିଦେଶୀ ସଞ୍ଚୟ ହାର ସମୁଦାୟ ଘରୋଇ ଉତ୍ପାଦର ୧.୬% ଥିଲା ।"
"another motivation is speed to market. to make this work, a new process was developed: ""outsource the outsourcing process"". details of managing dupont's chief information officer cinda hallman's $4 billion 10-year outsourcing contract with computer sciences corporation and accenture were outsourced, thus avoiding ""inventing a process if we'd done it in-house"".","ଡୁପଣ୍ଟ୍‌'ର ମୁଖ୍ୟ ସୂଚନା ଅଧିକାରୀ ସିଣ୍ଡା ହଲ୍‌ମ୍ୟାନ୍‌ଙ୍କର 'କମ୍ପ୍ୟୁଟର ସାଇନ୍ସେସ୍‌ କର୍ପୋରେସନ୍‌' ଏବଂ 'ଆକ୍ସେଞ୍ଚର୍‌' ସହିତ $୪୦୦ କୋଟି ଡଲାର ୧୦-ବର୍ଷର ବହିର୍ସ୍ରୋତ ଚୁକ୍ତିର ବିବରଣୀଗୁଡ଼ିକୁ ଆଉଟ୍‌ସୋ'ର୍ସ୍‌ କରାଇଥିଲା, ଯାହାଦ୍ଵାରାକି ""ଆମେ ଅନୁଷ୍ଠାନ ମଧ୍ୟରେ କରିଥିଲେ, ଏକ ପ୍ରକ୍ରିୟାକୁ ଉଦ୍ଭାବନ କରିବା""କୁ ଏଡ଼ାଇ ଦିଆଯାଇପାରିଥିଲା ।"
"the robert b. atwood building in anchorage, alaska, was at one time named the bank of america center, renamed in conjunction with the bank's acquisition of building tenant security pacific bank. this particular branch was later acquired by alaska-based northrim bank and moved across the street to the linny pacillo parking garage.","ଆଲାସ୍କାର ଆଙ୍କରେଜ୍‌ ଠାରେ ଥିବା 'ରବର୍ଟ ଆଟ୍‌ଉଡ଼୍‌ ବିଲ୍ଡିଂ', ଯାହାକି ଏକଦା 'ବ୍ୟାଙ୍କ୍‌ ଅଫ୍‌ ଆମେରିକା ସେଣ୍ଟର୍‌' ନାମରେ ନାମିତ ଥିଲା, ତାହା ବ୍ୟାଙ୍କ୍‌ଟିର ବିଲ୍ଡିଂ ଭଡ଼ାଟିଆ 'ସିକ୍ୟୁରିଟି ପ୍ୟାସିଫିକ୍‌ ବ୍ୟାଙ୍କ୍‌'ର ଅଧିଗ୍ରହଣ ସଙ୍ଗେ ସଙ୍ଗେ ପୁନର୍ନାମିତ ହୋଇଥିଲା ।"
"A braincomputer interface (BCI), is a direct communication pathway between an enhanced or wired brain and an external device. BCI differs from neuromodulation in that it allows for bidirectional information flow. BCIs are often directed at researching, mapping, assisting, augmenting, or repairing human cognitive or sensory-motor functions.",ବି.ସି.ଆଇ. ସ୍ନାୟବିକ-ପ୍ରତିରୂପଣ ଠାରୁ ଏଥିପାଇଁ ଭିନ୍ନ ଅଟେ ଯେ ଏହା ଦ୍ଵିଦିଶୀୟ ବାର୍ତ୍ତା ପ୍ରବାହ ହେବାକୁ ଦେଇଥାଏ ।
"A chaotic system may have sequences of values for the evolving variable that exactly repeat themselves, giving periodic behavior starting from any point in that sequence. However, such periodic sequences are repelling rather than attracting, meaning that if the evolving variable is outside the sequence, however close, it will not enter the sequence and in fact, will diverge from it. Thus for almost all initial conditions, the variable evolves chaotically with non-periodic behavior.","ଅବଶ୍ୟ, ଏହିପରି ପର୍ଯ୍ୟାୟ ଅନୁକ୍ରମଗୁଡ଼ିକ ଆକର୍ଷଣୀୟ ହେବା ପରିବର୍ତ୍ତେ ଘୃଣ୍ୟ ଅଟେ, ଅର୍ଥାତ୍‌, ଯଦି କ୍ରମଶଃ ବିକଶିତ ହେଉଥିବା ଉପାଦାନଟି ଅନୁକ୍ରମ ବାହାରେ ଥାଏ, ଯଦିଓ ନିକଟତର, ଏହା ଅନୁକ୍ରମ ମଧ୍ୟକୁ ଆସିପାରିବ ନାହିଁ, ଏବଂ ବାସ୍ତବରେ ଏହାଠାରୁ ବିଚ୍ଛିନ୍ନ ହୋଇଯିବ।"
"A leap second is a one-second adjustment that is occasionally applied to Coordinated Universal Time (UTC), to accommodate the difference between precise time (International Atomic Time (TAI), as measured by atomic clocks) and imprecise observed solar time (UT1), which varies due to irregularities and long-term slowdown in the Earth's rotation. The UTC time standard, widely used for international timekeeping and as the reference for civil time in most countries, uses TAI and consequently would run ahead of observed solar time unless it is reset to UT1 as needed. The leap second facility exists to provide this adjustment.","ଏକ ଲିପ୍ ସେକେଣ୍ଡ ହେଉଛି ଗୋଟିଏ ଏକ-ସେକେଣ୍ଡର ସମନ୍ୱୟ ଯାହା କେବେକେବେ କୋଅର୍ଡିନେଟେଡ୍‌ ୟୁନିଭର୍ସାଲ୍ ଟାଇମ୍ (ୟୁ.ଟି.ସି.) ପାଇଁ ଲାଗୁ ହୋଇଥାଏ, ଯାହା ସଠିକ୍ ସମୟ (ଆନ୍ତର୍ଜାତୀୟ ପରମାଣୁ ସମୟ (ଟି.ଏ.ଆଇ.), ଯାହାକି ପରମାଣୁ ଘଣ୍ଟା ଦ୍ୱାରା ମପା ଯାଇଥାଏ) ଏବଂ ଅନିର୍ଦ୍ଦିଷ୍ଟ ଭାବେ ପର୍ଯ୍ୟବେକ୍ଷଣ କରାଯାଇଥିବା ସୌର ସମୟ (ୟୁ.ଟି.୧) ମଧ୍ୟରେ ଥିବା ପାର୍ଥକ୍ୟକୁ ସମାଧାନ କରିବା ପାଇଁ ବ୍ୟବହାର କରାଯାଇଥାଏ, ଯାହା ପୃଥିବୀର ଘୂର୍ଣ୍ଣନରେ ଅନିୟମିତତା ଏବଂ ଦୀର୍ଘକାଳୀନ ମନ୍ଥରତା ହେତୁ ଭିନ୍ନ ଭିନ୍ନ ହୋଇଥାଏ।"
"A study on teachers by Kremer etc. found out that 25% of private sector teachers and 40% of public sector medical workers were absent during the survey. Among teachers who were paid to teach, absence rates ranged from 14.6% in Maharashtra to 41.9% in Jharkhand.",କ୍ରେମର ଏବଂ ଅନ୍ୟମାନଙ୍କ ଦ୍ଵାରା ଶିକ୍ଷକମାନଙ୍କ ଉପରେ କରାଯାଇଥିବା ଏକ ଅନୁଧ୍ୟାନରୁ ଜଣାପଡ଼ିଥିଲା ଯେ ବେସରକାରୀ-କ୍ଷେତ୍ରର ୨୫% ଶିକ୍ଷକ ଏବଂ ସାର୍ବଜନିକ କ୍ଷେତ୍ରର ୪୦% ଡାକ୍ତରୀ କର୍ମଚାରୀ ଉକ୍ତ ସର୍ବେକ୍ଷଣ ସମୟରେ ଅନୁପସ୍ଥିତ ରହିଥିଲେ ।
"Albert Einstein in 1905 explained of the photoelectric effect; a particle description of light as photons. In 1916, Sommerfeld explains fine structure; the splitting of the spectral lines of atoms due to first order relativistic corrections. The Compton effect of 1923 provided more evidence that special relativity does apply; in this case to a particle description of photonelectron scattering.",୧୯୨୩ ମସିହାର 'କମ୍ପ୍‌ଟନ୍‌ ପ୍ରଭାବ' ଏହି କ୍ଷେତ୍ରରେ ବିଶେଷ ଆପେକ୍ଷିକତା ଫୋଟନ୍‌-ଇଲେକ୍ଟ୍ରନ୍‌ ବିଚ୍ଛୁରଣର କଣିକା ସଂକ୍ରାନ୍ତୀୟ ବର୍ଣ୍ଣନା କ୍ଷେତ୍ରରେ ଲାଗୁ ହୋଇଥାଏ ବୋଲି ଅଧିକ ପ୍ରମାଣ ପ୍ରଦାନ କରିଥିଲା ।
"An electromagnetic field very far from currents and charges (sources) is called electromagnetic radiation (EMR) since it radiates from the charges and currents in the source, and has no ""feedback"" effect on them, and is also not affected directly by them in the present time (rather, it is indirectly produced by a sequences of changes in fields radiating out from them in the past). EMR consists of the radiations in the electromagnetic spectrum, including radio waves, microwave, infrared, visible light, ultraviolet light, X-rays, and gamma rays. The many commercial applications of these radiations are discussed in the named and linked articles.","ବିଦ୍ୟୁତ ପ୍ରବାହ ଏବଂ ବିଦ୍ୟୁତ ଶକ୍ତି (ଉତ୍ସ) ଠାରୁ ବହୁ ଦୂରରେ ଥିବା ବୈଦ୍ୟୁତିକ ଚୁମ୍ବକୀୟ କ୍ଷେତ୍ରକୁ ବିଦ୍ୟୁତ-ଚୁମ୍ବକୀୟ ବିକିରଣ (ଇ.ଏମ୍‌.ଆର୍‌.) କୁହାଯାଏ କାରଣ ଏହା ଉତ୍ସରେ ଥିବା ବିଦ୍ୟୁତ ଶକ୍ତି ଏବଂ ବିଦ୍ୟୁତ ପ୍ରବାହରୁ ବିକିରଣ କରେ, ସେମାନଙ୍କ ଉପରେ କୌଣସି “ପ୍ରତିକ୍ରିୟା” ପ୍ରଭାବ ପଡ଼ି ନଥାଏ, ଏବଂ ଏହା ମଧ୍ୟ ସେମାନଙ୍କ ଦ୍ୱାରା ସିଧାସଳଖ ଭାବେ ବର୍ତ୍ତମାନ ସମୟରେ ପ୍ରଭାବିତ ହୁଏ ନାହିଁ (ବରଂ, ଏହା ପରୋକ୍ଷ ଭାବରେ ଅତୀତରେ ବିକିରଣ କରୁଥିବା କ୍ଷେତ୍ରଗୁଡ଼ିକର ପରିବର୍ତ୍ତନର କ୍ରମ ଦ୍ୱାରା ଉତ୍ପାଦିତ ହୋଇଥାଏ)।"
"As noted above, most DNA molecules are actually two polymer strands, bound together in a helical fashion by noncovalent bonds; this double-stranded (dsDNA) structure is maintained largely by the intrastrand base stacking interactions, which are strongest for G,C stacks. The two strands can come aparta process known as meltingto form two single-stranded DNA (ssDNA) molecules. Melting occurs at high temperatures, low salt and high pH (low pH also melts DNA, but since DNA is unstable due to acid depurination, low pH is rarely used).","ଯେପରି ଉପରେ ସୂଚିତ କରାଯାଇଛି, ଅଧିକାଂଶ ଡି.ଏନ୍.ଏ. ଅଣୁଗୁଡ଼ିକ ହେଉଛି ଦୁଇଟି ପଲିମର୍ ଷ୍ଟ୍ରାଣ୍ଡ ଯାହା ଅଣ-କୋଭାଲେଣ୍ଟ୍ ବଣ୍ଡ୍ ଦ୍ୱାରା ଏକ ବଳୟାକାର ଢଙ୍ଗରେ ପରସ୍ପର ସହ ବନ୍ଧା ହୋଇ ରହିଥାନ୍ତି; ଏହି ଡବଲ୍-ଷ୍ଟ୍ରାଣ୍ଡେଡ୍ ସଂରଚନା ମୁଖ୍ୟତଃ ଇଣ୍ଟ୍ରା-ଷ୍ଟ୍ରାଣ୍ଡ୍ ବେସ୍ ଷ୍ଟାକିଂ ଅନ୍ତଃକ୍ରିୟା ଦ୍ୱାରା ପରିଚାଳିତ ହୋଇଥାଏ, ଯାହାକି 'ଜି' ଏବଂ 'ସି' ଷ୍ଟାକ୍‌ ପାଇଁ ସବୁଠାରୁ ଶକ୍ତିଶାଳୀ ହୋଇଥାଏ।"
"By his delineation (in 1817) of isothermal lines, he at once suggested the idea and devised the means of comparing the climatic conditions of various countries. He first investigated the rate of decrease in mean temperature with the increase in elevation above sea level, and afforded, by his inquiries regarding the origin of tropical storms, the earliest clue to the detection of the more complicated law governing atmospheric disturbances in higher latitudes. This was a major contribution to climatology.","ସେ ପ୍ରଥମେ ସମୁଦ୍ର ପତ୍ତନରୁ ଉଚ୍ଚତା ବୃଦ୍ଧି ସହିତ ହାରାହାରି ତାପମାତ୍ରା ହ୍ରାସର ହାର ଅନୁସନ୍ଧାନ କରିଥିଲେ, ଯାହା ତାଙ୍କର କ୍ରାନ୍ତୀୟ ଝଡ଼ବତାସର ଉତ୍ପତ୍ତି ଜାଣିବାରେ ସହାୟକ ହୋଇଥିଲା, ଏବଂ ଉଚ୍ଚ ଅକ୍ଷାଂଶରେ ହେଉଥିବା ବାୟୁମଣ୍ଡଳୀୟ ବିଶୃଙ୍ଖଳାକୁ ନିୟନ୍ତ୍ରଣ କରୁଥିବା ଜଟିଳ ନିୟମ ଚିହ୍ନଟ କରିବାର ଏହା ପ୍ରାଥମିକ ସୂତ୍ର ଥିଲା ।"
"Carbon clusters were first detected by Eric A. Rohlfing, Donald M. Cox, and Andrew Kaldor in 1984, in experiments where graphite was vaporized by laser and the vapor was quenched by a helium atmosphere.","କାର୍ବନ କ୍ଲଷ୍ଟରଗୁଡ଼ିକ ୧୯୮୪ ମସିହାରେ ପ୍ରଥମେ ଏରିକ୍‌ ଏ. ରୋଲଫିଙ୍ଗ୍‌, ଡୋନାଲ୍ଡ ଏମ୍‌. କକ୍ସ୍‌ ଓ ଆଣ୍ଡ୍ର୍ୟୁ କାଲଡୋର୍‌ଙ୍କ ଦ୍ୱାରା ସନ୍ଧାନ କରାଯାଇଥିଲା, ସେହି ସବୁ ପରୀକ୍ଷା ଦ୍ୱାରା ଯେଉଁଠାରେ ଗ୍ରାଫାଇଟ୍‌‌କୁ ଲେଜର୍ ମାଧ୍ୟମରେ ବାଷ୍ପରେ ପରିଣତ କରାଗଲା ଏବଂ ସେହି ବାଷ୍ପକୁ ଏକ ହିଲିୟମ୍‌ ପରିମଣ୍ଡଳ ଦ୍ୱାରା ଶୀତଳ କରାଯାଇଥିଲା।"
"Determining the complexity of an algorithm means finding upper bounds or estimates of how many elementary operations such as additions and multiplications of scalars are necessary to perform some algorithm, for example, multiplication of matrices. Calculating the matrix product of two n-by-n matrices using the definition given above needs n3 multiplications, since for any of the n2 entries of the product, n multiplications are necessary. The Strassen algorithm outperforms this ""naive"" algorithm; it needs only n2.807 multiplications.","ଏକ ଆଲଗୋରିଦମର ଜଟିଳତା ନିର୍ଣ୍ଣୟ କରିବା ଅର୍ଥ ହେଉଛି ଉପର ସୀମା ଖୋଜିବା କିମ୍ବା ଆକଳନ କରିବା ଯେ କେତେକ ଆଲଗୋରିଦମ କରିବା ପାଇଁ କେତେ ପ୍ରାଥମିକ କାର୍ଯ୍ୟ ଆବଶ୍ୟକ, ଯେପରିକି ସ୍କାଲାରର ଯୋଗ ଏବଂ ଗୁଣନ, ଉଦାହରଣ ସ୍ୱରୂପ, ମେଟ୍ରିକ୍ସର ଗୁଣନ।"
"During this time the British came into conflict with Bengal's Mughal governors. In 1652, the British had been exempted from customs payments in exchange for giving yearly sums to the nawab. But the nawab foisted fees upon them, which the British opposed.","ଏହି ସମୟରେ, ଇଂରେଜମାନେ ବଙ୍ଗର ମୋଗଲ ପ୍ରଶାସକମାନଙ୍କ ସହିତ ବିବାଦର ସମ୍ମୁଖୀନ ହୋଇଥିଲେ ।"
"Early AM radio transmitters relied on carbon microphones for voice modulation of the radio signal. In the first long-distance audio transmissions by Reginald Fessenden in 1906, a continuous wave from an Alexanderson alternator was fed directly to the transmitting antenna through a water-cooled carbon microphone. Later systems using vacuum tube oscillators often used the output from a carbon microphone to modulate the grid bias of the oscillator or output tube to achieve modulation.","୧୯୦୬ ମସିହାରେ ରେଗିନାଲ୍ଡ୍‌ ଫେସେଣ୍ଡେନ୍‌ଙ୍କ ଦ୍ଵାରା କରାଯାଇଥିବା ପ୍ରଥମ ଦୀର୍ଘ-ବ୍ୟବଧାନ ଶବ୍ଦ ସଞ୍ଚାରଣରେ, ଏକ ଆଲେକ୍‌ଜାଣ୍ଡର୍‌ସନ୍‌ ପ୍ରତ୍ୟାବର୍ତ୍ତିତ୍ରରୁ ଆସୁଥିବା ଏକ ନିରବଚ୍ଛିନ୍ନ ତରଙ୍ଗକୁ ସିଧାସଳଖ ଏକ ଜଳ-ଶୀତିତ କାର୍ବନ ମାଇକ୍ରୋଫୋନ୍‌‌ ମଧ୍ୟଦେଇ ସଞ୍ଚାରକ ଆଣ୍ଟିନା ମଧ୍ୟକୁ ପ୍ରେରଣ କରାଯାଇଥିଲା ।"
Educational assessment with technology may be either formative assessment or summative assessment. Instructors use both types of assessments to understand student progress and learning in the classroom. Technology has helped teachers create better assessments to help understand where students who are having trouble with the material are having issues.,ପ୍ରଯୁକ୍ତିଜ୍ଞାନ ଶିକ୍ଷକମାନଙ୍କୁ ପାଠ୍ୟୋପଯୋଗୀ ସାଧନରେ ଅସୁବିଧାର ସମ୍ମୁଖୀନ ହେଉଥିବା ଛାତ୍ରଛାତ୍ରୀଙ୍କର କେଉଁଠାରେ ସମସ୍ୟା ରହିଛି ବୁଝିବାରେ ସହାୟକ ହେବା ପାଇଁ ଉତ୍ତମ ମୂଲ୍ୟାଙ୍କନ ପ୍ରସ୍ତୁତ କରିବାରେ ସାହାଯ୍ୟ କରିଛି ।
Endocrine signaling occurs through molecules secreted into the bloodstream. Paracrine signaling uses molecules diffusing between two cells to communicate. Autocrine is a cell sending a signal to itself by secreting a molecule that binds to a receptor on its surface.,ଅଟୋକ୍ରାଇନ୍‌ ହେଉଛି ଏକ କୋଷ ଯାହାକି ନିଜର ପୃଷ୍ଠ ଉପରେ ଥିବା ଏକ ଗ୍ରାହୀ ସହିତ ଲାଗିଯାଉଥିବା ଅଣୁଟିଏକୁ ଉତ୍ସର୍ଜନ କରି ନିଜକୁ ଏକ ସଙ୍କେତ ପଠାଇଥାଏ ।
"Following the rebellions in the Poonch and Mirpur area and the Pakistan-backed Pashtun tribal intervention from the Khyber Pakhtunkhwa, the Maharaja asked for Indian military assistance. India set the condition that Kashmir must accede to India for it to receive assistance. The Maharaja complied, and the Government of India recognised the accession of the princely state to India.","ପୁଞ୍ଚ ଏବଂ ମିରପୁର ଅଞ୍ଚଳରେ ବିଦ୍ରୋହ, ଏବଂ ପାକିସ୍ତାନ-ସମର୍ଥିତ ଖାଇବର୍‌ ପାଖତୁନଖ୍ୱା ଅଞ୍ଚଳର ପଶ୍ତୁନ୍‌ ଆଦିବାସୀ ହସ୍ତକ୍ଷେପ ପରେ ମହାରାଜା ଭାରତୀୟ ସାମରିକ ସହାୟତା ମାଗିଥିଲେ ।"
"Have you carefully read the help pages and thoroughly fixed the problem? Or have you made a considered decision that the template is not, or is no longer, applicable? Great!",କିମ୍ବା ଆପଣ ଆଧାରପଟ୍ଟଟି ପ୍ରଯୁଜ୍ୟ ନୁହେଁ କିମ୍ବା ଆଉ ପ୍ରଯୁଜ୍ୟ ହୋଇ ରହି ନାହିଁ ବୋଲି କୌଣସି ବିଚାରିତ ନିଷ୍ପତ୍ତି ନେଇଛନ୍ତି କି?
"If a wheat crop is destroyed by a pest we may plant a hardier variety of wheat the next year, relying on intraspecific diversity. We may forgo wheat production in that area and plant a different species altogether, relying on interspecific diversity. Even an agricultural society that primarily grows monocultures relies on biodiversity at some point.","ଯଦି ଗହମ ଶସ୍ୟ ଏକ ଧ୍ୱଂସକାରକ କୀଟ ଦ୍ଵାରା ନଷ୍ଟ ହୋଇଯାଉଥାଏ, ଆମେ ଆନ୍ତଃ-ପ୍ରଜାତୀୟ ବିବିଧତା ଉପରେ ନିର୍ଭର କରି, ପରବର୍ତ୍ତୀ ବର୍ଷ, ଗହମର ଏକ ଅଧିକ ସହନକ୍ଷମ କିସମ ରୋପଣ କରିପାରିବା ।"
"In 1967, Manuel Blum formulated a set of axioms (now known as Blum axioms) specifying desirable properties of complexity measures on the set of computable functions and proved an important result, the so-called speed-up theorem. The field began to flourish in 1971 when Stephen Cook and Leonid Levin proved the existence of practically relevant problems that are NP-complete. In 1972, Richard Karp took this idea a leap forward with his landmark paper, ""Reducibility Among Combinatorial Problems"", in which he showed that 21 diverse combinatorial and graph theoretical problems, each infamous for its computational intractability, are NP-complete.",ଉକ୍ତ ବିଷୟଟି ୧୯୭୧ ମସିହାରେ ବିକଶିତ ହେବାକୁ ଆରମ୍ଭ କରିଥିଲା ଯେତେବେଳେକି ଷ୍ଟିଫେନ୍‌ କୁକ୍‌ ଏବଂ ଲିଓନିଡ଼୍‌ ଲେଭିନ୍‌ ଏନ୍‌.ପି.-ସମ୍ପୂର୍ଣ୍ଣ ହୋଇଥିବା ପ୍ରକୃତ ପକ୍ଷରେ ପ୍ରାସଙ୍ଗିକ ସମସ୍ୟାଗୁଡ଼ିକର ସ୍ଥିତିକୁ ପ୍ରମାଣିତ କରିଥିଲେ ।
"In the early medieval Alpine upland, a simpler central heating system where heat travelled through underfloor channels from the furnace room replaced the Roman hypocaust at some places. In Reichenau Abbey a network of interconnected underfloor channels heated the 300 m large assembly room of the monks during the winter months. The degree of efficiency of the system has been calculated at 90%.","ଆଦ୍ୟ ମଧ୍ୟଯୁଗୀୟ ଆଲପାଇନ୍ ଉଚ୍ଚଭୂମିରେ, ଏକ ଅଧିକ ସରଳ କେନ୍ଦ୍ରୀୟ ତାପନ ପ୍ରଣାଳୀ, ଯେଉଁଥିରେ ଚୁଲା ଥିବା କୋଠରୀର ଚଟାଣତଳ ଚ୍ୟାନେଲ ଦେଇ ଉତ୍ତାପ ପ୍ରବାହିତ ହେଉଥିଲା, କେତେକ ସ୍ଥାନରେ ରୋମୀୟ 'ହାଇପୋକଷ୍ଟ'ର ସ୍ଥାନନେଇଥିଲା।"
"LDMOS are power MOSFETs with a lateral structure. They are mainly used in high-end audio power amplifiers, and RF power amplifiers in wireless cellular networks, such as 2G, 3G, and 4G. Their advantage is a better behaviour in the saturated region (corresponding to the linear region of a bipolar junction transistor) than the vertical MOSFETs. Vertical MOSFETs are designed for switching applications, so they are only used in On or Off states.","ସେଗୁଡ଼ିକ ମୁଖ୍ୟତଃ ୨ଜି, ୩ଜି, ଏବଂ ୪ଜି ଭଳି ବେତାର ସେଲ୍ୟୁଲାର୍‌ ନେଟ୍‌ୱର୍କ୍‌ଗୁଡ଼ିକରେ ଉଚ୍ଚମାନର ଧ୍ୱନି ଶକ୍ତି ବିବର୍ଦ୍ଧକ ଯନ୍ତ୍ର ଏବଂ ଆର୍‌.ଏଫ୍‌. ଶକ୍ତି ବିବର୍ଦ୍ଧକ ଯନ୍ତ୍ରଗୁଡ଼ିକରେ ବ୍ୟବହୃତ ହୋଇଥାଏ ।"
"Mains filter capacitors are usually encapsulated wound-plastic-film types, since these deliver high voltage rating at low cost, and may be made self-healing and fusible. Mains filter capacitors are often ceramic RFI/EMI suppression capacitors. The additional safety requirements for mains filtering are:",ମୁଖ୍ୟ ଫିଲ୍‌ଟର୍‌ କାପାସିଟର୍‌ଗୁଡ଼ିକ ସାଧାରଣତଃ ଗୁଡ଼େଇହୋଇ ରହିଥିବା ପ୍ଲାଷ୍ଟିକ୍‌ ଆବରଣରେ ସଂପୁଟିତ ହୋଇ ରହିଥାଏ କାରଣ ଏଗୁଡ଼ିକ ନିମ୍ନ ଦରରେ ଉଚ୍ଚ ଭୋଲ୍‌ଟେଜ୍‌ ହାର ପ୍ରଦାନ କରିଥାଏ ଏବଂ ଏଗୁଡ଼ିକୁ ସ୍ଵ-ଉପଚାରକ୍ଷମ ଏବଂ ଗଳନକ୍ଷମ କରାଯାଇପାରେ ।
"Many applications of reinforcement learning do not involve just a single agent, but rather a collection of agents that learn together and co-adapt. These agents may be competitive, as in many games, or cooperative as in many real-world multi-agent systems. Multi-agent reinforcement learning studies the problems introduced in this setting.",'ମଲ୍ଟି-ଏଜେଣ୍ଟ୍‌ ରିଇନ୍‌ଫୋର୍ସ୍‌ମେଣ୍ଟ୍‌ ଲର୍ଣ୍ଣିଂ' ଏହି ପରିସ୍ଥିତିରେ ଦେଖାଦେଉଥିବା ସମସ୍ୟାଗୁଡ଼ିକର ଅନୁଧ୍ୟାନ କରିଥାଏ ।
"National Institute of Electronics & Information Technology Aurangabad (NIELIT Aurangabad) is located inside the Dr. B.A.M. University campus. It is a central government engineering institute under the Ministry of Communication & Information Technology Government of India. It offers DEPM, B.TECH (Electronics Engineering), M.tech (Electronics Design Technology), Ph.D., and short-term courses.","ଏହା ଡି.ଇ.ପି.ଏମ୍‌., ବି.ଟେକ୍‌ (ଇଲେକ୍ଟ୍ରୋନିକ୍ସ୍‌ ଇଞ୍ଜିନିୟରିଂ), ଏମ୍‌.ଟେକ୍‌‌ (ଇଲେକ୍ଟ୍ରୋନିକ୍ସ୍‌ ଡିଜାଇନ୍‌ ପ୍ରଯୁକ୍ତିବିଦ୍ୟା), ପିଏଚ୍‌.ଡି. ଏବଂ ସ୍ଵଳ୍ପ-କାଳୀନ ପାଠ୍ୟକ୍ରମମାନ ପ୍ରଦାନ କରିଥାଏ ।"
"Other definitions are used by other authors. For example, what John Polkinghorne terms 'conceptual' or 'epistemological' reductionism is the definition provided by Simon Blackburn and by Jaegwon Kim: that form of reductionism which concerns a program of replacing the facts or entities involved in one type of discourse with other facts or entities from another type, thereby providing a relationship between them. Richard Jones distinguishes ontological and epistemological reductionism, arguing that many ontological and epistemological reductionists affirm the need for different concepts for different degrees of complexity while affirming a reduction of theories.","ଉଦାହରଣ ସ୍ୱରୂପ, ଜନ୍ ପୋଲକିଂହର୍ଣ୍ଣ ଯାହାକୁ 'ବୈଚାରିକ' ବା 'ଜ୍ଞାନତାତ୍ତ୍ୱିକ' ଅବବ୍ୟାଖ୍ୟାବାଦ ବୋଲି କୁହନ୍ତି, ତାହା ହେଉଛି ସାଇମନ୍ ବ୍ଲାକ୍‌ବର୍ନ୍ ଏବଂ ଜାଇଗୱନ୍ କିମ୍‌ଙ୍କ ଦ୍ୱାରା ପ୍ରଦାନ କରାଯାଇଥିବା ସଂଜ୍ଞା: ସେହି ପ୍ରକାର ଅବବ୍ୟାଖ୍ୟାବାଦ ଯାହାର କାର୍ଯ୍ୟକ୍ରମରେ ଗୋଟିଏ ପ୍ରକାର ବିମର୍ଶ ସହ ଜଡ଼ିତ ତଥ୍ୟ ବା ସତ୍ତାସବୁକୁ ଅନ୍ୟ ଏକ ପ୍ରକାରରୁ ଆଣି, ତାହା ଜାଗାରେ ରଖି, ସେମାନଙ୍କ ମଧ୍ୟରେ ଏକ ଅନ୍ତଃସମ୍ପର୍କ ସ୍ଥାପନ କରାଯାଇଥାଏ।"
"Primary and secondary education is compulsory, and is financed by the state and free of charge in public schools. Bangladesh has a literacy rate of 74.7% percent as of 2019: 77.4% for males and 71.9% for females. The country's educational system is three-tiered and heavily subsidised, with the government operating many schools at the primary, secondary and higher secondary levels and subsidising many private schools.","୨୦୧୯ ସୁଦ୍ଧା, ବାଂଲାଦେଶର ସାକ୍ଷରତା ହାର ୭୪.୭%: ପୁରୁଷମାନଙ୍କର ୭୭.୪% ଏବଂ ମହିଳାମାନଙ୍କର ୭୧.୯% ।"
"The Indian numbering system corresponds to the Western system for the zeroth through fourth powers of ten: one (100), ten (101), one hundred (102), one thousand (103), and ten thousand (104). For higher powers of ten, the names no longer correspond. In the Indian system, the next powers of ten are called one lakh, ten lakh, one crore, ten crore, one arab (or one hundred crore), and so on; there are new words for every second power of ten (105 + 2n): lakh (105), crore (107), arab (109),","ଭାରତୀୟ ସଂଖ୍ୟା ବ୍ୟବସ୍ଥା ଶୂନ୍ୟ ସଂଖ୍ୟା କ୍ଷେତ୍ରରେ, ଦଶର ଚତୁର୍ଥ ଘାତ ପର୍ଯ୍ୟନ୍ତ, ପାଶ୍ଚାତ୍ୟ ବ୍ୟବସ୍ଥାର ଅନୁରୂପ ହୋଇଥାଏ: ଏକ, ଦଶ, ଏକ ଶହ, ଏକ ହଜାର, ଏବଂ ଦଶ ହଜାର।"
"The SI derived unit for measuring the catalytic activity of a catalyst is the katal, which is quantified in moles per second. The productivity of a catalyst can be described by the turnover number (or TON) and the catalytic activity by the turn over frequency (TOF), which is the TON per time unit. The biochemical equivalent is the enzyme unit.","ଏକ ଉତ୍‌ପ୍ରେରକର ଉତ୍‌ପ୍ରେରକୀ ସକ୍ରିୟତା ମାପ କରିବାର ଏସ୍‌.ଆଇ.-ବ୍ୟୁତ୍ପନ୍ନ ଏକକଟି ହେଉଛି 'କାଟାଲ୍', ଯାହାର ପରିମାଣ ସେକେଣ୍ଡ୍‌ ପ୍ରତି ମୋଲ୍‌ ଭାବରେ ନିର୍ଦ୍ଧାରିତ ହୋଇଥାଏ ।"
"The endonym (Rmana ""the land of the Romans, i.e. the Eastern Roman Empire"") was understood as another name for the province by the invading Seljuq Turks, who founded a Sultanate of Rm in 1077. Thus (land of the) Rm became another name for Anatolia. By the 12th century Europeans had started referring to Anatolia as Turchia.","ଏହି ଅନ୍ୟନାମ (ରୁମାନା, ""ରୋମୀୟମାନଙ୍କର ଭୂମି"", ଅର୍ଥାତ୍‌, ପୂର୍ବ ରୋମ ସାମ୍ରାଜ୍ୟ) ଟିକୁ, ଏହି ପ୍ରଦେଶର ଅନ୍ୟ ଏକ ନାମ ଭାବରେ ଆକ୍ରମଣକାରୀ ସେଲଜୁକ୍ ତୁର୍କୀମାନେ ବୁଝିଥିଲେ, ଯେଉଁମାନେ ୧୦୭୭ ମସିହାରେ 'ରମ୍ ସୁଲତାନେଟ୍' ପ୍ରତିଷ୍ଠା କଲେ।"
"The first observation of gravitational waves on 14 September 2015 was announced by the LIGO and Virgo interferometer collaborations on 11 February 2016. However, the Virgo interferometer in Italy was not operating at the time, and the GEO600 was in engineering mode and is not sensitive enough, and so could not confirm the signal. The GEO600 began taking data simultaneously with Advanced LIGO on September 18, 2015.","ଅବଶ୍ୟ, ଇଟାଲୀରେ ଭର୍ଗୋ ଇଣ୍ଟରଫେରୋମିଟର ସେହି ସମୟରେ କାର୍ଯ୍ୟ କରୁନଥିଲା, ଏବଂ ଜି.ଇ.ଓ.୬୦୦ ଇଞ୍ଜିନିୟରିଂ ମୋଡରେ ଥିଲା ଏବଂ ଯଥେଷ୍ଟ ସମ୍ବେଦନଶୀଳ ନଥିଲା, ତେଣୁ ଏହା ସଙ୍କେତଟିକୁ ନିଶ୍ଚିତ କରିପାରି ନଥିଲା।"
"The migration of Hindus from East Pakistan to India continued unabated after partition. The 1951 census in India recorded that 2.5 million refugees arrived from East Pakistan, of which 2.1 million migrated to West Bengal while the rest migrated to Assam, Tripura, and other states. These refugees arrived in waves and did not come solely at partition.",ଏହି ଶରଣାର୍ଥୀମାନେ ପର୍ଯ୍ୟାୟକ୍ରମେ ଆସି ପହଞ୍ଚିଥିଲେ ଏବଂ କେବଳ ବିଭାଜନ ସମୟରେ ଆସିନଥିଲେ ।
"The one-hybrid variation of this technique is designed to investigate proteinDNA interactions and uses a single fusion protein in which the AD is linked directly to the binding domain. The binding domain in this case however is not necessarily of fixed sequence as in two-hybrid proteinprotein analysis but may be constituted by a library. This library can be selected against the desired target sequence, which is inserted in the promoter region of the reporter gene construct.","ଏହି ସଂଗ୍ରହସମୂହଟି ଉପଯୁକ୍ତ ଲକ୍ଷିତ ଶୃଙ୍ଖଳା ନିମନ୍ତେ ଚୟନ କରାଯାଇପାରେ, ଯାହାକୁକି ପ୍ରତିବେଦକ ଜିନ୍‌ ବିନ୍ୟାସର ଉନ୍ନାୟକ ପ୍ରକ୍ଷେତ୍ର ମଧ୍ୟକୁ ଭର୍ତ୍ତି କରାଯାଇଥାଏ ।"
"The open-chain form is thermodynamically unstable, and it spontaneously isomerizes to the cyclic forms. (Although the ring closure reaction could in theory create four- or three-atom rings, these would be highly strained, and are not observed in practice.) In solutions at room temperature, the four cyclic isomers interconvert over a time scale of hours, in a process called mutarotation. Starting from any proportions, the mixture converges to a stable ratio of : 36:64.",ସାଧାରଣ ତାପମାତ୍ରାରେ ଦ୍ରବଣରେ ଚାରୋଟିଯାକ ଚକ୍ରୀୟ ଆଇସୋମର 'ଘଣ୍ଟା'ର ସମୟ ମାପକ୍ରମରେ 'ପରିବର୍ତ୍ତୀଧ୍ରୁବଣ-ଘୂର୍ଣ୍ଣନ' କୁହାଯାଉଥିବା ଏକ ପ୍ରକ୍ରିୟା ମାଧ୍ୟମରେ ଆନ୍ତଃରୂପାନ୍ତରିତ ହୋଇଯାଆନ୍ତି ।
"The sense coil (6) is a differential current transformer which surrounds (but is not electrically connected to) the live and neutral conductors. In normal operation, all the current down the live conductor returns up the neutral conductor. The currents in the two conductors are therefore equal and opposite and cancel each other out.",'ସେନ୍ସ କଏଲ୍‌' ହେଉଛି ଏକ ବିଭେଦୀ ବୈଦ୍ୟୁତିକ ଟ୍ରାନ୍ସ୍‌ଫର୍ମର୍‌ ଯାହାକି ଲାଇଭ୍‌ ଏବଂ ନିଉଟ୍ରାଲ୍‌ ପରିବାହୀଗୁଡ଼ିକୁ ଘେରି ରହିଥାଏ (ମାତ୍ର ସେଗୁଡ଼ିକ ସହ ବୈଦ୍ୟୁତିକ ଭାବରେ ସଂଯୁକ୍ତ ନୁହେଁ) ।
"The shape of parenchyma cells varies with their function. In the spongy mesophyll of a leaf, parenchyma cells range from near-spherical and loosely arranged with large intercellular spaces, to branched or stellate, mutually interconnected with their neighbours at the ends of their arms to form a three-dimensional network, like in the red kidney bean Phaseolus vulgaris and other mesophytes. These cells, along with the epidermal guard cells of the stoma, form a system of air spaces and chambers that regulate the exchange of gases.","ଏକ ପତ୍ରର ସ୍ପଞ୍ଜ ଭଳି ମେସୋଫାଇଲ୍‌ରେ, ପ୍ୟାରେନ୍‌କାଇମା କୋଷଗୁଡ଼ିକ ପ୍ରାୟ-ଗୋଲାକାର ଏବଂ ହୁଗୁଳା ଭାବେ ବ୍ୟବସ୍ଥିତ ବଡ଼ ଅନ୍ତଃକୋଷୀୟ ସ୍ଥାନମାନଙ୍କରୁ ନେଇ ଶାଖା କିମ୍ବା ଷ୍ଟେଲେଟ୍ ପର୍ଯ୍ୟନ୍ତ ଥାଏ, ଯାହା ସେମାନଙ୍କର ଶାଖାର ଶେଷ ଭାଗରେ ନିଜ ପଡ଼ୋଶୀମାନଙ୍କ ସହ ପରସ୍ପର ସଂଯୁକ୍ତ ହୋଇ ଏକ ତିନି-ଆୟାମୀ ନେଟୱାର୍କ ଗଠନ କରିଥାଏ, ଲାଲ ରାଜମାର ଫେଜିଓଲସ୍‌ ଭଲଗାରିସ୍‌ ଏବଂ ଅନ୍ୟାନ୍ୟ ମେସୋଫାଇଟ୍ ପରି।"
"Thomas precession is a kinematic effect in the flat spacetime of special relativity. In the curved spacetime of general relativity, Thomas precession combines with a geometric effect to produce de Sitter precession. Although Thomas precession (net rotation after a trajectory that returns to its initial velocity) is a purely kinematic effect, it only occurs in curvilinear motion and therefore cannot be observed independently of some external force causing the curvilinear motion such as that caused by an electromagnetic field, a gravitational field or a mechanical force, so Thomas precession is usually accompanied by dynamical effects.","ଯଦିଓ ଥୋମାସ୍ ପ୍ରେସେସନ୍‌ (ନିଜର ପ୍ରାରମ୍ଭିକ ବେଗକୁ ଫେରୁଥିବା ଏକ ଟ୍ରାଜେକ୍ଟୋରୀର ନେଟ୍ ଘୂର୍ଣ୍ଣନ) ଏକ ବିଶୁଦ୍ଧ କାଇନେମାଟିକ୍‌ ପ୍ରଭାବ, ଏହା କେବଳ ବକ୍ରରେଖା ଗତିରେ ଘଟିଥାଏ, ତେଣୁ କରି ବକ୍ରରେଖୀୟ ଗତି ଘଟାଉଥିବା ବାହ୍ୟ ଶକ୍ତିର ବାହାରେ ସ୍ୱତନ୍ତ୍ର ଭାବେ ଏହାକୁ ନିରୀକ୍ଷଣ କରାଯାଇ ପାରିବ ନାହିଁ, ଯେପରିକି ଯାହା ଏକ ବୈଦ୍ୟୁତିକ-ଚୁମ୍ବକୀୟ କ୍ଷେତ୍ର, ଏକ ମାଧ୍ୟାକର୍ଷଣ କ୍ଷେତ୍ର, କିମ୍ବା ଏକ ଯାନ୍ତ୍ରିକ ଶକ୍ତି କାରଣରୁ ଘଟିଥାଏ, ତେଣୁ ଥୋମାସ୍ ପ୍ରେସେସନ୍‌ ସାଧାରଣତଃ ଗତିଶୀଳ ପ୍ରଭାବ ସହ ଏକତ୍ର ଭାବେ ଆସିଥାଏ।"
"Unlike a traditional incandescent lamp, an LED will light only when voltage is applied in the forward direction of the diode. No current flows and no light is emitted if voltage is applied in the reverse direction. If the reverse voltage exceeds the breakdown voltage, a large current flows and the LED will be damaged.","ପାରମ୍ପରିକ ତାପଦୀପ୍ତ ବତୀ ଭଳି ନହୋଇ, ଯେତେବେଳେ ଡାୟୋଡ଼୍‌ର ସମ୍ମୁଖ ଦିଗରେ ଭୋଲ୍‌ଟେଜ୍‌ ପ୍ରୟୋଗ କରାଯିବ, ଏଲ୍‌.ଇ.ଡି. ଟିଏ କେବଳ ସେତେବେଳେ ହିଁ ଜଳିବ ।"
"Using Polaroid filters meant an entirely new form of projection, however. Two prints, each carrying either the right or left eye view, had to be synced up in projection using an external selsyn motor. Furthermore, polarized light would be largely depolarized by a matte white screen, and only a silver screen or screen made of other reflective material would correctly reflect the separate images.","ପ୍ରତ୍ୟେକ ଡାହାଣ କିମ୍ବା ବାମ ଚାକ୍ଷୁଷ ଦୃଶ୍ୟ ଧାରଣ କରିଥିବା, ଦୁଇଟି ପ୍ରିଣ୍ଟ୍‌କୁ ଏକ ବାହ୍ୟ ସେଲ୍‌ସିନ୍‌ ମୋଟର ବ୍ୟବହାର କରି ପ୍ରକ୍ଷେପଣରେ ସମନ୍ୱିତ ହେବାର ଥିଲା ।"
"When machine learning techniques are initially used in new applications or industries, there is often not enough training data available to apply traditional processes. Some industries have the benefit of decades' worth of training data readily available; those that do not are at a significant disadvantage. In such cases, obtaining training data may be impractical, expensive, or impossible without waiting years for its accumulation.","ଯେତେବେଳେ ମେସିନ୍‌ ଲର୍ଣ୍ଣିଂ କୌଶଳଗୁଡ଼ିକ ପ୍ରଥମେ ନୂତନ ଅନୁପ୍ରୟୋଗ ବା ଉଦ୍ୟୋଗଗୁଡ଼ିକରେ ବ୍ୟବହୃତ ହୁଏ, ପାରମ୍ପରିକ ପ୍ରକ୍ରିୟା ପ୍ରୟୋଗ କରିବା ନିମନ୍ତେ ଅଧିକାଂଶ ସମୟରେ ଯଥେଷ୍ଟ ପ୍ରଶିକ୍ଷଣ ନିମିତ୍ତ ଉଦ୍ଦିଷ୍ଟ ତଥ୍ୟ ନଥାଏ ।"
"Word2vec is a technique for natural language processing published in 2013. The word2vec algorithm uses a neural network model to learn word associations from a large corpus of text. Once trained, such a model can detect synonymous words or suggest additional words for a partial sentence.","ଥରେ ପ୍ରଶିକ୍ଷଣ ଦିଆଗଲେ, ଏପରି ଏକ ମଡ଼େଲ ସମାର୍ଥବାଚକ ଶବ୍ଦ ଖୋଜି ବାହାର କରିପାରିବ କିମ୍ବା ଏକ ଆଂଶିକ ବାକ୍ୟ ପାଇଁ ଅତିରିକ୍ତ ଶବ୍ଦମାନ ପ୍ରସ୍ତାବିତ କରିପାରିବ ।"
"the encyclopdia britannica (latin for ""british encyclopaedia"") is a general knowledge english-language encyclopaedia. it is published by encyclopdia britannica, inc.; the company has existed since the 18th century, although it has changed ownership various times through the centuries. the encyclopaedia is maintained by about 100full-time editors and more than 4,000contributors.","ଏହା 'ଏନ୍‌ସାଇକ୍ଲୋପିଡ଼ିଆ ବ୍ରିଟାନିକା, ନିଗମିତ', ଦ୍ଵାରା ପ୍ରକାଶିତ ହୋଇଥାଏ; କମ୍ପାନୀଟି ୧୮ଶ ଶତାବ୍ଦୀ ଠାରୁ ରହିଆସିଛି, ଯଦିଓ ଏହା ଶତାବ୍ଦୀ ଶତାବ୍ଦୀ ଧରି ବିଭିନ୍ନ ସମୟରେ ମାଲିକାନା ପରିବର୍ତ୍ତିତ କରିଛି ।"
"10 years after the film's release, Arbaaz Khan had stated in an interview that the film's budget was hiked from 30 crore (equivalent to 57crore or US$7.2million in 2020) to 49 crore (equivalent to 93crore or US$12million in 2020), leading to few losses for him, but after the monumental success, he paid the salary for Salman Khan. In January 2022, the official merchandise of the film featuring movie clips, posters, and stills, among other collectables were released through non-fungible tokens (NFT). It was headlined by Salman Khan-backed BollyCoin in collaboration with the technology-backed marketplace creator NFTically.","ଫିଲ୍ମ ମୁକ୍ତିଲାଭ କରିବାର ୧୦ ବର୍ଷ ପରେ, ଅରବାଜ୍ ଖାନ ଏକ ସାକ୍ଷାତକାରରେ କହିଥିଲେ ଯେ ଫିଲ୍ମଟିର ବଜେଟ୍‌କୁ ୩୦ କୋଟି (୨୦୨୦ରେ ଏହା ୫୭ କୋଟି ଅବା ୟୁ.ଏସ୍‌.$୭.୨ ନିୟୁତ ସହ ସମାନ)ରୁ ୪୯ କୋଟିକୁ ବଢ଼େଇ ଦିଆ ଯାଇଥିଲା (୨୦୨୦ରେ ଏହା ୯୩ କୋଟି ଅବା ୟୁ.ଏସ୍‌.$୧୨ ନିୟୁତ ସହ ସମାନ), ଯାହା ଫଳରେ ତାଙ୍କୁ କିଛି କ୍ଷତି ସହିବା ପାଇଁ ପଡ଼ିଥିଲା, କିନ୍ତୁ ଏହାର ବିରାଟ ସଫଳତା ପରେ, ସେ ସଲମାନ୍ ଖାନଙ୍କ ବେତନ ଦେଇଥିଲେ।"
"A Battle-Hardened and an Rebellious Indian Army Officer goes in search of his ex-girlfriends Child who is mysteriously kidnapped. Neha reaches out to the only person who can help her with her plight Ronnie. He goes deep into the underbelly of Goa, facing off aganist drug lords, menacing Russian henchmen, and blood-thirsty animals.",ଜଣେ ଯୁଦ୍ଧ ଅଭିଜ୍ଞ ତଥା ବିଦ୍ରୋହୀ ଭାରତୀୟ ସେନା ଅଧିକାରୀ ରହସ୍ୟମୟ ଭାବରେ ଅପହରଣ ହୋଇଥିବା ତାଙ୍କ ପୂର୍ବତନ ପ୍ରେମିକାର ସନ୍ତାନକୁ ଖୋଜିବାକୁ ଯାଉଛନ୍ତି ।
"About one thousand and thirty Gujarati films were made between 1932 and 2011 but very few are archived. At the National Film Archive of India (NFAI), only twenty Gujarati films including two Parsi-Gujarati films, Pestoneei (1987) directed by Vijaya Mehta and Percy (1989) directed by Pervez Merwanji, are archived. No silent films or talkies of 1930s and 1940s survived.","୧୯୩୨ରୁ ୨୦୧୧ ମସିହା ମଧ୍ୟରେ ପାଖାପାଖି ଏକ ହଜାର ତିରିଶଟି ଗୁଜରାଟୀ ଚଳଚ୍ଚିତ୍ର ନିର୍ମାଣ କରାଯାଇଛି, କିନ୍ତୁ ସେଥି ମଧ୍ୟରୁ ଖୁବ୍ କମ୍‌ ଅଭିଲେଖାଗାରରେ ସଂରକ୍ଷିତ ହୋଇଛି।"
"Amiya Chakravarty (30 November 1912 6 March 1957) was an Indian film director, screenwriter and producer, who was leading film director in Hindi cinema of the 1940s and 1950s. He is noted for films like Daag (1952), Patita (1953), and Seema (1955) for which he won the 4th Filmfare Award for Best Story. Chakravarty is also credited along with Devika Rani for discovering Dilip Kumar, whom he gave his first break in 1944 film Jwar Bhata (1944 film).Chakravarty also produced and directed Daag (1952 film) in 1952 for which Dilip Kumar won his first ever Filmfare Award for Best Actor.","ଅମୀୟ ଚକ୍ରବର୍ତ୍ତୀ (୩୦ ନଭେମ୍ବର ୧୯୧୨-୬ ମାର୍ଚ୍ଚ ୧୯୫୭) ଜଣେ ଭାରତୀୟ ଚଳଚ୍ଚିତ୍ର ନିର୍ଦ୍ଦେଶକ, ଚିତ୍ରନାଟ୍ୟ ଲେଖକ ଏବଂ ନିର୍ମାତା ଥିଲେ, ଯିଏ ୧୯୪୦ ଓ ୧୯୫୦ ଦଶକରେ ହିନ୍ଦୀ ସିନେମାର ପ୍ରମୁଖ ନିର୍ଦ୍ଦେଶକ ଥିଲେ।"
"As a director, Rakesh is known for making films with his son Hrithik Roshan and having music directed by his brother Rajesh Roshan. Other actors he has frequently collaborated with include Rekha, Madhuri Dixit, Anil Kapoor, Shah Rukh Khan, and Amrish Puri. As a director, his every film's name have starting with 'K'.","ସେ ପ୍ରାୟତଃ କାର୍ଯ୍ୟ କରୁଥିବା ଅନ୍ୟ ଅଭିନେତା/ଅଭିନେତ୍ରୀମାନଙ୍କ ମଧ୍ୟରେ ଅଛନ୍ତି ରେଖା, ମାଧୁରୀ ଦୀକ୍ଷିତ, ଅନିଲ କପୁର, ଶାହରୁଖ ଖାନ୍ ଏବଂ ଅମ୍‌ରୀଶ ପୁରୀ।"
"Baahubali is simply spectacular."" In her review for The Hindu, Sangeetha Devi Dundoo wrote, ""The war formations that form a chunk of the latter portions of the film are the best we've seen in Indian cinema so far. These portions are spectacular and show the technical finesse of the cinematographer (K.K. Senthil Kumar) and the visual effects teams. The waterfall, the mystical forests and water bodies above the cliffs and the lead pair escaping an avalanche all add to the spectacle.","ଜଳପ୍ରପାତ, ରହସ୍ୟମୟ ଅରଣ୍ୟ ଏବଂ ପାହାଡ଼ ଉପରେ ଥିବା ଜଳାଶୟ, ଏବଂ ପାହାଡ଼ରୁ ଖସୁଥିବା ଏକ ବରଫ ଖଣ୍ଡରୁ ମୁଖ୍ୟ ଯୋଡ଼ିଙ୍କର ରକ୍ଷା ପାଇବା, ଏଇ ସମସ୍ତ କିଛି ସେହି ଚମତ୍କାରିତାକୁ ଆହୁରି ପରିବର୍ଦ୍ଧିତ କରିଥାଏ।"
"Babli then arrives with his gang and later reveals that he hid the diamonds in the urn Somnath was carrying as he returned to India. Pandurang, an assassin previously sent by Babli as an undercover servant, later joins Gopal's side on hearing about Sameer's truth and fights the gangsters off, with the fight finally ending with Gopal being accidentally stabbed by Babli in his butt with a knife, and falling unconscious soon after, but not before warning Madhav, Lucky and Laxman to not touch the knife, leaving the three friends in laughter. Babli also falls unconscious after seeing blood flowing from Gopal's butt.","ପାଣ୍ଡୁରାଙ୍ଗ, ଯିଏ ଜଣେ ହତ୍ୟାକାରୀ ଓ ପୂର୍ବରୁ ବବଲିଙ୍କ ଦ୍ୱାରା ପଠାଯାଇଥିବା ଜଣେ ଗୁପ୍ତଚର ଚାକର ଥିଲେ, ପରେ ସମୀରଙ୍କ ବାସ୍ତବତା ବିଷୟରେ ଜାଣିବା ପରେ ସେ ଗୋପାଳଙ୍କ ପକ୍ଷରେ ଯୋଗ ଦେଲେ ଏବଂ ଗ୍ୟାଙ୍ଗଷ୍ଟର ମାନଙ୍କ ସହ ଲଢ଼ିବାକୁ ଓହ୍ଲାଇ ପଡ଼ିଥିଲେ, ଯେଉଁ ଲଢ଼େଇର ଶେଷରେ ବବଲି ଭୁଲରେ ଗୋପାଳଙ୍କ ପିଚାକୁ ଛୁରୀରେ ଭୁସି ଦେଇଥିଲେ, ଯାହାର କିଛି ସମୟ ପରେ ସେ ଅଚେତ୍ ହୋଇ ଯାଇଥିଲେ, କିନ୍ତୁ ତାହା ଆଗରୁ ମାଧବ, ଲକି, ଓ ଲକ୍ଷ୍ମଣଙ୍କୁ କହି ଯାଇଥିଲେ ଯେ ସେମାନେ ଯେମିତି କେବେ ଛୁରୀ ନଛୁଅଁନ୍ତି, ଯାହା ଶୁଣି ତିନି ସାଙ୍ଗ ହସିଥିଲେ।"
"Badri helps Vaidehi's elder sister, Kritika find a husband in local singer Bhushan Mishra and even resolves a dowry crisis with Bhushan's father Jitendra Mishra, after which Vaidehi agrees to marry him. On their wedding day, however, Vaidehi does not show up is revealed to have run away to Mumbai. Furious, Ambar commands a heartbroken Badri to find Vaidehi and bring her back so they can punish her.","ତେବେ, ସେମାନଙ୍କର ବିବାହ ଦିବସରେ, ବୈଦେହୀ ଦେଖାଦିଅନ୍ତି ନାହିଁ, ଏବଂ ଜଣାପଡ଼େ ଯେ ସେ ମୁମ୍ବାଇ ପଳାଇଛନ୍ତି।"
"Bantu then manages to enter Ramachandra's house, named ""Vaikuntapuram"". ARK is fond of Bantu for saving Ramachandra. Bantu begins to address the issues plaguing the house by patching up Ramachandra's broken relationship with Yasu (which was fragile, as Ramachandra had an affair once with a woman 7 years ago), settling the dispute with Paidathalli, and reforming the corrupt family members, Kashiram and Sitaram.","ବାଣ୍ଟୁ, ଘରେ ଅଶାନ୍ତି ସୃଷ୍ଟି କରୁଥିବା ସମସ୍ୟାଗୁଡ଼ିକର ସମାଧାନ ଆରମ୍ଭ କରନ୍ତି ରାମଚନ୍ଦ୍ର ଓ ୟାସୁଙ୍କ ଭାଙ୍ଗି ଯାଇଥିବା ସମ୍ପର୍କକୁ ଯୋଡ଼ିବା ପାଇଁ ଉଦ୍ୟମ କରି (ଯାହା ଦୁର୍ବଳ ଥିଲା କାରଣ ରାମଚନ୍ଦ୍ରଙ୍କର ଅନ୍ୟ ଜଣେ ମହିଳାଙ୍କ ସହ ୭ ବର୍ଷ ପୂର୍ବେ ଏକ ପ୍ରେମସମ୍ପର୍କ ରହିଥିଲା), ପଇଦାଥଲ୍ଲୀଙ୍କ ସହ ଥିବା ବିବାଦର ସମାଧାନ କରନ୍ତି, ଏବଂ ପରିବାରର ଭ୍ରଷ୍ଟ ସଦସ୍ୟ, କାଶୀରାମ ଓ ସୀତାରାମଙ୍କୁ ସୁଧାରିବା ପାଇଁ ଚେଷ୍ଟାକରନ୍ତି।"
"Because a single channel was catering to an ever-growing audience, television programming quickly reached saturation. Hence the government started another channel that had part of national programming and part regional. This channel was known as DD 2 (later DD Metro).","ଯେହେତୁ ମାତ୍ର ଗୋଟିଏ ଚ୍ୟାନେଲ୍‌ ଏକ କ୍ରମ-ବର୍ଦ୍ଧମାନ ଦର୍ଶକମଣ୍ଡଳୀର ଆବଶ୍ୟକତା ପୂରଣକରିବା ଦାୟିତ୍ୱରେ ଥିଲା, ଟେଲିଭିଜନ୍ କାର୍ଯ୍ୟକ୍ରମ ପ୍ରସ୍ତୁତି ଖୁବ୍ ଶୀଘ୍ର ନିଜ ଧାରଣକ୍ଷମତାର ସର୍ବଶେଷ ଅବସ୍ଥାରେ ପହଞ୍ଚି ଯାଇଥିଲା।"
"Beta (Translation: Son) is a 1992 Indian Hindi drama film, directed by Indra Kumar and written by Naushir Khatau and Kamlesh Pandey. It featured Anil Kapoor, Madhuri Dixit and Aruna Irani in lead roles. The soundtrack was composed by Anand-Milind.","ବେଟା (ଅନୁବାଦ: ପୁଅ), ୧୯୯୨ ମସିହାର ଏକ ହିନ୍ଦୀ ଡ୍ରାମା ଫିଲ୍ମ, ଯାହାର ନିର୍ଦ୍ଦେଶନା ଦେଇଥିଲେ ଇନ୍ଦ୍ର କୁମାର ଏବଂ ରଚନା କରିଥିଲେ ନୌଶୀର ଖତାଓ ଓ କମଲେଶ୍ ପାଣ୍ଡେ।"
"Broadcasters in one country have several reasons to reach out to an audience in other countries. Commercial broadcasters may simply see a business opportunity to sell advertising or subscriptions to a broader audience. This is more efficient than broadcasting to a single country, because domestic entertainment programs and information gathered by domestic news staff can be cheaply repackaged for non-domestic audiences.",ଗୋଟିଏ ଦେଶରେ ପ୍ରସାରଣ କରିବା ତୁଳନାରେ ଏହା ବେଶୀ ଫଳପ୍ରଦ ଅଟେ କାରଣ ଘରୋଇ ନ୍ୟୁଜ୍ କର୍ମଚାରୀମାନଙ୍କ ଦ୍ୱାରା ଏକତ୍ର କରାଯାଉଥିବା ଘରୋଇ ମନୋରଞ୍ଜନ କାର୍ଯ୍ୟକ୍ରମ ତଥା ସୂଚନାସବୁ ଶସ୍ତାରେ ଅଣ-ଘରୋଇ ଦର୍ଶକମାନଙ୍କ ପାଇଁ ରିପାକେଜ୍‌ କରାଯାଇ ପାରିବ।
"Dhinendra, who becomes angered by Chitti's victory, releases Pakshi's spirit from the synthesizer. Pakshi possesses Vaseegaran and attacks the public again, but Chitti refuses to attack his creator. Nila gets the red chip and reprograms Chitti to his evil 2.0 alter ego, after altering it to not harm the innocent and commanding him only to fight Pakshi.","ଚିତ୍ତୀଙ୍କ ବିଜୟରେ କ୍ରୋଧିତ ହୋଇଥିବା ଧିନେନ୍ଦ୍ର, ପକ୍ଷୀର ଆତ୍ମାକୁ ସିନ୍ଥେସାଇଜରରୁ ମୁକ୍ତ କରିଦେଇଥିଲେ |"
"Director and film critic Sudhish Kamath called Enthiran ""a superhero film, a sci-fi adventure, a triangular love story with a hint of the Ramayana"", while remarking that Enthiran's similarities to The Terminator (1984) were ""more than obvious. Not just visuallywhere we see the Superstar with one human eye and one scarred metallic eye but also intentionally spelt out when the bad robot announces that he has created ""Terminators"". Kamath compared two of the film's robots to C-3PO and R2-D2, droids from the Star Wars film series, which was referenced in Enthiran when Vaseegaran refers to one of his creations as ""R2"". The film was noted to have similarities with the 2002 Kannada film Hollywood which had its lead actor playing three roles one of which was a scientist and another was a humanoid robot invented by that scientist which falls in love with the girlfriend of his creator.","କେବଳ ଆଖିରେ ନୁହେଁ, ଯେଉଁଠାରେ ଆମେ ଗୋଟିଏ ମାନବ ଆଖି ଏବଂ ଆଉ ଗୋଟିଏ କ୍ଷତବିକ୍ଷତ ଧାତବ ଆଖି ଥିବା ଜଣେ ସୁପରଷ୍ଟାର୍‌କୁ ଦେଖିଥାଉ, ବରଂ ଉଦ୍ଦେଶ୍ୟମୂଳକ ଭାବରେ କୁହାଯାଇଥାଏ ମଧ୍ୟ, ଯେତେବେଳେ ସେହି ଦୁଷ୍ଟ ରୋବଟ୍‌ଟି ଘୋଷଣା କରିଥାଏ ଯେ ସେ “ଟର୍ମିନେଟର୍” ସୃଷ୍ଟି କରିଛି।"
"Following its success, the film was screened in the East Asian markets; the film was released in Taiwan on 17 December 2010, followed by Hong Kong on 1 September 2011. In China, it was released as San Ge Shagua (""Three Idiots""), on 15 December 2011. In South Korea, it was released on 29 December 2011.","ଏହାର ସଫଳତା ପରେ, ଫିଲ୍ମଟି ପୂର୍ବ-ଏସୀୟ ମାର୍କେଟରେ ପ୍ରଦର୍ଶିତ ହୋଇଥିଲା; ତାଇୱାନରେ ଏହା ୧୭ ଡିସେମ୍ବର, ୨୦୧୦ରେ ମୁକ୍ତିଲାଭ କରିବା ପରେ ହଙ୍ଗ କଙ୍ଗରେ ୧ ସେପ୍ଟେମ୍ବର, ୨୦୧୧ରେ ମୁକ୍ତିଲାଭ କରିଥିଲା।"
"Greece participated in the Eurovision Song Contest 35 times after its debut at the 1974 Contest. In 2005, Greece won with the song ""My Number One"", performed by Greek-Swedish singer Elena Paparizou. The song received 230 points with 10 sets of 12 points from Belgium, Bulgaria, Hungary, the United Kingdom, Turkey, Albania, Cyprus, Serbia & Montenegro, Sweden and Germany and also became a smash hit in different countries and especially in Greece.","ଏହି ଗୀତଟି ୨୩୦ ପଏଣ୍ଟ ପାଇଥିଲା ଯେଉଁଥିରେ ୧୨ ପଏଣ୍ଟ ବିଶିଷ୍ଟ ୧୦ଟି ସେଟ୍‌ ବେଲଜିୟମ୍‌, ବୁଲଗେରିଆ, ହଙ୍ଗେରୀ, ବ୍ରିଟେନ୍‌, ତୁର୍କୀ, ଆଲବାନିଆ, ସାଇପ୍ରସ୍‌, ସର୍ବିଆ ଓ ମଣ୍ଟେନେଗ୍ରୋ, ସ୍ୱିଡେନ୍‌ ଏବଂ ଜର୍ମାନୀରୁ ମିଳିଥିଲା, ଏବଂ ଅନ୍ୟ ଦେଶମାନଙ୍କରେ ମଧ୍ୟ ଖୁବ୍‌ ଲୋକପ୍ରିୟ ହୋଇଥିଲା, ବିଶେଷକରି ଗ୍ରୀସ୍‌‌ରେ।"
"He is best known for directing the critically acclaimed Gharaonda (1977) starring Amol Palekar and Zarina Wahab, and Dooriyaan (1979) starring Sharmila Tagore and Uttam Kumar. He is also known for creating the animation short film Ek Anek Aur Ekta (1974) which aired on Doordarshan in the 70s. Bhimsain has also directed India's largest animation series Vartmaan (1994).","ସେ ସମୀକ୍ଷକମାନଙ୍କ ଦ୍ୱାରା ପ୍ରଶଂସିତ ହୋଇଥିବା ଚଳଚ୍ଚିତ୍ର ଯଥା, ଅମୋଲ୍ ପାଲେକର୍ ଓ ଜରିନା ୱାହାବ୍ ଅଭିନୀତ ଘରାଓନ୍ଦା (୧୯୭୭), ଏବଂ ଶର୍ମିଲା ଟାଗୋର ଓ ଉତ୍ତମ କୁମାର ଅଭିନୀତ ଦୁରିଆଁ (୧୯୭୯) ର ନିର୍ଦ୍ଦେଶନା ପାଇଁ ଅଧିକ ପରିଚିତ ଥିଲେ।"
"In 1912, a biographical silent film titled The Victoria Cross, starring Julia Swayne Gordon as Nightingale, was released, followed in 1915 by another silent film, Florence Nightingale, featuring Elisabeth Risdon. In 1936, Kay Francis played Nightingale in the film titled The White Angel. In 1951, The Lady with a Lamp starred Anna Neagle.","୧୯୫୧ ମସିହାରେ, ""ଦି ଲେଡୀ ୱିଥ୍‌ ଏ ଲ୍ୟାମ୍ପ୍‌""ରେ ଆନା ନିଗଲ୍ ଅଭିନୟ କରିଥିଲେ।"
"In 192728, the Dhaka Nawab Family produced a short film named Sukumary (The Good Girl). After the success of Sukumary, the Nawab's family went for a bigger venture. To make a full-length silent film, a temporary studio was made in the gardens of the family's estate, and they produced a full-length silent film titled The Last Kiss, released in 1931.","ଏକ ପୂର୍ଣ୍ଣାବୟବ ନିଃଶବ୍ଦ-ଚଳଚ୍ଚିତ୍ର ନିର୍ମାଣ ପାଇଁ ପାରିବାରିକ ଜମିରେ ଥିବା ବଗିଚାରେ ଏକ ଅସ୍ଥାୟୀ ଷ୍ଟୁଡିଓ ତିଆରି କରାଗଲା, ଏବଂ ସେମାନେ ଏକ ପୂର୍ଣ୍ଣାବୟବ ନିଃଶବ୍ଦ-ଚଳଚ୍ଚିତ୍ର ନିର୍ମାଣ କଲେ, ଯାହାର ଶୀର୍ଷକ ଥିଲା, ଦି ଲାଷ୍ଟ କିସ୍‌, ଯାହା ୧୯୩୧ ମସିହାରେ ମୁକ୍ତିଲାଭ କରିଥିଲା।"
"In 1991, Pacino starred in Frankie and Johnny with Michelle Pfeiffer, who co-starred with Pacino in Scarface. Pacino portrays a recently paroled cook who begins a relationship with a waitress (Pfeiffer) in the diner where they work. It was adapted by Terrence McNally from his own off-Broadway play Frankie and Johnny in the Clair de Lune (1987), that featured Kenneth Welsh and Kathy Bates.","ଏହା ଟେରେନ୍ସ ମ୍ୟାକ୍‌ନାଲୀଙ୍କ ଦ୍ୱାରା ତାଙ୍କ ନିଜ ଅଫ୍‌-ବ୍ରଡୱେ ନାଟକ, 'ଫ୍ରାଙ୍କି ଆଣ୍ଡ୍‌ ଜନ୍ନି ଇନ୍‌ ଦି କ୍ଲେୟାର ଡେ ଲୁନ୍‌' (୧୯୮୭) ପାଇଁ ରୂପାନ୍ତରିତ କରାଯାଇଥିଲା, ଯେଉଁଥିରେ କେନିଥ୍‌ ୱେଲ୍ସ ଓ କାଥି ବେଟ୍ସ ଅଭିନୟ କରିଥିଲେ।"
"In 2011, Kashyap directed That Girl in Yellow Boots, a thriller starring Kalki Koechlin who also co-wrote the film with him. The film was screened at many festivals including 2010 Toronto International Film Festival, 67th Venice International Film Festival, Indian Film Festival of Los Angeles and the London Indian Film Festival. Shot in thirteen days, the film was released in September 2011.","୨୦୧୧ ମସିହାରେ, ରୋମାଞ୍ଚକର ଚଳଚ୍ଚିତ୍ର 'ଦାଟ୍‌ ଗର୍ଲ୍‌ ଇନ୍‌ ୟେଲୋ ବୁଟ୍‌ସ'ର ନିର୍ଦ୍ଦେଶନା ଦେଇଥିଲେ କଶ୍ୟପ, ଯେଉଁଥିରେ କଲ୍କି କୋଚଲିନ୍‌ ଅଭିନୟ କରିବା ସହିତ କଶ୍ୟପଙ୍କ ସହ ଏକାଠି ଏହାର ଚିତ୍ରନାଟ୍ୟ ମଧ୍ୟ ଲେଖିଥିଲେ।"
"In 2013, she acted in the Tamil-language action film Ameerin Aadhi-Bhagavan alongside Jayam Ravi. She has completed filming for a Greek film Home Sweet Home, in which she plays an Indian girl. She had to learn Greek for the film and also dubbed herself.","ତାଙ୍କୁ ଏହି ଫିଲ୍ମ ପାଇଁ ଗ୍ରୀକ୍ ଶିଖିବାକୁ ପଡ଼ିଥିଲା, ଏବଂ ସେ ନିଜ ପାଇଁ ଡବିଂ ମଧ୍ୟ କରିଥିଲେ |"
"In 2016, Kashyap co-wrote and directed Raman Raghav 2.0, a thriller inspired by the notorious serial killer Raman Raghav. It starred Nawazuddin Siddiqui as the title character along with Vicky Kaushal. The film premiered at the 2016 Sydney Film Festival and the 2016 Cannes Film Festival, in the Director's Fortnight section to a positive response.","୨୦୧୬ ସିଡନୀ ଚଳଚ୍ଚିତ୍ର ଉତ୍ସବରେ ଏହି ଫିଲ୍ମଟି ପ୍ରଥମେ ପ୍ରଦର୍ଶିତ ହୋଇଥିଲା, ଏବଂ ୨୦୧୬ କାନ୍ ଚଳଚ୍ଚିତ୍ର ଉତ୍ସବରେ 'ନିର୍ଦ୍ଦେଶକଙ୍କ ଫୋର୍ଟନାଇଟ୍‌' ବିଭାଗରେ ପ୍ରଦର୍ଶିତ ହୋଇ ପ୍ରଶଂସା ଲାଭକରିଥିଲା।"
"In China, it was nominated for the Best Foreign Film prize at the first Beijing International Film Festival in 2011. In Japan, it was nominated in the Best Outstanding Foreign Language Film category at the 37th Japan Academy Awards in 2014; the award was eventually won by Les Miserables. In addition, 3 Idiots won the Grand Prize at the 4th Videoyasan Awards, held by a Japanese organisation of home video retailers in 2014; 3 Idiots was selected as 2013's best video release, beating thousands of films, anime and television shows, including domestic Japanese and foreign Hollywood productions.","ଏହା ଅତିରିକ୍ତେ, ୩ ଇଡିଅଟ୍‌ସ ୪ର୍ଥ 'ଭିଡ଼ିଓୟସାନ୍ ଆୱାର୍ଡସ୍‌' ଠାରେ ଗ୍ରାଣ୍ଡ୍‌ ପ୍ରାଇଜ୍‌ ଜିତିଥିଲା, ଯାହାର ଆୟୋଜନ ୨୦୧୪ରେ ହୋମ୍‌ ଭିଡ଼ିଓ ବେପାରୀଙ୍କ ଏକ ଜାପାନୀ ସଙ୍ଗଠନ ଦ୍ୱାରା କରାଯାଇଥିଲା; ୨୦୧୩ରେ ୩ ଇଡିଅଟ୍‌ସ ହଜାର ହଜାର ଫିଲ୍ମ, ଆନିମେ ଏବଂ ଟେଲିଭିଜନ ସୋ, ଯେଉଁଥିରେ ଉଭୟ ଘରୋଇ ଓ ବିଦେଶୀ ହଲିଉଡ୍‌ ପ୍ରଡକ୍ସନ୍ସ ସାମିଲ ଥିଲେ, ସମସ୍ତଙ୍କୁ ହରାଇ ସର୍ବଶ୍ରେଷ୍ଠ ଭିଡ଼ିଓ ରିଲିଜ୍‌ ଭାବେ ମନୋନୀତ ହୋଇଥିଲା।"
"In his 2017 autobiography Khullam Khulla: Rishi Kapoor Uncensored, Rishi Kapoor revealed that he paid someone 30,000 (equivalent to 760,000 or US$9,600 in 2020) to win him an award for Best Actor. Although it is inferred as Filmfare Award, he said in an interview that ""I did not write a Filmfare Award [in the book]. I have not said any names.","ଯଦିଓ ଏହା ଏକ ଫିଲ୍ମଫେୟାର୍ ପୁରସ୍କାର ଥିଲା ବୋଲି ଅନୁମାନ କରାଯାଏ, ସେ ଏକ ସାକ୍ଷାତକାରରେ କହିଥିଲେ, ""ମୁଁ ଏକ ଫିଲ୍ମଫେୟାର୍ ପୁରସ୍କାର ବୋଲି ଲେଖି ନଥିଲି।"""
"In the Jordan Peele film Us, Addy as a little girl in 1986 walks up to and into the Shaman's Vision Quest attraction, the entrance of which is topped by a Native American man with a headdress on and his right hand pointing at potential questers. Underneath him, just above the entrance, light bulbs form the words ""FIND YOURSELF"" and an arrow slowly flashing on and off. Although difficult to hear, closed captioning makes clear that a recorded narration on the speaker system for the attraction is recounting aspects of the Hopi creation story:","ଜୋର୍ଡାନ ପିଲ୍‌ଙ୍କ ଫିଲ୍ମ 'ଅସ୍'ରେ, ଆଡି, ଏକ ଛୋଟ ଝିଅ ଯିଏ ୧୯୮୬ ମସିହାରେ ଶମନ୍‌ର 'ଭିଜନ୍‌ କ୍ୱେଷ୍ଟ' ପାଖକୁ ଆସେ ଏବଂ ତା'ର ଆକର୍ଷଣ ମଧ୍ୟକୁ ଚାଲିଯାଏ, ଯାହାର ପ୍ରବେଶ ଦ୍ଵାରରେ ଜଣେ ଶିର-ପରିଧାନ ପରିହିତ ମୂଳନିବାସୀ-ଆମେରିକୀୟ ପୁରୁଷ ଥାଆନ୍ତି ଏବଂ ତାଙ୍କର ଡାହାଣ ହାତ ସମ୍ଭାବ୍ୟ ଅନ୍ୱେଷଣକାରୀମାନଙ୍କ ଆଡ଼କୁ ଇଙ୍ଗିତ କରୁଥାଏ।"
"Indian cinema is a global enterprise and its films have wide viewership and fanbase throughout South Asia and have spread internationally. Modern film releases are dubbed into many languages, forming a Pan-India films movement. Millions of Indians overseas watch Indian films, accounting for 12% of revenue.","ଅଧୁନା ମୁକ୍ତିଲାଭ କରୁଥିବା ଚଳଚ୍ଚିତ୍ର ଗୁଡ଼ିକୁ ଅନେକ ଭାଷାରେ ଡବ୍‌ କରାଯାଉଛି, ଯାହା ଏକ ସର୍ବଭାରତୀୟ ଫିଲ୍ମ ଆନ୍ଦୋଳନର ରୂପ ନେଇଛି।"
"It was rumoured earlier that the film was titled Kajri. It is a remake of the Tamil film, Ghajini (2005). Aamir Khan, who had never before made a remake film in his career, was initially hesitant to do the film, but was convinced by Suriya, the original star of the Tamil Ghajini, who told him he was ""the only one who could do justice to the character."" Suriya was a fan of Khan, and had some involvement in the film's development, discussing minute details with Khan for two years during the film's development.","ଆମିର୍ ଖାନ, ଯିଏ ନିଜ କ୍ୟାରିୟର୍‌ରେ ଆଗରୁ କେବେ ଏକ ରିମେକ୍ ଫିଲ୍ମ କରିନଥିଲେ, ଆରମ୍ଭରେ ଫିଲ୍ମଟି କରିବା ନେଇ କୁଣ୍ଠିତ ଥିଲେ କିନ୍ତୁ ତାଙ୍କୁ ମୂଳ ତାମିଲ ଘଜିନିର ତାରକା ସୂରିୟା ଏଥିପାଇଁ ରାଜି କରାଇପାରିଥିଲେ, ଯିଏ ଆମିର୍‌ଙ୍କୁ କହିଥିଲେ ଯେ ସେ ""ହିଁ ଏହି ଚରିତ୍ର ସହ ନ୍ୟାୟ କରିପାରିବେ।"""
"Legendary Grateful Dead frontman Jerry Garcia joined guitarist Sanjay Mishra on his classic CD ""Blue Incantation"" (1995). Mishra also wrote an original score for French Director Eric Heumann for his film Port Djema (1996) which won best score at Hamptons film festival and The Golden Bear at Berlin. in 2000 he recorded Rescue with drummer Dennis Chambers (Carlos Santana, John McLaughlin et al.) and in 2006 Chateau Benares with guests DJ Logic and Keller Williams (guitar and bass).","୨୦୦୦ ମସିହାରେ, ସେ ଡ୍ରମର୍ ଡେନିସ୍ ଚାମ୍ବରସ୍ (କାର୍ଲୋସ୍ ସାଣ୍ଟାନା, ଜନ୍ ମ୍ୟାକ୍ଲଗଲିନ୍, ଇତ୍ୟାଦି) ସହିତ 'ରେସକ୍ୟୁ' ରେକର୍ଡ କରିଥିଲେ ଏବଂ ୨୦୦୬ ରେ ସେ ଅତିଥି ଡିଜେ ଲଜିକ୍ ଏବଂ କେଲର୍ ୱିଲିୟମ୍‌‌ସଙ୍କ (ଗିଟାର ଏବଂ ବ୍ୟାସ୍) ସହିତ 'ସାତୋ ବେନାରସ୍' ଲୋକାର୍ପଣ କରିଥିଲେ।"
Most programmes are available for four weeks after broadcast as streaming audio from Radio 4's listen again page and via BBC Sounds. A selection of programmes is also available as podcasts or downloadable audio files. Many comedy and drama programmes from the Radio 4 archives are broadcast on BBC Radio 4 Extra.,ରେଡିଓ ୪ ଅଭିଲେଖାଗାରରୁ ଅନେକ ହାସ୍ୟରସ ଏବଂ ନାଟକ ପ୍ରୋଗ୍ରାମ୍ ବି.ବି.ସି. ରେଡ଼ିଓ ୪ ଏକ୍ସଟ୍ରାରେ ପ୍ରସାରିତ ହୋଇଥାଏ |
National Film Awards are also given to the best films in the regional languages of India. Awards for the regional languages are categorised as per their mention in the Eighth schedule of the Constitution of India. Awardees included producers and directors of the film.,ଜାତୀୟ ଚଳଚ୍ଚିତ୍ର ପୁରସ୍କାର ଭାରତର ଆଞ୍ଚଳିକ ଭାଷାରେ ନିର୍ମିତ ହେଉଥିବା ସର୍ବଶ୍ରେଷ୍ଠ ଚଳଚ୍ଚିତ୍ରଗୁଡ଼ିକୁ ମଧ୍ୟ ପ୍ରଦାନ କରାଯାଇଥାଏ।
"Neha's in-laws think Nikita has died, and Nikita realizes that a way out of her problems is to impersonate Neha. Her plan works and she becomes well-adjusted to Neha's new family, except Sameer and the twins' cousin cause trouble for her, believing that she is Neha. Nikita slowly transforms to the dutiful wife Neha was and develops feelings for Rajive.","ନେହାଙ୍କ ଶାଶୁ-ଶ୍ୱଶୁର ଭାବନ୍ତି ଯେ ନିକିତା ମରି ସାରିଛନ୍ତି, ଏବଂ ନିକିତା ବୁଝିପାରନ୍ତି ଯେ ତାଙ୍କ ସମସ୍ୟାଗୁଡ଼ିକରୁ ମୁକ୍ତି ପାଇବାର ଏକ ବାଟ ହେଉଛି ନିଜକୁ ନେହା ବୋଲି ଛଳନା କରିବା।"
"Popular Telugu actor Kota Srinivasa Rao lent his vocals for a song in the film. Lyrics for the two songs were penned by Sahithi and remaining songs were written by Ramajogayya Sastry, Chandrabose, Devi Sri Prasad and Bhaskarabhatla. Devi Sri Prasad had written the lyrics for the song ""Pilla"".","ଏହି ଦୁଇଟି ଗୀତର ରଚୟିତା ଥିଲେ ସହିତି, ଏବଂ ବାକି ଗୀତ ଗୁଡ଼ିକ ରାମଯୋଗୟା ଶାସ୍ତ୍ରୀ, ଚନ୍ଦ୍ରବୋଷ, ଦେବୀ ଶ୍ରୀ ପ୍ରସାଦ, ଓ ଭାସ୍କରଭଟ୍‌ଲା ରଚନା କରିଥିଲେ।"
"Sonia Chopra from Sify also scored the film 3 out of 5, noting that the characters were ""written with an over-the-top quirky edge which adds to the fun."" She also praised the lead pair's performance writing that ""Chopra maintains her cool, effortless acting style and her comic timing is a revelation. Kapoor is suitably restrained and, at times, in keeping with his reticent character, often overshadowed by Chopra's exuberance. Together, the pair is eminently watchable, balancing each other's dispositions nicely."" Shubhra Gupta of The Indian Express gave the film 2.5 out of 5, complimenting the lead performers who ""play well together"", but are forced to ""boost a limp story."" India Today also scored it 2.5 out of 5, calling it ""a pastiche of a pastiche ...","ଇଣ୍ଡିଆନ୍ ଏକ୍ସପ୍ରେସ୍‌ର ଶୁଭ୍ରା ଗୁପ୍ତା ଏହି ଚଳଚ୍ଚିତ୍ରକୁ ୫ରୁ ୨.୫ ତାରକା ପ୍ରଦାନ କରି ମୁଖ୍ୟ କଳାକାରଙ୍କୁ ପ୍ରଶଂସା କରିଥିଲେ, ଯେଉଁମାନେ “ଏକତ୍ର ଭଲ ଅଭିନୟ କରିଛନ୍ତି” କିନ୍ତୁ ସେମାନଙ୍କୁ ବାଧ୍ୟତା ମୂଳକ ଭାବେ “ଏକ ଢିଲା କାହାଣୀକୁ ଧରି ରଖିବାକୁ” ପଡ଼ିଥିଲା।"
"The 52nd International Film Festival of India opened on 20 November 2021 with The King of All the World (El Rey de Todo El Mundo) by Carlos Saura in Goa. Like 51st edition this edition was also held in hybrid format, that combined online and face-to-face participation. BRICS Film Festival is being held alongside main festival, in which films from BRICS nations, namely Brazil, Russia, South Africa, China and India are showcased. These five countries are 'country of focus' in the 52nd edition of the festival.","୫୧ତମ ସଂସ୍କରଣ ପରି, ଏହି ସଂସ୍କରଣଟି ମଧ୍ୟ ମିଶାମିଶି ଶୈଳୀରେ ଅନୁଷ୍ଠିତ ହୋଇଥିଲା, ଯେଉଁଥିରେ ଉଭୟ ଅନଲାଇନ୍ ଏବଂ ପ୍ରତ୍ୟକ୍ଷ ଅଂଶଗ୍ରହଣ ରହିଥିଲା।"
"The film was extensively shot in India and Thailand. Soma Kerala Palace, Kochi was shown in the movie as the KARMA Institute (school of Guruswamy). Song Sab Tera was shot in the exotic Poda Island.","କୋଚିରେ ଅବସ୍ଥିତ ସୋମା କେରଳ ପ୍ୟାଲେସ୍‌, ଚଳଚ୍ଚିତ୍ରରେ କର୍ମା ଇନ୍‌ଷ୍ଟିଚ୍ୟୁଟ୍‌‌ (ଗୁରୁସ୍ୱାମୀ ସ୍କୁଲ) ଭାବେ ଦେଖା ହୋଇଥିଲା।"
"The soundtrack was composed by the duo VishalShekhar and consists of nine compositions seven original, and a remix and an unplugged version of 2 original songs. The lyrics are written by: Neelesh Misra, Vishal Dadlani, Shekhar Ravjiani, Amitabh Bhattacharya, Anvita Dutt Guptan, Kumaar, Kausar Munir and Irshad Kamil. The vocals were performed by: Nikhil D'Souza, Monali Thakur, Lucky Ali, Rahat Fateh Ali Khan, Shekhar Ravjiani, Caralisa Monteiro, Mohit Chauhan, Shruti Pathak, Vishal Dadlani, Shilpa Rao and Abhijit Vaghani.","କଣ୍ଠଦାନ କରିଥିଲେ: ନିଖିଲ୍‌ ଡି'ସୁଜା, ମୋନାଲି ଠାକୁର, ଲକି ଅଲି, ରାହତ୍‌ ଫତେ ଅଲି ଖାନ୍, ଶେଖର୍‌ ରାଭଜିଆନୀ, କାରାଲିସା ମଣ୍ଟେରୋ, ମୋହିତ ଚୌହାନ, ଶ୍ରୁତି ପାଠକ୍‌, ବିଶାଲ ଦଦଲାନୀ, ଶିଳ୍ପା ରାଓ ଏବଂ ଅଭିଜିତ ବାଘାନି।"
"Unaware of this, Yasu remarks that Bantu is equal to Raj as he saved Nandu and the family, thereby giving Bantu 50% of its shares. Yasu then asks Valmiki to train Raj for five years to be as competent as Bantu and become the CEO. After arriving at Valmiki's house, Raj, however, feels that Valmiki, with a nurse's help, should have switched the babies 25 years ago so he could've ended up at Valmiki's house and Bantu at Ramachandra's, much to the dismay of Valmiki.",ୟାସୁ ଏହାପରେ ବାଲ୍ମୀକିଙ୍କୁ କହନ୍ତି ଯେ ସେ ରାଜଙ୍କୁ ପାଞ୍ଚ ବର୍ଷ ପାଇଁ ତାଲିମ ପ୍ରଦାନ କରନ୍ତୁ ଯାହା ଦ୍ୱାରା ସେ ବଣ୍ଟୁଙ୍କ ପରି ଦକ୍ଷ ହେବେ ଏବଂ ସି.ଇ.ଓ. ହୋଇପାରିବେ।
"When they follow each other in their cars, Raj saves Meera from dying and tells to never see him again. Meera declares her love for Raj, who forgives her and they renew their relationship. Raj and Meera reveal their relationship to Randhir and Dev, who agree.","ସେମାନେ କାର୍‌ରେ ପରସ୍ପରର ପିଛା କରୁଥିବା ସମୟରେ, ରାଜ ମୀରାଙ୍କୁ ମୃତ୍ୟୁ ମୁଖରୁ ବଞ୍ଚାନ୍ତି ଏବଂ ତାଙ୍କୁ ଆଉ କେବେ ବି ଦେଖା ନକରିବା ପାଇଁ କହନ୍ତି।"
"anupama chopra from hindustan times gave 4.5 stars out of 5, terming it ""soaring, searing and visually sumptuous"", and writing, ""bajirao mastani plays out a like an operatic, swooning, feverish love poem."" she felt that singh wasn't ""instantly convincing"", but nonetheless praised him (as the film progressed) for ""combin[ing] towering strength with aching vulnerability and helplessness"", chopra for having the ""maximum impact"" despite fewer scenes, and called padukone ""riveting"". however, she criticized azmi's acting. the times of india also gave 4 stars out of 5, pointing out its ""outstanding"" cinematography and writing, ""every visual resembles a grand painting courts with shadows and chandeliers, courtiers with tilaks and teers, chambers gleaming with mirrors, skies blushing with passion.""","ହିନ୍ଦୁସ୍ତାନ ଟାଇମ୍ସର ଅନୁପମା ଚୋପ୍ରା ଏହାକୁ ""ଉର୍ଦ୍ଧ୍ୱଗାମୀ, ତେଜୀୟାନ ଏବଂ ଦୃଶ୍ୟରେ ପ୍ରାଚୁର୍ଯ୍ୟଭରା"", କହି ୫ରୁ ୪.୫ ତାରକା ଦେଇଥିଲେ, ଏବଂ ଲେଖିଲେ ଯେ, ""ବାଜିରାଓ ମସ୍ତାନୀର ଗତି ଏକ ଗୀତିନାଟ୍ୟ ସଦୃଶ, ଅଚେତ, ଅସ୍ଥିର କରୁଥିବା ପ୍ରେମ କବିତା ସଦୃଶ।"""
About 44 million tonnes of cargo is moved annually through the country's major rivers and waterways. Groundwater supplies 40% of water in India's irrigation canals. 56% of the land is arable and used for agriculture.,ଦେଶର ମୁଖ୍ୟ ନଦୀ ଏବଂ ଜଳପଥରେ ବାର୍ଷିକ ପ୍ରାୟ ୪.୪ କୋଟି ମେଟ୍ରିକ୍‌ ଟନ୍‌ର ମାଲ ପରିବହନ ହୋଇଥାଏ ।
"According to a 2010 report, only about 2.1% (or 1,350,000 ha) of Afghanistan is forested. Some steps have been taken in recent years in planting trees in the urban areas across Afghanistan. Even the Taliban spiritual leader has recently called for planting more trees.","୨୦୧୦ ମସିହାର ଏକ ରିପୋର୍ଟ ମୁତାବକ, ଆଫଗାନିସ୍ତାନର ମାତ୍ର ପ୍ରାୟ ୨.୧% (ବା ୧୩,୫୦,୦୦୦ ହେକ୍ଟର) ବନାଚ୍ଛାଦିତ ।"
"All continental crust is ultimately derived from mantle-derived melts (mainly basalt) through fractional differentiation of basaltic melt and the assimilation (remelting) of pre-existing continental crust. The relative contributions of these two processes in creating continental crust are debated, but fractional differentiation is thought to play the dominant role. These processes occur primarily at magmatic arcs associated with subduction.",ସମସ୍ତ ମହଦେଶୀୟ ଭୂ-ଆବରଣ ମୂଳଭୂତ ରୂପରେ ମାଣ୍ଟଲ୍‌-ନିଷ୍ପନ୍ନ ଗଳିତପିଣ୍ଡଗୁଡ଼ିକ (ମୁଖ୍ୟତଃ ବାସାଲ୍‌ଟ୍‌)ରୁ ବାସାଲ୍‌ଟ୍‌ ଗଳିତପିଣ୍ଡର ଆଂଶିକ ବିଭେଦନ ଏବଂ ପୂର୍ବରୁ ଥିବା ମହାଦେଶୀୟ ଭୂ-ଆବରଣର ସଂଶ୍ଲେଷଣ (ପୁନର୍ଗଳନ) ମାଧ୍ୟମରେ ପ୍ରାପ୍ତ ହୋଇଥାଏ ।
"Although Japan is usually self-sufficient in rice (except for its use in making rice crackers and processed foods) and wheat, the country must import about 50% of its requirements of other grain and fodder crops and relies on imports for half of its supply of meat. Japan imports large quantities of wheat and soybeans. Japan is the 5th largest market for the European Union's agricultural exports.","ଯଦିଓ ଜାପାନ ସାଧାରଣତଃ ଚାଉଳ (ଚାଉଳ କ୍ରାକର୍‌ ଏବଂ ପ୍ରକ୍ରିୟାକୃତ ଖାଦ୍ୟ ତିଆରିରେ ଏହାର ବ୍ୟବହାରକୁ ଛାଡ଼ି) ଓ ଗହମ କ୍ଷେତ୍ରରେ ଆତ୍ମନିର୍ଭରଶୀଳ, ଏହି ଦେଶଟି ନିଶ୍ଚିତ ଭାବରେ ନିଜର ଅନ୍ୟାନ୍ୟ ଶସ୍ୟ ଏବଂ ପଶୁଖାଦ୍ୟ ଫସଲସବୁ ଆବଶ୍ୟକତାର ୫୦% ଆମଦାନି କରିଥାଏ ତଥା ନିଜର ମାଂସ ଆବଶ୍ୟକତା ଅନୁପୂରଣର ଅର୍ଦ୍ଧେକ ପାଇଁ ଆମଦାନି ଉପରେ ନିର୍ଭର କରିଥାଏ ।"
American geologist Grove Karl Gilbert first argued in 1885 that the barrier sediments came from longshore sources. He proposed that sediment moving in the breaker zone through agitation by waves in longshore drift would construct spits extending from headlands parallel to the coast. The subsequent breaching of spits by storm waves would form barrier islands.,ଆମେରିକୀୟ ଭୂବିଜ୍ଞାନୀ ଗ୍ରୋଭ୍‌ କାର୍ଲ ଗିଲବର୍ଟ ୧୮୮୫ ମସିହାରେ ପ୍ରଥମେ ଯୁକ୍ତି ବାଢ଼ିଥିଲେ ଯେ ପ୍ରତିବନ୍ଧକ ପଟୁମାଟିସବୁ ସମୁଦ୍ରକୂଳିଆ ଉତ୍ସଗୁଡ଼ିକରୁ ଆସିଥାଏ।
Asansol has hot and dry summers and mild winters. In summers temperatures soar above 45C with dry hot air blowing known as 'loo' while in winter temperatures go below 10C. Monsoon lasts from June to September.,ଆସାନସୋଲ୍‌ରେ ଉତ୍ତପ୍ତ ଓ ଶୁଷ୍କ ଗ୍ରୀଷ୍ମ କାଳ ଏବଂ ହାଲୁକା ଶୀତ କାଳ ଅନୁଭୂତ ହୋଇଥାଏ।
"Asansol is a cosmopolitan city located on the lower Chota Nagpur Plateau, which occupies most of Jharkhand, between the Damodar and Ajay rivers. Another river, the Barakar, joins the Damodar near Dishergarh. Two small rivulets, Nunia and Garui flows past Asansol.","ଦୁଇଟି ଛୋଟନଦୀ, ନୁନିଆ ଏବଂ ଗୌରୀ, ଆସାନସୋଲ୍‌ ଦେଇ ପ୍ରବାହିତ ହୋଇଥାନ୍ତି।"
"At the Earth's surface, earthquakes manifest themselves by shaking and displacing or disrupting the ground. When the epicenter of a large earthquake is located offshore, the seabed may be displaced sufficiently to cause a tsunami. Earthquakes can also trigger landslides.","ଯେତେବେଳେ ଏକ ଭୂମିକମ୍ପର ଅଧିକେନ୍ଦ୍ର ତଟ ଠାରୁ ଦୂର ସମୁଦ୍ର ମଧ୍ୟରେ ସ୍ଥାନିତ ହୋଇଥାଏ, ସମୁଦ୍ରତଳ ଯଥେଷ୍ଟଭାବରେ ସ୍ଥାନଚ୍ୟୁତ ହୋଇ 'ସୁନାମି' କରାଇଥାଏ ।"
"Autumn temperatures average around 1617C (6163F). Winter starts in December and continues until late February. Snow and sleet are common during the winter in upper Dharamshala (including McLeodganj, Bhagsu Nag and Naddi).","ଶୀତକାଳରେ ବରଫ ଓ ବରଫ ସହିତ ବର୍ଷା ହେବା ଉପର-ଧର୍ମଶାଳା ଅଞ୍ଚଳରେ (ମ୍ୟାକ୍ଲିଓଡଗଞ୍ଜ, ଭାଗସୁ ନାଗ୍‌, ଏବଂ ନାଦ୍ଦୀ ସମେତ) ଏକ ସାଧାରଣ କଥା ଅଟେ।"
"Cocoa is grown throughout Jamaica and local sales absorb about 1/3 of the output to be made into instant drinks and confectionery. Citrus fruit is mainly grown in the central parts of Jamaica, particularly between the elevations of 1,000-2,500 feet. The picking season lasts from November to April.","ଲେମ୍ବୁ ଜାତୀୟ ବୃକ୍ଷ ମୁଖ୍ୟତଃ ଜାମାଇକାର କେନ୍ଦ୍ରୀୟ ଅଞ୍ଚଳଗୁଡ଼ିକରେ, ବିଶେଷତଃ ୧,୦୦୦-୨,୫୦୦ ଫୁଟର ଉଚ୍ଚ ସ୍ଥାନଗୁଡ଼ିକ ମଧ୍ୟରେ, ଚାଷ କରାଯାଏ ।"
"Dehradun city receives potable water from two primary sources- surface water and groundwater to meet its supply needs. The sources of water were mainly from Kaulu khet Spring, Maussifall, Bindal River, Bijapur canal and more than 100 tubewells. It suffers from lack of sufficient ground water recharge and depleting ground water tables.",ଡେରାଡୁନ୍‌ ସହର ଏହାର ଯୋଗାଣ ଆବଶ୍ୟକତାଗୁଡ଼ିକ ପାଇଁ ଦୁଇଟି ପ୍ରମୁଖ ଉତ୍ସରୁ ପାନୀୟ ଜଳ ପ୍ରାପ୍ତ କରିଥାଏ: ଭୂପୃଷ୍ଠ ଜଳ ଏବଂ ଭୂତଳ ଜଳ ।
"Different kinds of fruits such as mango, sapota, orange, banana, papaya, pineapple and root crops are grown on hilly land owned by farmers. Spices such as pepper, clove, nutmeg, and cinnamon are grown under a multi-tier cropping system. Rubber, red oil, palm, noni and cashew are grown on a limited scale in these islands.","ବିଭିନ୍ନ ପ୍ରକାରର ଫଳ ଯଥା: ଆମ୍ବ, ସପେଟା, କମଳା, କଦଳୀ, ଅମୃତଭଣ୍ଡା, ସପୁରି, ଏବଂ ମୂଳଜାତୀୟ ଫସଲଗୁଡ଼ିକ କୃଷକମାନଙ୍କ ମାଲିକାନାରେ ଥିବା ପାହାଡ଼ିଆ ଭୂମିରେ ଚାଷ କରାଯାଏ ।"
"Fishing is a flourishing but minor industry. Fish caught are principally sardines, bonito, mackerel, smelt and sprats. Fresh fish are exported to France, dried and preserved fish to Spain and Italy.",ତଟକା ମାଛଗୁଡ଼ିକ ଫ୍ରାନ୍ସ୍‌କୁ ଏବଂ ଶୁଖିଲା ତଥା ସଂରକ୍ଷିତ ମାଛଗୁଡ଼ିକୁ ସ୍ପେନ୍‌ ଏବଂ ଇଟାଲୀକୁ ରପ୍ତାନି କରାଯାଏ ।
"Haddhunmathi Atoll ( 'Haddummati' in the Admiralty Chart) is regular in shape and 48 kilometres (30 miles) in length. Excepting for the projection of the reef at its NE corner (Isdh Muli), it closely resembles Kolhumadulhu. Its reefs are generally of little breadth, with no signs of vilu, except for its eastern fringes which are covered with islands that are quite large by Maldive standards.","ଏହାର ଶୈଳଭିତ୍ତିଗୁଡ଼ିକ ସାଧାରଣତଃ ଅତିସ୍ଵଳ୍ପ ଓସାରର ହୋଇଥାଏ, ଯେଉଁଥିରେ ଏହାର ପୂର୍ବ ପ୍ରାନ୍ତ ବ୍ୟତୀତ 'ଭିଲୁ'ର କୌଣସି ଚିହ୍ନବର୍ଣ୍ଣ ନଥାଏ, ଯେଉଁଗୁଡ଼ିକକି ଦ୍ଵୀପଗୁଡ଼ିକରେ ଆଚ୍ଛାଦିତ ଯାହା ମାଳଦ୍ୱୀପୀୟ ମାନକଗୁଡ଼ିକ ହିସାବରେ ଅତ୍ୟନ୍ତ ବିଶାଳ ।"
"High water and pesticide use in cotton cultivation has prompted sustainability concerns and created a market for natural fiber alternatives. Other cellulose fibers, such as hemp, are seen as more sustainable options because of higher yields per acre with less water and pesticide use than cotton. Cellulose fiber alternatives have similar characteristics but are not perfect substitutes for cotton textiles with differences in properties like tensile strength and thermal regulation.","ସେଲ୍ୟୁଲୋଜ୍‌ ତନ୍ତୁ ବିକଳ୍ପଗୁଡ଼ିକର ସମପ୍ରକାରର ବୈଶିଷ୍ଟ୍ୟମାନ ରହିଛି, ମାତ୍ର ଏଗୁଡ଼ିକ ପ୍ରସାରଣ ସାଧ୍ୟତାଗତ କ୍ଷମତା ଏବଂ ତାପୀୟ ନିୟନ୍ତ୍ରଣ ଭଳି ଗୁଣଗୁଡ଼ିକରେ ପାର୍ଥକ୍ୟମାନ ରହିଥିବାରୁ କପା ବସ୍ତ୍ରର ଯଥାଯୋଗ୍ୟ ବିକଳ୍ପ ନୁହେଁ ।"
"High water and pesticide use in cotton cultivation has prompted sustainability concerns and created a market for natural fiber alternatives. Other cellulose fibers, such as hemp, are seen as more sustainable options because of higher yields per acre with less water and pesticide use than cotton. Cellulose fiber alternatives have similar characteristics but are not perfect substitutes for cotton textiles with differences in properties like tensile strength and thermal regulation.",କପା ଚାଷରେ ଅତ୍ୟଧିକ ଜଳ ଏବଂ କୀଟନାଶକ ବ୍ୟବହାର ଧାରଣୀୟତା ସମ୍ବନ୍ଧୀୟ ଚିନ୍ତାଗୁଡ଼ିକୁ ତ୍ଵରାନ୍ଵିତ କରିଛି ଏବଂ ପ୍ରାକୃତିକ ତନ୍ତୁର ବିକଳ୍ପଗୁଡ଼ିକର ଏକ ବଜାର ସୃଷ୍ଟି କରିଛି ।
"In warm, clear tropical waters corals are more abundant than towards the poles where the waters are cold. Calcium carbonate contributors, including plankton (such as coccoliths and planktic foraminifera), coralline algae, sponges, brachiopods, echinoderms, bryozoa and mollusks, are typically found in shallow water environments where sunlight and filterable food are more abundant. Cold-water carbonates do exist at higher latitudes but have a very slow growth rate.","ଅଧିକ ଶୀତଳ ରହୁଥିବା ମେରୁ ପାଖ ଜଳରାଶି ତୁଳନାରେ ଉଷ୍ଣ, ସ୍ଵଚ୍ଛ କ୍ରାନ୍ତୀୟ ଜଳରାଶିରେ ଅଧିକ ପରିମାଣରେ ପ୍ରବାଳ ରହିଥାଏ ।"
"India has 7,516 kilometres (4,670mi) of marine coastline, 3,827 fishing villages and 1,914 traditional fish landing centers. India's fresh water resources consist of 195,210 kilometres (121,300mi) of rivers and canals, 2.9million hectares of minor and major reservoirs, 2.4million hectares of ponds and lakes, and about 0.8million hectares of flood plain wetlands and water bodies. As of 2010, the marine and freshwater resources offered a combined sustainable catch fishing potential of over 4million metric tonnes of fish.","ଭାରତରେ ୭,୫୧୬ କିଲୋମିଟରର (୪,୬୭୦ ମାଇଲ) ସାମୁଦ୍ରିକ ତଟରେଖା, ୩,୮୨୭ଟି ମତ୍ସ୍ୟଜୀବୀ ଗ୍ରାମ, ଏବଂ ୧,୯୧୪ଟି ପାରମ୍ପରିକ ମତ୍ସ୍ୟ ସ୍ଥଳନ କେନ୍ଦ୍ର ରହିଛି ।"
"Manipur's climate and soil conditions make it ideally suited for horticultural crops. Growing there are rare and exotic medicinal and aromatic plants. Some cash crops suited for Manipur include Lychee, Cashew, Walnut, Orange, Lemon, Pineapple, Papaya, Passion Fruit, Peach, Pear and Plum.","ମଣିପୁର ପାଇଁ ଉପଯୁକ୍ତ ହୋଇଥିବା କେତେକ ଅର୍ଥକରୀ ଫସଲ ମଧ୍ୟରେ ରହିଛି ଲିଚୁ, କାଜୁ, ଅଖରୋଟ, କମଳା, ଲେମ୍ବୁ, ସପୁରି, ଅମୃତଭଣ୍ଡା, ପ୍ୟାସନ୍ ଫଳ, ପିଚ୍‌, ନାସପାତି, ଏବଂ କୋଳି ।"
"Modern habitat exhibits attempt to display a diversity of species of different animal classes within one enclosure to represent ecosystem concepts. Groups of enclosures are organized by themes, relating to, for example, zoogeography and bioclimatic zones, rather than taxonomy. The shift in exhibit arrangements is changing the scope of work for animal keepers, as they become habitat keepers, with a necessary working knowledge of living environment care, including landscape maintenance, plant care, climate control, and expanded knowledge of animals husbandry for many more species across taxonomic classes.","ପ୍ରଦର୍ଶନୀ ଆୟୋଜନରେ ପରିବର୍ତ୍ତନ ହେତୁ ପଶୁ ରକ୍ଷକମାନେ ପ୍ରାକୃତିକ ବାସସ୍ଥାନ ରକ୍ଷକ ହେବା ସଙ୍ଗେ ସଙ୍ଗେ, ଏହା ସେମାନଙ୍କ ପାଇଁ ରହିଥିବା କାର୍ଯ୍ୟର ସୁଯୋଗକୁ ପରିବର୍ତ୍ତିତ କରୁଅଛି, ଯେଉଁଥିରେକି ପ୍ରାକୃତିକ ଦୃଶ୍ୟଭୂମିର ରକ୍ଷଣାବେକ୍ଷଣ, ଉଦ୍ଭିଦମାନଙ୍କର ଯତ୍ନ, ଜଳବାୟୁ ନିୟନ୍ତ୍ରଣ, ଏବଂ ସମଗ୍ର ବର୍ଗୀକରଣଗତ ଶ୍ରେଣୀଗୁଡ଼ିକ ମଧ୍ୟରେ ଆହୁରି ଅନେକ ପ୍ରଜାତିର ପ୍ରାଣୀମାନଙ୍କ ପାଇଁ ଉଦ୍ଦିଷ୍ଟ ପଶୁପାଳନର ବିସ୍ତୃତ ଜ୍ଞାନ ସମେତ ସଜୀବ ପରିବେଶ ତତ୍ତ୍ୱାବଧାନର ଏକ ଆବଶ୍ୟକୀୟ କାର୍ଯ୍ୟସାଧନ ଜ୍ଞାନ ରହିଛି ।"
"Notable mammals which became or are presumed extinct within the country itself include the Indian / Asiatic cheetah, Javan rhinoceros and Sumatran rhinoceros. While some of these large mammal species are confirmed extinct, there have been many smaller animal and plant species whose status is harder to determine. Many species have not been seen since their description.","ଉଲ୍ଲେଖନୀୟ ସ୍ତନ୍ୟପାୟୀପ୍ରାଣୀ, ଯେଉଁଗୁଡ଼ିକ ଦେଶ ମଧ୍ୟରେ ହିଁ ବିଲୁପ୍ତ ହୋଇଗଲେ କିମ୍ବା ବିଲୁପ୍ତ ହୋଇଯାଇଥିବାର ଧରିନିଆଯାଇଛି, ସେମାନଙ୍କ ମଧ୍ୟରେ ଭାରତୀୟ ବା ଏସୀୟ ଚିତା, ଜାଭାଦେଶୀୟ ଗଣ୍ଡା, ଏବଂ ସୁମାତ୍ରାଦେଶୀୟ ଗଣ୍ଡା ଅନ୍ତର୍ଭୁକ୍ତ ।"
"Rice is the main food crop, and pulses (legume), Ragi (Finger Millet), and other food crops are also grown. Main cash crops are arecanut, coconut, cashew nut, sugar cane, and fruits like banana, mango, and pineapple. Goa's state animal is the Gaur, the state bird is the Flame-throated Bulbul, and the state tree is the Indian Laurel.","ଗୋଆର ରାଜ୍ୟ ପଶୁ ହେଉଛି ଗୌର, ରାଜ୍ୟ ପକ୍ଷୀ ହେଉଛି ମାଣିକ-କଣ୍ଠୀ ବୁଲ୍‌ବୁଲ୍‌, ଏବଂ ରାଜ୍ୟ ବୃକ୍ଷ ହେଉଛି ଭାରତୀୟ ଲରେଲ୍ ।"
"Rice is the main food crop, and pulses (legume), Ragi (Finger Millet), and other food crops are also grown. Main cash crops are arecanut, coconut, cashew nut, sugar cane, and fruits like banana, mango, and pineapple. Goa's state animal is the Gaur, the state bird is the Flame-throated Bulbul, and the state tree is the Indian Laurel.","ଧାନ ହେଉଛି ମୁଖ୍ୟ ଖାଦ୍ୟ ଶସ୍ୟ, ଏବଂ ଡାଲି ( ଶିମ୍ବ ଜାତୀୟ ଗୁଳ୍ମ), ମାଣ୍ଡିଆ (ଫିଙ୍ଗର୍‌ ମିଲେଟ୍‌), ଏବଂ ଅନ୍ୟାନ୍ୟ ଖାଦ୍ୟ ଶସ୍ୟଗୁଡ଼ିକ ମଧ୍ୟ ଚାଷ କରାଯାଏ ।"
"Summer is exceedingly hot; temperatures in low-lying areas may exceed 50C (122F) during May, leading to heat waves that can each kill hundreds of Indians. The rainy season lasts from June to September; annual rainfall averages between 7501,500mm (3059in) across the region. Once the dry northeast monsoon begins in September, most significant precipitation in India falls on Tamil Nadu and Puducherry leaving other states comparatively dry.","ଗ୍ରୀଷ୍ମକାଳ ଅତ୍ୟଧିକ ଭାବରେ ଗରମ ଅଟେ; ମେ' ମାସରେ ନିମ୍ନସ୍ଥ ଅଞ୍ଚଳଗୁଡ଼ିକରେ ତାପମାତ୍ରା ୫୦° ସେଲ୍‌ସିୟସ୍‌ (୧୨୨° ଫାରେନ୍‌ହାଇଟ୍‌)କୁ ଅତିକ୍ରମ କରିପାରେ, ଯାହାକି ତାପ ଲହରୀର କାରଣ ହୋଇଥାଏ, ଯାହା ମଧ୍ୟରୁ ପ୍ରତ୍ୟେକ ଶହ ଶହ ଭାରତୀୟଙ୍କୁ ମାରି ଦେଇପାରେ ।"
"Temperate deciduous forest biomes are plant communities distributed in North and South America, Asia, Southern slopes of the Himalayas, Europe and for cultivation purposes in Oceania. They have formed under climatic conditions which have great seasonable temperature variability with growth occurring during warm summers and leaf drop in autumn and dormancy during cold winters. These seasonally distinctive communities have diverse life forms that are impacted greatly by the seasonality of their climate, mainly temperature and precipitation rates.","ନାତିଶୀତୋଷ୍ଣ ପର୍ଣ୍ଣମୋଚୀ ଅରଣ୍ୟ ଜୀବାଳିଗୁଡ଼ିକ ହେଉଛି ଉତ୍ତର ଏବଂ ଦକ୍ଷିଣ ଆମେରିକା, ଏସିଆ, ହିମାଳୟର ଦକ୍ଷିଣାଞ୍ଚଳୀୟ ଢାଲୁ, ୟୁରୋପ, ଏବଂ ଚାଷକାର୍ଯ୍ୟ ଉଦ୍ଦେଶ୍ୟରେ ଓଶେନିୟାରେ ବ୍ୟାପ୍ତ ହୋଇ ରହିଥିବା ଉଦ୍ଭିଦ ଗୋଷ୍ଠୀ ।"
"Temperate deciduous forest biomes are plant communities distributed in North and South America, Asia, Southern slopes of the Himalayas, Europe and for cultivation purposes in Oceania. They have formed under climatic conditions which have great seasonable temperature variability with growth occurring during warm summers and leaf drop in autumn and dormancy during cold winters. These seasonally distinctive communities have diverse life forms that are impacted greatly by the seasonality of their climate, mainly temperature and precipitation rates.","ଏହି ଋତୁଗତ ଭାବରେ ସ୍ଵତନ୍ତ୍ର ସମୂହଗୁଡ଼ିକରେ ଭିନ୍ନ ଭିନ୍ନ ପ୍ରକାରର ଜୀବ ରୂପ ରହିଥାଏ ଯେଉଁଗୁଡ଼ିକକି ସେଗୁଡ଼ିକର ଜଳବାୟୁର ଋତୁକାଳୀନତା ଦ୍ୱାରା, ମୁଖ୍ୟତଃ ତାପମାତ୍ରା ଏବଂ ବୃଷ୍ଟିପାତ ହାର ଦ୍ଵାରା, ବିଶେଷ ଭାବେ ପ୍ରଭାବିତ ହୋଇଥାଏ ।"
"The Arabian Sea has been crossed by many important marine trade routes since the 3rd or 2nd millennium BCE. Major seaports include Kandla Port, Mundra Port, Pipavav Port, Dahej Port, Hazira Port, Mumbai Port, Nhava Sheva Port (Navi Mumbai), Mormugo Port (Goa), New Mangalore Port and Kochi Port in India, the Port of Karachi, Port Qasim, and the Gwadar Port in Pakistan, Chabahar Port in Iran and the Port of Salalah in Salalah, Oman. The largest islands in the Arabian Sea include Socotra (Yemen), Masirah Island (Oman), Lakshadweep (India) and Astola Island (Pakistan).","ପ୍ରମୁଖ ସାମୁଦ୍ରିକ ବନ୍ଦରଗୁଡ଼ିକ ମଧ୍ୟରେ ଭାରତର କାଣ୍ଡଲା ବନ୍ଦର, ମୁନ୍ଦ୍ରା ବନ୍ଦର, ପୀପାବାବ ବନ୍ଦର, ଦାହେଜ ବନ୍ଦର, ହାଜିରା ବନ୍ଦର, ମୁମ୍ବାଇ ବନ୍ଦର, ନ୍ହାୱ ଶେୱା ବନ୍ଦର (ନବୀ ମୁମ୍ବାଇ), ମର୍ମୁଗାଓ ବନ୍ଦର (ଗୋଆ), ନୂଆ ମାଙ୍ଗାଲୋର ବନ୍ଦର, ଏବଂ କୋଚି ବନ୍ଦର; ପାକିସ୍ତାନର କରାଚି ବନ୍ଦର, କାସିମ୍‌ ବନ୍ଦର, ଏବଂ ଗ୍ୱାଦର ବନ୍ଦର; ଇରାନର ଚବାହାର ବନ୍ଦର; ଏବଂ ଓମାନର ସଲାଲାହ ଠାରେ ଥିବା ସଲାଲାହ ବନ୍ଦର ଅନ୍ତର୍ଭୁକ୍ତ ।"
"The Gondwana and Vindhyan include within its fold parts of Madhya Pradesh, Chhattisgarh, Odisha, Bihar, Jharkhand, West Bengal, Andhra Pradesh, Maharashtra, Jammu and Kashmir, Punjab, Himachal Pradesh, Rajasthan and Uttarakhand. The Gondwana sediments form a unique sequence of fluviatile rocks deposited in Permo-Carboniferous time. The Damodar and Sone river valleys and Rajmahal hills in eastern India contain a record of the Gondwana rocks.","ଗଣ୍ଡୱାନା ଏବଂ ବିନ୍ଧ୍ୟର ପର୍ବତ-ଭାଙ୍ଗ ମଧ୍ୟରେ ମଧ୍ୟପ୍ରଦେଶ, ଛତିଶଗଡ଼, ଓଡ଼ିଶା, ବିହାର, ଝାଡ଼ଖଣ୍ଡ, ପଶ୍ଚିମବଙ୍ଗ, ଆନ୍ଧ୍ର ପ୍ରଦେଶ, ମହାରାଷ୍ଟ୍ର, ଜାମ୍ମୁ ଓ କାଶ୍ମୀର, ପଞ୍ଜାବ, ହିମାଚଳ ପ୍ରଦେଶ, ରାଜସ୍ଥାନ, ଏବଂ ଉତ୍ତରାଖଣ୍ଡର କିଛି କିଛି ଅଂଶ ରହିଛି।"
"The chemistry of xenoliths and seismic tomography both favor the two accretional models over the plume model. However, other geochemical evidence favors mantle plumes. Tomography shows two layers in the craton roots beneath North America.",ଟୋମୋଗ୍ରାଫି ଉତ୍ତର ଆମେରିକାର ତଳେ ଥିବା କ୍ରାଟନ୍‌ ରୁଟ୍‌ଗୁଡ଼ିକରେ ଦୁଇଟି ସ୍ତର ଦର୍ଶାଇଥାଏ ।
"The climate is maritime temperate with significant precipitation in all seasons (Kppen climate classification: Cfb), like most of northwest Europe. The average temperature is lowest in January at 3C (37.4F) and highest in July at 18C (64.4F). The average precipitation per month varies between 54mm (2.1in) for February and April, to 78mm (3.1in) for July.",ମାସ ପ୍ରତି ହାରାହାରି ବୃଷ୍ଟିପାତ ଫେବୃଆରୀ ଓ ଏପ୍ରିଲ୍‌ ପାଇଁ ୫୪ ମି.ମି.(୨.୧ ଇଞ୍ଚ) ଏବଂ ଜୁଲାଇ ପାଇଁ ୭୮ ମି.ମି.(୩.୧ ଇଞ୍ଚ) ମଧ୍ୟରେ ରହିଥାଏ ।
"The difficulty of accessing social services and infrastructure in the outer atolls has meant that geography is a key reason for poverty and income disparity in Maldives. In islands far from the capital, there tends to be lack of production, inadequate use of fishery resources, low value chain development and insufficient credit for small-scale producers and entrepreneurs. The scarcity of land and water, the underdeveloped farming practices and absence of support services in atolls has meant low production and thus low incomes in these regions.","ଭୂମି ଏବଂ ଜଳର ଅଭାବ, ସ୍ଵଳ୍ପୋନ୍ନତ କୃଷି ପ୍ରଣାଳୀ, ଏବଂ ପ୍ରବାଳଦ୍ଵୀପ ବଳୟଗୁଡ଼ିକରେ ସହାୟକ ସେବାଗୁଡ଼ିକର ଅନୁପସ୍ଥିତି ଏହି ଅଞ୍ଚଳଗୁଡ଼ିକରେ ନିମ୍ନ ଉତ୍ପାଦନ ଏବଂ, ଏଥିପାଇଁ, ନିମ୍ନ ଆୟକୁ ସୂଚିତ କରିଥାଏ ।"
"The important forest products are bamboo canes, Maratha barks, chillar barks, and the bhirand. Coconut palm trees are common throughout Goa barring the elevated regions. A variety of deciduous trees, such as teak, Sal tree, cashew, and mango trees are present.","ଗୁରୁତ୍ୱପୂର୍ଣ୍ଣ ଜଙ୍ଗଲଜାତ ଦ୍ରବ୍ୟଗୁଡ଼ିକ ହେଲା ବାଉଁଶ ବାଡ଼ି, ଅସନ ଛେଲି, 'ଚିଲ୍ଲାର ଛେଲି', ଏବଂ 'ଭିରଣ୍ଡ' ।"
"The largest grown crop is wheat. Other important crops are rice, cotton, sugarcane, pearl millet, finger millet, sorghum, maize, barley and fruits. Among the fodder crops are bajra and jowar.","ଅନ୍ୟାନ୍ୟ ଗୁରୁତ୍ଵପୂର୍ଣ୍ଣ ଫସଲଗୁଡ଼ିକ ହେଲା ଧାନ, କପାା, ଆଖୁ, ବାଜରା, ମାଣ୍ଡିଆ, ଯଅ, ମକା, ବାର୍ଲି, ଏବଂ ଫଳ ।"
"The rare and threatened animal species identified are green sea turtle (EN), dugong (VU), Irrawaddy dolphin (EN), blackbuck (NT), Spoon billed sandpiper (CR), Chilika limbless skink (CR) and fishing cat (VU). 24 mammalian species were reported. 37 species of reptiles and amphibians are also reported.",୩୭ଟି ପ୍ରଜାତିର ସରୀସୃପ ଏବଂ ଉଭୟଚର ପ୍ରାଣୀଙ୍କ ବିଷୟରେ ମଧ୍ୟ ରିପୋର୍ଟ କରାଯାଇଛି |
"The second choice for a Central American canal was a Panama canal. The De Lessups company, which ran the Suez Canal, first attempted to build a Panama Canal in the 1880s. The difficulty of the terrain and weather (rain) encountered caused the company to go bankrupt.","'ଡୁ ଲେସେପ୍‌ସ୍‌' କମ୍ପାନୀ, ଯାହା ସୁଏଜ କେନାଲର ପରିଚାଳନା କରୁଥିଲା, ୧୮୮୦ ଦଶକରେ ପ୍ରଥମେ ଏକ ପାନାମା କେନାଲ ନିର୍ମାଣ କରିବା ପାଇଁ ଉଦ୍ୟମ କରିଥିଲା ।"
"Three waterways cross the municipality: the Weespertrekvaart from west to south, the Amsterdam-Rhine Canal from north to east, and the river Diem from south to north. The river is the namesake of Diemen. The town can be divided into three neighbourhoods: Diemen Noord, Diemen Centrum, and Diemen Zuid.","ତିନୋଟି ଜଳପଥ ନଗରପାଳିକାଟିକୁ ଛେଦ କରି ଯାଇଛନ୍ତି: ପଶ୍ଚିମରୁ ଦକ୍ଷିଣକୁ ଯାଇଥିବା 'ୱିସ୍‌ପର୍‌ଟ୍ରେକ୍‌ଭାର୍ଟ୍‌', ଉତ୍ତରରୁ ପୂର୍ବକୁ ଯାଇଥିବା 'ଆମ୍‌ଷ୍ଟର୍‌ଡ୍ୟାମ୍-ରାଇନ୍‌ କେନାଲ', ଏବଂ ଦକ୍ଷିଣରୁ ଉତ୍ତରକୁ ଯାଇଥିବା 'ଡିଏମ୍‌' ନଦୀ ।"
Two types of agricultural management practices include organic agriculture and conventional agriculture. The former encourages soil fertility using local resources to maximize efficiency. Organic agriculture avoids synthetic agrochemicals.,ଦୁଇ ପ୍ରକାରର କୃଷି ପରିଚାଳନା ପ୍ରଣାଳୀ ମଧ୍ୟରେ ଜୈବିକ କୃଷି ଏବଂ ପାରମ୍ପରିକ କୃଷି ଅନ୍ତର୍ଭୁକ୍ତ ।
"Volcanic gases can reach the stratosphere, where they form sulfuric acid aerosols that can reflect solar radiation and lower surface temperatures significantly. Sulfur dioxide from the eruption of Huaynaputina may have caused the Russian famine of 16011603. Chemical reactions of sulfate aerosols in the stratosphere can also damage the ozone layer, and acids such as hydrogen chloride (HCl) and hydrogen fluoride (HF) can fall to the ground as acid rain.","ଷ୍ଟ୍ରାଟୋସ୍ଫିୟର୍‌ରେ ସଲଫେଟ୍‌ ଏରୋସୋଲ୍‌ଗୁଡ଼ିକର ରାସାୟନିକ ପ୍ରତିକ୍ରିୟା ଓଜୋନ୍‌ ସ୍ତରର କ୍ଷତିସାଧନ ମଧ୍ୟ କରିପାରେ, ଏବଂ ହାଇଡ୍ରୋଜେନ୍ କ୍ଲୋରାଇଡ଼୍‌ (ଏଚ୍‌.ସି.ଏଲ୍‌.) ଓ ହାଇଡ୍ରୋଜେନ୍ ଫ୍ଲୋରାଇଡ଼୍‌ (ଏଚ୍‌.ଏଫ୍‌.) ଅମ୍ଳବୃଷ୍ଟି ଭାବରେ ଭୂପୃଷ୍ଠରେ ପଡ଼ିପାରେ ।"
"With the tropical monsoon climate, Assam is temperate (summer max. at 95° - 100° F or 35° - 38° C and winter min. at 43° - 46° F or 6° - 8° C) and experiences heavy rainfall and high humidity. The climate is characterised by heavy monsoon downpours reducing summer temperatures and affecting foggy nights and mornings in winters, which are also frequent during the afternoons. Spring (March–April) and autumn (September–October) are usually pleasant with moderate rainfall and temperature.",କ୍ରାନ୍ତୀୟ ମୌସୁମୀ ଜଳବାୟୁ ରହିଥିବା ଆସାମ ହେଉଛି ନାତିଶୀତୋଷ୍ଣ (ଗ୍ରୀଷ୍ମ ସର୍ବାଧିକ ୯୫° - ୧୦୦° ଫାରେନ୍‌ହାଇଟ୍‌ କିମ୍ବା ୩୫° - ୩୮° ସେଲ୍‌ସିୟସ୍‌ରେ ଓ ଶୀତ ସର୍ବନିମ୍ନ ୪୩° - ୪୬° ଫାରେନ୍‌ହାଇଟ୍‌ or ୬° - ୮° ସେଲ୍‌ସିୟସ୍‌ରେ) ଏବଂ ଏଠାରେ ପ୍ରବଳ ବୃଷ୍ଟିପାତ ତଥା ଅଧିକ ଆର୍ଦ୍ରତା ଅନୁଭୂତ ହୋଇଥାଏ ।
"the region is covered by the mighty brahmaputra-barak river systems and their tributaries. geographically, apart from the brahmaputra, barak and imphal valleys and some flatlands in between the hills of meghalaya and tripura, the remaining two-thirds of the area is hilly terrain interspersed with valleys and plains; the altitude varies from almost sea-level to over 7,000 metres (23,000ft) above msl. the region's high rainfall, averaging around 10,000 millimetres (390in) and above creates problems of the ecosystem, high seismic activity, and floods.","ଅଞ୍ଚଳଟିର ହାରାହାରି ୧୦,୦୦୦ ମିଲିମିଟର (୩୯୦ ଇଞ୍ଚ) ଏବଂ ତତୋଧିକ ଉଚ୍ଚ ବୃଷ୍ଟିପାତ, ପରିସଂସ୍ଥାଟି ପାଇଁ ସମସ୍ୟା ସୃଷ୍ଟି କରିଥାଏ, ଯାହା ମଧ୍ୟରେ ଉଚ୍ଚ ସେସ୍‌ମିକ୍‌ ସକ୍ରିୟତା ଏବଂ ବନ୍ୟା ଅନ୍ତର୍ଭୁକ୍ତ।"
"As of 2021, India has 28 states each with own government elected separately from the national government (also called union or federal government), and 8 union territories which are administered by the union government. Each state can find and fund own state level technical education institutes and it can also approve such institutes in the private sector, both of these legally remained confined to the specific state within and by which they were created. All these institutes must also obtain AICTE approval for conformation to the engineering and technology education teaching infrastructure and minimum standards.","୨୦୨୧ ଅନୁସାରେ, ଭାରତରେ ୨୮ଟି ରାଜ୍ୟ ରହିଛି, ପ୍ରତ୍ୟେକର ନିଜର ସରକାର ଜାତୀୟ ସରକାର (ଯାହାକୁ ସଂଘ ଅଥବା ସଂଘୀୟ ସରକାର ମଧ୍ୟ କୁହାଯାଏ) ଠାରୁ ପୃଥକ୍‌ ଭାବରେ ନିର୍ବାଚିତ ହୋଇଥାନ୍ତି, ଏବଂ ୮ଟି କେନ୍ଦ୍ର ଶାସିତ ଅଞ୍ଚଳ ରହିଛି ଯେଉଁଗୁଡ଼ିକ କେନ୍ଦ୍ର ସରକାରଙ୍କ ଦ୍ଵାରା ଶାସିତ ହୋଇଥାଏ ।"
"At the Battle of Pulo Aura, which was probably the company's most notable naval victory, Nathaniel Dance, Commodore of a convoy of Indiamen and sailing aboard the Warley, led several Indiamen in a skirmish with a French squadron, driving them off. Some six years earlier, on 28 January 1797, five Indiamen, Woodford, under Captain Charles Lennox, Taunton-Castle, Captain Edward Studd, Canton, Captain Abel Vyvyan, Boddam, Captain George Palmer, and Ocean, Captain John Christian Lochner, had encountered Admiral de Sercey and his squadron of frigates. On this occasion the Indiamen succeeded in bluffing their way to safety, and without any shots even being fired.","ଏହି ଅବସରରେ, ଭାରତୀୟ ଲୋକମାନେ ଏପରିକି ବିନା କୌଣସି ଗୁଳି ଫୁଟାରେ, ଭଣ୍ଡେଇଦେଇ ନିଜ ସୁରକ୍ଷାର ମାର୍ଗରେ ଚାଲିଯିବାରେ ସଫଳ ହୋଇଥିଲେ ।"
"Country-wide rail services in India, are provided by the state-run Indian Railways under the supervision of the Ministry of Railways. IR is divided into eighteen zones including the Kolkata Metro Railway. The IR are further sub-divided into sixty seven divisions, each having a divisional headquarters.",ଆଇ.ଆର୍‌. କୁ ପୁନଶ୍ଚ ସତଷଠିଟି ବିଭାଗରେ ବିଭକ୍ତ କରାଯାଇଛି; ପ୍ରତ୍ୟେକର ଏକ ବିଭାଗୀୟ ମୁଖ୍ୟାଳୟ ରହିଛି ।
"Fleeing before the advancing Red Army, large numbers of the inhabitants of the German provinces of East Prussia, Silesia, and Pomerania died during the evacuations, some from cold and starvation, some during combat operations. A significant percentage of this death toll, however, occurred when evacuation columns encountered units of the Red Army. Civilians were run over by tanks, shot, or otherwise murdered.","ଅଗ୍ରସର ହେଉଥିବା ଲାଲ୍‌ ସେନା କବଳରୁ ଖସି ପଳାୟନ କରୁଥିବା ପୂର୍ବ ପୃଷିଆର ଜର୍ମାନ ପ୍ରଦେଶଗୁଡ଼ିକ, ସିଲେସିଆ, ଏବଂ ପମେରାନିଆର ବହୁ ସଂଖ୍ୟକ ଅଧିବାସୀ ଅନ୍ୟ ସ୍ଥାନକୁ ଅପସାରଣ ସମୟରେ ମୃତ୍ୟୁ ବରଣ କରିଥିଲେ; କେତେକ ଥଣ୍ଡା ଏବଂ କ୍ଷୁଧା ଯୋଗୁଁ, କେତେକ ଲଢ଼େଇ ସମୟରେ ।"
"If the variation of STV used allows transfers to candidates already elected, when a candidate is eliminated and the next preference on the ballot shows preference for a candidate already elected, votes are transferred to already victorious candidate, forming a new surplus. The new surplus votes for the victorious candidate (transferred from the eliminated candidate) are then transferred to the next preference of the victorious candidate, as happened with their initial surplus, but just using the recently transferred votes as guide. Vote transfers from the victorious candidate to a candidate who has been eliminated are impossible, and reference must be made to the next marked preference, if any.","ବିଜୟୀ ପ୍ରାର୍ଥୀଙ୍କ ଠାରୁ ଜଣେ ଅପସାରିତ ହୋଇଥିବା ପ୍ରାର୍ଥୀଙ୍କୁ ଭୋଟ୍‌ ସ୍ଥାନାନ୍ତରଣ ଅସମ୍ଭବ ଅଟେ, ଏବଂ ଯଦି କୌଣସି ପରବର୍ତ୍ତୀ ପସନ୍ଦ ରହିଥାଏ ତା'ହେଲେ ତାହା ନିଶ୍ଚୟ ପ୍ରକାଶ କରାଯିବା ଉଚିତ୍‌ ।"
"In 1927, the British government, to promote the market in India for British films over American ones, formed the Indian Cinematograph Enquiry Committee. The ICC consisted of three British and three Indians, led by T. Rangachari, a Madras lawyer.","ଆଇ.ସି.ସି. ଜଣେ ମାଡ୍ରାସୀ ଓକିଲ, ଟି. ରଙ୍ଗାଚାରୀଙ୍କ ନେତୃତ୍ଵରେ ତିନିଜଣ ଇଂରେଜ ଏବଂ ତିନିଜଣ ଭାରତୀୟଙ୍କୁ ନେଇ ଗଠିତ ଥିଲା ।"
"In 2020, Finance Minister Nirmala Sitaraman introduced a bill to amend the Act. The bill sought to bring all cooperative banks under the Reserve Bank of India. It brought 1,482 urban and 58 multi-state cooperative banks under the supervision of the RBI. The bill granted the RBI ability to reconstruct or merge banks without moratoriums.","୨୦୨୦ ମସିହାରେ, ଅର୍ଥ ମନ୍ତ୍ରୀ ନିର୍ମଳା ସୀତାରମଣ ଉକ୍ତ ଅଧିନିୟମଟିର ସଂଶୋଧନ କରିବା ନିମନ୍ତେ ଏକ ବିଲ୍‌ ଉପସ୍ଥାପିତ କରିଥିଲେ ।"
"In December 2012, a tiger was shot by the Kerala Forest Department on a coffee plantation on the fringes of the Wayanad Wildlife Sanctuary. Chief Wildlife Warden of Kerala ordered the hunt for the animal after mass protests erupted as the tiger had been carrying away livestock. The Forest Department had constituted a special task force to capture the animal with the assistance of a 10-member Special Tiger Protection Force and two trained Indian elephants from the Bandipur Tiger Reserve in Karnataka.","ଡିସେମ୍ବର ୨୦୧୨ରେ, କେରଳ ଜଙ୍ଗଲ ବିଭାଗ ଦ୍ଵାରା ଏକ ବାଘକୁ ୱୟନାଡ଼୍ ବନ୍ୟପ୍ରାଣୀ ଅଭୟାରଣ୍ୟର ପ୍ରାନ୍ତରେ ରହିଥିବା ଏକ କଫି ଉଦ୍ୟାନରେ ଗୁଳିକରାଯାଇଥିଲା ।"
"In December 2012, a tiger was shot by the Kerala Forest Department on a coffee plantation on the fringes of the Wayanad Wildlife Sanctuary. Chief Wildlife Warden of Kerala ordered the hunt for the animal after mass protests erupted as the tiger had been carrying away livestock. The Forest Department had constituted a special task force to capture the animal with the assistance of a 10-member Special Tiger Protection Force and two trained Indian elephants from the Bandipur Tiger Reserve in Karnataka.",କେରଳର ମୁଖ୍ୟ ଭାରପ୍ରାପ୍ତ ବନ୍ୟପ୍ରାଣୀ ତତ୍ତ୍ୱାବଧାରକ ଜନ ଆନ୍ଦୋଳନ ତେଜିବା ପରେ ପଶୁଟିର ଶିକାର ପାଇଁ ଆଦେଶ ଦେଇଥିଲେ ଯେହେତୁ ବାଘଟି ପଶୁସମ୍ପଦସବୁ ନେଇଯାଉଥିଲା ।
"In December 2019, he introduced the Citizenship (Amendment) Act, 2019, which grants Indian citizenship to religiously persecuted minority communities who migrated to the country before 2015 from the Muslim-majority countries of Pakistan, Bangladesh and Afghanistan. In Northeast India, the act raised concerns about the impact of immigration on local culture and politics, which caused people to protest against the Act. Elsewhere, the opposition parties criticised the Act's exclusion of Muslims as detrimental to India's pluralism. Shah insisted the bill was not anti-Muslim, because it did not change their existing path to citizenship.",ଶାହ ଦାବି କରିଥିଲେ ଯେ ବିଲ୍‌ଟି ମୁସଲମାନ-ବିରୋଧୀ ନଥିଲା କାରଣ ଏହା ସେମାନଙ୍କର ବର୍ତ୍ତମାନର ନାଗରିକତାର ରାସ୍ତାକୁ ପରିବର୍ତ୍ତିତ କରିନଥିଲା ।
"In January 1992, the Union government sanctioned the induction of women into non-combatant branches of the Army while holding short-service commissions. On 28 November 1992, the Indian Navy became the first armed force to commission women on short-service commissions in non-medical streams (Education, Logistics and Naval Law). The Air Force approved the induction of women officers for ground duties in 1992, with those officers receiving their commissions on 1 June 1993, and opened the flying (non-fighter) and technical branches to women the same year, commissioning its first seven female pilots on 17 December 1994.","୧୯୯୨ ମସିହା ଜାନୁଆରୀ ମାସରେ, କେନ୍ଦ୍ର ସରକାର ସ୍ଵଳ୍ପକାଳୀନ-ସେବା କମିଶନର ଆୟୋଜନ କରି ମହିଳାମାନଙ୍କୁ ସ୍ଥଳସେନାର ବେସାମରିକ-ଶାଖାଗୁଡ଼ିକୁ ପ୍ରେରଣ କରିବା ଅନୁମୋଦନ କରିଥିଲେ ।"
"In response to the recession, U.S. president Barack Obama launched the SelectUSA program in 2011. In January 2012, Obama issued a Call to Action to Invest in America at the White House ""Insourcing American Jobs"" Forum. Obama met with representatives of Otis Elevator, Apple, DuPont, Master Lock, and others which had recently brought jobs back or made significant investments in the U.S.","୨୦୧୨ ମସିହା ଜାନୁଆରୀରେ, ଓବାମା ହ୍ଵାଇଟ୍‌ ହାଉସ୍‌ ""ଇନ୍‌ସୋର୍ସିଂ ଆମେରିକାନ୍‌ ଜବ୍‌ସ୍‌"" ଫୋରମ୍‌ରେ ଆମେରିକାରେ ନିବେଶ କରିବା ନିମନ୍ତେ ଏକ 'କଲ୍‌ ଟୁ ଆକ୍ସନ୍‌' ଜାରି କରିଥିଲେ ।"
"Jhelum in Punjab saw a mutiny of native troops against the British. Here 35 British soldiers of Her Majesty's 24th Regiment of Foot (South Wales Borderers) were killed by mutineers on 7 July 1857. Among the dead was Captain Francis Spring, the eldest son of Colonel William Spring.",ଏଠାରେ ମହାରାଣୀଙ୍କର ୨୪ ତମ ପଦାତିକ ବାହିନୀ (ଦକ୍ଷିଣ ୱେଲ୍‌ସ୍‌ ସୀମା)ର ୩୫ ଜଣ ବ୍ରିଟିଶ୍‌ ସୈନ୍ୟଙ୍କୁ ବିଦ୍ରୋହୀମାନଙ୍କ ଦ୍ଵାରା ୭ ଜୁଲାଇ ୧୮୫୭ ଦିନ ହତ୍ୟା କରାଯାଇଥିଲା ।
"Kumar was appointed Sheriff of Mumbai (an honorary position) for 1980. The Government of India honoured Kumar with the Padma Bhushan in 1991, the Dadasaheb Phalke Award in 1994 and the Padma Vibhushan in 2015. The Government of Andhra Pradesh honoured Kumar with NTR National Award in 1997.",ଆନ୍ଧ୍ର ପ୍ରଦେଶ ସରକାର ୧୯୯୭ ମସିହାରେ କୁମାରଙ୍କୁ ଏନ୍‌.ଟି.ଆର୍‌. ଜାତୀୟ ପୁରସ୍କାର ସମ୍ମାନରେ ସମ୍ମାନିତ କରିଥିଲେ ।
"Large iron ore deposits exist in central Iran, near Bafq, Yazd and Kerman. The government owns 90% of all mines and related industries and is seeking foreign investment. The sector accounts for 3% of exports.",ସରକାର ସମସ୍ତ ଖଣି ଏବଂ ସମ୍ପୃକ୍ତ ଉଦ୍ୟୋଗର ୯୦%ର ମାଲିକ ଅଟନ୍ତି ଏବଂ ବୈଦେଶିକ ନିବେଶ ଚାହୁଁଛନ୍ତି ।
"Like NASA funded Jet Propulsion Laboratory (JPL) managed by California Institute of Technology (Caltech), ISRO with Indian Institute of Space Science and Technology (IIST) implemented a joint working framework in 2021 in which an Empowered Overseeing Committee (EOC) under Capacity Building Programme Office (CBPO) of ISRO located in Bengaluru will approve all short, medium and long term space research projects of common interest. In return, an Advance Space Research Group (ASRG) formed at IIST under the guidance of EOC will have full access to ISRO facilities. The primary aim is to transform IIST into a premier space research and engineering institute by 20282030 that can lead future space exploration missions of ISRO.","କାଲିଫର୍ଣ୍ଣିଆ 'ଇନ୍‌ଷ୍ଟିଚ୍ୟୁଟ୍‌ ଅଫ୍ ଟେକ୍ନୋଲୋଜି' (କାଲ୍‌ଟେକ୍‌) ଦ୍ଵାରା ପରିଚାଳିତ, ନାସା-ଦ୍ଵାରା ଆର୍ଥିକ ସହାୟତା ପ୍ରାପ୍ତ 'ଜେଟ୍‌ ପ୍ରପଲ୍‌ସନ୍‌ ଲାବୋରେଟୋରି (ଜେ.ପି.ଏଲ୍‌.)' ପରି, ଇସ୍ରୋ ଏବଂ ଭାରତୀୟ ଅନ୍ତରୀକ୍ଷ ବିଜ୍ଞାନ ଏବଂ ପ୍ରାଦ୍ୟୋଗିକୀ ସଂସ୍ଥାନ (ଆଇ.ଆଇ.ଏସ୍‌.ଟି.) ୨୦୨୧ ମସିହାରେ, ଏକ ସଂଯୁକ୍ତ ଭାବେ କାର୍ଯ୍ୟରତ ପ୍ରାଧାର କାର୍ଯ୍ୟକାରୀ କରିଥିଲେ, ଯେଉଁଥିରେ ବାଙ୍ଗାଲୋରରେ ଅବସ୍ଥିତ, ଇସ୍ରୋର ଦକ୍ଷତା ବିକାଶ କାର୍ଯ୍ୟକ୍ରମ କାର୍ଯ୍ୟାଳୟ (ସି.ବି.ପି.ଓ.) ଅଧୀନରେ ଥିବା ଏକ କ୍ଷମତାପନ୍ନ ପର୍ଯ୍ୟବେକ୍ଷଣ କମିଟି (ଇ.ଓ.ସି.) ସମସ୍ତ ସାଧାରଣ ଉଦ୍ଦେଶ୍ୟ ନିମନ୍ତେ ଉଦ୍ଦିଷ୍ଟ ଲଘୁ, ମଧ୍ୟମ ଏବଂ ଦୀର୍ଘ-ମିଆଦୀ ଅନ୍ତରୀକ୍ଷ ଗବେଷଣା ପ୍ରକଳ୍ପଗୁଡ଼ିକୁ ଅନୁମୋଦନ କରିବ ।"
"Most Indian states had granted general consent to the CBI to investigate crimes within their territory. However, as of 2020, several states have withdrawn their 'general consent' for the CBI to operate, and require a special consent to be granted on a case to case basis. In November 2018, Andhra Pradesh and West Bengal governments withdrew general consents for the CBI to investigate, and accused the Central Government of using federal agencies to destabilise state politics.",ଅଧିକାଂଶ ଭାରତୀୟ ରାଜ୍ୟ ସି.ବି.ଆଇ. କୁ ସେମାନଙ୍କ ଅଞ୍ଚଳ ଅଧୀନରେ ହେଉଥିବା ଅପରାଧଗୁଡ଼ିକର ଅନୁସନ୍ଧାନ କରିବାକୁ ସାଧାରଣ ସମ୍ମତି ପ୍ରଦାନ କରିଥିଲେ ।
"Open market operation is the activity of buying and selling of government securities in open market to control the supply of money in banking system. When there is excess supply of money, central bank sells government securities thereby sucking out excess liquidity. Similarly, when liquidity is tight, RBI will buy government securities and thereby inject money supply into the economy.","ସେହିପରି, ଯେତେବେଳେ ନଗଦର ଅଭାବ ରହିଥାଏ, ଆର୍‌.ବି.ଆଇ. ସରକାରୀ ପ୍ରତିଭୂତିଗୁଡ଼ିକୁ କିଣିବ ଏବଂ ଏତଦ୍ଦ୍ଵାରା ଅର୍ଥବ୍ୟବସ୍ଥା ମଧ୍ୟକୁ ମୁଦ୍ରା ପୂର୍ତ୍ତିର ପ୍ରବେଶ କରାଇବ ।"
"Ratan Tirkey, a former BJP politician and activist, said that Murmu had not done enough to make sure that the self-governance rights granted to tribal communities were properly implemented. These rights were granted under the Fifth Schedule and the Panchayats (Extension to Scheduled Areas) Act, 1996 or PESA. Tirkey said, ""Despite several requests, the then governor never exercised her powers to implement the Fifth Schedule provisions and Pesa in letter and spirit"".","ଜଣେ ପୂର୍ବତନ ଭାଜପା ରାଜନେତା ଏବଂ ସକ୍ରିୟ କାର୍ଯ୍ୟକର୍ତ୍ତା, ରତନ ତିର୍କୀ, କହିଥିଲେ ଯେ ମୁର୍ମୁ ଆଦିବାସୀ ସମ୍ପ୍ରଦାୟଗୁଡ଼ିକୁ ଦିଆଯାଇଥିବା ସ୍ଵାୟତ୍ତ-ଶାସନ ଅଧିକାରଗୁଡ଼ିକ ସଠିକ୍‌ ରୂପେ କାର୍ଯ୍ୟକାରୀ ହୋଇଛି କି ନାହିଁ ତାହା ନିଶ୍ଚିତ କରିବାକୁ ଯଥେଷ୍ଟ କିଛି କରିନାହାନ୍ତି ।"
"Relations with neighbouring Myanmar have been severely strained since 20162017, after over 700,000 Rohingya refugees illegally entered Bangladesh fleeing persecution, ethnic cleansing, genocide, and other atrocities in their native state. The parliament, government, and civil society of Bangladesh have been at the forefront of international criticism against Myanmar for military operations against the Rohingya, and have demanded their right of return to Arakan. In 2021, Bangladesh provided a US$200 million loan to Sri Lanka and a US$7.7 million donation to Sudan as economic assistance.","୨୦୨୧ ମସିହାରେ, ବାଂଲାଦେଶ ଆର୍ଥିକ ସହାୟତା ରୂପରେ ଶ୍ରୀଲଙ୍କାକୁ $୨୦କୋଟି ଆମେରିକୀୟ ଡଲାରର ଋଣ ଏବଂ ସୁଦାନକୁ $୭୭ ଲକ୍ଷ ଆମେରିକୀୟ ଡଲାରର ଦାନରାଶି ଯୋଗାଇ ଦେଇଥିଲା ।"
"Some navies operate ocean-going hospital ships to lend medical assistance in high casualty situations like wars or natural disasters. These hospital ships fulfill the criteria of an ambulance (transporting the sick or injured), although the capabilities of a hospital ship are more on par with a Mobile Army Surgical Hospital. In line with the laws of war, these ships can display a prominent Red Cross or Red Crescent to confer protection under the appropriate Geneva Convention.",କେତେକ ନୌସେନା ଯୁଦ୍ଧ ବା ପ୍ରାକୃତିକ ବିପର୍ଯ୍ୟୟ ଭଳି ଅତ୍ୟଧିକ ଆକସ୍ମିକ ଦୁର୍ଘଟଣାଜନିତ ପରିସ୍ଥିତିରେ ଡାକ୍ତରୀ ସହାୟତା ପ୍ରଦାନ କରିବା ନିମନ୍ତେ ମହାସାଗରଗାମୀ ଚିକିତ୍ସାଳୟ-ଜାହାଜସବୁ ପରିଚାଳିତ କରିଥାନ୍ତି ।
"The ASEAN Framework Agreement on Trade in Services (AFAS) was adopted at the ASEAN Summit in Bangkok in December 1995. Under the agreement, member states enter into successive rounds of negotiations to liberalise trade in services with the aim of submitting increasingly higher levels of commitment. ASEAN has concluded seven packages of commitments under AFAS.","ଉକ୍ତ ଚୁକ୍ତିଟି ଅନୁଯାୟୀ, ସଦସ୍ୟ ରାଷ୍ଟ୍ରମାନେ ଅଧିକରୁ ଅଧିକ ଉଚ୍ଚ ସ୍ତରର ଅଙ୍ଗୀକାରବଦ୍ଧତା ପ୍ରକଟ କରିବାର ଲକ୍ଷ୍ୟ ସହିତ ସେବାରେ ବ୍ୟବସାୟକୁ କୋହଳ କରିବା ନିମନ୍ତେ ଧାରାବାହିକ ଭାବେ ବୁଝାମଣାମାନ କରିଥାନ୍ତି ।"
"The ASEAN Socio-Cultural Community (ASCC) was also adopted during the 14th ASEAN Summit. It envisions an ""ASEAN Community that is people-centered and socially responsible with a view to achieving enduring solidarity and unity among the countries and peoples of ASEAN by forging a common identity and building a caring and sharing society which is inclusive and harmonious where the well-being, livelihood, and welfare of the peoples are enhanced"". Among its focus areas include human development, social welfare and protection, social justice and rights, environmental sustainability, building the ASEAN identity, and narrowing the development gap.","ଏହା ପରିକଳ୍ପନା କରୁଛି ଏକ ""'ଆସୀଆନ୍' ଗୋଷ୍ଠୀର ଯାହାକି ଜନ-କୈନ୍ଦ୍ରିକ ଏବଂ ସାମାଜିକ ଭାବରେ ଦାୟିତ୍ୱସମ୍ପନ୍ନ ତଥା ଯାହାର ଉଦ୍ଦେଶ୍ୟ ହେଉଛି ଏକ ସାଧାରଣ ପରିଚୟ ସୃଷ୍ଟି କରି ଏବଂ ଏକ ସମାବେଶୀ ତଥା ସୁସଙ୍ଗତ ହୋଇଥିବା ଯତ୍ନବାନ୍‌ ଓ ସହଭାଗୀ ସମାଜ ଗଠନ କରି 'ଆସୀଆନ୍'ର ଦେଶ ଏବଂ ଲୋକମାନଙ୍କ ମଧ୍ୟରେ ସ୍ଥାୟୀ ସଂହତି ଏବଂ ଐକ୍ୟ ହାସଲ କରିବା, ଯେଉଁଠାରେକି ଲୋକମାନଙ୍କର କୁଶଳତା, ଜୀବିକା ନିର୍ବାହର ସାଧନ ଏବଂ କଲ୍ୟାଣକୁ ସମୃଦ୍ଧ କରାଯାଉଥିବ ।"""
"The Biotechnology Regulatory Authority of India (BRAI) is a proposed regulatory body in India for uses of biotechnology products including genetically modified organisms (GMOs). The institute was first suggested under the Biotechnology Regulatory Authority of India (BRAI) draft bill prepared by the Department of Biotechnology in 2008. Since then, it has undergone several revisions.",ଭାରତୀୟ ବାୟୋଟେକ୍ନୋଲୋଜି ନିୟାମକ ପ୍ରାଧିକରଣ (ବ୍ରାଇ) ହେଉଛି ଜିନ୍‌ଗତ ଭାବରେ ପରିବର୍ତ୍ତିତ ଜୀବମାନଙ୍କ (ଜି.ଏମ୍‌.ଓ. ଗୁଡ଼ିକ) ସମେତ ବାୟୋଟେକ୍ନୋଲୋଜି ଉତ୍ପାଦଗୁଡ଼ିକର ବ୍ୟବହାର ନିମନ୍ତେ ଭାରତର ଏକ ପ୍ରସ୍ତାବିତ ନିୟନ୍ତ୍ରକ ସଂସ୍ଥା ।
"The Indian National Congress (INC), the Praja Socialist Party and the Krishi Lok Party were the major parties in the 1950s. Later the Communist Party of India (CPI) became the dominant opposition party. In the 1967 state assembly elections, all socialist parties were eliminated and the CPI lost opposition party status.","୧୯୬୭ ମସିହାର ରାଜ୍ୟ ବିଧାନସଭା ନିର୍ବାଚନରେ, ସମସ୍ତ ସମାଜବାଦୀ ଦଳ ଅପସାରିତ ହୋଇଯାଇଥିଲେ, ଏବଂ ସି.ପି.ଆଇ. ବିରୋଧୀ ଦଳର ମର୍ଯ୍ୟାଦା ହରାଇଥିଲା ।"
"The Modi government, in view of the coronavirus pandemic, suspended Members of Parliament Local Area Development Scheme (MPLADS) for two years. This action has been called problematic in many ways, including causing a centralisation of power, being anti-federal in nature, and having an effect on local level development and MP influence at micro levels of the society to handle distress. There have been calls for halting the 20,000 crore (US$2.5billion) redevelopment of the central vista project in Delhi instead.","ଏହି କାର୍ଯ୍ୟଟିକୁ ଅନେକ ବାଟରେ ସମସ୍ୟାମୂଳକ ବୋଲି କୁହାଯାଇଛି, ଯାହା ମଧ୍ୟରେ କ୍ଷମତାର କେନ୍ଦ୍ରୀକରଣ, ସ୍ଵଭାବତଃ ସଂଘ-ବିରୋଧୀ ହେବା, ଏବଂ ସଙ୍କଟର ପରିଚାଳନା କରିବା ପାଇଁ ସ୍ଥାନୀୟ-ସ୍ତରୀୟ ବିକାଶ ଏବଂ ସମାଜର ସୂକ୍ଷ୍ମ ସ୍ତରମାନଙ୍କରେ ଏମ୍‌.ପି. ଙ୍କ ପ୍ରଭାବ ଉପରେ ପ୍ରଭାବ ପକାଇବା ପ୍ରଭୃତି ଅନ୍ତର୍ଭୁକ୍ତ ।"
"The current MLA from Angul (Odisha Vidhan Sabha constituency) is Rajanikant Singh of BJD who is elected in 2019 Odisha Legislative Assembly election and subsequently elected unopposed as the deputy speaker of the assembly. He won the seat in State elections of 2004, 2009, and 2014. His father Adwait Prasad Singh had won this seat in 2000 as a BJD candidate, in 1990 as JD candidate and in 1977 as JNP candidate.","ତାଙ୍କ ପିତା, ଅଦ୍ଵୈତ ପ୍ରସାଦ ସିଂହ, ୨୦୦୦ ମସିହାରେ ଜଣେ ବି.ଜେ.ଡି. ପ୍ରାର୍ଥୀ ଭାବରେ, ୧୯୯୦ ମସିହାରେ ଜଣେ ଜେ.ଡି. ପ୍ରାର୍ଥୀ ଭାବରେ ଏବଂ ୧୯୭୭ ମସିହାରେ ଜଣେ ଜେ.ଏନ୍‌.ପି. ପ୍ରାର୍ଥୀ ଭାବରେ ଏହି ଆସନରେ ବିଜୟୀ ହୋଇଥିଲେ ।"
"The current MLA from Angul (Odisha Vidhan Sabha constituency) is Rajanikant Singh of BJD who is elected in 2019 Odisha Legislative Assembly election and subsequently elected unopposed as the deputy speaker of the assembly. He won the seat in State elections of 2004, 2009, and 2014. His father Adwait Prasad Singh had won this seat in 2000 as a BJD candidate, in 1990 as JD candidate and in 1977 as JNP candidate.","ଅନୁଗୁଳ (ଓଡ଼ିଶା ବିଧାନସଭା ନିର୍ବାଚନମଣ୍ଡଳୀ) ର ବର୍ତ୍ତମାନ ବିଧାୟକ ହେଉଛନ୍ତି ବି.ଜେ.ଡି. ର ରଜନୀକାନ୍ତ ସିଂହ, ଯିଏକି ୨୦୧୯ ମସିହା ଓଡ଼ିଶା ବିଧାନ ସଭା ନିର୍ବାଚନରେ ଏବଂ ପରବର୍ତ୍ତୀ ସମୟରେ ଅପ୍ରତିଦ୍ଵନ୍ଦ୍ଵୀ ଭାବରେ ବିଧାନସଭାର ଉପ-ବାଚସ୍ପତି ରୂପେ ନିର୍ବାଚିତ ହୋଇଥିଲେ ।"
"The issuance of PAN, verification, delivery and maintenance works on public-private partnership (PPP) model like Passport Seva Kendra (PSK) for reasons of economy, efficiency, and effectiveness. The reputed entities like NSDL e-Governance Infrastructure Limited (formerly National Securities Depository Limited) and UTI Infrastructure Technology Services Limited (UTIITSL) has been entrusted by Income Tax Department as managed service providers for processing of applications, collecting, handling and verifying personal documents like proof of ID, age and address, clarification with the applicants, printing the card and the letter and then mailing it. The processing agencies obtain the new PAN number online from the server of the income tax department after successful processing of the application documents.","ଆୟ କର ବିଭାଗ ଦ୍ଵାରା 'ଏନ୍‌.ଏସ୍‌.ଡି.ଏଲ୍‌. ଇ-ଗଭର୍ଣ୍ଣାନ୍ସ୍‌ ଇନ୍‌ଫ୍ରାଷ୍ଟ୍ରକ୍‌ଚର୍‌ ଲିମିଟେଡ଼୍‌' (ପୂର୍ବେ ନ୍ୟାସନାଲ୍‌ ସିକ୍ୟୁରିଟିଜ୍‌ ଡିପୋଜିଟୋରି ଲିମିଟେଡ଼୍‌) ଏବଂ 'ୟୁ.ଟି.ଆଇ. ଇନ୍‌ଫ୍ରାଷ୍ଟ୍ରକ୍‌ଚର୍‌ ଟେକ୍ନୋଲୋଜି ସର୍ଭିସେସ୍‌ ଲିମିଟେଡ଼୍‌' (ୟୁ.ଟି.ଆଇ.ଆଇ.ଟି.ଏସ୍‌.ଏଲ୍‌.) ଭଳି ଖ୍ୟାତନାମା ସଂସ୍ଥାଗୁଡ଼ିକ ଉପରେ ଆବେଦନପତ୍ରଗୁଡ଼ିକର ପ୍ରକ୍ରିୟାକରଣ, ସଂଗ୍ରହ, ପରିଚାଳନା ଏବଂ ଆଇ.ଡି., ବୟସ, ଏବଂ ଠିକଣା ପ୍ରମାଣପତ୍ର ଭଳି ବ୍ୟକ୍ତିଗତ କାଗଜପତ୍ରଗୁଡ଼ିକର ସତ୍ୟତା ପରୀକ୍ଷଣ, ଆବେଦନକାରୀମାନଙ୍କ ସଙ୍ଗେ ସ୍ପଷ୍ଟୀକରଣ, କାର୍ଡ଼୍‌ ଓ ଚିଠିର ମୁଦ୍ରଣ ଏବଂ ପରେ ତାହାକୁ ଡାକଯୋଗେ ପ୍ରେରଣ ପ୍ରଭୃତିର ବ୍ୟବସ୍ଥିତ ସେବା ପ୍ରଦାନକାରୀ ଭାବେ କାର୍ଯ୍ୟଭାର ନ୍ୟସ୍ତ କରାଯାଇଛି ।"
"The perimeter of the building is circular, with 144 columns on the outside. At the centre of the building is the circular Central Chamber, and surrounding this Chamber are three semicircular halls that were constructed for the sessions of the Chamber of Princes (now used as the Library Hall), the State Council (now used for the Rajya Sabha), and the Central Legislative Assembly (now used for the Lok Sabha). The parliament is surrounded by large gardens and the perimeter is fenced off by sandstone railings (jali).","ଅଟ୍ଟାଳିକାଟିର କେନ୍ଦ୍ରରେ ବୃତ୍ତାକାର 'କେନ୍ଦ୍ରୀୟ ପ୍ରକୋଷ୍ଠ' ରହିଛି, ଏବଂ ଏହି ପ୍ରକୋଷ୍ଠଟିକୁ ଘେରି ତିନୋଟି ଅର୍ଦ୍ଧବୃତ୍ତାକାର ହଲ୍‌ ରହିଛି ଯେଉଁଗୁଡ଼ିକ ଯୁବରାଜମାନଙ୍କ ପ୍ରକୋଷ୍ଠ (ବର୍ତ୍ତମାନ 'ପାଠାଗାର ହଲ୍‌' ଭାବରେ ବ୍ୟବହୃତ) ର ଅଧିବେଶନ, ରାଜ୍ୟ ଉପଦେଷ୍ଟା ପରିଷଦ (ବର୍ତ୍ତମାନ 'ରାଜ୍ୟସଭା' ଭାବରେ ବ୍ୟବହୃତ), ଏବଂ କେନ୍ଦ୍ରୀୟ ବୈଧାନିକ ସଭା (ବର୍ତ୍ତମାନ 'ଲୋକସଭା' ଭାବରେ ବ୍ୟବହୃତ) ପାଇଁ ନିର୍ମାଣ କରାଯାଇଥିଲା ।"
"The slow but momentous reform movement developed gradually into the Indian independence movement. During the First World War, the hitherto bourgeois ""home-rule"" movement was transformed into a popular mass movement by Mahatma Gandhi, a pacifist lawyer. Revolutionaries such as Bagha Jatin, Khudiram Bose, Bhagat Singh, Chandrashekar Azad, Surya Sen, Subhas Chandra Bose differed from Gandhi in their use of violence during their campaigns against British rule.","ବାଘା ଯତୀନ୍‌, ଖୁଦୀରାମ ବୋଷ, ଭଗତ ସିଂହ, ଚନ୍ଦ୍ରଶେଖର ଆଜାଦ, ସୂର୍ଯ୍ୟସେନ ଏବଂ ସୁଭାଷ ଚନ୍ଦ୍ର ବୋଷଙ୍କ ଭଳି ବିପ୍ଳବୀମାନେ ଇଂରେଜ ଶାସନ ବିରୁଦ୍ଧରେ ସେମାନଙ୍କର ଅଭିଯାନ ସମୟରେ ହିଂସାର ପ୍ରୟୋଗକୁ ନେଇ ଗାନ୍ଧୀଙ୍କ ଠାରୁ ଭିନ୍ନ ଥିଲେ ।"
"There also exists a unicameral Cocos (Keeling) Islands Shire Council with seven seats. A full term lasts four years, though elections are held every two years; approximately half the members retire each two years. As of March 2022 the president of the shire is Aindil Minkom.",ଗୋଟିଏ ସାତଟି ଆସନ ଥିବା ଏକସଦନୀୟ କୋକୋସ୍ (କୀଲିଙ୍ଗ୍‌) ଆଇଲ୍ୟାଣ୍ଡ୍‌ସ୍‌ ଶାୟାର୍‌ କାଉନ୍‌ସିଲ୍‌ ମଧ୍ୟ ରହିଛି ।
"There were international concerns related to how the support being sent to India is being used. By 5 May, India had received 5,769,442 items in aid. Support between 27 April and 14 May included ""10,796 oxygen concentrators, 12,269 oxygen cylinders; 19 oxygen generation plants; 6,497 ventilators, more than 4.2 lakh Remdesivir vials"".","୫ ମେ' ସୁଦ୍ଧା, ଭାରତ ୫୭,୬୯,୪୪୨ଟି ସାମଗ୍ରୀ ସହାୟତାରେ ପାଇଥିଲା ।"
"There were lapses on implementing official procedures. Antrix/ISRO had allocated the capacity of the above two satellites exclusively to Devas Multimedia, while the rules said it should always be non-exclusive. The Cabinet was misinformed in November 2005 that several service providers were interested in using satellite capacity, while the Devas deal was already signed.","ନଭେମ୍ବର ୨୦୦୫ ରେ ଏକାଧିକ ସେବା ପ୍ରଦାନକାରୀ ସାଟେଲାଇଟ୍‌ କାପାସିଟି ବ୍ୟବହାର କରିବାକୁ ଆଗ୍ରହୀ ଥିଲେ ବୋଲି କ୍ୟାବିନେଟ୍‌କୁ ଭୁଲ୍ ତଥ୍ୟ ଦିଆଯାଇଥିଲା, ଯେତେବେଳେକି ଦେବାସ୍‌ ଚୁକ୍ତିଟି ସେତେବେଳକୁ ସ୍ଵାକ୍ଷରିତ ହୋଇସାରିଥିଲା।"
"Today, the Russian government engages in historical negationism. Russian media refers to the crimes against humanity and war crimes as a ""Western myth"", in Russian history textbooks, the atrocities are either altered to portray the Soviets positively or omitted entirely. In 2017, Russian President Vladimir Putin acknowledged the ""horrors of Stalinism"", but he also criticized the ""excessive demonization of Stalin"" by ""Russia's enemies"".","୨୦୧୭ ମସିହାରେ, ଋଷୀୟ ରାଷ୍ଟ୍ରପତି ଭ୍ଲାଡିମିର୍‌ ପୁତିନ୍‌ ""ଷ୍ଟାଲିନୀୟ ମତବାଦର ଆତଙ୍କକୁ"" ସ୍ୱୀକାର କରିଥିଲେ, ମାତ୍ର ସେ ""ଋଷିଆର ଶତ୍ରୁମାନଙ୍କ"" ଦ୍ଵାରା ""ଷ୍ଟାଲିନ୍‌ଙ୍କୁ ଅତ୍ୟଧିକ ଦାନବୀୟ ଭାବେ ଉପସ୍ଥାପନ""କୁ ମଧ୍ୟ ସମାଲୋଚନା କରିଥିଲେ ।"
"U.S. minister to Britain Charles Francis Adams proved particularly adept and convinced Britain not to openly challenge the Union blockade. The Confederacy purchased several warships from commercial shipbuilders in Britain (CSSAlabama, CSSShenandoah, CSSTennessee, CSSTallahassee, CSSFlorida, and some others). The most famous, the CSSAlabama, did considerable damage and led to serious postwar disputes.","ସଂଘଟି ବ୍ରିଟେନ୍‌ର ବାଣିଜ୍ୟିକ ଜାହାଜ ନିର୍ମାତା (ସି.ଏସ୍‌.ଏସ୍‌. ଆଲବାମା, ସି.ଏସ୍‌.ଏସ୍‌. ଶେନନ୍‌ଦୌଆ, ସି.ଏସ୍‌.ଏସ୍‌. ଟେନେସୀ, ସି.ଏସ୍‌.ଏସ୍‌. ତାଲ୍ଲାହାସ୍ସୀ, ସି.ଏସ୍‌.ଏସ୍‌. ଫ୍ଲୋରିଡା, ଏବଂ ଅନ୍ୟାନ୍ୟ କେତେକ) ମାନଙ୍କ ଠାରୁ ଅନେକ ଯୁଦ୍ଧଜାହାଜ କିଣିଥିଲା ।"
"Under the new approach communities are being consulted and trained, and users agree up-front to pay a tariff that is set at a level sufficiently high to cover operation and maintenance costs. It also includes measures to promote sanitation and to improve hygiene behaviour. The national program follows a pilot program launched in 1999.","ନୂତନ ପ୍ରଣାଳୀଟି ଅଧୀନରେ, ଗୋଷ୍ଠୀଗୁଡ଼ିକ ସହ ପରାମର୍ଶ କରାଯାଉଛି ଏବଂ ସେମାନଙ୍କୁ ପ୍ରଶିକ୍ଷଣ ଦିଆଯାଉଛି, ଏବଂ ବ୍ୟବହାରକାରୀମାନେ ଏକ ଶୁଳ୍କ ଦେବାକୁ ଆଗୁଆ ରାଜି ହୋଇଯାଉଛନ୍ତି, ଯାହାକୁକି କାର୍ଯ୍ୟକାରିତା ଏବଂ ରକ୍ଷଣାବେକ୍ଷଣ ମୂଲ୍ୟକୁ ଭରଣା କରିବା ପାଇଁ ଏକ ଯଥେଷ୍ଟ ଉଚ୍ଚ ସ୍ତରରେ ନିର୍ଦ୍ଧାରିତ କରାଯାଇଛି ।"
"Vere Bird was prime minister from 1981 to 1994 and chief minister of Antigua from 1960 to 1981, except for the 19711976 period when the Progressive Labour Movement (PLM) defeated his party. Bird, the nation's first prime minister, is credited with having brought Antigua and Barbuda and the Caribbean into a new era of independence. Prime Minister Lester Bryant Bird succeeded the elder Bird in 1994.","ଭିୟର୍ ‌ବର୍ଡ଼୍‌ ୧୯୮୧ ରୁ ୧୯୯୪ ପର୍ଯ୍ୟନ୍ତ ପ୍ରଧାନମନ୍ତ୍ରୀ ରହିଥିଲେ ଏବଂ ୧୯୭୧-୧୯୭୬ କାଳ, ଯେବେ 'ପ୍ରୋଗ୍ରେସିଭ୍‌ ଲେବର୍‌ ମୁଭ୍‌ମେଣ୍ଟ୍‌' (ପି.ଏଲ୍‌.ଏମ୍‌.) ତାଙ୍କ ଦଳଟିକୁ ପରାସ୍ତ କରିଦେଇଥିଲା, ସେହି ସମୟ ବ୍ୟତୀତ, ୧୯୬୦ ରୁ ୧୯୮୧ ପର୍ଯ୍ୟନ୍ତ ଆଣ୍ଟିଗୁଆର ମୁଖ୍ୟମନ୍ତ୍ରୀ ରହିଥିଲେ ।"
"With the departure of foreign troops and the long sought demise of Kabul's leftist government, The Islamic State of Afghanistan finally came into being in April 1992. This represented a distinct break with Afghan history, for religious specialists had never before exercised state power. But the new government failed to establish its legitimacy and, as much of its financial support dissipated, local and middle range commanders and their militia not only fought among themselves but resorted to a host of unacceptable practices in their protracted scrambles for power and profit.","ମାତ୍ର ନୂତନ ସରକାର ନିଜର ବୈଧତାକୁ ପ୍ରତିଷ୍ଠା କରିବାରେ ବିଫଳ ହୋଇଥିଲା, ଏବଂ ଏହାର ଆର୍ଥିକ ସହାୟତା ଯେତିକି କ୍ଷୀଣ ହେଉଥିଲା, ସ୍ଥାନୀୟ ଏବଂ ମଧ୍ୟମ-ବର୍ଗୀୟ ସେନାଧ୍ୟକ୍ଷମାନେ ତଥା ସେମାନଙ୍କ ସୈନ୍ୟବାହିନୀଗୁଡ଼ିକ କେବଳ ପରସ୍ପରଙ୍କ ମଧ୍ୟରେ କଳହ କରୁନଥିଲେ, ବରଂ କ୍ଷମତା ଏବଂ ଲାଭର ଦୀର୍ଘକାଳୀନ ପ୍ରତିଯୋଗିତା ମଧ୍ୟରେ ଅନେକ ଅଗ୍ରହଣୀୟ କାର୍ଯ୍ୟପଦ୍ଧତିକୁ ଉପାୟ ଭାବେ ବାଛିନେଇଥିଲେ ।"
"all state administrative services officers in india are state civil servants posted as assistant collector cum subdistrict magistrate in various sub districts of india, ward officer in various municipal corporations, notified area councils, municipal councils, district parishads, block parishads and village panchayats and under secretary in various state secretariats. they belong to group 'b' rank and part of state civil services of india. the officers of following state civil services cadre are later promoted to indian administrative service.","ଭାରତର ସମସ୍ତ ରାଜ୍ୟ ପ୍ରଶାସନିକ ସେବା ଅଧିକାରୀ ବିଭିନ୍ନ ଉପଖଣ୍ଡରେ ଉପ-ଜିଲ୍ଲାପାଳ କିମ୍ବା ଉପ-ଜିଲ୍ଲା ମାଜିଷ୍ଟ୍ରେଟ୍‌, ବିଭିନ୍ନ ନଗର ନିଗମ, ବିଜ୍ଞାପିତ ଅଞ୍ଚଳ ପରିଷଦ, ନଗର ପରିଷଦ, ଜିଲ୍ଲା ପରିଷଦ, ବ୍ଲକ୍‌ ପରିଷଦ, ଏବଂ ଗ୍ରାମ ପଞ୍ଚାୟତରେ ୱାର୍ଡ଼୍‌ ଅଧିକାରୀ, ତଥା ବିଭିନ୍ନ ରାଜ୍ୟ ସଚିବାଳୟରେ ଅଧସ୍ତନ ସଚିବ ଭାବରେ ନିଯୁକ୍ତ ହୋଇଥାନ୍ତି ।"
"A 2017 review found evidence that a Mediterranean-style diet could reduce the risk of cardiovascular diseases, overall cancer incidence, neurodegenerative diseases, diabetes, and mortality rate. A 2018 review showed that a Mediterranean-like diet may improve overall health status, such as reduced risk of non-communicable diseases. It also may reduce the social and economic costs of diet-related illnesses.","୨୦୧୮ ମସିହାର ଏକ ସମୀକ୍ଷା ଦର୍ଶାଇଥିଲା ଯେ ଭୂମଧ୍ୟସାଗରୀୟ-ଭଳି ଖାଦ୍ୟାଭ୍ୟାସ ମୋଟାମୋଟି ଭାବରେ ସ୍ୱାସ୍ଥ୍ୟ ସ୍ଥିତିକୁ ଉନ୍ନତ କରିପାରେ, ଯେପରିକି ଅଣ-ସଙ୍କ୍ରାମକ ରୋଗଜନିତ ବିପଦରେ ହ୍ରାସ।"
"A blood test is generally performed for cardiac troponins twelve hours after onset of the pain. If this is positive, coronary angiography is typically performed on an urgent basis, as this is highly predictive of a heart attack in the near-future. If the troponin is negative, a treadmill exercise test or a thallium scintigram may be requested.",ହୃତ୍‌ପିଣ୍ଡ ସମ୍ବନ୍ଧୀୟ ଟ୍ରପୋନିନ୍‌ ନିମନ୍ତେ ରକ୍ତ ପରୀକ୍ଷା ସାଧାରଣତଃ ଯନ୍ତ୍ରଣା ଆରମ୍ଭର ବାର ଘଣ୍ଟା ପରେ କରାଯାଇଥାଏ ।
"A circadian rhythm (), or circadian cycle, is a natural, internal process that regulates the sleepwake cycle and repeats roughly every 24 hours. It can refer to any process that originates within an organism (i.e., endogenous) and responds to the environment (entrained by the environment). These 24-hour rhythms are driven by a circadian clock, and they have been widely observed in animals, plants, fungi and cyanobacteria.",ଏହା ଯେକୌଣସି ପ୍ରକ୍ରିୟାକୁ ବୁଝାଇଥାଏ ଯାହାକି ଏକ ଜୀବ ମଧ୍ୟରେ ସୃଷ୍ଟି ହୋଇଥାଏ (ଅର୍ଥାତ୍‌ ଅନ୍ତର୍ଜାତ) ଏବଂ ପରିବେଶ ପ୍ରତି ପ୍ରତିକ୍ରିୟା ଦେଖାଇଥାଏ (ପରିବେଶ ଦ୍ଵାରା ପ୍ରଭାବିତ) ।
"Agonism of the 5-HT2A receptor is an antitarget because 5-HT2A receptor agonists are associated with hallucinogenic effects. According to David E. Nichols, ""Discussions over the years with many colleagues working in the pharmaceutical industry have informed me that if upon screening a potential new drug is found to have serotonin 5-HT2A agonist activity, it nearly always signals the end to any further development of that molecule."" There are some exceptions however, for instance efavirenz and lorcaserin, which can activate the 5-HT2A receptor and cause psychedelic effects at high doses.","ଡେଭିଡ଼୍‌ ଇ. ନିକୋଲ୍‌‌ସଙ୍କ ମତରେ, ""ଅନେକ ବର୍ଷ ଧରି ଔଷଧ ପ୍ରସ୍ତୁତକାରୀ ଉଦ୍ୟୋଗରେ କାର୍ଯ୍ୟ କରୁଥିବା ଅନେକ ସହକର୍ମୀଙ୍କ ସହ ହୋଇଥିବା ଆଲୋଚନାସବୁ ମୋତେ ଏହି ସୂଚନା ଦେଇଛି ଯେ ଯଦି ସ୍କ୍ରିନିଂ ପରେ ଏକ ସମ୍ଭାବ୍ୟ ନୂତନ ଔଷଧରେ ସେରୋଟୋନିନ୍‌ ୫-ଏଚ୍‌.ଟି.୨ଏ. ପ୍ରଚାଳକ ସକ୍ରିୟତା ରହିଥିବାର ଦେଖିବାକୁ ମିଳେ, ଏହା, ପ୍ରାୟତଃ ସବୁବେଳେ, ଉକ୍ତ ଅଣୁଟିର ଅଧିକ କ୍ରମବିକାଶର ସମାପ୍ତିକୁ ସୂଚିତ କରିଥାଏ ।"""
"Allergy testing may help in determining the trigger. Skin allergy testing is available for certain foods and venoms. Blood testing for specific IgE can be useful to confirm milk, egg, peanut, tree nut and fish allergies.","ନିର୍ଦ୍ଦିଷ୍ଟ ଆଇଜିଇ ନିମନ୍ତେ ରକ୍ତ ପରୀକ୍ଷା କ୍ଷୀର, ଅଣ୍ଡା, ଚିନାବାଦାମ, ବୃକ୍ଷରୁ ପ୍ରାପ୍ତ ବାଦାମ, ଏବଂ ମାଛ ଜନିତ ଆଲର୍ଜିଗୁଡ଼ିକୁ ନିଶ୍ଚିତ କରିବା ନିମନ୍ତେ ଉପଯୋଗୀ ହୋଇପାରେ ।"
"Bangalore's rapid growth has created several administrative problems relating to traffic congestion and degrading infrastructure. The unplanned nature of growth in the city resulted in massive traffic gridlocks; a flyover system and one-way traffic systems were introduced, which were only moderately successful. A 2003Battelle Environmental Evaluation System (BEES) evaluation of Bangalore's physical, biological and socioeconomic parameters indicated that Bangalore's water quality and terrestrial and aquatic ecosystems were close to ideal, while the city's socioeconomic parameters (traffic, quality of life) air quality and noise pollution were poor.","ବାଙ୍ଗାଲୋରର ପ୍ରାକୃତିକ, ଜୈବିକ ଓ ସାମାଜିକ-ଆର୍ଥିକ ମାପଦଣ୍ଡଗୁଡ଼ିକ ବିଷୟରେ ୨୦୦୩ ରେ 'ବେଟେଲ ଏନଭିରୋନମେଣ୍ଟାଲ୍‌ ଇଭାଲୁଏସନ ସିଷ୍ଟମ' ଦ୍ଵାରା ଅନୁଷ୍ଠିତ ଏକ ମୂଲ୍ୟାୟନରୁ ସୂଚନା ମିଳିଲା ଯେ ବାଙ୍ଗାଲୋରର ଜଳ ଗୁଣବତ୍ତା ଏବଂ ସ୍ଥଳଭାଗ ଓ ଜଳାଧାର ପରିସଂସ୍ଥା ପାଖାପଖି ଆଦର୍ଶମାନର, ମାତ୍ର ସହରର ସାମାଜିକ-୍ଅର୍ଥନୈତିକ ମାପଦଣ୍ଡ (ଯାନବାହନ ଚଳାଚଳ, ଜୀବନଧାରଣର ମାନ), ବାୟୁର ଗୁଣବତ୍ତା ଏବଂ ଶବ୍ଦ ପ୍ରଦୂଷଣ ନିମ୍ନମାନର।"
"Before the baby merges from the womb, an injection for pain control during childbirth may be administered through the vaginal wall and near the pudendal nerve. Because the pudendal nerve carries motor and sensory fibers that innervate the pelvic muscles, a pudendal nerve block relieves birth pain. The medicine does not harm the child, and is without significant complications.","ଯେହେତୁ ଗୁହ୍ୟ ସ୍ନାୟୁ ପ୍ରେରକ ଏବଂ ସମ୍ବେଦୀ ତନ୍ତୁଗୁଡ଼ିକୁ ବହନ କରିଥାଏ ଯେଉଁଗୁଡ଼ିକକି ଶ୍ରୋଣି ମାଂସପେଶୀଗୁଡ଼ିକୁ ଆଚ୍ଛାଦିତ କରିଥାଏ, ଏକ ଗୁହ୍ୟ ସ୍ନାୟୁ ପୁଞ୍ଜ ପ୍ରସବ ବେଦନାର ଉପଶମ କରିଥାଏ ।"
"Camphor is commonly applied as a topical medication as a skin cream or ointment to relieve itching from insect bites, minor skin irritation, or joint pain. It is absorbed in the skin epidermis, where it stimulates nerve endings sensitive to heat and cold, producing a warm sensation when vigorously applied, or a cool sensation when applied gently, indicating its properties as a counterirritant. The action on nerve endings also induces a slight local analgesia.","ଏହା ଚର୍ମର ଅଧିଚର୍ମରେ ଅବଶୋଷିତ ହୋଇଥାଏ, ଯେଉଁଠାରେକି ଏହା ଉତ୍ତାପ ଏବଂ ଶୀତଳତା ପ୍ରତି ସମ୍ବେଦନଶୀଳ ସ୍ନାୟବିକ ପ୍ରାନ୍ତଗୁଡ଼ିକୁ ଉଦ୍ଦୀପିତ କରାଇ, ଜୋର୍‌ରେ ଲେପନ କରାଗଲେ ଏକ ଉଷ୍ଣ ଅନୁଭୂତି କିମ୍ବା ଧୀର ଭାବରେ ଲେପନ କରାଗଲେ ଏକ ଶୀତଳ ଅନୁଭୂତି ଉତ୍ପନ୍ନ କରି, ଏକ ପ୍ରତିକ୍ଷୋଭକ ଭାବରେ ନିଜର ବୈଶିଷ୍ଟ୍ୟଗୁଡ଼ିକୁ ସୂଚାଇଥାଏ ।"
"Cholera reached the southern tips of the Ural Mountains in 1829. On 26 August 1829, the first cholera case was recorded in Orenburg with reports of outbreaks in Bugulma (7 November), Buguruslan (5 December), Menzelinsk (2 January 1830), and Belebey (6 January). With 3500 cases including 865 fatal ones in Orenburg province, the epidemic stopped by February 1830.",୧୮୨୯ ମସିହାରେ ହଇଜା 'ୟୁରାଲ୍‌ ପର୍ବତ'ର ଦକ୍ଷିଣ ମୁଣ୍ଡରେ ପହଞ୍ଚିଯାଇଥିଲା ।
Collagen as haemostat: When collagen interacts with platelets it causes a rapid coagulation of blood. This rapid coagulation produces a temporary framework so the fibrous stroma can be regenerated by host cells. Collagen based haemostat reduces blood loss in tissues and helps manage bleeding in cellular organs like the liver and spleen.,"ରକ୍ତ-ଜମାଟକାରୀ ଭାବରେ 'କୋଲାଜେନ୍‌': ଯେତେବେଳେ 'କୋଲାଜେନ୍‌' 'ଅଣୁଚକ୍ରିକା' ସହିତ ଅନ୍ତଃକ୍ରିୟା ଘଟେ, ଏହା କ୍ଷିପ୍ର ରକ୍ତ ଜମାଟ ଘଟାଇଥାଏ ।"
"Currently administered human anthrax vaccines include acellular (USA, UK) and live spore (Russia) varieties. All currently used anthrax vaccines show considerable local and general reactogenicity (erythema, induration, soreness, fever) and serious adverse reactions occur in about 1% of recipients. New third-generation vaccines being researched include recombinant live vaccines and recombinant sub-unit vaccines.","ବର୍ତ୍ତମାନ ବ୍ୟବହୃତ ହେଉଥିବା ସମସ୍ତ ଆନ୍ଥ୍ରାକ୍ସ୍‌ ଟିକାଗୁଡ଼ିକ ବେଶ୍‌ କିଛି ମାତ୍ରାରେ ସ୍ଥାନିକ ଏବଂ ସାଧାରଣ ପ୍ରତିକ୍ରିୟାମାନ (ତ୍ଵକ୍‌ରକ୍ତିମା, କଠୋରୀଭବନ, ପ୍ରଦାହ ଏବଂ ଜ୍ୱର) ଦେଖାଇଥାନ୍ତି, ଏବଂ ପ୍ରାୟତଃ ୧% ଗ୍ରହଣକାରୀଙ୍କ କ୍ଷେତ୍ରରେ ଗମ୍ଭୀର ପ୍ରତିକୂଳ ପ୍ରତିକ୍ରିୟାମାନ ଘଟିଥାଏ ।"
"Depending on the diagnosis, severity and individual, and the job itself, personality disorders can be associated with difficulty coping with work or the workplacepotentially leading to problems with others by interfering with interpersonal relationships. Indirect effects also play a role; for example, impaired educational progress or complications outside of work, such as substance abuse and co-morbid mental disorders, can be problematic. However, personality disorders can also bring about above-average work abilities by increasing competitive drive or causing the individual with the condition to exploit his or her co-workers.","ନିଦାନ, ତୀବ୍ରତା, ଏବଂ ବ୍ୟକ୍ତି ତଥା ଖୋଦ୍‌ ଚାକିରିଟି ଉପରେ ନିର୍ଭର କରି ବ୍ୟକ୍ତିତ୍ୱ ବିକାରକୁ କାର୍ଯ୍ୟ କିମ୍ବା କାର୍ଯ୍ୟ କ୍ଷେତ୍ରଟି ସହିତ ଖାପ ଖୁଆଇ ଚଳିବାରେ ହେଉଥିବା ଅସୁବିଧା ସହିତ ସମ୍ବନ୍ଧିତ କରାଯାଇଥାଏ, ଯାହାକି ବ୍ୟକ୍ତି-ବ୍ୟକ୍ତି ମଧ୍ୟସ୍ଥ ସମ୍ପର୍କରେ ବାଧା ଦେଇ ଅନ୍ୟମାନଙ୍କ ସହ ସମସ୍ୟା ସୃଷ୍ଟିର ସମ୍ଭାବ୍ୟ କାରଣ ହୋଇଥାଏ ।"
"Exhaled respiratory particles can build-up within enclosed spaces with inadequate ventilation. The risk of COVID19 infection increases especially in spaces where people engage in physical exertion or raise their voice (e.g., exercising, shouting, singing) as this increases exhalation of respiratory droplets. Prolonged exposure to these conditions, typically more than 15 minutes, leads to higher risk of infection.",ନିଃଶ୍ଵାସରୁ ନିର୍ଗତ ଶ୍ଵସନ କଣିକାଗୁଡ଼ିକ ଅପର୍ଯ୍ୟାପ୍ତ ବାୟୁ ଚଳାଚଳର ବ୍ୟବସ୍ଥା ରହିଥିବା ନିବୁଜ ସ୍ଥାନ ମଧ୍ୟରେ ବୃଦ୍ଧି ପାଇପାରେ ।
"Generic version of Tamiflu (Oseltamivir) was made available in Indian market, after several months of swine flu attack. Natco Pharma and Strides Arcolabs have launched their generic version of Oseltamivir, Natflu and Starflu. These drugs were made available to the customers directly under prescription.","'ସ୍ଵାଇନ୍‌ ଫ୍ଲୁ' ଆକ୍ରମଣର ଅନେକ ମାସ ପରେ, 'ଟାମିଫ୍ଲୁ' (ଓସେଲ୍‌ଟାମିଭିର୍‌)ର ଏକ ସାଧାରଣ ପ୍ରକାରକୁ ଭାରତୀୟ ବଜାରରେ ଉପଲବ୍ଧ କରାଯାଇଥିଲା ।"
"Health-enhancing intestinal bacteria of the gut flora serve to prevent the overgrowth of potentially harmful bacteria in the gut. These two types of bacteria compete for space and ""food"", as there are limited resources within the intestinal tract. A ratio of 80-85% beneficial bacteria to 15-20% potentially harmful bacteria generally is considered normal within the intestines, and maintains homeostasis.",ଉପକାରୀ ବୀଜାଣୁଗୁଡ଼ିକର ୮୦-୮୫% ସହିତ ସମ୍ଭାବ୍ୟ ହାନିକାରକ ବୀଜାଣୁଗୁଡ଼ିକ ୧୫-୨୦% ର ଅନୁପାତକୁ ସାଧାରଣତଃ ଅନ୍ତ୍ରନଳିଗୁଡ଼ିକ ମଧ୍ୟରେ ସ୍ୱାଭାବିକ ବୋଲି ବିଚାର କରାଯାଏ ଏବଂ ଏହା ସମାବସ୍ଥାନ ବଜାୟ ରଖେ ।
"However, a cholera epidemic reduced the population to 400 families by 1812. When the British finally usurped the area on 13 July 1829, it was almost deserted; efforts at that time to populate the place by inducting cultivators with an incentive of Rs 1260 to develop the lands at that time also failed. In 1879, a few Bhil and Naikda tribes resided there, but over the next few years, it became well known in India for its rulers and the monuments left behind by them","ଯେତେବେଳେ ବ୍ରିଟିଶମାନେ ଏହି ଅଞ୍ଚଳକୁ ୧୩ ଜୁଲାଇ୧୮୨୯ରେ ପୂରାପୂରି ଦଖଲ କଲେ, ଏହା ପ୍ରାୟତଃ ଜନଶୂନ୍ୟ ଥିଲା; ସେତେବେଳେ ସେ ସ୍ଥାନଟିରେ ଜନବସତି ଆରମ୍ଭ କରିବା ନିମନ୍ତେ, ଟ. ୧୨୬୦ର ଏକ ପ୍ରୋତ୍ସାହନ ସହ କୃଷକମାନଙ୍କୁ ଅଣାଇ ଜମିର ଉନ୍ନତି କରିବା ଉଦ୍ୟମ ମଧ୍ୟ ବିଫଳ ହେଲା।"
"In 2007, the Indian Psychiatric Society had 3000 registered psychiatrists on its rolls. In 2020, the society had over 7200 specialists enlisted. Mental health professionals such as psychiatrists acquire their qualification following completing an MD in Psychiatry, a Diploma in Psychiatric Medicine (DPM) or Diplomate of National Board (DNB) in Psychiatry; following an MBBS from a Medical Council of India center.","ମନସ୍ତତ୍ତ୍ଵବିତ୍‌ମାନଙ୍କ ଭଳି ମାନସିକ ସ୍ଵାସ୍ଥ୍ୟ ବୃତ୍ତିକମାନେ ଏକ ଭାରତୀୟ ଚିକିତ୍ସା ପରିଷଦ କେନ୍ଦ୍ରରୁ ଏମ୍‌.ବି.ବି.ଏସ୍‌. କରିସାରିଲା ପରେ ମନସ୍ତତ୍ତ୍ୱବିଜ୍ଞାନରେ ଏକ ଏମ୍‌.ଡି., ମନସ୍ତତ୍ତ୍ୱବୈଜ୍ଞାନିକ ଚିକିତ୍ସାଶାସ୍ତ୍ରରେ ଏକ ଡିପ୍ଲୋମା (ଡି.ପି.ଏମ୍‌.), କିମ୍ବା ମନସ୍ତତ୍ତ୍ୱବିଜ୍ଞାନରେ ଜାତୀୟ ବୋର୍ଡ଼୍‌ର ଡିପ୍ଲୋମା (ଡି.ଏନ୍‌.ବି.) ହାସଲ କରି ନିଜର ଯୋଗ୍ୟତା ହାସଲ କରିଥାନ୍ତି ।"
"In Canada, after 6.6 million doses of vaccine had been distributed between 21 October and 7 November, there were reports of mild adverse events in 598 people vaccinated including: nausea, dizziness, headache, fever, vomiting, and swelling or soreness at the injection site. There were reports of tingling lips or tongue, difficulty breathing, hives, and skin rashes. Thirty six people had serious adverse events, including anaphylaxis and febrile convulsions.","କାନାଡ଼ାରେ, ୨୧ ଅକ୍ଟୋବର ଓ ୭ ନଭେମ୍ବର ମଧ୍ୟରେ, ୬୬ ଲକ୍ଷ ଟିକା ପ୍ରଦାନ ହୋଇସାରିବା ପରେ, ଟିକା ଗ୍ରହଣ କରିଥିବା ୫୯୮ ଜଣ ଲୋକଙ୍କ ମଧ୍ୟରେ ଅସୁସ୍ଥତା, ମୁଣ୍ଡ ବୁଲାଇବା, ମୁଣ୍ଡ ବ୍ୟଥା, ଜ୍ଵର, ବାନ୍ତି, ଏବଂ ଟିକା ଦାନ ସ୍ଥାନରେ ଫୁଲା ବା ଦରଜ ଭଳି ପ୍ରତିକୂଳ ଲକ୍ଷଣମାନ ଦେଖାଯାଇଥିବା ରିପୋର୍ଟମାନ ପ୍ରକାଶ ପାଇଥିଲା।"
"Live-attenuated vaccines are safe and stimulate a strong and effective immune response that is long-lasting. Given pathogens are attenuated, it is extremely rare for pathogens to revert to their pathogenic form and subsequently cause disease. Additionally, within the five WHO-recommended live attenuated vaccines (tuberculosis, oral polio, measles, rotavirus, and yellow fever), severe adverse reactions are extremely rare.","ରୋଗାଣୁଗୁଡ଼ିକର ପ୍ରଭାବ କ୍ଷୀଣ କରି ଦିଆଯାଇଥିବା ସ୍ଥଳେ, ସେମାନେ ନିଜର ରୋଗକାରୀ ରୂପକୁ ପ୍ରତ୍ୟାବର୍ତ୍ତନ କରିବା ତଥା ପରବର୍ତ୍ତୀ ସମୟରେ ରୋଗ ସୃଷ୍ଟି କରିବା ଅତ୍ୟନ୍ତ ବିରଳ ।"
"Live-attenuated vaccines are safe and stimulate a strong and effective immune response that is long-lasting. Given pathogens are attenuated, it is extremely rare for pathogens to revert to their pathogenic form and subsequently cause disease. Additionally, within the five WHO-recommended live attenuated vaccines (tuberculosis, oral polio, measles, rotavirus, and yellow fever), severe adverse reactions are extremely rare.","ଜୀବନ୍ତ-କ୍ଷୀଣୀକୃତ ଟିକାଗୁଡ଼ିକ ନିରାପଦ ଏବଂ ଏକ ଦୃଢ଼ ତଥା ଫଳପ୍ରଦ ରୋଗ-ପ୍ରତିରୋଧକ୍ଷମ ପ୍ରତିକ୍ରିୟା ଉଦ୍ରେକ କରିଥାଏ, ଯାହାକି ଦୀର୍ଘ-ସ୍ଥାୟୀ ଅଟେ ।"
"Malnutrition refers to deficiencies, excesses or imbalances in a person's intake of energy and/or nutrients. The term malnutrition covers 2 broad groups of conditions. One is undernutrition which includes stunting (low height for age), wasting (low weight for height), underweight (low weight for age) and micronutrient deficiencies or insufficiencies (a lack of important vitamins and minerals).","ଗୋଟିଏ ହେଉଛି ଅପପୁଷ୍ଟି, ଯାହା ମଧ୍ୟରେ ବୃଦ୍ଧିରୋଧ (ବୟସ ଅନୁସାରେ କମ୍‌ ଉଚ୍ଚତା), ଶରୀରକ୍ଷୟ (ଉଚ୍ଚତା ଅନୁସାରେ କମ୍‌ ଓଜନ), ସ୍ୱଳ୍ପଭାର (ବୟସ ଅନୁସାରେ କମ୍‌ ଓଜନ) ଏବଂ ସୂକ୍ଷ୍ମ ପୋଷକ ଅଭାବ କିମ୍ବା ଅଯଥେଷ୍ଟତା (ଗୁରୁତ୍ଵପୂର୍ଣ୍ଣ ଭିଟାମିନ୍‌ ଏବଂ ଧାତୁସାରର ଅଭାବ) ଅନ୍ତର୍ଭୁକ୍ତ ।"
"Meditation lowers heart rate, oxygen consumption, breathing frequency, stress hormones, lactate levels, and sympathetic nervous system activity (associated with the fight-or-flight response), along with a modest decline in blood pressure. However, those who have meditated for two or three years were found to already have low blood pressure. During meditation, the oxygen consumption decrease averages 10 to 20 percent over the first three minutes.","ମାତ୍ର, ଯେଉଁମାନେ ଦୁଇ କିମ୍ବା ତିନି ବର୍ଷ ପାଇଁ ଧ୍ୟାନ କରିଛନ୍ତି, ସେମାନଙ୍କର ଆଗରୁ ହିଁ ନିମ୍ନ ରକ୍ତଚାପ ଥିବାର ଦେଖାଯାଇଥିଲା ।"
"NCDs include many environmental diseases covering a broad category of avoidable and unavoidable human health conditions caused by external factors, such as sunlight, nutrition, pollution, and lifestyle choices. The diseases of affluence are non-infectious diseases with environmental causes. Examples include:","ଏନ୍‌.ସି.ଡି. ଗୁଡ଼ିକ ମଧ୍ୟରେ ଅନେକ ପାରିବେଶିକ ରୋଗ ଅନ୍ତର୍ଭୁକ୍ତ ଯାହା ମଧ୍ୟରେ ବାହ୍ୟ କାରକଗୁଡ଼ିକ ଯଥା: ସୂର୍ଯ୍ୟାଲୋକ, ପୋଷଣ, ପ୍ରଦୂଷଣ, ଏବଂ ଜୀବନଶୈଳୀଗତ ଅଭିରୁଚିଗୁଡ଼ିକ ଦ୍ଵାରା ସୃଷ୍ଟ ବ୍ୟାପକ ପ୍ରକାରର ପରିହାର୍ଯ୍ୟ ଏବଂ ଅପରିହାର୍ଯ୍ୟ ମାନବ ସ୍ଵାସ୍ଥ୍ୟ ଅବସ୍ଥା ଅନ୍ତର୍ଭୁକ୍ତ ।"
"Non-immunologic mechanisms involve substances that directly cause the degranulation of mast cells and basophils. These include agents such as contrast medium, opioids, temperature (hot or cold), and vibration. Sulfites may cause reactions by both immunologic and non-immunologic mechanisms.",ସଲ୍‌ଫାଇଟ୍‌ଗୁଡ଼ିକ ଉଭୟ ପ୍ରତିରକ୍ଷାତ୍ମକ ଏବଂ ଅଣ-ପ୍ରତିରକ୍ଷାତ୍ମକ ପ୍ରକ୍ରିୟାରେ ପ୍ରତିକ୍ରିୟା ଘଟାଇ ପାରନ୍ତି ।
"On 2 April 2020, Dagens Eko reported that significant spread of COVID-19 had occurred in retirement homes in at least 90 municipalities. Previously, the government and the public health authorities had strongly advised against external visits to retirement homes, with several municipalities outright banning them. A nationwide ban on external visits to retirement homes came into force on 1 April.","୨୦୨୦ ମସିହା ଏପ୍ରିଲ୍‌ ୨ ତାରିଖ ଦିନ, 'ଡାଗନ୍‌ସ୍‌ ଏକୋ' ସୂଚନା ଦେଇଥିଲା ଯେ କୋଭିଡ଼୍‌-୧୯ ଅତିକମ୍‌ରେ ୯୦ଟି ନଗରନିଗମରେ ଥିବା ଅବସରକାଳୀନ ଗୃହଗୁଡ଼ିକରେ ପ୍ରବଳମାତ୍ରାରେ ବ୍ୟାପି ଯାଇଥିଲା ।"
"Once a virus genome becomes operational in a host cell, it then generates messenger RNA (mRNA) molecules that direct the synthesis of viral proteins. Production of mRNA is initiated by proteins known as transcription factors. Several antivirals are now being designed to block attachment of transcription factors to viral DNA.","ଥରେ ଗୋଟିଏ ପରିପୋଷକ କୋଷରେ ଏକ ଭୂତାଣୁ ଜିନୋମ୍‍‌ କାର୍ଯ୍ୟକାରୀ ହେବାକୁ ସମର୍ଥ ହୋଇଗଲେ, ତା'ପରେ ଏହା ବାର୍ତ୍ତାବହ ଆର୍‌.ଏନ୍‌.ଏ. (ଏମ୍‌.ଆର୍‌.ଏନ୍‌.ଏ.) ଅଣୁଗୁଡ଼ିକୁ ସୃଷ୍ଟି କରିଥାଏ ଯେଉଁଗୁଡ଼ିକକି ଭୂତାଣୁ ପ୍ରୋଟିନ୍‌ ସଂଶ୍ଳେଷଣକୁ ପରିଚାଳିତ କରିଥାଏ ।"
"Otherwise, being very elastic, it may return to its normal position. Additionally, the hymen may be lacerated by disease, injury, medical examination, masturbation or physical exercise. For these reasons, virginity cannot be definitively determined by examining the hymen.","ଏହି କାରଣଗୁଡ଼ିକ ହେତୁ, କୁମାରୀତ୍ଵକୁ ନିଶ୍ଚିତଭାବରେ ଯୋନିଚ୍ଛଦର ପରୀକ୍ଷଣ ଦ୍ଵାରା ନିର୍ଦ୍ଧାରଣ କରାଯାଇପାରିବ ନାହିଁ ।"
"Personality disorders are associated with considerable stigma in popular and clinical discourse alike. Despite various methodological schemas designed to categorize personality disorders, many issues occur with classifying a personality disorder because the theory and diagnosis of such disorders occur within prevailing cultural expectations; thus, their validity is contested by some experts on the basis of inevitable subjectivity. They argue that the theory and diagnosis of personality disorders are based strictly on social, or even sociopolitical and economic considerations.",ସେମାନେ ଯୁକ୍ତି କରନ୍ତି ଯେ ଉକ୍ତ ସିଦ୍ଧାନ୍ତଟି ତଥା ବ୍ୟକ୍ତିତ୍ଵ ବିକାରଗୁଡ଼ିକର ନିଦାନ ଦୃଢ଼ତଃ ସାମାଜିକ ଅଥବା ଏପରିକି ସାମାଜିକ-ରାଜନୈତିକ ଏବଂ ଅର୍ଥନୈତିକ ବିଷୟଗୁଡ଼ିକ ଉପରେ ଆଧାରିତ ।
"Socioeconomic status (SES) has been viewed as a risk factor for eating disorders, presuming that possessing more resources allows for an individual to actively choose to diet and reduce body weight. Some studies have also shown a relationship between increasing body dissatisfaction with increasing SES. However, once high socioeconomic status has been achieved, this relationship weakens and, in some cases, no longer exists.",କେତେକ ଅନୁଧ୍ୟାନ ମଧ୍ୟ ବର୍ଦ୍ଧମାନ ଶାରୀରିକ ଅସନ୍ତୋଷ ଏବଂ ବର୍ଦ୍ଧମାନ ସାମାଜିକ-ଅର୍ଥନୈତିକ ସ୍ଥିତି ମଧ୍ୟରେ ରହିଥିବା ଏକ ସମ୍ପର୍କକୁ ଦର୍ଶାଇଛି ।
"The 2009 swine flu pandemic vaccines were influenza vaccines developed to protect against the pandemic H1N1/09 virus. These vaccines either contained inactivated (killed) influenza virus, or weakened live virus that could not cause influenza. The killed virus was injected, while the live virus was given as a nasal spray.",ଏହି ଟିକାଗୁଡ଼ିକରେ ନିଷ୍କ୍ରିୟକୃତ (ମୃତ) ଇନ୍‌ଫ୍ଲୁଏଞ୍ଜା ଭୂତାଣୁ ଅଥବା ଦୁର୍ବଳ କରିଦିଆଯାଇଥିବା ଜୀବନ୍ତ ଭୂତାଣୁ ରହିଥାଏ ଯାହାକି ଇନ୍‌ଫ୍ଲୁଏଞ୍ଜା କରାଇ ପାରିବ ନାହିଁ ।
"The Africa CDC has played a role in responding to the global 201920 COVID-19 pandemic, which has affected Africa. In early April 2020, Director Dr John Nkengasong condemned remarks by two French scientists Professors, Jean-Paul Mira and Camille Locht suggesting that a potential tuberculosis vaccine for the coronavirus be test in Africa as ""disgusting and racist"". Dr Mira has since apologized for his remarks.","୨୦୨୦ ଏପ୍ରିଲର ଆରମ୍ଭରେ, କୋରୋନା ଭାଇରସ ନିମନ୍ତେ ଏକ ସମ୍ଭାବ୍ୟ ଟ୍ୟୁବରକ୍ୟୁଲୋସିସ ଟୀକା ଆଫ୍ରିକାରେ ପରୀକ୍ଷା କରାଯାଉ ବୋଲି ପରାମର୍ଶ ଦେଇଥିବା ଦୁଇଜଣ ଫରାସୀ ବୈଜ୍ଞାନିକ, ଉଭୟ ପ୍ରଫେସର ଜାଁ ପଲ୍ ମୀରା ଓ କାମିଲି ଲୋଟଙ୍କ ମନ୍ତବ୍ୟଗୁଡିକୁ ନିର୍ଦ୍ଦେଶକ ଡ. ଜନ୍ କିଙ୍ଗାସଙ୍ଗ ""ଅରୁଚିକର ଓ ବର୍ଣ୍ଣ-ବୈଷମ୍ୟବାଦୀ"" କହି ନିନ୍ଦା କରିଥିଲେ।"
"The Africa CDC is based at the Africa CDC Coordinating Centre in Addis Ababa, Ethiopia, which also contains the agency's Emergency Operations Centre. The agency is led by Director Dr John Nkengasong and Deputy Director Ahmed Ogwell Ouma. Besides its Executive Office and a Science and Programme Office, the agency also has several divisions dealing with ""policy, health diplomacy, and communication,"" ""management and administration,"" ""surveillance and disease intelligence,"" ""laboratory systems and networks,"" ""emergency preparedness and response,"" and "" public health institutes and research.""","ଏହାର କାର୍ଯ୍ୟନିର୍ବାହୀ ଅଫିସ ଏବଂ ଏକ ବିଜ୍ଞାନ ଓ ପ୍ରୋଗ୍ରାମ ଅଫିସ ବ୍ୟତୀତ, ""ନୀତି, ସ୍ୱାସ୍ଥ୍ୟ କୂଟନୀତି, ଓ ଯୋଗାଯୋଗ"", ""ପ୍ରବନ୍ଧନ ଓ ପ୍ରଶାସନ"", ""ନିରୀକ୍ଷଣ ଓ ବ୍ୟାଧି ସମ୍ବନ୍ଧୀୟ ସୂଚନା"", ""ପରୀକ୍ଷାଗାର ବ୍ୟବସ୍ଥା ଓ ନେଟୱର୍କ"", ""ଜରୁରୀ ପରିସ୍ଥିତି ନିମନ୍ତେ ପ୍ରସ୍ତୁତି ଓ ପ୍ରତିକ୍ରିୟା"" ଏବଂ ""ଜନସ୍ୱାସ୍ଥ୍ୟ ଅନୁଷ୍ଠାନ ଓ ଗବେଷଣା"" ଆଦିର ପରିଚାଳନା ନିମନ୍ତେ ସଂସ୍ଥାଟିର ଅନେକ ବିଭାଗ ରହିଛି।"
"The Africa CDC is based at the Africa CDC Coordinating Centre in Addis Ababa, Ethiopia, which also contains the agency's Emergency Operations Centre. The agency is led by Director Dr John Nkengasong and Deputy Director Ahmed Ogwell Ouma. Besides its Executive Office and a Science and Programme Office, the agency also has several divisions dealing with ""policy, health diplomacy, and communication,"" ""management and administration,"" ""surveillance and disease intelligence,"" ""laboratory systems and networks,"" ""emergency preparedness and response,"" and "" public health institutes and research.""",'ଆଫ୍ରିକା ସି.ଡି.ସି.' ଇଥିଓପିଆର ଆଦୀସ୍‌ ଆବାବା ଠାରେ ଥିବା 'ଆଫ୍ରିକା ସି.ଡି.ସି. ସମନ୍ୱୟ କେନ୍ଦ୍ର' ଠାରେ ଅବସ୍ଥିତ ଯେଉଁଠାରେକି ଉକ୍ତ ସଂସ୍ଥାଟିର ଜରୁରୀକାଳୀନ ପ୍ରଚାଳନ କେନ୍ଦ୍ର ରହିଛି ।
"The NCD Alliance is a global partnership founded in May 2009 by four international federations representing cardiovascular disease, diabetes, cancer, and chronic respiratory disease. The NCD Alliance brings together roughly 900 national member associations to fight non-communicable disease. Long-term aims of the Alliance include:",'ଏନ୍‌.ସି.ଡି. ମିତ୍ରଗୋଷ୍ଠୀ' ଅଣ-ସଙ୍କ୍ରାମକ ରୋଗଗୁଡ଼ିକୁ ମୁକାବିଲା କରିବା ପାଇଁ ଆନୁମାନିକ ଭାବରେ ୯୦୦ଟି ଜାତୀୟ ସଦସ୍ୟ ସଙ୍ଗଠନକୁ ଏକତ୍ରିତ କରିଅଛି ।
"The gastrointestinal tract (GI tract, digestive tract, alimentary canal) is the tract or passageway of the digestive system that leads from the mouth to the anus. The GI tract contains all the major organs of the digestive system, in humans and other animals, including the esophagus, stomach, and intestines. Food taken in through the mouth is digested to extract nutrients and absorb energy, and the waste expelled at the anus as feces.","'ଜି.ଆଇ. ନଳିକା' ମନୁଷ୍ୟ ଏବଂ ଅନ୍ୟାନ୍ୟ ପଶୁମାନଙ୍କ ଠାରେ ପାଚନ ତନ୍ତ୍ରର ସମସ୍ତ ପ୍ରମୁଖ ଅଙ୍ଗଗୁଡ଼ିକୁ ଧାରଣ କରିଥାଏ, ଯାହା ମଧ୍ୟରେ ଗ୍ରାସନଳୀ, ପାକସ୍ଥଳୀ, ଏବଂ ଅନ୍ତ୍ରନଳୀଗୁଡ଼ିକ ଅନ୍ତର୍ଭୁକ୍ତ ।"
"The gastrointestinal tract (GI tract, digestive tract, alimentary canal) is the tract or passageway of the digestive system that leads from the mouth to the anus. The GI tract contains all the major organs of the digestive system, in humans and other animals, including the esophagus, stomach, and intestines. Food taken in through the mouth is digested to extract nutrients and absorb energy, and the waste expelled at the anus as feces.","ଜଠରାନ୍ତ୍ର ନଳୀ (ଜି.ଆଇ. ନଳୀ, ପାଚନ ନଳୀ, ଆହାର ନଳିକା) ହେଉଛି ପାଚନ ତନ୍ତ୍ରର ସେହି ନଳୀ ବା ମାର୍ଗ ଯାହାକି ମୁଖ ଠାରୁ ମଳଦ୍ଵାର ପର୍ଯ୍ୟନ୍ତ ଯାଇଥାଏ ।"
"There are additional factors contributing to protection from pathogen invasion. For example, low pH (ranging from 1 to 4) of the stomach is fatal for many microorganisms that enter it. Similarly, mucus (containing IgA antibodies) neutralizes many pathogenic microorganisms.","ଉଦାହରଣ ସ୍ୱରୂପ, ପାକସ୍ଥଳୀର ନିମ୍ନ ମାତ୍ରାର ପିଏଚ୍‌ (୧ ରୁ ୪ ମଧ୍ୟରେ ଆସୁଥିବା) ଏହା ମଧ୍ୟକୁ ପ୍ରବେଶ କରୁଥିବା ଅନେକ ଅଣୁଜୀବଙ୍କ ପାଇଁ ମାରାତ୍ମକ ହୋଇଥାଏ ।"
"Treatment for personality disorders is primarily psychotherapeutic. Evidence-based psychotherapies for personality disorders include cognitive behavioral therapy, and dialectical behavior therapy especially for borderline personality disorder. A variety of psychoanalytic approaches are also used.","ବ୍ୟକ୍ତିତ୍ୱ ବିକାରଗୁଡ଼ିକର ପ୍ରମାଣ-ଆଧାରିତ ମନୋବୈଜ୍ଞାନିକ ଚିକିତ୍ସାଗୁଡ଼ିକ ମଧ୍ୟରେ ସଂଜ୍ଞାନାତ୍ମକ ଆଚରଣ-ସମ୍ପର୍କିତ ଚିକିତ୍ସା, ଏବଂ ବିଶେଷତଃ ଭାବାତ୍ମକ ଅସ୍ଥିର ବ୍ୟକ୍ତିତ୍ୱ ବିକାର ନିମନ୍ତେ, ଦ୍ଵନ୍ଦ୍ୱାତ୍ମକ ଆଚରଣ-ସମ୍ପର୍କିତ ଚିକିତ୍ସା ଅନ୍ତର୍ଭୁକ୍ତ ।"
"WHO described increasing capacity and adapting healthcare as a fundamental mitigation. The ECDC and WHO's European regional office issued guidelines for hospitals and primary healthcare services for shifting resources at multiple levels, including focusing laboratory services towards testing, cancelling elective procedures, separating and isolating patients, and increasing intensive care capabilities by training personnel and increasing ventilators and beds. The pandemic drove widespread adoption of telehealth.","ଇ.ସି.ଡି.ସି. ଓ ଡବ୍ଲୁ.ଏଚ୍‌.ଓ. ର ୟୁରୋପୀୟ ଆଞ୍ଚଳିକ କାର୍ଯ୍ୟାଳୟ, ବିଭିନ୍ନ ସ୍ତରରେ ସାଧନ ସ୍ଥାନାନ୍ତର କରିବା ଲକ୍ଷ୍ୟରେ, ଡାକ୍ତରଖାନା ଏବଂ ପ୍ରାଥମିକ ସ୍ୱାସ୍ଥ୍ୟ କେନ୍ଦ୍ରଗୁଡ଼ିକ ପାଇଁ ନିୟମାବଳୀ ଜାରି କଲେ, ଯହିଁରେ ପରୀକ୍ଷଣ ସକାଶେ ପରୀକ୍ଷାଗାର ସୁବିଧା ଉପରେ ଗୁରୁତ୍ଵ ଦେବା, ଶୀଘ୍ର ଆବଶ୍ୟକ ହେଉନଥିବା ଚିକିତ୍ସା ବନ୍ଦ କରିବା, ରୋଗୀଙ୍କୁ ଅଲଗା ତଥା ଏକାନ୍ତରେ ରଖିବା, ଏବଂ କର୍ମଚାରୀମାନଙ୍କୁ ତାଲିମ ଦେଇ ତଥା ଭେଣ୍ଟିଲେଟର ଓ ଶଯ୍ୟା ସଂଖ୍ୟା ବୃଦ୍ଧି କରି ଇଣ୍ଟେନସିଭ୍‌ ଚିକିତ୍ସାର କାର୍ଯ୍ୟଦକ୍ଷତା ବଢ଼ାଇବା ଅନ୍ତର୍ଭୁକ୍ତ ଅଟେ।"
"serious health problems often result from physical, emotional, and sexual forms of domestic violence. physical health outcomes include: injury (from lacerations to fractures and internal organs injury), unwanted pregnancy, gynaecological problems, stds including hiv, miscarriage, pelvic inflammatory disease, chronic pelvic pain, headaches, permanent disabilities, asthma, irritable bowel syndrome, self-injurious behaviours (smoking, unprotected sex) mental health effects can include depression, fear, anxiety, low self-esteem, sexual dysfunction, eating disorders, obsessive-compulsive disorder, or post traumatic stress disorder. fatal effects can include suicide, homicide, maternal mortality, or hiv/aids.","ଶାରୀରିକ ସ୍ୱାସ୍ଥ୍ୟ ପରିଣାମ ମଧ୍ୟରେ ଥାଏ କ୍ଷତ (ଗଭୀର ଆଘାତରୁ ଆରମ୍ଭ କରି ହାଡ଼ଭଙ୍ଗା ଓ ଆଭ୍ୟନ୍ତର ଅଙ୍ଗର କ୍ଷତ ପର୍ଯ୍ୟନ୍ତ), ଅନିଚ୍ଛାକୃତ ଗର୍ଭାଧାନ, ସ୍ତ୍ରୀରୋଗ ସମ୍ବନ୍ଧିତ ସମସ୍ୟା, ଏଚ୍‌.ଆଇ.ଭି. ସମେତ ଏସ୍‌.ଟି.ଡି., ଗର୍ଭନଷ୍ଟ, ପ୍ରଜନନ ଅଙ୍ଗରେ ସଙ୍କ୍ରମଣ, ତଳିପେଟରେ ଦୀର୍ଘକାଳୀନ ଦରଜ, ମୁଣ୍ଡବ୍ୟଥା, ସ୍ଥାୟୀ ଅକ୍ଷମତା, ଶ୍ଵାସ, ଉଦର ପୀଡ଼ା ଲକ୍ଷଣ, ଆତ୍ମଘାତୀ ଆଚରଣ (ଧୂମପାନ, ଅସୁରକ୍ଷିତ ଯୌନାଚାର); ମାନସିକ ସ୍ୱାସ୍ଥ୍ୟ ପ୍ରଭାବ ମଧ୍ୟରେ ଅବସାଦ, ଭୟ, ଉଦ୍‌ବେଗ, ନ୍ୟୁନ ଆତ୍ମସମ୍ମାନ, ଯୌନ ନିଷ୍କ୍ରିୟତା, ବିଶୃଙ୍ଖଳିତ ଖାଦ୍ୟାଭ୍ୟାସ, ଅବଶେଷିଭ-କମ୍ପଲସିଭ ଡିଜର୍ଡର, କିମ୍ବା ଆତଙ୍କ-ପରବର୍ତ୍ତୀ ଆତୁରତାଜନିତ ଦୁଃସ୍ଥିତି ଆଦି ଅନ୍ତର୍ଭୁକ୍ତ।"
"A 2009 Cochrane review concluded that thiazide antihypertensive drugs reduce the risk of death (RR 0.89), stroke (RR 0.63), coronary heart disease (RR 0.84), and cardiovascular events (RR 0.70) in people with high blood pressure. In the ensuring years other classes of antihypertensive drug were developed and found wide acceptance in combination therapy, including loop diuretics (Lasix/furosemide, Hoechst Pharmaceuticals, 1963), beta blockers (ICI Pharmaceuticals, 1964) ACE inhibitors, and angiotensin receptor blockers. ACE inhibitors reduce the risk of new onset kidney disease [RR 0.71] and death [RR 0.84] in diabetic patients, irrespective of whether they have hypertension.","ପରବର୍ତ୍ତୀ ବର୍ଷଗୁଡ଼ିକରେ, ଉଚ୍ଚ ରକ୍ତଚାପ ପ୍ରତିରୋଧୀ ଔଷଧର ଅନ୍ୟ ପ୍ରକାରଗୁଡ଼ିକ ପ୍ରସ୍ତୁତ ହୋଇଥିଲା ଏବଂ ମିଶ୍ରିତ ଚିକିତ୍ସାରେ ବ୍ୟାପକ ସ୍ୱୀକୃତି ଲାଭ କରିଥିଲା, ଯାହା ମଧ୍ୟରେ 'ଲୂପ୍ ମୁତ୍ରବର୍ଦ୍ଧକ ଔଷଧ' (ଲାସିକ୍ସ୍‌/ଫ୍ୟୁରୋସେମାଇଡ଼୍‌, ହୋକ୍‌ଷ୍ଟ୍‌ ଫାର୍ମାସ୍ୟୁଟିକାଲ୍‌ସ, ୧୯୬୩), 'ବିଟା-ରୋଧକ' (ଆଇ.ସି.ଆଇ. ଫାର୍ମାସିଉଟିକାଲ୍‌ସ୍‌, ୧୯୬୪) 'ଏ.ସି.ଇ. ରୋଧକ', ଏବଂ 'ଆଞ୍ଜିଓଟେନ୍‌ସିନ୍‌ ଗ୍ରାହୀ ରୋଧକ' ଅନ୍ତର୍ଭୁକ୍ତ ।"
"A total of 48,675 hectares (120,280 acres) of land is used for agriculture purposes. Paddy, the main food crop, is mostly cultivated in Andaman group of islands, whereas coconut and arecanut are the cash crops of Nicobar group of islands. Field crops, namely, pulses, oilseeds and vegetables are grown, followed by paddy during Rabi season.","ମୁଖ୍ୟ ଖାଦ୍ୟ ଶସ୍ୟ, ଧାନ ମୁଖ୍ୟତଃ ଆଣ୍ଡାମାନ ଦ୍ୱୀପପୁଞ୍ଜରେ ଚାଷ କରାଯାଉଥିବାବେଳେ, ନଡ଼ିଆ ଏବଂ ଗୁଆ ହେଉଛି ନିକୋବର ଦ୍ୱୀପପୁଞ୍ଜର ଅର୍ଥକରୀ ଫସଲ ।"
"ATI entered the mobile computing sector by introducing 3D-graphics acceleration to laptops in 1996. The Mobility product line had to meet requirements different from those of desktop PCs, such as minimized power usage, reduced heat output, TMDS output capabilities for laptop screens, and maximized integration. In 1997, ATI acquired Tseng Labs's graphics assets, which included 40 engineers.",'ଏ.ଟି.ଆଇ.' ୧୯୯୬ ମସିହାରେ ଲ୍ୟାପ୍‌ଟପ୍‌ଗୁଡ଼ିକରେ ୩ଡି-ଚିତ୍ର ତ୍ୱରଣକୁ ପ୍ରଚଳନ କରି ମୋବାଇଲ୍‌ କମ୍ପ୍ୟୁଟିଂ ଉଦ୍ୟୋଗକୁ ପ୍ରବେଶ କରଥିଲା ।
According to Greenpeace the largest coal belt in India is at Jharia. Before coal mining Jharia had forests inhabited by tribes. In 1971 the coal mines were nationalised.,"କୋଇଲା ଖଣି ଖନନ ପୂର୍ବରୁ, ଝରିଆରେ ଜଙ୍ଗଲମାନ ରହିଥିଲା, ଯାହାମଧ୍ୟରେ ଜନଜାତିମାନେ ବସବାସ କରୁଥିଲେ ।"
"An international cargo hub project, the Multi-modal International Cargo Hub and Airport at Nagpur, (MIHAN), has been developed. MIHAN will be used for handling heavy cargo coming from South-East Asia and Middle-East Asia. The project will also include a 100 billion (US$1.3billion) Special Economic Zone (SEZ) for information-technology companies.","ଏକ ଆନ୍ତର୍ଜାତିକ କାର୍ଗୋ ହବ୍‌ ପ୍ରକଳ୍ପ, 'ମଲ୍ଟି ମୋଡାଲ୍‌ ଇଣ୍ଟର୍‌ନ୍ୟାସନାଲ୍‌ କାର୍ଗୋ ହବ୍‌ ଆଣ୍ଡ୍‌ ଏୟାର୍‌ପୋର୍ଟ୍‌ ଆଟ୍‌ ନାଗପୁର', (ମିହାନ୍), ବିକଶିତ କରାଯାଇଛି।"
"Ashok Leyland Defence Systems Ltd. (ALDS) also leverages Ashok Leyland's in-house R&D base, its collaboration with global technology leaders and Ashok Leyland's state-of-the-art plants in India. Ashok Leyland Defence Systems Ltd.","ଅଶୋକ ଲିଲ୍ୟାଣ୍ଡ୍‌ ଡିଫେନ୍ସ୍‌ ସିଷ୍ଟମ୍‌ସ୍‌ ଲିଃ. (ଆଲ୍‌ଡ୍‌ସ୍‌) ଅଶୋକ ଲିଲ୍ୟାଣ୍ଡ୍‌ର ଘରୋଇ ଆର୍‌. ଆଣ୍ଡ୍‌ ଡି. ଆଧାର, ପ୍ରଯୁକ୍ତିଜ୍ଞାନରେ ବିଶ୍ଵର ଅଗ୍ରଣୀମାନଙ୍କ ସହିତ ଏହାର ମିଳିତ ଉଦ୍ୟମ, ଏବଂ ଭାରତରେ ଥିବା ଅଶୋକ ଲିଲ୍ୟାଣ୍ଡ୍‌ର ଅତ୍ୟାଧୁନିକ କାରଖାନାଗୁଡ଼ିକର ମଧ୍ୟ ଲାଭ ଉଠାଇଥାଏ।"
"At SID's Display Week 2019 in May, Tianma and PlayNitride demonstrated their co-developed 7.56-inch (19.2cm) microLED display with over 60% transparency. China Star Optoelectronics Technology (CSoT) demonstrated a 3.3-inch (8.4cm) transparent microLED display with around 45% transparency, also co-developed with PlayNitride. Plessey Semiconductors Ltd demonstrated a monolithic monochrome blue GaN-on-silicon wafer bonded to a Jasper Display CMOS backplane 0.7-inch (18mm) active-matrix microLED display with an 8m pixel pitch.",ପ୍ଲେସ୍ସି ସେମିକଣ୍ଡକ୍ଟର୍ସ୍‌ ଲିଃ ଏକ ୮ ମି. ପିକ୍ସେଲ୍‌ ପିଚ୍‌ ଥିବା ଜାସ୍‌ପର୍‌ ଡିସ୍‌ପ୍ଲେ ସିମସ୍‌ ବ୍ୟାକ୍ ପ୍ଲେନ୍‌ ୦.୭-ଇଞ୍ଚ (୧୮ ମି.ମି.) ଆକ୍ଟିଭ୍‌-ମ୍ୟାଟ୍ରିକ୍ସ୍‌ ମାଇକ୍ରୋ-ଏଲ୍‌.ଇ.ଡି. ଡିସ୍‌ପ୍ଲେ ସହିତ ସଂଯୁକ୍ତ ଗୋଟିଏ ଏକ-ଖଣ୍ଡୀୟ ଏକ-ବର୍ଣ୍ଣଯୁକ୍ତ ନୀଳ ଗାଲିୟମ୍‌ ନାଇଟ୍ରାଇଡ଼୍‌-ଅନ୍-ସିଲିକନ୍‌ ୱେଫର୍‌ର ପ୍ରଦର୍ଶନ କରିଥିଲା ।
"Bangalore's rapid growth has created several administrative problems relating to traffic congestion and degrading infrastructure. The unplanned nature of growth in the city resulted in massive traffic gridlocks; a flyover system and one-way traffic systems were introduced, which were only moderately successful. A 2003Battelle Environmental Evaluation System (BEES) evaluation of Bangalore's physical, biological and socioeconomic parameters indicated that Bangalore's water quality and terrestrial and aquatic ecosystems were close to ideal, while the city's socioeconomic parameters (traffic, quality of life) air quality and noise pollution were poor.","ସହରଟିରେ ଅଭିବୃଦ୍ଧିର ଯୋଜନାହୀନ ପ୍ରକୃତି ଯୋଗୁଁ ପ୍ରବଳ ଟ୍ରାଫିକ୍‌ଜନିତ ଗତିରୋଧ; ଏକ ଫ୍ଲାଇଓଭର୍‌ ବ୍ୟବସ୍ଥା ଓ ଏକ-ମାର୍ଗୀ ଟ୍ରାଫିକ୍‌ ବ୍ୟବସ୍ଥାମାନ ପ୍ରଣୟନ ହୋଇଥିଲା, ଯାହାକି କେବଳ ମଧ୍ୟମ ଭାବରେ ସଫଳ ହୋଇଥିଲା ।"
"Constraints imposed by time zones can complicate communication; near-sourcing or nearshoring offers a solution. English language skills are the cornerstone of Nearshore and IT services. Collaboration by universities, industry, and government has slowly produced improvements.",ଇଂରାଜୀ ଭାଷା ଦକ୍ଷତାଗୁଡ଼ିକ ହେଉଛି ନିକଟତଟ ଏବଂ ଆଇ.ଟି. ସେବାଗୁଡ଼ିକର ଭିତ୍ତି ପ୍ରସ୍ତର ।
"Counter Measures Dispensing System (CMDS) is chaff and flare dispensing system. CMDS is an airborne defensive system providing self-protection to the aircraft by passive ECM against radar guided & IR seeking, air & ground launched missiles. Protection to the aircraft is achieved by misguiding the missiles by dispensing of chaff and/or flare payloads.","'ସି.ଏମ୍‌.ଡି.ଏସ୍‌.' ହେଉଛି ଏକ ବିମାନବାହିତ ପ୍ରତିରକ୍ଷା ବ୍ୟବସ୍ଥା ଯାହାକି ବିମାନକୁ ରାଡାର୍-ନିର୍ଦ୍ଦେଶିତ ଏବଂ 'ଆଇ.ଆର୍‌.' ଅନୁସନ୍ଧାନ, ଆକାଶପଥ ଏବଂ ସ୍ଥଳ ଭାଗରୁ ନିକ୍ଷେପିତ ମିଶାଇଲ୍‌ଗୁଡ଼ିକ ଠାରୁ ପରୋକ୍ଷ 'ଇ.ସି.ଏମ୍‌.' ଦ୍ଵାରା ଆତ୍ମ-ରକ୍ଷା ବ୍ୟବସ୍ଥା ପ୍ରଦାନ କରିଥାଏ ।"
"Egypt produced 691,000bbl/d of oil and 2,141.05Tcf of natural gas in 2013, making the country the largest non-OPEC producer of oil and the second-largest dry natural gas producer in Africa. In 2013, Egypt was the largest consumer of oil and natural gas in Africa, as more than 20% of total oil consumption and more than 40% of total dry natural gas consumption in Africa. Also, Egypt possesses the largest oil refinery capacity in Africa 726,000bbl/d (in 2012).","୨୦୧୩ ମସିହାରେ, ଇଜିପ୍ଟ ଥିଲା ଆଫ୍ରିକାରେ ତୈଳ ଏବଂ ପ୍ରାକୃତିକ ଗ୍ୟାସ୍‌ର ବୃହତ୍ତମ ଉପଭୋକ୍ତା, ଯିଏକି, ଆଫ୍ରିକାରେ ସମୁଦାୟ ତୈଳ ବ୍ୟବହାରର ୨୦% ରୁ ଅଧିକ ତଥା ପ୍ରାକୃତିକ ଗ୍ୟାସ୍‌ ବ୍ୟବହାରର ୪୦% ରୁ ଅଧିକ ବ୍ୟବହାର କରୁଥିଲା।"
"Following a merger process, the merger of the 5 remaining associate banks, (viz. State Bank of Bikaner and Jaipur, State Bank of Hyderabad, State Bank of Mysore, State Bank of Patiala, State Bank of Travancore); and the Bharatiya Mahila Bank) with the SBI was given an in-principle approval by the Union Cabinet on 15 June 2016. This came a month after the SBI board had, on 17 May 2016, cleared a proposal to merge its five associate banks and Bharatiya Mahila Bank with itself.","ଏକ ମିଶ୍ରଣ ପ୍ରକ୍ରିୟା ପରେ, ଏସ୍‌.ବି.ଆଇ. ସହିତ ଅବଶିଷ୍ଟ ୫ଟି ସହକାରୀ ବ୍ୟାଙ୍କ (ଯଥା: 'ଷ୍ଟେଟ ବ୍ୟାଙ୍କ ଅଫ୍‌ ବିକାନେର ଆଣ୍ଡ ଜୟପୁର', 'ଷ୍ଟେଟ ବ୍ୟାଙ୍କ ଅଫ୍‌ ହାଇଦ୍ରାବାଦ', 'ଷ୍ଟେଟ ବ୍ୟାଙ୍କ ଅଫ୍‌ ମହୀଶୂର', 'ଷ୍ଟେଟ ବ୍ୟାଙ୍କ ଅଫ୍‌ ପଟିଆଲା', ଏବଂ 'ଷ୍ଟେଟ ବ୍ୟାଙ୍କ ଅଫ୍‌ ଟ୍ରାଭାଙ୍କୋର') ଏବଂ ଭାରତୀୟ ମହିଳା ବ୍ୟାଙ୍କର ମିଶ୍ରଣକୁ କେନ୍ଦ୍ର କ୍ୟାବିନେଟ ଦ୍ଵାରା ୧୫ ଜୁନ୍‌ ୨୦୧୬ରେ ସୈଦ୍ଧାନ୍ତିକ ଅନୁମୋଦନ ପ୍ରଦାନ କରାଯାଇଥିଲା ।"
"GAIL is also an equity partner in two retail gas companies in Egypt, namely Fayum Gas Company (FGC) and National Gas Company (Natgas). Besides, GAIL is an equity partner in a retail gas company involved in city gas and CNG business in China China Gas Holdings Limited (China Gas). Further, GAIL and China Gas have formed an equally owned joint venture company GAIL China Gas Global Energy Holdings Limited for pursuing gas sector opportunities primarily in China.","'ଗେ'ଲ୍' ଇଜିପ୍ଟର ଦୁଇଟି ଖୁଚୁରା ଗ୍ୟାସ୍‌ କମ୍ପାନୀର ଅଂଶଧନର ଭାଗୀଦାରୀ ମଧ୍ୟ, ଯେଉଁଗୁଡ଼ିକର ନାମ ହେଲା ଫାୟୁମ୍‌ ଗ୍ୟାସ୍‌ କମ୍ପାନୀ (ଏଫ୍‌.ଜି.ସି.) ଏବଂ ନ୍ୟାସନାଲ୍‌ ଗ୍ୟାସ୍‌ କମ୍ପାନୀ (ନ୍ୟାଟ୍‌ଗ୍ୟାସ୍‌) ।"
"In 1824, Hamilton was introduced at Edgeworthstown to the novelist Maria Edgeworth, by the Rev. Richard Butler, the vicar of Trim, County Meath to whom his uncle James Hamilton was curate.:5,34 During the same period, his uncle introduced him to the Disney family at Summerhill, County Meath. The Disney sons attended Trinity College, and Hamilton had friends among them. At Summerhill, he met Catherine Disney, their sister.:37","୧୮୨୪ ମସିହାରେ, ହ୍ୟାମିଲ୍‌ଟନ୍‌ ଏଜ୍‌ୱର୍ଥ୍‌ସ୍‌ଟାଉନ୍‌ ଠାରେ କାଉଣ୍ଟି ମୀଥ୍‌ ସ୍ଥିତ 'ଟ୍ରିମ୍‌'ର ଭିକାର୍, ତାଙ୍କ କକା ଜେମ୍‌ସ୍‌ ହ୍ୟାମିଲ୍‌ଟନ୍‌ ଯାହାଙ୍କର ସହକାରୀ ଧର୍ମଯାଜକ ଥିଲେ, ସେହି ପୂଜ୍ୟ ରିଚାର୍ଡ୍‌ ବଟ୍‌ଲର୍‌ଙ୍କ ଦ୍ଵାରା ଔପନ୍ୟାସିକା ମାରିଆ ଏଜ୍‌ୱର୍ଥ୍‌ଙ୍କ ସହିତ ପରିଚିତ ହୋଇଥିଲେ ।"
"In India, the first pharmaceutical company set up was Bengal Chemicals and Pharmaceutical. Bengal Chemicals and Pharmaceutical was set up by P.C Ray, professor of chemistry at Calcutta University. After 9 years of settlement of this company, one more company called Alembic Chemical works at Baroda (Now as Vadodara) in Gujarat was set up.","'ବେଙ୍ଗଲ୍‌ କେମିକାଲ୍‌ସ୍‌ ଏବଂ ଫାର୍ମାସିଉଟିକାଲ୍‌ସ୍‌' କଲିକତା ବିଶ୍ୱବିଦ୍ୟାଳୟର ଜଣେ ରସାୟନ ବିଜ୍ଞାନ ପ୍ରାଧ୍ୟାପକ, ପି.ସି. ରାୟଙ୍କ ଦ୍ଵାରା ସ୍ଥାପିତ ହୋଇଥିଲା ।"
"In March 1953, the Indian Parliament passed the Air Corporations Act. India's airline industry was nationalised and the eight domestic airlines operating independently at that time Deccan Airways, Airways India, Bharat Airways, Himalayan Aviation, Kalinga Airlines, Indian National Airways, Air India and Air Services of India were merged into two government-owned entities. Indian Airlines focussed on domestic routes and Air India International on international services. The International Airports Authority of India (IAAI) was constituted in 1972 while the National Airports Authority was constituted in 1986.",'ଇଣ୍ଡିଆନ୍‌ ଏୟାର୍‌ଲାଇନ୍‌ସ୍‌' ଘରୋଇ ମାର୍ଗଗୁଡ଼ିକ ଉପରେ ଏବଂ 'ଏୟାର୍‌ ଇଣ୍ଡିଆ ଇଣ୍ଟର୍‌ନ୍ୟାସ୍‌ନାଲ' ଆନ୍ତର୍ଜାତିକ ସେବାଗୁଡ଼ିକ ଉପରେ ଗୁରୁତ୍ଵ ଦେଇଥିଲା ।
"In other cases the helicopter has been used solely for sensing and rocket delivered torpedoes used as the weapon. Surface ships continue to be an important ASW platform because of their endurance, now having towed array sonars. Submarines are the main ASW platform because of their ability to change depth and their quietness, which aids detection.","ଅନ୍ୟାନ୍ୟ ଦୃଷ୍ଟାନ୍ତଗୁଡ଼ିକରେ, ହେଲିକପ୍ଟରକୁ କେବଳ ଅନୁମାନ କରିବା ପାଇଁ ଏବଂ ରକେଟ୍‌-ପ୍ରେରିତ କ୍ଷେପଣାସ୍ତ୍ରଗୁଡ଼ିକୁ ଅସ୍ତ୍ର ଭାବରେ ବ୍ୟବହାର କରାଯାଇଛି ।"
"In the 1980s the Spanish firm Esperanza y Cia developed a 120mm caliber mortar bomb which contained 21 anti-armor submunitions. What made the 120mm ""Espin"" unique was the electrical impact fusing system which totally eliminated dangerous duds. The system operates on a capacitor in each submunition which is charged by a wind generator in the nose of the projectile after being fired.","୧୯୮୦ ଦଶକରେ, ସ୍ପେନୀୟ ବ୍ୟାବସାୟିକ ପ୍ରତିଷ୍ଠାନ 'ଏସ୍ପେରା'ଞ୍ଜା ୟି ସିଆ' ଏକ ୧୨୦-ମି.ମି. ଗୋଳାବାରୁଦ ବୋମା ପ୍ରସ୍ତୁତ କରିଥିଲା ଯାହାକି ୨୧ଟି ଅସ୍ତ୍ର-ପ୍ରତିରୋଧୀ ଉପାସ୍ତ୍ର ଧାରଣ କରିଥିଲା ।"
"India's geothermal energy installed capacity is experimental, and commercial use is insignificant. According to some estimates, India has 10,600 MW of geothermal energy available. The resource map for India has been grouped into six geothermal provinces:","କେତେକ ଆକଳନ ଅନୁଯାୟୀ, ଭାରତରେ ୧୦,୬୦୦ ମେଗାୱାଟ୍‌ ଭୂ-ତାପଜ ଶକ୍ତି ଉପଲବ୍ଧ ରହିଛି ।"
"NRE Accounts are repatriable. Credits permitted to NRE account are inward remittance from outside India, interest accruing on the account, interest on investment, transfer from other NRE/ FCNR(B) accounts, maturity proceeds of investments (if such investments were made from this account or through inward remittance). Inward remittances from outside India, legitimate dues in India and transfers from other NRO accounts are permissible credits to NRO account.","ଭାରତ ବାହାରୁ ଅଭ୍ୟନ୍ତରଗାମୀ ପ୍ରେରିତ ଅର୍ଥରାଶି, ଭାରତରେ ଥିବା ବୈଧ ଋଣଗୁଡ଼ିକ, ଏବଂ ଅନ୍ୟାନ୍ୟ ଏନ୍‌.ଆର୍‌.ଓ. ଆକାଉଣ୍ଟ୍‌ଗୁଡ଼ିକରୁ ସ୍ଥାନାନ୍ତରିତ ହୋଇଥିବା ଅର୍ଥ ହେଉଛି ଏନ୍‌.ଆର୍‌.ଓ. ଆକାଉଣ୍ଟ୍‌ଟି ନିମନ୍ତେ ଅନୁମୋଦିତ କ୍ରେଡିଟ୍‌ ।"
"Nashik has a textile industry. National Bank for Agriculture and Rural Development has selected Yeola Block for development of Paithani Cluster. To facilitate exports, a container freight station was started at MIDC Ambad by the Central Government.",ରପ୍ତାନିକୁ ସହଜସାଧ୍ୟ କରିବା ପାଇଁ କେନ୍ଦ୍ର ସରକାରଙ୍କ ଦ୍ଵାରା ଏମ୍‌.ଆଇ.ଡି.ସି. ଅମ୍ବଡ଼୍‌ ଠାରେ ଏକ ମାଲ୍‌ ପରିବହନ ଷ୍ଟେସନ୍‌ ଆରମ୍ଭ କରାଯାଇଥିଲା ।
"On 8 August 1984 a patent, US4575330, assigned to UVP, Inc., later assigned to Chuck Hull of 3D Systems Corporation was filed, his own patent for a stereolithography fabrication system, in which individual laminae or layers are added by curing photopolymers with impinging radiation, particle bombardment, chemical reaction or just ultraviolet light lasers. Hull defined the process as a ""system for generating three-dimensional objects by creating a cross-sectional pattern of the object to be formed,"". Hull's contribution was the STL (Stereolithography) file format and the digital slicing and infill strategies common to many processes today.","୮ ଅଗଷ୍ଟ ୧୯୮୪ ରେ, ୟୁ.ଭି.ପି., ନିଗମିତ ନିମନ୍ତେ ନିର୍ଦ୍ଦିଷ୍ଟ ହୋଇଥିବା ଏବଂ ପରେ 'ଚକ୍ ହଲ୍ ଅଫ୍ ୩ଡି ସିଷ୍ଟମ୍‌ସ୍‌ କର୍ପୋରେସନ୍‌' ନିମନ୍ତେ ନିର୍ଦ୍ଦିଷ୍ଟ ହୋଇଥିବା ଏକ ପ୍ୟାଟେଣ୍ଟ୍, 'ୟୁ.ଏସ୍‌.୪୫୭୫୩୩୦'କୁ ଏକ ଷ୍ଟେରିଓଲିଥୋଗ୍ରାଫି ନିର୍ମାଣ ତନ୍ତ୍ର ନିମନ୍ତେ ଦାଖଲ କରାଯାଇଥିଲା, ଯେଉଁଥିରେକି ପ୍ରଭାବକାରୀ ବିକିରଣ ଥିବା ଫଟୋପଲିମରଗୁଡ଼ିକର ସଂସାଧନ, କଣିକାଗୁଡ଼ିକର ଆଘାତ, ରାସାୟନିକ ପ୍ରତିକ୍ରିୟା, କିମ୍ବା କେବଳ ଅତିବାଇଗଣି ଆଲୋକ ରଶ୍ମିଗୁଡ଼ିକ ଦ୍ଵାରା ନିର୍ଦ୍ଦିଷ୍ଟ ପରସ୍ତ ବା ସ୍ତରଗୁଡ଼ିକୁ ଯୋଡ଼ାଯାଇଥାଏ ।"
"Other major industries include the manufacturing of scientific instruments, agricultural goods, electrical goods, machine tools, textiles, sewing machines, sports goods, starch, fertilisers, bicycles, garments, and the processing of pine oil and sugar. Minerals and energy resources also contribute to Punjab's economy to a much lesser extent. Punjab has the largest number of steel rolling mill plants in India, which are in ""Steel Town""Mandi Gobindgarh in the Fatehgarh Sahib district.","ଅନ୍ୟାନ୍ୟ ପ୍ରମୁଖ ଉଦ୍ୟୋଗଗୁଡ଼ିକ ମଧ୍ୟରେ ବୈଜ୍ଞାନିକ ଉପକରଣ, କୃଷି ଉପକରଣ, ବୈଦ୍ୟୁତିକ ଉପକରଣ, ଯାନ୍ତ୍ରିକ ଉପକରଣ, ବସ୍ତ୍ର, ସିଲେଇ ମେସିନ୍‌, କ୍ରୀଡ଼ା ସାମଗ୍ରୀ, ମଣ୍ଡ, ସାର, ବାଇସାଇକେଲ୍‌, ପୋଷାକପତ୍ର ଉତ୍ପାଦନ ଏବଂ ପାଇନ୍‌ ତୈଳ ତଥା ଚିନିର ପ୍ରକ୍ରିୟାକରଣ ଅନ୍ତର୍ଭୁକ୍ତ।"
Power efficiency is another important measurement in modern computers. A higher power efficiency can often be traded for lower speed or higher cost. The typical measurement when referring to power consumption in computer architecture is MIPS/W (millions of instructions per second per watt).,କମ୍ପ୍ୟୁଟର ସଂରଚନା କ୍ଷେତ୍ରରେ ଶକ୍ତି ଉପଯୋଗ ସଂକ୍ରାନ୍ତରେ ବୁଝାଯାଉଥିବା ବେଳେ ଆଦର୍ଶ ମାପଟି ହେଉଛି ମି.ଇ.ପ୍ର.ସେ/ୱା. (ମିଲିୟନ୍‌ସ୍‌ ଅଫ୍ ଇନ୍‌ଷ୍ଟ୍ରକ୍‌ସନ୍‌ସ୍‌ ପର୍‌ ସେକେଣ୍ଡ୍‌ ପର୍‌ ୱାଟ୍‌) ।
"Research Centre Imarat (RCI) and Terminal Ballistics Research Laboratory (TBRL) developed product called Aerosol Containment Box for enclosure of intubation procedure made with Poly(methyl methacrylate). It is cubical in shape designed for both adults and minors that covers the COVID-19 infected patients during medical examination and treatment from head to chest to stop the transmission of droplets containing the virus to others. Employees' State Insurance Corporation Medical College, Hyderabad helped RCI in prototype development while Postgraduate Institute of Medical Education and Research helped in testing, validation and acceptance of product for medical use.","କର୍ମଚାରୀ ରାଜ୍ୟ ବୀମା ନିଗମ ମେଡ଼ିକାଲ୍‌ କଲେଜ, ହାଇଦ୍ରାବାଦ, ଆର୍‌.ସି.ଆଇ. କୁ ମୂଳରୂପ ବିକାଶରେ ସହାୟତା କରିଥିଲା, ଯେତେବେଳେକି ସ୍ନାତକୋତ୍ତର ଚିକିତ୍ସା ଶିକ୍ଷା ଏବଂ ଅନୁସନ୍ଧାନ ସଂସ୍ଥାନ ଚିକିତ୍ସା କ୍ଷେତ୍ରରେ ବ୍ୟବହାର ପାଇଁ ଦ୍ରବ୍ୟଗୁଡ଼ିକର ପରୀକ୍ଷଣ, ବୈଧକରଣ, ଏବଂ ସ୍ଵୀକରଣରେ ସହାୟତା କରିଥିଲା ।"
"Strange and exotic weapons are a recurring feature or theme in science fiction. In some cases, weapons first introduced in science fiction have now been made a reality. Other science fiction weapons remain purely fictional, and are often beyond the realms of known physical possibility.","କେତେକ କ୍ଷେତ୍ରରେ, କାଳ୍ପନିକ ବିଜ୍ଞାନ କାହାଣୀଗୁଡ଼ିକରେ ଉପସ୍ଥାପିତ ହୋଇଥିବା ଯୁଦ୍ଧାସ୍ତ୍ରଗୁଡ଼ିକୁ ବର୍ତ୍ତମାନ ଏକ ବାସ୍ତବତାରେ ପରିଣତ କରାଯାଇଛି ।"
"Tamil Nadu is facing largest power shortage since 2009 (34.1% deficit), the highest in the country, due to industrialization over the last decade. India's leading steel producer SAIL has a steel plant in Salem, Tamil Nadu. Tamil Nadu ranks first nationwide in diesel-based thermal electricity generation with national market share of over 34%.","ଭାରତର ଅଗ୍ରଣୀ ଇସ୍ପାତ ଉତ୍ପାଦକ, 'ସେ'ଲ୍‌'ର ତାମିଲନାଡ଼ୁର ସାଲେମ୍‌ ଠାରେ ଏକ ଇସ୍ପାତ କାରଖାନା ରହିଛି ।"
"Tantalum electrolytic capacitors with PPy polymer electrolyte cathode followed three years later. In 1993 NEC introduced its SMD polymer Ta-e-caps called ""NeoCap"". In 1997 Sanyo followed with the ""POSCAP"" polymer tantalum chips.","୧୯୯୭ ମସିହାରେ, 'ସାନ୍‌ୟୋ' 'ପସ୍‌କ୍ୟାପ୍‌' ପଲିମର୍‌ ଟାଣ୍ଟାଲମ୍‌ ଚିପ୍ସ୍‌ ସଙ୍ଗେ ଅନୁବର୍ତ୍ତୀ ହୋଇ ଆସିଥିଲା ।"
"The cockpit of an aircraft is a typical location for avionic equipment, including control, monitoring, communication, navigation, weather, and anti-collision systems. The majority of aircraft power their avionics using 14- or 28volt DC electrical systems; however, larger, more sophisticated aircraft (such as airliners or military combat aircraft) have AC systems operating at 400Hz, 115 volts AC. There are several major vendors of flight avionics, including The Boeing Company, Panasonic Avionics Corporation, Honeywell (which now owns Bendix/King), Universal Avionics Systems Corporation, Rockwell Collins (now Collins Aerospace), Thales Group, GE Aviation Systems, Garmin, Raytheon, Parker Hannifin, UTC Aerospace Systems (now Collins Aerospace), Selex ES (now Leonardo S.p.A.), Shadin Avionics, and Avidyne Corporation.","ଏକ ବିମାନର କକ୍‌ପିଟ୍‌ଟି ହେଉଛି ସାଧାରଣତଃ ଉଡ଼ାଣ ସମ୍ବନ୍ଧୀୟ ଯନ୍ତ୍ରପାତି ରହିବାର ସ୍ଥାନ, ଯାହା ମଧ୍ୟରେ ନିୟନ୍ତ୍ରଣ, ପର୍ଯ୍ୟବେକ୍ଷଣ, ଯୋଗାଯୋଗ, ଦିଗ ନିର୍ଦ୍ଧାରଣ, ପାଣିପାଗ, ଏବଂ ସଙ୍ଘର୍ଷ-ନିରୋଧକ ବ୍ୟବସ୍ଥାମାନ ଅନ୍ତର୍ଭୁକ୍ତ।"
"The development will be adjacent to the Larvotto district and also will include a small marina. There were four main proposals, and the final mix of use will be finalised as the development progresses. The name for the new district is Anse du Portier.","ଚାରୋଟି ମୁଖ୍ୟ ପ୍ରସ୍ତାବ ଥିଲା, ଏବଂ ବିକାଶ କାର୍ଯ୍ୟର ଅଗ୍ରଗତି ହେବା ସହିତ ଉପଯୋଗଗୁଡ଼ିକର ଶେଷ ସମ୍ମିଶ୍ରଣ ସମ୍ବନ୍ଧରେ ଚୂଡ଼ାନ୍ତ ନିର୍ଣ୍ଣୟ ନିଆଯିବ।"
"The financial services industry contributed $809billion (37% of GDP) and employed 1.4 crore (14.17million) people (3% of the workforce) in 2016, and the banking sector contributed $407billion (19% of GDP) and employed 55 lakh (5.5million) people (1% of the workforce) in 2016. The Indian money market is classified into the organised sector, comprising private, public and foreign-owned commercial banks and cooperative banks, together known as 'scheduled banks'; and the unorganised sector, which includes individual or family-owned indigenous bankers or money lenders and non-banking financial companies. The unorganised sector and microcredit are preferred over traditional banks in rural and sub-urban areas, especially for non-productive purposes such as short-term loans for ceremonies.","ଭାରତୀୟ ଅର୍ଥ ବଜାରକୁ ଏପରି ବିଭକ୍ତ କରାଯାଇଛି - ସଙ୍ଗଠିତ କ୍ଷେତ୍ର, ଯାହା ଘରୋଇ, ସାର୍ବଜନୀନ, ବିଦେଶୀ-ମାଲିକାନାରେ ଥିବା ବାଣିଜ୍ୟିକ ବ୍ୟାଙ୍କ୍ ଏବଂ ସମବାୟ ବ୍ୟାଙ୍କସବୁକୁ ନେଇ ଗଠିତ, ଯାହାକି ଏକତ୍ର ""ଅନୁସୂଚିତ ବ୍ୟାଙ୍କ"" ଭାବରେ ଜଣାଶୁଣା, ଏବଂ ଅସଙ୍ଗଠିତ କ୍ଷେତ୍ର, ଯେଉଁଥିରେ ବ୍ୟକ୍ତିଗତ ବା ପାରିବାରିକ ମାଲିକାନାରେ ଥିବା ସ୍ୱଦେଶୀ ବ୍ୟାଙ୍କ ମାଲିକ ବା ସାହୁକାର ଏବଂ ଅଣ-ବ୍ୟାଙ୍କିଙ୍ଗ ବିତ୍ତୀୟ କମ୍ପାନୀସବୁ ଅନ୍ତର୍ଭୁକ୍ତ।"
"The first interconnection of regional grids was established in October 1991 when the North Eastern and Eastern grids were interconnected. The Western Grid was interconnected with these grids in March 2003. The Northern grid was also interconnected in August 2006, forming a Central Grid that was synchronously connected and operating at one frequency.","ଉତ୍ତର ଗ୍ରୀଡ଼୍‌ଟି ମଧ୍ୟ, ଅଗଷ୍ଟ ୨୦୦୬ରେ, ପରସ୍ପର-ସଂଯୁକ୍ତ ହୋଇ ଏକ କେନ୍ଦ୍ରୀୟ ଗ୍ରୀଡ଼୍‌ ସୃଷ୍ଟି କରିଥିଲା ଯାହାକି ଏକକାଳୀନ ଭାବରେ ଗୋଟିଏ ଆବୃତ୍ତିରେ ସଂଯୁକ୍ତ ଏବଂ କାର୍ଯ୍ୟକାରୀ ହୋଇଥିଲା ।"
"The first interconnection of regional grids was established in October 1991 when the North Eastern and Eastern grids were interconnected. The Western Grid was interconnected with these grids in March 2003. The Northern grid was also interconnected in August 2006, forming a Central Grid that was synchronously connected and operating at one frequency.","ଆଞ୍ଚଳିକ ଗ୍ରିଡଗୁଡ଼ିକ ମଧ୍ୟରେ ପ୍ରଥମ ଅନ୍ତଃସଂଯୋଗ ସ୍ଥାପିତ ହୋଇଥିଲା ଅକ୍ଟୋବର ୧୯୯୧ରେ, ଯେତେବେଳେ ଉତ୍ତର-ପୂର୍ବାଞ୍ଚଳ ଓ ପୂର୍ବାଞ୍ଚଳ ଗ୍ରିଡଗୁଡ଼ିକୁ ଅନ୍ତଃସଂଯୋଗ କରାଯାଇଥିଲା।"
"The retail prices of petrol and diesel are high enough in India to make electricity driven vehicles relatively economical. The retail price of diesel was 101.00 Rs/litre in 202122, and the retail price of petrol was 110.00 Rs/litre. The affordable retail electricity price to replace diesel would be up to 19 Rs/Kwh (860 Kcal/Kwh at 75% input electricity to shaft power efficiency versus diesel's net calorific value of 8572 Kcal/liter at 40% fuel energy to crankshaft power efficiency), and the comparable number to replace petrol would be up to 28 Rs/Kwh (860 Kcal/Kwh at 75% input electricity to shaft power efficiency versus petrol's net calorific value at 7693 Kcal/litre at 33% fuel energy to crankshaft power efficiency).","ଡିଜେଲ୍‌ର ସ୍ଥାନ ପୂରଣ କରିବାକୁ ସୁଲଭ ଖୁଚୁରା ବିଦ୍ୟୁତ୍‌ ଦର ୧୯ ଟଙ୍କା/କି.ୱା.ଘ. (ଅକ୍ଷଦଣ୍ଡର କ୍ଷମତା ଦକ୍ଷତା ନିମନ୍ତେ ୭୫% ନିବେଶ ବିଦ୍ୟୁତ୍‌ରେ ୮୬୦ କି.କ୍ୟା./କି.ୱା.ଘ. ବନାମ କ୍ରାଙ୍କ୍‌-ଚାଳିତ ଅକ୍ଷଦଣ୍ଡର କ୍ଷମତା ଦକ୍ଷତା ନିମନ୍ତେ ୪୦% ଇନ୍ଧନ ଶକ୍ତିରେ ପେଟ୍ରୋଲ୍‌ର ସମୁଦାୟ ତାପଜନକଶକ୍ତି ମୂଲ୍ୟ ୮୫୭୨ କି.କ୍ୟା./ ଲି.) ପର୍ଯ୍ୟନ୍ତ ହେବ, ଏବଂ ପେଟ୍ରୋଲ୍‌ର ସ୍ଥାନ ପୂରଣ କରିବାକୁ ତୁଳନାତ୍ମକ ରାଶିଟି ୨୮ ଟଙ୍କା/କି.ୱା.ଘ. (ଅକ୍ଷଦଣ୍ଡର କ୍ଷମତା ଦକ୍ଷତା ନିମନ୍ତେ ୭୫% ନିବେଶ ବିଦ୍ୟୁତ୍‌ରେ ୮୬୦ କି.କ୍ୟା./କି.ୱା.ଘ. ବନାମ କ୍ରାଙ୍କ୍‌-ଚାଳିତ ଅକ୍ଷଦଣ୍ଡର କ୍ଷମତା ଦକ୍ଷତା ନିମନ୍ତେ ୩୩% ଇନ୍ଧନ ଶକ୍ତିରେ ପେଟ୍ରୋଲ୍‌ର ସମୁଦାୟ ତାପଜନକଶକ୍ତି ମୂଲ୍ୟ ୭୬୯୩ କି.କ୍ୟା./ ଲି.) ପର୍ଯ୍ୟନ୍ତ ହେବ ।"
"There are hundreds of handsets in the market and they differ by screen size and supported technologies (e.g. MMS, WAP 2.0). For color images, formats such as PNG, JPEG, GIF and BMP are typically supported, along with the monochrome WBMP format. The following gives an overview of various handset screen sizes and a recommended image size for each type.","ଶହ ଶହ ହ୍ୟାଣ୍ଡ୍‌ସେଟ୍‌ ବଜାରରେ ରହିଛି, ଏବଂ ସେଗୁଡ଼ିକ ସ୍କ୍ରିନ୍‌ ଆକାର ଏବଂ ସପୋର୍ଟ୍‌ କରୁଥିବା ପ୍ରଯୁକ୍ତି କୌଶଳମାନ ଦୃଷ୍ଟିରୁ ଭିନ୍ନ ଅଟେ (ଯଥା: ଏମ୍‌.ଏମ୍‌.ଏସ୍‌., ୱାପ୍‌ ୨.୦)।"
This is a requirement of an immense magnitude. Budgetary sources cannot raise this much resources. Public Private Partnerships (PPP) approach is best suited for finding the resources.,ସମ୍ବଳ ଯୋଗାଡ଼କରିବା ପାଇଁ ଏକ ପବ୍ଲିକ୍‌-ପ୍ରାଇଭେଟ୍‌ ପାର୍ଟ୍‌ନର୍‌ଶିପ୍‌ (ପି.ପି.ପି.) ପଦ୍ଧତି ସବୁଠାରୁ ଅଧିକ ଉପଯୁକ୍ତ ।
"To ensure that workers in the prioritised industries in Calcutta would be fed, the authorities seized rice stocks from wholesale dealers, breaking any trust the rice traders had in the government. ""From that moment"", the 1945 report stated, ""the ordinary trade machinery could not be relied upon to feed Calcutta. The [food security] crisis had begun"".","""ସେହି କ୍ଷଣରୁ,"" ୧୯୪୫ ମସିହାର ରିପୋର୍ଟଟି ଦର୍ଶାଇଥିଲା, ""କଲିକତାକୁ ଖାଦ୍ୟ ଯୋଗାଇବା ପାଇଁ ସାଧାରଣ ବାଣିଜ୍ୟିକ ବ୍ୟବସ୍ଥାଟି ଉପରେ ଭରସା କରାଯାଇପାରିନଥିଲା।"""
"University printing began in Cambridge when the first practising University Printer, Thomas Thomas, set up a printing house in 1584. The first publication was a book, ""Two Treatises of the Lord His Holie Supper"". In 1591 the first Cambridge Bible was printed by John Legate and in 1629 Cambridge folio edition of the King James Bible is printed by Thomas and John Buck.","୧୫୯୧ ମସିହାରେ, ଜନ୍‌ ଲେଗେଟ୍‌ଙ୍କ ଦ୍ଵାରା ପ୍ରଥମ କେମ୍ବ୍ରିଜ ବାଇବେଲ୍‌ ମୁଦ୍ରିତ ହୋଇଥିଲା, ଏବଂ ୧୬୨୯ ମସିହାରେ, ଥୋମାସ୍‌ ଓ ଜନ୍‌ ବକ୍‌ଙ୍କ ଦ୍ଵାରା କିଙ୍ଗ୍‌ ଜେମ୍‌ସ ବାଇବେଲ୍‌ର କେମ୍ବ୍ରିଜ ଫୋଲିଓ ସଂସ୍କରଣଟି ମୁଦ୍ରିତ ହୋଇଥିଲା ।"
"Wind power costs in India are decreasing rapidly. The levelised tariff of wind power reached a record low of ₹2.43 ($0.03 US) per kWh (without any direct or indirect subsidies) during auctions for wind projects in December 2017. However, the levelised tariff increased to ₹2.77 ($0.035 US) per kWh in March 2021.",୨୦୧୭ ମସିହା ଡିସେମ୍ବର ମାସରେ ପବନ ଶକ୍ତି ପ୍ରକଳ୍ପଗୁଡ଼ିକର ନିଲାମ ସମୟରେ ପବନ ଶକ୍ତିର ସମ-ସ୍ତରୀଭୂତ ଭାବେ ନିର୍ଦ୍ଧାରିତ ଶୁଳ୍କ ସର୍ବନିମ୍ନ ରେକର୍ଡ଼ କି.ୱା.ଘ. ପ୍ରତି ₹୨.୪୩ ($୦.୦୩ ଆମେରିକୀୟ ଡଲାର) ରେ ପହଞ୍ଚିଥିଲା (କୌଣସି ପ୍ରତ୍ୟକ୍ଷ ବା ପରୋକ୍ଷ ସରକାରୀ ସହାୟତା ବିନା) ।
"between 1957 and 1967, aluminium one-, two-, three-, five- and ten-paise coins were introduced. in 1968 nickel-brass 20-paise coins were introduced, and replaced by aluminium coins in 1982. between 1972 and 1975, cupro-nickel replaced nickel in the 25 paise, 50 paise and the 1 rupee coins in 1982, cupro-nickel two rupee coins were introduced.","୧୯୭୨ ଏବଂ ୧୯୭୫ ମସିହା ମଧ୍ୟରେ, କ୍ୟୁପ୍ରୋ-ନିକେଲ୍‌ ୨୫ ପଇସିକିଆ, ୫୦ ପଇସିକିଆ, ଏବଂ ୧ ଟଙ୍କିଆ ମୁଦ୍ରାଗୁଡ଼ିକରେ ନିକେଲ୍‌ର ସ୍ଥାନ ନେଇଥିଲା; ୧୯୮୨ ମସିହାରେ, କ୍ୟୁପ୍ରୋ-ନିକେଲ୍‌ର ଦୁଇ ଟଙ୍କିଆ ମୁଦ୍ରା ପ୍ରଚଳନ କରାଯାଇଥିଲା ।"
"A controversial study by social scientist Hans Dembowski concluded that PILs had been successful in making official authorities accountable to NGOs. While Dembowski also found some effect at the grassroots level, PIL cases dealing with major environmental grievances in the Kolkata urban agglomeration did not tackle underlying problems (such as inadequate town planning). Dembowsk wrote about it in his book, Taking the State to Supreme Court - Public Interest Litigation and the Public Sphere in Metropolitan India which was originally published by Oxford University Press in 2001. The publisher, however, discontinued distribution because of contempt of court proceedings initiated by the Calcutta High Court.","ଏ ବିଷୟରେ ଡେମ୍ବାଉସ୍କି ତାଙ୍କ ପୁସ୍ତକ, ""ଟେକିଂ ଦ' ଷ୍ଟେଟ ଟୁ ଦ' ସୁପ୍ରିମ କୋର୍ଟ: ପବ୍ଲିକ ଇଣ୍ଟରେଷ୍ଟ ଲିଟିଗେସନ ଆଣ୍ଡ ଦ' ପବ୍ଲିକ ସ୍ଫିଅର ଇନ ମେଟ୍ରୋପୋଲିଟାନ ଇଣ୍ଡିଆ""ରେ ଲେଖିଥିଲେ, ଯାହାକି ପ୍ରଥମେ ଅକ୍ଶଫୋର୍ଡ ୟୁନିଭର୍ସିଟି ପ୍ରେସ ଦ୍ଵାରା ୨୦୦୧ରେ ପ୍ରକାଶିତ ହୋଇଥିଲା।"
"A protected person may not have anything done ""of such a character as to cause physical suffering or extermination... the physical suffering or extermination of protected persons in their hands. This prohibition applies to murder, torture, corporal punishments, mutilation and medical or scientific experiments not necessitated by the medical treatment.","ଜଣେ ସୁରକ୍ଷିତ ବ୍ୟକ୍ତି ସେମିତି କିଛି କରି ନଥାଇପାରନ୍ତି ""ସେପରି ଧରଣର ଯାହା ଶାରୀରିକ ଯନ୍ତ୍ରଣା ଦେବ କିମ୍ବା ସମୂଳେ ନିପାତ କରିଦେବ।"""
"Article 28 states that even when a village is captured through war, pillaging is not allowed by any party. That is repeated in Article 47, Section III. The articles above were reaffirmed by Convention IV of the 1907 Convention.","ଧାରା ୨୮ କହୁଛି ଯେ ଏପରିକି ଯେତେବେଳେ ଯୁଦ୍ଧ ଦ୍ଵାରା ଏକ ଗ୍ରାମକୁ ଅଧିକୃତ କରାଯାଏ, କୌଣସି ପକ୍ଷ ଦ୍ୱାରା ଲୁଟ୍‌ପାଟ୍ ନିମନ୍ତେ ଅନୁମତି ନାହିଁ ।"
"Article 8 of the Convention stresses parties' commitment to awareness raising to foster respect for rights and dignity to counter disability discrimination. Parties commit to raise disability awareness throughout society, including at the family level, to combat stereotypes, prejudices and harmful practices relating to persons with disabilities, including those aggravated by sex and age discrimination. They commit to effective public awareness campaigns to foster positive perceptions in the labour market, the media, and elsewhere.",ସମ୍ମେଳନର ଅନୁଚ୍ଛେଦ ୮ ଗୁରୁତ୍ଵ ଆରୋପ କରେ କି ପକ୍ଷମାନେ ଅକ୍ଷମତା ପ୍ରତି ଭେଦଭାବକୁ ପ୍ରତିହତ କରିବା ପାଇଁ ଅଧିକାର ଓ ମର୍ଯ୍ୟାଦା ପ୍ରତି ସମ୍ମାନବୋଧର ପରିପାଳନ ନିମନ୍ତେ ଚେତନା ଜାଗରଣ ପ୍ରତି ଅଙ୍ଗୀକାରବଦ୍ଧ ରହନ୍ତୁ।
"Articles 73 to 79 of the Federal Constitution specifies the subject in which the federal and state government may legislate. Parliament has the exclusive power to make laws over matters falling under the Federal List (such as citizenship, defence, internal security, civil and criminal law, finance, trade, commerce and industry, education, labour, and tourism) whereas each State, through its Legislative Assembly, has legislative power over matters under the State List (such as land, local government, Syariah law and Syariah courts, State holidays and State public works). Parliament and State legislatures share the power to make laws over matters under the Concurrent List (such as water supplies and housing) but Article 75 provides that in the event of conflict, Federal law will prevail over State law.","ସଂଘୀୟ ସୂଚୀ ଭିତରେ ରହିଥିବା ବିଷୟାବଳୀ (ଯଥା: ନାଗରିକତା, ପ୍ରତିରକ୍ଷା, ଆଭ୍ୟନ୍ତରୀଣ ନିରାପତ୍ତା, ଦେୱାନୀ ଓ ଆପରାଧିକ ଆଇନ, ବିତ୍ତ, ବ୍ୟବସାୟ, ବାଣିଜ୍ୟ ଓ ଶିଲ୍ପ, ଶିକ୍ଷା, ଶ୍ରମ, ଏବଂ ପର୍ଯ୍ୟଟନ) ସମ୍ବନ୍ଧରେ ଆଇନ ପ୍ରଣୟନ କରିବାପାଇଁ ସଂସଦର ସ୍ଵତନ୍ତ୍ର କ୍ଷମତା ରହିଥିଲାବେଳେ, ପ୍ରତ୍ୟେକ ରାଜ୍ୟ, ତା'ର ବିଧାନ ସଭା ଜରିଆରେ, ରାଜ୍ୟ ସୂଚୀ ଅନ୍ତର୍ଭୂକ୍ତ ବିଷୟଗୁଡ଼ିକ (ଯଥା: ଭୂମି, ସ୍ଥାନୀୟ ସରକାର, ସାରିଆ ଆଇନ ଓ ସାରିଆ ଅଦାଲତ, ରାଜ୍ୟ ଛୁଟି ଦିବସ ଏବଂ ରାଜ୍ୟ ସାର୍ବଜନୀକ କାର୍ଯ୍ୟ) ଉପରେ ବୈଧାନିକ କ୍ଷମତା ଜାହିର କରେ।"
"Den Bosch, Sittard-Geleen, Stein and Capelle aan den IJssel issued an emergency decree for the upcoming night. Beek and Echt-Susteren will have an emergency decree until the 10th of February, which will allow the police to do stop-and-frisk without reason. Zwolle declared an emergency order, which is one step below an emergency decree in Dutch law.","ବୀକ୍ ଓ ଏଟ୍-ସୁସ୍ତେରେନ ଫେବୃୟାରୀ ୧୦ ତାରିଖ ପର୍ଯ୍ୟନ୍ତ ଏକ ଜରୁରୀ ଆଦେଶ ଜାରି କରିବେ, ଯାହା ବିନା କାରଣରେ ଲୋକଙ୍କୁ ଅଟକାଇବା ଏବଂ ଦେହ ଯାଞ୍ଚ କରିବା ପାଇଁ ପୁଲିସକୁ କ୍ଷମତା ଦେବ।"
"Each state has a Bar Council of its own whose function is to enroll the barristers willing to practise predominantly within the territorial confines of that state and to perform the functions of the Bar Council of India within the territory assigned to them. Therefore, each law degree holder must be enrolled with a (single) State Bar Council to practise in India. However, enrollment with any State Bar Council does not restrict the Barrister from appearing before any court in India, even though it is beyond the territorial jurisdiction of the State Bar Council which they are enrolled in.","ତେବେ, କୌଣସି ଏକ ରାଜ୍ୟ ବାର କାଉନସିଲରେ ପଞ୍ଜୀକୃତ ହେବା ଯୋଗୁଁ ଭାରତର ଅନ୍ୟ କୌଣସି ଅଦାଲତରେ ମାମଲା ଲଢ଼ିବା କ୍ଷେତ୍ରରେ ବାରିଷ୍ଟରଙ୍କ ପ୍ରତି ବାରଣ ନଥାଏ, ଯଦିଓ ତାହା ସେ ପଞ୍ଜୀକୃତ ହୋଇଥିବା ରାଜ୍ୟର ବାର କାଉନସିଲର ଭୌଗୋଳିକ ଅଧିକାର କ୍ଷେତ୍ର ବାହାରେ ଥାଏ।"
"Egyptians had lived under emergency law from 1967 until 31 May 2012 (with one 18-month break starting in 1980). Emergency laws have been extended every three years since 1981. These laws sharply circumscribed any non-governmental political activity: street demonstrations, non-approved political organizations, and unregistered financial donations were formally banned.","ଏହି ଆଇନ୍‌ଗୁଡ଼ିକ ତୀବ୍ରଭାବେ ଯେକୌଣସି ବେସରକାରୀ ରାଜନୈତିକ କାର୍ଯ୍ୟକଳାପ ଉପରେ ପ୍ରତିବନ୍ଧକ ଲଗାଇଦେଇଥିଲା: ରାସ୍ତାରେ ବିକ୍ଷୋଭ ପ୍ରଦର୍ଶନ, ଅଣ-ଅନୁମୋଦିତ ରାଜନୈତିକ ଅନୁଷ୍ଠାନ, ଏବଂ ଅଣ-ପଞ୍ଜୀକୃତ ଆର୍ଥିକ ଅନୁଦାନକୁ ଔପଚାରିକ ଭାବରେ ନିଷିଦ୍ଧ କରିଦିଆଯାଇଥିଲା ।"
"For various reasons, most couples who marry do so with the expectation of fidelity. Adultery is often seen as a breach of trust and of the commitment that had been made during the act of marriage. Adultery can be emotionally traumatic for both spouses and often results in divorce.","ପରକୀୟା ପ୍ରୀତି, ପ୍ରାୟତଃ, ବିବାହ ସମ୍ପନ୍ନ ସମୟରେ ଦିଆଯାଇଥିବା ବିଶ୍ୱାସ ଓ ପ୍ରତିବଦ୍ଧତାର ଏକ ଉଲ୍ଲଂଘନ ଭାବେ ବିବେଚିତ ହୋଇଥାଏ।"
"Have you carefully read the help pages and thoroughly fixed the problem? Or have you made a considered decision that the template is not, or is no longer, applicable? Great!",ଆପଣ 'ହେଲ୍‌ପ' ପୃଷ୍ଠାଗୁଡ଼ିକୁ ଧ୍ୟାନପୂର୍ବକ ପଢ଼ିଛନ୍ତି ତଥା ସମସ୍ୟାଟିର ସମାଧାନ ସମ୍ପୂର୍ଣ୍ଣ ଭାବରେ କରିଛନ୍ତି କି ?
"In February 2006, Belgium announced its decision to ban the weapon by law. Then Norway announced a national moratorium in June and Austria announced its decision in July to work for an international instrument on the weapon. The international controversy over the use and impact of cluster munitions during the war between Lebanon and Israel in July and August 2006 added weight to the global campaign for a ban treaty.","ଜୁଲାଇ ଓ ଅଗଷ୍ଟ ୨୦୦୬ରେ, ଲେବାନନ ଓ ଇସ୍ରାଇଲ ମଧ୍ୟରେ ସଂଘଟିତ ଯୁଦ୍ଧରେ କ୍ଲଷ୍ଟର ଅସ୍ତ୍ର-ସମୂହର ପ୍ରୟୋଗ ଓ ପରିଣାମ ନେଇ ଉଠିଥିବା ଆନ୍ତର୍ଜାତୀୟ ବିବାଦ ଏକ ନିଷେଧ ଚୁକ୍ତି ନିମନ୍ତେ ଚାଲିଥିବା ବିଶ୍ୱବ୍ୟାପୀ ଅଭିଯାନର ବଳ ବଢ଼ାଇ ଥିଲା।"
"In Taiwan, polls and research have consistently shown strong support for the death penalty at 80%. This includes a survey conducted by the National Development Council of Taiwan in 2016, showing that 88% of Taiwanese people disagree with abolishing the death penalty. Its continuation of the practice drew criticism from local rights groups.","ତାଇୱାନ୍‌ରେ, ଲୋକମତ ଏବଂ ଗବେଷଣା ମୃତ୍ୟୁ ଦଣ୍ଡ ନିମନ୍ତେ ୮୦% ହାରରେ ଲଗାତାର ଦୃଢ଼ ସମର୍ଥନ ଦର୍ଶାଇଥିଲା ।"
"In addition, former chief prosecutor of the Nuremberg Trials Benjamin Ferencz has called the invasion of Iraq a ""clear breach of law"", and as such it constitutes a crime against peace. On November 14, 2006, invoking universal jurisdiction, legal proceedings were started in Germany for their alleged involvement of prisoner abuse against Donald Rumsfeld, Alberto Gonzales, John Yoo, George Tenet and others. This allegedly prompted recently retired Donald Rumsfeld to cancel a planned visit to Germany.","ତା' ସହିତ, ନ୍ୟୁରେମବର୍ଗ ବିଚାରର ପୂର୍ବତନ ମୁଖ୍ୟ ଅଭିଯୋଗକାରୀ-ପକ୍ଷ ଓକିଲ, ବେଞ୍ଜାମିନ ଫେରେଞ୍ଜ, ଇରାକ ଉପରେ ଆକ୍ରମଣକୁ ""ସ୍ପଷ୍ଟ ଭାବେ ଆଇନର ଉଲ୍ଲଙ୍ଘନ"" ବୋଲି କହିଛନ୍ତି, ଏବଂ ବାସ୍ତବରେ ଏହା ଶାନ୍ତି ବିରୁଦ୍ଧରେ ଅପରାଧ ହିଁ ଅଟେ।"
"Kamara, Kanu, and Bangura were also tried in June 2012. In September 2012, they were convicted of contempt of court. Kanu and Bangura were convicted of two counts of ""interfering with the administration of justice by offering a bribe to a witness"" and for attempting to induce a witness who had given testimony before the special court to recant.","୨୦୧୨ ମସିହା ସେପ୍ଟେମ୍ବରରେ, ସେମାନେ ଅଦାଲତ ଅବମାନନା ଅଭିଯୋଗରେ ଦୋଷୀ ସାବ୍ୟସ୍ତ ହୋଇଥିଲେ ।"
"Many other cases go unreported for fear of reprisals and exposure to public shame. In some cases police let the offenders go, after public humiliation through the murga punishment. In 2008, a Delhi court ordered a 19-year-old caught making lewd remarks to passing females to distribute 500 handbills to youngsters outside schools and colleges detailing the consequences of indecent conduct.","୨୦୦୮ ମସିହାରେ, ପଥଚାରୀ ମହିଳାମାନଙ୍କୁ ଅଶ୍ଳୀଳ ମନ୍ତବ୍ୟ ଦେଉଥିବା ସମୟରେ ଧରାପଡ଼ିଥିବା ଜଣେ ୧୯-ବର୍ଷ-ବୟସ୍କକୁ ଦିଲ୍ଲୀର ଏକ ଅଦାଲତ, ସ୍କୁଲ ଓ କଲେଜ ସମ୍ମୁଖରେ ଯୁବକମାନଙ୍କୁ, ଅଶୋଭନୀୟ ଆଚରଣର ପରିଣାମ ବିଷୟରେ ବିସ୍ତାରରେ ଲେଖା ହୋଇଥିବା ୫୦୦ ପ୍ରଚାରପତ୍ର ବାଣ୍ଟିବାକୁ ନିର୍ଦ୍ଦେଶ ଦେଇଥିଲେ ।"
"On 11 March 2015, Special CBI judge took cognizance of the offence under Sections 120-B and 409 of Indian Penal Code, 1860 and Sections 13(1)(c), 13(1)(d)(iii) of Prevention of Corruption Act, 1988 against Dr. Manmohan Singh and five other accused namely M/s. HINDALCO, Subendhu Amitabh, D. Bhattacharya, Kumar Mangalam Birla, P.C. Parakh.","୧୧ ମାର୍ଚ୍ଚ ୨୦୧୫ରେ, ଜଣେ ସ୍ଵତନ୍ତ୍ର ସି.ବି.ଆଇ. ବିଚାରପତି ଡ. ମନମୋହନ ସିଂହ ଓ ଅନ୍ୟ ପାଞ୍ଚ ଅଭିଯୁକ୍ତ, ଯଥା- ମେସର୍ସ. ହିଣ୍ଡାଲକୋ, ସୁବେନ୍ଦୁ ଅମିତାଭ, ଡ଼ି. ଭଟ୍ଟାଚାର୍ଯ୍ୟ, କୁମାର ମଙ୍ଗଳମ ବିର୍ଲା ଏବଂ ପି. ସି. ପରଖଙ୍କ ବିରୋଧରେ ଭାରତୀୟ ପିଙ୍ଗଳ କୋଡ, ୧୮୬୦ର ଧାରା ୧୨୦-ବି ଓ ୪୦୯ ଏବଂ ଦୁର୍ନୀତି ନିବାରଣ ଆଇନ, ୧୯୮୮ର ଧାରା ୧୩(୧)(ସି), ୧୩(୧)(ଡି)(୩) ଅଧୀନରେ ହୋଇଥିବା ଉଲ୍ଲଙ୍ଘନକୁ ସଜ୍ଞାନକୁ ନେଲେ।"
"On 26 April 2012, Charles Taylor was convicted on all 11 counts with which he remained charged. He was previously acquitted of ordering war crimes and of joint conspiracy. On 30 May 2012, he was sentenced to a term of 50 years in prison.",ସେ ପୂର୍ବରୁ ଯୁଦ୍ଧ ଅପରାଧ ନିମନ୍ତେ ଆଦେଶ ଦେଇଥିବା ତଥା ମିଳିତ ଷଡ଼ଯନ୍ତ୍ରର ଅଭିଯୋଗରୁ ନିର୍ଦ୍ଦୋଷରେ ମୁକ୍ତ ହୋଇଥିଲେ ।
"On 9 February 2021, the NLD's headquarters in Yangon was raided by Myanmar police. Myanmar military regime distributed a draft for the controversial Cyber Security Law to internet service providers, asking them to provide comments by 15 February 2021. The law was widely criticised by IT communities as it violates human rights by putting citizens under digital surveillance and severely restricting freedom of speech.","ଉକ୍ତ ଆଇନ୍‌ଟିକୁ ଆଇ.ଟି. ସମୁଦାୟଗୁଡ଼ିକ ଦ୍ଵାରା ବ୍ୟାପକ ଭାବରେ ସମାଲୋଚନା କରାଯାଇଥିଲା, ଯେହେତୁ ଏହା ନାଗରିକମାନଙ୍କୁ ଡିଜିଟାଲ ନିରୀକ୍ଷଣ ଅଧୀନରେ ରଖି ତଥା ବାକ୍‌ ସ୍ଵାଧିନତାକୁ ତୀବ୍ର ଭାବରେ ସୀମିତ କରି ମାନବାଧିକାରର ଉଲ୍ଲଙ୍ଘନ କରୁଅଛି ।"
"Per Article 38 (1), prompt rendering of the justice by courts is part of animating judiciary. Rendering prompt justice is the foremost purpose of the constitution as enshrined in the Preamble to the constitution also. However the judiciary is failing in this respect by causing inordinate delay considering time of rendering justice in a case arbitrarily is its constitutional liberty.","ତୁରନ୍ତ ନ୍ୟାୟ ପ୍ରଦାନ କରିବା ହେଉଛି ସମ୍ବିଧାନର ପ୍ରଧାନତମ ଉଦ୍ଦେଶ୍ୟ, ଯେପରିକି ସମ୍ବିଧାନର ପ୍ରସ୍ତାବନାରେ ମଧ୍ୟ ଉଲ୍ଲେଖ ହୋଇଛି ।"
"Proceedings are conducted in English only. The Supreme Court Rules of 1966 were framed under Article 145 of the Constitution, which exists to regulate its practices and procedures. Article 145 was amended and is governed by the Supreme Court Rules of 2013.",'ଧାରା ୧୪୫' କୁ ସଂଶୋଧନ କରାଯାଇଥିଲା ଏବଂ ଏହା ୨୦୧୩ ମସିହାର ସୁପ୍ରିମ କୋର୍ଟ ନିୟମଗୁଡ଼ିକ ଦ୍ଵାରା ପରିଚାଳିତ ହୋଇଥାଏ ।
"Some countries do not permit a review of the validity of primary legislation. In the United Kingdom, Acts of Parliament cannot be set aside under the doctrine of parliamentary sovereignty, whereas Orders in Council, another type of primary legislation not passed by Parliament, can (see Council of Civil Service Unions v/s Minister for the Civil Service (1985) and Miller/Cherry (2019)). Another example is the Netherlands, where the constitution expressly forbids the courts to rule on the question of constitutionality of primary legislation passed by the Dutch legislature or States-General.","ବ୍ରିଟେନ୍‌ରେ, ସଂସଦୀୟ ସଂପ୍ରଭୂତାର ନୀତି ଅନୁଯାୟୀ ସଂସଦର ଆଇନଗୁଡ଼ିକୁ ଖାରଜ କରାଯାଇପାରିବନାହିଁ, ଅଥଚ ସଂସଦ ଦ୍ଵାରା ଗୃହୀତ ହେଉନଥିବା, ଆଉ ଏକ ପ୍ରକାରର ପ୍ରାଥମିକ ବିଧାନ, 'ଅର୍ଡରସ ଇନ କାଉନସିଲ'କୁ କରାଯାଇପାରିବ (କାଉନସିଲ ଅଫ୍‌ ସିଭିଲ ସର୍ଭିସ ୟୁନିଅନ୍ସ ବନାମ ମିନିଷ୍ଟର ଫର୍‌ ଦ ସିଭିଲ ସର୍ଭିସ (୧୯୮୫) ଏବଂ ମିଲ୍ଲର/ଚେରୀ (୨୦୧୯) ଦେଖନ୍ତୁ)।"
"Statelessness is defined by the 1954 Statelessness Convention as ""a person who is not considered a national by any State under operation of its law. A person can become stateless because of administrative reasons. For example, ""A person may be at risk of statelessness if she is born in a State that applies jus sanguinis while her parents were born in a State that applies jus soli, leaving the person ineligible for citizenship in both States due to conflicting laws."" Moreover, there are countries in which if a person does not reside for a specified period of time, they can automatically lose their nationality.","ଉଦାହରଣ ସ୍ୱରୂପ, ""ଜଣେ ବ୍ୟକ୍ତି ଉପରେ ରାଷ୍ଟ୍ର-ହୀନ ହେବାର ବିପଦ ଆସିପାରେ, ଯଦି ସେ ଏକ ରାଷ୍ଟ୍ରରେ ଜନ୍ମ ହୋଇଥାନ୍ତି, ଯେଉଁଠି ନାଗରିଗତା ପାଇଁ 'ରକ୍ତର ଅଧିକାର' ନୀତି ଲାଗୁ କରାଯାଏ, ଅଥଚ ତାଙ୍କର ପିତାମାତା ଏଭଳି ଏକ ରାଷ୍ଟ୍ରରେ ଜନ୍ମିତ, ଯେଉଁଠାରେ 'ମାଟିର ଅଧିକାର' ନୀତି ଲାଗୁ ହୋଇଥାଏ, ଫଳତଃ, ପରସ୍ପର-ବିରୋଧୀ ଆଇନଗୁଡ଼ିକ ଯୋଗୁଁ, ବ୍ୟକ୍ତି ଜଣକ ଉଭୟ ରାଷ୍ଟ୍ରରେ ନାଗରିକତା ପାଇବା ନିମନ୍ତେ ଅଯୋଗ୍ୟ ହୋଇପଡ଼ନ୍ତି।"""
"The Declaration also emphasizes the ""full right to freedom and self-determination"", and its opposition to enslavement, oppression, exploitation, and colonialism. The CDHRI declares the rule of law, establishing ""equality and justice for all"", with the limitations provided under Islamic law. The CDHRI also guarantees all individuals the ""right to participate, directly or indirectly in the administration of his country's public affairs"".","ସି.ଡି.ଏଚ୍‌.ଆର୍‌.ଆଇ. ମଧ୍ୟ ସମସ୍ତ ବ୍ୟକ୍ତିବିଶେଷଙ୍କ ନିମନ୍ତେ ""ନିଜ ଦେଶର ସାର୍ବଜନୀନ ବ୍ୟାପାରଗୁଡ଼ିକର ପରିଚାଳନାରେ, ପ୍ରତ୍ୟକ୍ଷ କିମ୍ବା ପରୋକ୍ଷ ଭାବରେ, ଭାଗ ନେବାର ଅଧିକାର"" ଟିକୁ ସୁନିଶ୍ଚିତ କରିଥାଏ ।"
The Federal Court of India came into being on 1 October 1937. The seat of the court was the Chamber of Princes in the Parliament building in Delhi. It began with a chief justice and two puisne judges.,ଦିଲ୍ଲୀର ସଂସଦ ଭବନରେ ଥିବା 'ଚାମ୍ବର ଅଫ୍‌ ପ୍ରିନ୍‌ସ'ରେ କୋର୍ଟ ବସୁଥିଲା।
"The Geneva Conventions (GC) and their Additional Protocols (APs) require that any prisoners of war facing a judicial proceeding receive a fair trial. For example, Articles 102108 of the 1949 Third Geneva Convention detail requirements for the fairness of trials against prisoners of war. Other provisions require a ""fair and regular trial""; ""safeguards of proper trial and defence""; an ""impartial and regularly constituted court respecting the generally recognized principles of regular judicial procedure""; a ""regularly constituted court affording all the judicial guarantees which are recognized as indispensable by civilized peoples""; and ""court offering the essential guarantees of independence and impartiality.""",ଜେନେଭା ସମ୍ମେଳନ (ଜି.ସି.) ଓ ଏହାର ଅତିରିକ୍ତ ନିୟମାବଳୀ (ଏ.ପି.) ଅନୁଯାୟୀ ଏକ ନ୍ୟାୟିକ ବିଚାରର ସମ୍ମୁଖୀନ ହେଉଥିବା କୌଣସି ଯୁଦ୍ଧ ବନ୍ଦୀ ଏକ ନ୍ୟାଯ୍ୟ ବିଚାର ପାଇବା ପାଇଁ ହକ୍‌ଦାର ।
"The Indonesian Supreme Court (Indonesian: Mahkamah Agung) is the highest level of the judicial branch. Its judges are appointed by the president. The Constitutional Court rules on constitutional and political matters (Indonesian: Mahkamah Konstitusi), while a Judicial Commission (Indonesian: Komisi Yudisial) oversees the judges.",ଇଣ୍ଡୋନେସୀୟ ସୁପ୍ରିମ କୋର୍ଟ (ଇଣ୍ଡୋନେସୀୟ: 'ମାହ୍‌କାମାହ୍‌ ଆଗୁଙ୍ଗ୍‌') ହେଉଛି ନ୍ୟାୟ ବିଭାଗର ସର୍ବୋଚ୍ଚ ସ୍ତର ।
"The MTP Act details that for terminations up to 12 weeks, the opinion of a single Registered Medical Practitioner (RMP) is required and for terminations between 12 and 20 weeks the opinion of two RMP's is required. However, termination is conducted by one RMP. The MTP Regulations, 2003 prescribe opinion of RMP/s to be recorded on Form I as detailed below:","ଏମ୍‌.ଟି.ପି. ଆଇନ ପ୍ରାଞ୍ଜଳ ଭାବେ କହିଛି ଯେ ୧୨ ସପ୍ତାହ ପର୍ଯ୍ୟନ୍ତ ଗର୍ଭପାତଗୁଡ଼ିକ ପାଇଁ ଜଣେ ପଞ୍ଜୀକୃତ ପେସାଦାର ଚିକିତ୍ସକ (ଆର୍‌.ଏମ୍‌.ପି.)ଙ୍କ ମତ ଆବଶ୍ୟକ, ଏବଂ ୧୨ ରୁ ୨୦ ସପ୍ତାହ ପର୍ଯ୍ୟନ୍ତ ସମୟ ମଧ୍ୟରେ ଗର୍ଭପାତ ପାଇଁ ଦୁଇଜଣ ଆର୍‌.ଏମ୍‌.ପି.ଙ୍କ ମତ ଆବଶ୍ୟକ ହୁଏ।"
"The Ottawa Treaty does not cover all types of unexploded ordnance. Cluster bombs, for example, introduce the same problem as mines: unexploded bomblets can remain a hazard for civilians long after a conflict has ended. A separate Convention on Cluster Munitions was drafted in 2008 and was adopted and entered into force in 2010.","ଉଦାହରଣ ସ୍ଵରୂପ, ଗୁଚ୍ଛ ବୋମାଗୁଡ଼ିକ ମାଇନ୍‌ଗୁଡ଼ିକ ଭଳି ସମାନ ସମସ୍ୟା ସୃଷ୍ଟି କରିଥାଏ: ଅବିସ୍ଫୋରିତ କ୍ଷୁଦ୍ର ବୋମାଗୁଡ଼ିକ ଯୁଦ୍ଧ ଶେଷ ହେବାର ଦୀର୍ଘ ସମୟ ପରେ, ଜନସାଧାରଣଙ୍କ ପାଇଁ ଏକ ବିପଦ ହୋଇ ରହିପାରେ ।"
"The debates over the ""Statement on Human Rights"", then, was not merely over the validity of cultural relativism, or the question of what makes a right universal. It forced anthropologists to confront the question of whether anthropological research is relevant to non-anthropologists. Although Steward and Barnett seemed to be suggesting that anthropology as such should restrict itself to purely academic affairs, people within and without the academy have continued to debate the ways non-anthropologists have used this principle in public policy concerning ethnic minorities or in international relations.","ଷ୍ଟିୱାର୍ଡ ଏବଂ ବାର୍ନେଟ ଯଦିଓ ମତପୋଷଣ କରୁଥିବା ଜଣାପଡ଼ୁଥିଲେ ଯେ, ନୃତତ୍ତ୍ଵ ବିଷୟଟି କେବଳ ଶୈକ୍ଷିକ ପରିସର ମଧ୍ୟରେ ସୀମିତ ରହିବା ଉଚିତ, ଯେପରି ଭାବେ ଅଣ-ନୃତତ୍ତ୍ଵବିତ୍‌ମାନେ ସଂଖ୍ୟାଲଘୁ ମୂଳ-ଅଧିବାସୀ କିମ୍ବା ଆନ୍ତର୍ଜାତୀୟ ସମ୍ପର୍କ ସମ୍ବନ୍ଧିତ ସରକାରୀ ନୀତି କ୍ଷେତ୍ରରେ ଏହି ନିୟମଗୁଡିକୁ ବ୍ୟବହାର କରିଛନ୍ତି, ସେ ବିଷୟରେ ଶିକ୍ଷାୟତନ ଭିତର ଓ ବାହାର ଲୋକ ତର୍କ କରିବା ଜାରି ରଖିଛନ୍ତି।"
"The judgement against Jean-Paul Akayesu established rape as a war crime. Rape was placed in line with ""other acts of serious bodily and mental harm"" rather than the historical view of rape as ""a trophy of war"". Akayesu was held responsible for his actions and non-actions as mayor and police commander of a commune in which many Tutsis were killed, raped, tortured, and otherwise persecuted.",ଜାନ୍‌-ପଲ୍‌ ଆକାୟେସୁଙ୍କ ବିରୁଦ୍ଧରେ ହୋଇଥିବା ଅଦାଲତର ରାୟଟି ବଳାତ୍କାରକୁ ଏକ ଯୁଦ୍ଧ ଅପରାଧ ଭାବେ ସିଦ୍ଧ କରିଥିଲା ।
"The origins of international law can be traced back to antiquity. Among the earliest examples are peace treaties between the Mesopotamian city-states of Lagash and Umma (approximately 2100 BCE), and an agreement between the Egyptian pharaoh Ramses II and the Hittite king, Hattusilis III, concluded in 1258 BCE. Interstate pacts and agreements of various kinds were also negotiated and concluded by polities across the world, from the eastern Mediterranean to East Asia.","ସର୍ବପ୍ରାଚୀନ ଉଦାହରଣ ଗୁଡ଼ିକ ମଧ୍ୟରେ ଅଛି ମେସୋପୋଟମୀୟ ନଗର-ରାଷ୍ଟ୍ର ଲାଗାଶ ଓ ଉମ୍ମା ମଧ୍ୟରେ ହୋଇଥିବା ଶାନ୍ତି ଚୁକ୍ତିସବୁ (ଆନୁମାନିକ ଖ୍ରୀ.ପୂ. କାଳ ୨୧୦୦), ଏବଂ ମିଶରୀୟ ଫାରାଓ ରାମସେସ-୨ୟ ଓ ହିଟାଇଟ ରାଜା, ହାଟ୍ଟୁସିଲିସ-୩ୟଙ୍କ ମଧ୍ୟରେ ଏକ ରାଜିନାମା, ଯାହା ଖ୍ରୀ.ପୂ. କାଳ ୧୨୫୮ରେ ସ୍ୱାକ୍ଷରିତ ହୋଇଥିଲା।"
"The public opinion on the death penalty varies considerably by country and by the crime in question. Countries where a majority of people are against execution include Norway, where only 25% are in favour. Most French, Finns, and Italians also oppose the death penalty.","ଦେଶ ଅନୁସାରେ ଓ ସମ୍ପୃକ୍ତ ଅପରାଧର ପ୍ରକାର ନେଇ, ମୃତ୍ୟୁ ଦଣ୍ଡ ସମ୍ବନ୍ଧୀୟ ସର୍ବ ସାଧାରଣ ମତାମତ ଉଲ୍ଲେଖନୀୟ ଭାବେ ଭିନ୍ନ ଭିନ୍ନ ହୋଇଥାଏ।"
"The scope of judicial review may be limited to certain questions of fairness, or whether the administrative action is ultra vires. In terms of ultra vires actions in the broad sense, a reviewing court may set aside an administrative decision if it is unreasonable (under Canadian law, following the rejection of the ""Patently Unreasonable"" standard by the Supreme Court in Dunsmuir v New Brunswick), Wednesbury unreasonable (under British law), or arbitrary and capricious (under U.S. Administrative Procedure Act and New York State law). Administrative law, as laid down by the Supreme Court of India, has also recognized two more grounds of judicial review which were recognized but not applied by English Courts, namely legitimate expectation and proportionality.","ଅଧିକାର-ବହିର୍ଭୂତ କାର୍ଯ୍ୟର ବ୍ୟାପକ ଅର୍ଥରେ, ଏକ ସମୀକ୍ଷା କରୁଥିବା ଅଦାଲତ ଗୋଟିଏ ପ୍ରଶାସନିକ ନିଷ୍ପତ୍ତିକୁ ପ୍ରତ୍ୟାଖ୍ୟାନ କରିଦେଇପାରନ୍ତି, ଯଦି ଏହା ଅଯଥାର୍ଥ (କାନାଡୀୟ ଆଇନ ଅଧୀନରେ, ଡନ୍ସମୀୟର ବନାମ ନିଉ ବ୍ରନ୍ସୱିକ ମାମଲାରେ, ""ସ୍ପଷ୍ଟ ଭାବେ ଅଯଥାର୍ଥ"" ମାନଦଣ୍ଡ ସୁପ୍ରିମ କୋର୍ଟଙ୍କ ଦ୍ଵାରା ପ୍ରତ୍ୟାଖ୍ୟାତ ହେବା ପରେ), ୱେଡନେସବରି ଅଯଥାର୍ଥ (ବ୍ରିଟିଶ ଆଇନ ଅଧୀନରେ), କିମ୍ବା ମନମୁଖୀ ଏବଂ ଖାମଖିଆଲୀ (ଯୁକ୍ତରାଷ୍ଟ୍ର ପ୍ରଶାସନିକ ପଦ୍ଧତି ଆଇନ ଏବଂ ନ୍ୟୁୟର୍କ ରାଜ୍ୟ ଆଇନ ଅଧୀନରେ) ହୋଇଥାଏ।"
The sole owner and the nominee shall execute two forms INC-3 and INC-4 for the entire process of change in nominee. INC-3 is the witness consent form. Its an internal form.,"ଏକମାତ୍ର ସ୍ୱତ୍ୱାଧିକାରୀ ଏବଂ ମନୋନୀତ ବ୍ୟକ୍ତି, ମନୋନୀତ ବ୍ୟକ୍ତି ପରିବର୍ତ୍ତନର ସମଗ୍ର ପ୍ରକ୍ରିୟାଟିରେ ଦୁଇଟି ଫର୍ମ, ଆଇ.ଏନ୍‌.ସି.-୩ ଓ ଆଇ.ଏନ୍‌.ସି.-୪ କୁ କାର୍ଯ୍ୟକାରୀ କରିବେ ।"
"Trials in the Ntaganda case (DR Congo), the Bemba et al. OAJ case and the Laurent Gbagbo-Bl Goud trial in the Cte d'Ivoire situation are ongoing. The Banda trial in the situation of Darfur, Sudan, was scheduled to begin in 2014 but the start date was vacated.","ସୁଦାନର ଡାର୍ଫର ପରିସ୍ଥିତିରେ 'ବାନ୍ଦା' ବିଚାରଟି ୨୦୧୪ରେ ଆରମ୍ଭ ହେବାର ଧାର୍ଯ୍ୟ ହୋଇଥିଲା, ମାତ୍ର ଆରମ୍ଭ ତାରିଖଟି ବାତିଲ ହୋଇଗଲା।"
"United Nations Security Council Resolution 1325 (S/RES/1325), on women, peace, and security, was adopted unanimously by the UN Security Council on 31 October 2000, after recalling resolutions 1261 (1999), 1265 (1999), 1296 (2000), and 1314 (2000). The resolution acknowledged the disproportionate and unique impact of armed conflict on women and girls. It calls for the adoption of a gender perspective to consider the special needs of women and girls during conflict, repatriation and resettlement, rehabilitation, reintegration, and post-conflict reconstruction.","ମହିଳା, ଶାନ୍ତି, ଏବଂ ସୁରକ୍ଷା ସମ୍ବନ୍ଧୀୟ ସଂଯୁକ୍ତ ଜାତି ସଂଘ ନିରାପତ୍ତା ପରିଷଦର ପ୍ରସ୍ତାବ ୧୩୨୫ (ଏସ୍‌./ଆର୍‌.ଇ.ଏସ./୧୩୨୫)ଟି, ପୂର୍ବ ପ୍ରସ୍ତାବ ୧୨୬୧ (୧୯୯୧), ୧୨୬୫ (୧୯୯୯), ୧୨୯୬ (୨୦୦୦), ଏବଂ ୧୩୧୪ (୨୦୦୦) ସବୁକୁ ସ୍ମରଣ କରି, ୩୧ ଅକ୍ଟୋବର ୨୦୦୦ରେ ଜାତି ସଂଘ ନିରାପତ୍ତା ପରିଷଦ ଦ୍ଵାରା ସର୍ବସମ୍ମତି କ୍ରମେ ଗୃହୀତ ହେଲା।"
"Until rendering a final judgment, the court has competence to order interim measures for the protection of the rights of a party to a dispute. One or both parties to a dispute may apply the ICJ for issuing interim measures. In the Frontier Dispute Case, both parties to the dispute, Burkina Faso and Mali, submitted an application to the court to indicate interim measures.","ସୀମା ବିବାଦ ମାମଲାଟିରେ, ବିବାଦର ଉଭୟ ପକ୍ଷ, ବୁର୍‌କିନା ଫାସୋ ଓ ମାଲି, ଅଦାଲତଙ୍କ ନିକଟରେ ମଧ୍ୟବର୍ତ୍ତୀ ସାମୟିକ ପଦକ୍ଷେପକୁ ସୂଚାଇବା ପାଇଁ ଏକ ନିବେଦନ ପତ୍ର ଦାଖଲ କରିଥିଲେ ।"
"Until the Delhi High Court decriminalised consensual private sexual acts between consenting adults on 2 July 2009, homosexuality was considered criminal as per interpretations of the ambiguous Section 377 of the 150-year-old Indian Penal Code (IPC), a law passed by the British colonial government. However, this law was very rarely enforced. In its ruling decriminalising homosexuality, the Delhi High Court noted that existed law conflicted with the fundamental rights guaranteed by the Constitution of India, and such criminalising is violative of Articles 21, 14 and 15 of the Constitution.","ପ୍ରାପ୍ତ ବୟସ୍କଙ୍କ ସହମତି ଆଧାରିତ ବ୍ୟକ୍ତିଗତ ଯୌନ କ୍ରିୟାଗୁଡ଼ିକୁ ଦିଲ୍ଲୀ ହାଇକୋର୍ଟ ୨ ଜୁଲାଇ ୨୦୦୯ରେ ଅପରାଧ ବହିର୍ଭୂତ କରିବା ପୂର୍ବରୁ, ଉପନିବେଶବାଦୀ ବ୍ରିଟିଶ ସରକାରଙ୍କ ଦ୍ଵାରା ଗୃହୀତ ଏକ ଆଇନ, ୧୫୦ ବର୍ଷର ପୁରୁଣା ଭାରତୀୟ ପିଙ୍ଗଳ କୋଡ (ଆଇ.ପି.ସି.)ର ଅସ୍ପଷ୍ଟ ଧାରା-୩୭୭ର ବ୍ୟାଖ୍ୟା ଅନୁସାରେ ସମଲିଙ୍ଗୀ ଯୌନ-ସମ୍ପର୍କ ଅପରାଧ ବୋଲି ବିବେଚିତ ହେଉଥିଲା।"
"Village courts, Lok Adalat (people's court) or Nyaya panchayat (justice of the villages), offer alternative dispute resolution. They were recognized through the 1888 Madras Village Court Act, then developed (after 1935) in various provinces and (after independence) Indian states. The model from",'ଲୋକ ଅଦାଲତ' (ଲୋକମାନଙ୍କ ଅଦାଲତ) କିମ୍ବା ନ୍ୟାୟ ପଞ୍ଚାୟତ (ଗ୍ରାମଗୁଡ଼ିକର ନ୍ୟାୟ) ଭଳି ଗ୍ରାମ୍ୟ ଅଦାଲତଗୁଡ଼ିକ ବୈକଳ୍ପିକ ବିବାଦ ସମାଧାନ ପ୍ରଦାନ କରିଥାନ୍ତି ।
"part ii (articles 1724) governs reporting and monitoring of the convention and the steps taken by the parties to implement it. it establishes the committee against torture (article 17), and empowers it to investigate allegations of systematic torture (article 20). it also establishes an optional dispute-resolution mechanism between parties (article 21) and allows parties to recognize the competence of the committee to hear complaints from individuals about violations of the convention by a party (article 22).",ଭାଗ-୨ (ଅନୁଚ୍ଛେଦ ୧୭-୨୪) ସମ୍ମେଳନର ରିପୋର୍ଟିଂ ଏବଂ ପର୍ଯ୍ୟବେକ୍ଷଣ ତଥା ଏହାକୁ କାାର୍ଯ୍ୟକାରୀ କରିବା ପାଇଁ ପକ୍ଷମାନଙ୍କ ଦ୍ୱାରା ନିଆାଇଥିବା ପଦକ୍ଷେପସବୁର ତତ୍ତ୍ୱାବଧାନ କରିଥାଏ।
A 2018 review article noted that the states exhibited differential preference for particular Ayush systems. Ayurveda and Siddha respectively show greater popularities in Kerala and Tamil Nadu. Unani was well received in Hyderabad region and among Muslims whilst Homeopathy was highly popular in Bengal and Odisha.,"ୟୁନାନୀ ହାଇଦରାବାଦ ଅଞ୍ଚଳରେ, ଏବଂ ମୁସଲମାନମାନଙ୍କ ମଧ୍ୟରେ ବେଶ୍ ଆଦୃତ ହେଉଥିଲାବେଳେ, ହୋମିଓପାଥି ବେଙ୍ଗଲ ଓ ଓଡ଼ିଶାରେ ଖୁବ୍‌ ଲୋକପ୍ରିୟ ହୋଇଥିଲା।"
"Alaska saw protests in Anchorage, Fairbanks, and Haines. In Arizona, hundreds protested in Phoenix and Tucson. Additionally, two women organized a demonstration in San Luis, Arizona.","ଆଲାସ୍କାରେ, ପ୍ରତିବାଦସବୁ ଆଙ୍କୋରେଜ, ଫେୟାରବାଙ୍କ୍ସ ଓ ହାଇନ୍ସରେ ଦେଖାଯାଇଥିଲା।"
"As of 2022, Spanish banks have halved their number of branches to about 20,000 in the decade since the financial crisis and the subsequent international bailout in 2012. The remaining banks have reduced retail opening hours and pushed online banking. A retired urologist with Parkinson's disease gathered more than 600,000 signatures in an online petition ""I'm Old, Not an Idiot"" asking banks and other institutions to serve all citizens, and not discriminate the oldest and most vulnerable members.",ଅବଶିଷ୍ଟ ବ୍ୟାଙ୍କମାନେ ଖୁଚୁରା କାରବାର ପାଇଁ ସମୟ କମାଇ ଦେଇଛନ୍ତି ଏବଂ ଅନ୍‌ଲାଇନ ବ୍ୟାଙ୍କ କାରବାର ଉପରେ ଗୁରୁତ୍ଵ ଦେଇଛନ୍ତି।
"Because of internet censorship in Iran, the Iranian government and the Islamic Revolutionary Guards Sepah have always opposed joining Iranian to popular social networks such as Facebook, Twitter and so on. Therefore, popular social networks are blocked by those in Iran and because of Iranian protests, internet censorship in Iran has increased. But now they have decided to Internet blackout in Iran.","ଇରାନରେ ଇଣ୍ଟର୍‌ନେଟ୍‌ ସେନ୍‌ସର୍‌ ବ୍ୟବସ୍ଥା ହେତୁ, ଇରାନ ସରକାର ଏବଂ ଇସଲାମୀୟ ବୈପ୍ଳବିକ ରକ୍ଷୀ ସିପାହୀ ବାହିନୀ ସର୍ବଦା ଲୋକପ୍ରିୟ ସାମାଜିକ ନେଟ୍‌ୱର୍କ୍‌ ଯଥା: ଫେସ୍‌ବୁକ୍‌, ଟ୍ଵିଟର, ଇତ୍ୟାଦିରେ ଇରାନୀୟମାନଙ୍କର ଯୋଗଦେବାକୁ ବିରୋଧ କରିଥାନ୍ତି ।"
"Because of internet censorship in Iran, the Iranian government and the Islamic Revolutionary Guards Sepah have always opposed joining Iranian to popular social networks such as Facebook, Twitter and so on. Therefore, popular social networks are blocked by those in Iran and because of Iranian protests, internet censorship in Iran has increased. But now they have decided to Internet blackout in Iran.","ସୁତରାଂ, ଇରାନରେ ସେମାନଙ୍କ ଦ୍ଵାରା ଲୋକପ୍ରିୟ ସାମାଜିକ ନେଟୱର୍କଗୁଡ଼ିକ ଅବରୋଧ କରାଯାଉଛି, ଏବଂ ଇରାନୀୟଙ୍କ ଆନ୍ଦୋଳନ କାରଣରୁ ଇରାନରେ ଇଣ୍ଟର୍‌ନେଟ ନିୟନ୍ତ୍ରଣ ବୃଦ୍ଧି ପାଇଛି।"
"Bihar has significantly raised the literacy rate as per the 2011 census. Literacy rate in year 1951 was only 13.49%, 21.95% in year 1961, 23.17% in year 1971 and 32.32% in year 1981. The literacy rate has risen from 39% in 1991 to 47% in 2001 to 63.8% in 2011.",ସାକ୍ଷରତା ହାର ୧୯୯୧ରେ ୩୯%ରୁ ୨୦୦୧ରେ ୪୭%କୁ ଏବଂ ୨୦୧୧ରେ ୬୩.୮%କୁ ବୃଦ୍ଧି ପାଇଛି।
"CPN (UML) decided to support People's Socialist Party in 7 seats on 9 October 2022. The CPN (UML) also decided to support Rastriya Prajatantra Party candidates in Jhapa 5, Rupandehi 1 and Banke 2 and decided to field Rastriya Prajatantra Party Nepal chairman Kamal Thapa in Makwanpur 1 under their election symbol. The party also supported dissident candidate from Nepali Congress, Dinesh Koirala in Chitwan 3, Karna Bahadur Malla of Nepali Congress (B.P.) in Dadeldhura 1 and Hridayesh Tripathi of the People's Progressive Party in Parasi 1.","ସି.ପି.ଏନ୍‌.(ୟୁ.ଏମ୍‌.ଏଲ୍‌.) ମଧ୍ୟ ଝାପା ୫, ରୂପନ୍ଦେହୀ ୧, ଓ ବାଁକେ ୨ ରେ ରାଷ୍ଟ୍ରୀୟ ପ୍ରଜାତନ୍ତ୍ର ପାର୍ଟି ପ୍ରାର୍ଥୀଙ୍କୁ ସମର୍ଥନ କରିବାକୁ ନିଷ୍ପତ୍ତି ନେଇଥିଲା ଏବଂ ରାଷ୍ଟ୍ରୀୟ ପ୍ରଜାତନ୍ତ୍ର ପାର୍ଟି ନେପାଳର ଚେୟାରମ୍ୟାନ୍‌ କମଲ ଥାପାଙ୍କୁ ନିଜ ନିର୍ବାଚନୀ ଚିହ୍ନରେ ମକୱାନ୍‌ପୁର ୧ ରେ ପ୍ରାର୍ଥୀ କରିବାକୁ ନିଷ୍ପତ୍ତି ନେଇଥିଲା ।"
"Demonstrators in Khartoum criticised government reforms, which they considered anti-Islamic, on 17 July. Protesters in east and north Khartoum joined the demonstrations, which began after Friday prayers. Reforms included permitting non-Muslims to consume alcohol and decriminalising conversion from Islam to another religion.","ପୂର୍ବ ଓ ଉତ୍ତର ଖାର୍ଟୁମରେ ପ୍ରତିବାଦକାରୀମାନେ ପ୍ରଦର୍ଶନରେ ଯୋଗ ଦେଲେ, ଯାହା ଶୁକ୍ରବାର ପ୍ରାର୍ଥନା ପରେ ଆରମ୍ଭ ହୋଇଥିଲା।"
"Deutsche Bahn, the German national railway company, allowed refugees with a Ukrainian passport or ID card to travel free of charge on long-distance trains from Poland to Germany. The company also gave out free tickets to refugees who wanted to continue to another destination; by 17 March, more than 100,000 had been issued. The Association of German Transport Companies decided to also cancel charges for all short-distance travel with buses and trains for Ukrainian refugees within Germany.","ଜର୍ମାନ୍‌ ଜାତୀୟ ରେଳ କମ୍ପାନୀ, 'ଦୋଇଚ ବା'ନ୍‌' ୟୁକ୍ରେନୀୟ ପାସ୍‌ପୋର୍ଟ୍‌ କିମ୍ବା ଆଇ.ଡି. କାର୍ଡ ଥିବା ଶରଣାର୍ଥୀମାନଙ୍କୁ ପୋଲାଣ୍ଡରୁ ଜର୍ମାନୀକୁ ଦୂରଗାମୀ ଟ୍ରେନ୍‌ରେ ଦେୟମୁକ୍ତ ଭାବରେ ଯାତ୍ରା କରିବାକୁ ଅନୁମତି ଦେଇଥିଲା ।"
"Goetz (19791991), and Robert McHenry (19921997). As of 2007 Anita Wolff was listed as the Deputy Editor and Theodore Pappas as Executive Editor. Prior Executive Editors include John V.","ଅନିତା ଓଲ୍‌ଫ୍ ୨୦୦୭ରେ ସହ-ସମ୍ପାଦକ ଭାବେ ନିଯୁକ୍ତ ହେଲେ, ଏବଂ ଥିଓଡର ପାପାଶ କାର୍ଯ୍ୟନିର୍ବାହୀ ସମ୍ପାଦକ ଭାବେ ନିଯୁକ୍ତ ହେଲେ।"
"In 2000, Major General Dick Cody, 101st Airborne's commanding officer, wrote a strongly worded memo to the Chief of Staff about training and equipment failures. Almost no pilots were qualified to fly with night vision goggles, preventing nighttime operations. The Washington Post printed a front-page article on the failures, commenting: ""The vaunted helicopters came to symbolise everything wrong with the Army as it enters the 21st century: Its inability to move quickly, its resistance to change, its obsession with casualties, its post-Cold War identity crisis"".","ବିଫଳତାଗୁଡ଼ିକ ଉପରେ ୱାଶିଂଟନ ପୋଷ୍ଟ ଏକ ସମ୍ମୁଖ ପୃଷ୍ଠା ଆଲେଖରେ ଏହିପରି ମନ୍ତବ୍ୟ ଛାପିଲା: ""ଏକବିଂଶ ଶତାବ୍ଦୀରେ ପ୍ରବେଶ କରିବା ସହିତ ଏହି ଅତି-ପ୍ରଶଂସିତ ହେଲିକପ୍ଟରଗୁଡ଼ିକ ସେନା ସହିତ ଘଟୁଥିବା ପ୍ରତ୍ୟେକ ତ୍ରୁଟିର ପରିଚାୟକ ଥିଲା: ତ୍ଵରିତ ଗତିକରିବାରେ ଏହାର ଅକ୍ଷମତା, ପରିବର୍ତ୍ତନ ପ୍ରତି ଏହାର ପ୍ରତିରୋଧ, ବାରମ୍ବାର ଜୀବନ ହାନି ଘଟେଇବାରେ ଏହାର ଅଭ୍ୟାସ, ଏହାର ଶୀତଳ-ଯୁଦ୍ଧ ପରବର୍ତ୍ତୀ ପରିଚୟ ସଙ୍କଟ।"""
"In 2007, Marcia Angell, former editor-in-chief of the New England Journal of Medicine and a lecturer in social medicine at the Harvard Medical School, said in Stern, a German-language weekly newsmagazine, that AstraZeneca's scientists had misrepresented their research on the drug's efficiency, saying: ""Instead of using presumably comparable doses [of each drug], the company's scientists used Nexium in higher dosages. They compared 20 and 40 mg Nexium with 20 mg Prilosec. With the cards having been marked in that way, Nexium looked like an improvement which however was only small and shown in only two of the three studies.""","୨୦୦୭ ମସିହାରେ, 'ନିଉ ଇଂଲଣ୍ଡ ଜୋର୍ନାଲ ଅଫ ମେଡ଼ିସିନ'ର ପ୍ରାକ୍ତନ ମୁଖ୍ୟ ସମ୍ପାଦକ ଏବଂ ହାର୍ଭାର୍ଡ ମେଡିକାଲ ସ୍କୁଲରେ ସାମାଜିକ ଔଷଧ ଅଧ୍ୟାପିକା, ମାର୍ସିଆ ଏଞ୍ଜେଲ, ଏକ ଜର୍ମାନ ଭାଷା ସାପ୍ତାହିକ ସମ୍ବାଦ-ପତ୍ରିକା, 'ଷ୍ଟନ୍'ରେ ଆଷ୍ଟ୍ରା-ଯେନେକାର ବୈଜ୍ଞାନିକମାନେ ଔଷଧଟିର ପାରଙ୍ଗମତା ବିଷୟରେ ସେମାନଙ୍କ ଗବେଷଣାକୁ ତ୍ରୁଟିପୂର୍ଣ୍ଣ ଭାବେ ଉପସ୍ଥାପନା କରିଛନ୍ତି ଅଭିଯୋଗ କରି କହିଲେ, ""[ପ୍ରତି ଔଷଧର] ଆନୁମାନିକ ତୁଳନୀୟ ପାନ ବ୍ୟବହାର କରିବା ପରିବର୍ତ୍ତେ, କମ୍ପାନୀର ବୈଜ୍ଞାନିକମାନେ ଅଧିକ ମାତ୍ରାରେ ନେକ୍ସିଅମର ପାନ ବ୍ୟବହାର କରିଥିଲେ।"""
"In Malaysia, Hein Htet Aung, who plays for second-division Malaysia Premier League club Selangor FC II, flashed the three-finger salute in a match against PDRM FC on early March. He was banned from playing a game against Perak FC II. On 31 March, some Malaysians associated with Milk Tea Alliance gathered outside the embassy to condemn violence against protesters.","ମାଲେସିଆରେ ଦ୍ଵିତୀୟ-ଶ୍ରେଣୀ ମାଲେସିଆ ପ୍ରିମିୟର୍ ଲିଗ୍‌ କ୍ଲବ୍‌ ସେଲାଙ୍ଗୋର୍‌ ଏଫ୍‌.ସି.-୨ୟ ପାଇଁ ଖେଳୁଥିବା ହେଇନ୍‌ ହ୍ଟେଟ୍‌ ଅଙ୍ଗ୍‌, ମାର୍ଚ୍ଚ ଆରମ୍ଭରେ, ପି.ଡି.ଆର୍‌.ଏମ୍‌. ଏଫ୍‌.ସି. ବିପକ୍ଷରେ ହୋଇଥିବା ଏକ ମ୍ୟାଚ୍‌ରେ ତିନି-ଆଙ୍ଗୁଠି ବିଶିଷ୍ଟ ସାଲ୍ୟୁଟ୍ ପ୍ରଦର୍ଶନ କରିଥିଲେ ।"
"Mass protests against Castillo's government began on 28 March 2022. State of emergency was declared throughout the country on 7 April. On 5 November 2022, thousands of opponents of the government marched through the capital's center to call for the removal of President Pedro Castillo.",କାଷ୍ଟିଓଙ୍କ ସରକାର ବିରୋଧରେ ଗଣ ପ୍ରତିବାଦ ୨୮ ମାର୍ଚ୍ଚ ୨୦୨୨ରେ ଆରମ୍ଭ ହେଲା।
"On 12 November 2017, Delhi hosted its tenth queer pride parade from Barakhamba Road to Jantar Mantar. Hundreds of people gathered together to support the queer community and demand the repeal of Section 377. The demand was to build a proper system of hate crime legislation which conceptualizes all forms of violence against minorities as a punishable offence.","୧୨ ନଭେମ୍ବର ୨୦୧୭ରେ, ଦିଲ୍ଲୀ ଏହାର ଦଶମ ସମଲିଙ୍ଗୀ ଗୌରବ ଶୋଭାଯାତ୍ରା ବାରାଖମ୍ବା ଠାରୁ ଜନ୍ତର ମନ୍ତର ପର୍ଯ୍ୟନ୍ତ ଆୟୋଜିତ କରିଥିଲା ।"
"On 14 February, UN Secretary General Antnio Guterres issued a statement expressing deep concern about the situation in Myanmar, highlighting ""the increasing use of force and the reported deployment of additional armoured vehicles to major cities"". He urged Myanmar's military and police to fully respect the right of peaceful assembly and ensure that demonstrators are not subjected to reprisals. He also called reports of violence, intimidation and harassment by security personnel ""unacceptable"".","୧୪ ଫେବୃଆରୀରେ, ଜାତିସଂଘର ସେକ୍ରେଟାରୀ-ଜେନେରାଲ୍‌, ଆଣ୍ଟୋନିଓ ଗୁଟେରସ୍‌ ""ଅଧିକରୁ ଅଧିକ ବଳର ବ୍ୟବହାର ଏବଂ ପ୍ରମୁଖ ସହରଗୁଡ଼ିକରେ ଅତିରିକ୍ତ ସଶସ୍ତ୍ର ଯାନ ମୁତୟନର ରିପୋର୍ଟ"" ଉପରେ ଗୁରୁତ୍ଵାରୋପ କରି, ମିଆଁମାରର ପରିସ୍ଥିତି ସମ୍ପର୍କରେ ଗଭୀର ଚିନ୍ତା ପ୍ରକାଶ କରୁଥିବା ଏକ ବିବୃତି ଜାରି କରିଥିଲେ ।"
"On 16 November, the migrants undertook another major attempt to break through the border forcefully. They started to throw rocks, bottles and pieces of wood at the Polish border guards and tried to destroy the border fence in attempt to break through the border at the temporarily closed checkpoint of Bruzgi-Kunica. Polish border guards used water cannons, stun grenades and tear gas on the attackers.","ସେମାନେ ପୋଲାଣ୍ଡ ଦେଶ ସୀମା ରକ୍ଷକମାନଙ୍କ ଉପରକୁ ପଥର, ବୋତଲ, ଏବଂ କାଠଖଣ୍ଡମାନ ଫିଙ୍ଗିବାକୁ ଲାଗିଲେ ଏବଂ ଅସ୍ଥାୟୀ ଭାବେ ବନ୍ଦ ଥିବା ବ୍ରୁଜ୍‌ଗି-କୁନିକା ଚେକ୍‌ପଏଣ୍ଟ୍‌ ଠାରେ ସୀମା ମଧ୍ୟଦେଇ ଧସେଇ ପଶିବାର ଉଦ୍ୟମରେ ସୀମା-ବାଡ଼ଟିକୁ ଧ୍ୱଂସ କରିଦେବାକୁ ଉଦ୍ୟମ କରିଥିଲେ ।"
"On 18 April 2022, Gotabaya appointed a new 17-member cabinet despite the protests calling the entire government to resign, including the president alongside all 225 MPs in parliament. Dinesh Gunawardena was appointed as Public Administration, Internal Affairs minister while Douglas Devananda was appointed as Fisheries minister, Kanaka Herath was appointed as Highways minister, Dilum Amunugama was appointed as Transport & Industries minister, Prasanna Ranatunga was appointed as Public security and tourism minister, Channa Jayasumana was appointed as Health minister, Nalaka Godahewa was appointed as Media minister, Pramitha Tennakoon was appointed as Ports and Shipping minister, Amith Thenuka Vidanagamage was appointed as Sports & Youth Affairs ministry, Kanchana Wijesekera was appointed as Power & Energy minister, Asanka Shehan Semasinghe was appointed as Trade & Samurdhi Development minister, Janaka Wakkumbura was appointed as Agriculture & Irrigation minister, Vidura Wickremanayake was appointed as Labour minister, Mohan Priyadarshana De Silva was appointed as Water supply minister, Ramesh Pathirana was appointed as Education & Plantation Industries, Wimalaweera Dissanayake was appointed as Wildlife & Forest Resources Conservation minister and Ahamed Nazeer Zainulabdeen was appointed as Environment minister. In the new cabinet portfolio, female representation was completely excluded, with all 17 ministers being males.This cabinet was also forced to resign on the afternoon of July 9.","ରାଷ୍ଟ୍ରପତି ଓ ସଂସଦର ସମସ୍ତ ୨୨୫ ଏମ୍‌.ପି.ଙ୍କ ସମେତ ସମଗ୍ର ସରକାରର ଇସ୍ତଫା ଦାବି କରି ପ୍ରତିବାଦ ଚାଲିଥିବା ସତ୍ତ୍ୱେ, ୧୮ ଏପ୍ରିଲ ୨୦୨୨ରେ, ଗୋଟାବାୟା ଏକ ନୂଆ ୧୭-ସଦସ୍ୟ ବିଶିଷ୍ଟ ମନ୍ତ୍ରୀମଣ୍ଡଳ ନିଯୁକ୍ତ କଲେ।"
"On 25 August 2017, the plenary session of the Congress approved the motion of interpellation, with 79 votes in favor, 12 against and 6 abstentions. The votes in favor were from the bench of Popular Force, APRA, Broad Front and Popular Action. The date of the interpellation was set as 8 September.","ସପକ୍ଷରେ ଥିବା ଭୋଟଗୁଡ଼ିକ ପପୁଲାର ଫୋର୍ସ, ଏ.ପି.ଆର୍‌.ଏ., ବ୍ରୋଡ ଫ୍ରଣ୍ଟ ଏବଂ ପପୁଲାର ଆକ୍ସନ ବେଞ୍ଚଗୁଡ଼ିକରୁ ଆସିଥିଲା।"
"On 25 February 1986, the Security Police started rioting, protesting against reports that their term of duty was to be extended from 3 to 4 years. Hotels, nightclubs, restaurants and casinos were attacked in Cairo and there were riots in other cities. A day time curfew was imposed.","୨୫ ଫେବୃୟାରୀ ୧୯୮୬ରେ ସୁରକ୍ଷା ପୋଲିସ ବାହିନୀ ଦଙ୍ଗାକରିବା ଆରମ୍ଭ କଲେ, ସେମାନଙ୍କର କାର୍ଯ୍ୟକାଳ ୩ ବର୍ଷରୁ ୪ ବର୍ଷକୁ ବଢ଼େଇ ଦିଆଯିବ ବୋଲି ପ୍ରକାଶିତ ରିପୋର୍ଟ ଉପରେ ପ୍ରତିବାଦ ଜଣେଇ।"
"On 25 February, Belgian State Secretary for Asylum and Migration Sammy Mahdi called for Europe to coordinate the reception. Two days later, Development Minister Meryame Kitir announced that three million euros would be allocated for additional humanitarian aid to Ukraine. By 17 March, 10,000 refugees had registered for temporary protection in Belgium.","ଦୁଇ ଦିନ ପରେ, ଉନ୍ନୟନ ମନ୍ତ୍ରୀ ମେରିୟାମୀ କିତିର ଘୋଷଣା କଲେ ଯେ ୟୁକ୍ରେନକୁ ଅତିରିକ୍ତ ମାନବିକ ସହାୟତା ସକାଶେ ତିରିଶ ଲକ୍ଷ ୟୁରୋ ମଞ୍ଜୁର କରାଯିବ।"
"On 7 March, state-run media and human rights groups confirmed the occupation of public hospitals, universities and temple compounds by security forces. Public hospitals had been staffed by medical personnel after initially being vacated over the Civil Disobedience Movement, ""in response to escalating violence against peaceful protestors"" according to not-for-profit human rights NGO Physicians for Human Rights. Hospitals confirmed to be occupied include the Yangon General Hospital and Gandhi Hospital.","୭ ମାର୍ଚ୍ଚରେ, ସର୍ବସାଧାରଣ ଚିକିତ୍ସାଳୟ, ବିଶ୍ଵବିଦ୍ୟାଳୟ ଓ ମନ୍ଦିର ହତାଗୁଡ଼ିକ ସୁରକ୍ଷା ବଳ ଦ୍ଵାରା ଦଖଲ ହୋଇ ସାରିଥିବା କଥା ସରକାର-ପରିଚାଳିତ ଗଣମାଧ୍ୟମ ଏବଂ ମାନବିକ ଅଧିକାର ସଙ୍ଗଠନମାନେ ପୁଷ୍ଟି କରିଥିଲେ।"
"On April 26, a French citizen is seen on a two-minute-long video asking quarantine workers for help with suicide in three languages. He was subdued and later became stabilized. The French embassy confirmed his identity and commented that food shortage is likely not the reason.","ଏପ୍ରିଲ୍‌ ୨୬ ତାରିଖ ଦିନ, ଜଣେ ଫରାସୀ ନାଗରିକ ଏକ ଦୁଇ-ମିନିଟ୍‌-ଦୀର୍ଘ ଭିଡ଼ିଓରେ ସଙ୍ଗରୋଧ କର୍ମଚାରୀମାନଙ୍କୁ ତିନୋଟି ଭାଷାରେ ଆତ୍ମହତ୍ୟା ପାଇଁ ସହାୟତା ମାଗୁଥିବାର ଦେଖାଯାଇଛି ।"
"On May 29 security forces attacked a demonstration in the Al-Kalakla neighbourhood of Khartoum with tear gas and bullets. One protester died on the spot while another died from injuries in the hospital. On May 30, 33 people were wounded in an attempt by police to disperse a protest.","ମେ' ୨୯ରେ, ସୁରକ୍ଷା ବଳ ଖାର୍ଟୁମର ଅଲ-କାଲାକ୍ଲା ଇଲାକାରେ ଏକ ପ୍ରଦର୍ଶନ ଉପରେ ଲୁହବୁହା ଗ୍ୟାସ ଓ ବୁଲେଟରେ ଆକ୍ରମଣ କଲେ।"
"Pennsylvania saw protests in Allentown, Lancaster, Philadelphia, and Pittsburgh. Protests were also held in Providence, Rhode Island, and Essex Junction, Vermont. On May 14, nearly a thousand protesters rallied around the Pittsburgh City-County Building and about 150 rallied in Bethlehem for the Bans Off Our Bodies event.",ମେ' ୧୪ ରେ ପ୍ରାୟ ଏକ ହଜାର ପ୍ରତିବାଦକାରୀ ପିଟ୍ସବର୍ଗ ସିଟି-କାଉଣ୍ଟି କୋଠା ଚାରିପାର୍ଶ୍ଵରେ ଠୁଳ ହେଲେ ଏବଂ ପ୍ରାୟ ୧୫୦ ଜଣ ବେଥଲେହେମରେ 'ବ୍ୟାନ୍ସ ଅଫ୍‌ ଆୱାର ବଡିଜ୍‌' କାର୍ଯ୍ୟକ୍ରମ ଉପଲକ୍ଷେ ରୁଣ୍ଡ ହୋଇଥିଲେ।
Tatmadaw soldiers captured 12 suspected resistance fighters including 3 injured fighters after several bombs exploded by accident in Yangon's Hlaing Thar Yar Township. 2 additional resistance fighters who escaped were also captured later on by plain clothed and armed Tatmadaw troops who were wearing bulletproof vests. There have been several other cases of guerrilla fighters across Myanmar dying in accidents caused by handmade explosives.,"ୟାଙ୍ଗନର ଲାଇଙ୍ଗ ଥର ୟର ସହରରେ ଆକସ୍ମିକ ଭାବେ ଅନେକଗୁଡ଼ିଏ ବୋମା ବିସ୍ଫୋରଣ ହେଲା ପରେ, ଥାତ୍‌ମାଡ ସୈନ୍ୟମାନେ ୩ ଜଣ ଆହତ ଯୋଦ୍ଧା ସମେତ ୧୨ ଜଣ ସନ୍ଦିଗ୍ଧ ବିଦ୍ରୋହୀ ଯୋଦ୍ଧାଙ୍କୁ ଧରିନେଲେ।"
"The 2021 Rugby World Cup, the ninth edition of the women's Rugby World Cup, was held in New Zealand between 8 October and 12 November 2022, postponed from 18 September to 18 October 2021. Twelve teams contested the final tournament, playing twenty-six matches. The top seven placed teams from the 2017 World Cup automatically qualified for the tournament, while the remaining five spots were decided in qualifying rounds between 9 August 2019 and 21 February 2022 from twenty-three teams.","ମହିଳା ରଗ୍‌ବି ବିଶ୍ୱ କପ୍‌ର ନବମ ସଂସ୍କରଣ, '୨୦୨୧ ରଗ୍‌ବି ବିଶ୍ୱ କପ୍‌', ୮ ଅକ୍ଟୋବରରୁ ୧୨ ନଭେମ୍ବର ୨୦୨୨ ମଧ୍ୟରେ ନିଉଜିଲାଣ୍ଡ ଠାରେ ହୋଇଥିଲା, ଯାହାକୁକି ମୂଳରୁ ପ୍ରସ୍ତୁତ ହୋଇଥିବା ୧୮ ସେପ୍ଟେମ୍ବରରୁ ୧୮ ଅକ୍ଟୋବର ୨୦୨୧ର କାର୍ଯ୍ୟନିର୍ଘଣ୍ଟ ଠାରୁ ଘୁଞ୍ଚାଇ ଦିଆଯାଇଥିଲା ।"
"The BBC operates several television channels nationally and internationally. BBC One and BBC Two are the flagship television channels. Others include the youth channel BBC Three, which originally ceased broadcasting as a linear television channel in February 2016 and returned to television in February 2022, cultural and documentary channel BBC Four, news channels BBC News and the BBC World News, parliamentary channel BBC Parliament, and two children's channels, CBBC and CBeebies.","ଅନ୍ୟାନ୍ୟ ମଧ୍ୟରେ ଯୁବ ଚାନେଲ 'ବିବିସି ଥ୍ରୀ', ଯାହା ଆରମ୍ଭରୁ ଏକ ସିଧା ପ୍ରସାରଣ ଟେଲିଭିଜନ ଭାବେ ଫେବୃୟାରୀ ୨୦୧୬ରେ ପ୍ରସାରଣ ବନ୍ଦ କରିଥିଲା ଓ ଫେବୃୟାରୀ ୨୦୨୨ରେ ଟେଲିଭିଜନକୁ ଫେରିଥିଲା, ସାଂସ୍କୃତିକ ଓ ଡକୁମେଣ୍ଟାରି ଚାନେଲ 'ବିବିସି ଫୋର୍‌', ସମ୍ବାଦ ଚାନେଲ- 'ବିବିସି ନିଉଜ' ଓ 'ବିବିସି ୱାର୍ଲ୍ଡ ନିଉଜ', ସଂସଦୀୟ ଚାନେଲ- 'ବିବିସି ପାର୍ଲିଆମେଣ୍ଟ', ଏବଂ ଦୁଇଟି ଶିଶୁ ଚାନେଲ- 'ସିବିବିସି' ଓ 'ସିବି'ବିଜ୍' ଅନ୍ତର୍ଭୁକ୍ତ।"
"The invasion received widespread public condemnation internationally, while in some countries, certain sectors expressed sympathy or outright support for Russia due in part to distrust of US foreign policy. Protests and demonstrations were held worldwide, including some in Russia and parts of Ukraine occupied by Russia. Calls for a boycott of Russian goods spread on social media platforms, while hackers attacked Russian websites, particularly those operated by the Russian government.","ରୁଷୀୟ ଦ୍ରବ୍ୟ ବର୍ଜନ କରିବା ପାଇଁ ଏକ ଆହ୍ଵାନ ସାମାଜିକ ଗଣମାଧ୍ୟମ ମଞ୍ଚଗୁଡ଼ିକରେ ବ୍ୟାପିଗଲା, ତା'ସହିତ ହ୍ୟାକରମାନେ ରୁଷୀୟ ୱେବ୍‌ସାଇଟ୍ ଗୁଡ଼ିକୁ ଆକ୍ରମଣ କଲେ, ବିଶେଷ କରି ଯେଉଁଗୁଡ଼ିକ ରୁଷ ସରକାରଙ୍କ ଦ୍ଵାରା ପରିଚାଳିତ ହେଉଥିଲା।"
"The relative became unable financially to continue the support and Kisan's schooling ended in the Standard Seventh grade; his siblings never attended school. He started selling flowers at the Dadar railway station in Mumbai and eventually managed to own two flower shops in the city. He also became involved in vigilantism, joining groups who acted to prevent landlords' thugs from intimidating the poor out of their shelter.",ସେ ମୁମ୍ବାଇରେ ଦାଦର ରେଳ ଷ୍ଟେସନ ଠାରେ ଫୁଲ ବିକିବା ଆରମ୍ଭ କଲେ ଏବଂ ଶେଷରେ ସହରରେ ଦୁଇଟି ଫୁଲ ଦୋକାନର ମାଲିକ ହେବାରେ ସଫଳ ହୋଇଥିଲେ ।
"Those labeled ""terrorists"" by their opponents rarely identify themselves as such, and typically use other terms or terms specific to their situation, such as separatist, freedom fighter, liberator, revolutionary, vigilante, militant, paramilitary, guerrilla, rebel, patriot, or any similar-meaning word in other languages and cultures. Jihadi, mujahideen, and fedayeen are similar Arabic words that have entered the English lexicon. It is common for both parties in a conflict to describe each other as terrorists.","ଜିହାଦୀ, ମୁଜାହିଦ୍ଦୀନ ଓ ଫିଦାୟିନ ସମାନ ଧରଣର ଆରବୀୟ ଶବ୍ଦ, ଯେଉଁଗୁଡ଼ିକ ଇଂରାଜୀ ଶବ୍ଦକୋଷ ମଧ୍ୟରେ ପ୍ରବେଶ କରିଛି।"
"Thousands of people are now in Iran's jails just for participating in November uprising. They may face torture or even execution. The two judges have long records of issuing long term prison sentences or death penalties for Iranians longing for democracy and opposed to the rule of the Supreme Leader, Ali Khamenei.",ଉଭୟ ବିଚାରପତିଙ୍କର ଗଣତନ୍ତ୍ରର ଅଭିଳାଷ ରଖୁଥିବା ତଥା ସର୍ବୋଚ୍ଚ ନେତା ଅଲି ଖାମେନେଈଙ୍କ ଶାସନର ବିରୋଧୀ ହୋଇଥିବା ଇରାନୀମାନଙ୍କ ପାଇଁ ଦୀର୍ଘ-କାଳୀନ କାରାଦଣ୍ଡାଦେଶ ଅଥବା ମୃତ୍ୟୁ ଦଣ୍ଡାଦେଶ ଜାରି କରିବାର ଦୀର୍ଘ ଇତିହାସ ରହିଛି ।
"A maha-kalpa is followed by a maha-pralaya (full dissolution) of equal length. Each kalpa (day of Brahma) is followed by a pralaya (night of Brahma or partial dissolution) of equal length. Preceding the first and following each manvantara is a manvantara-sandhya (connection period), each with a length of Krita-yuga (a.k.a. Satya-yuga).","ପ୍ରଥମଟିର ପୂର୍ବରୁ ଏବଂ ପ୍ରତ୍ୟେକ ମନ୍ୱନ୍ତରର ପରେ ଏକ ମନ୍ୱନ୍ତର-ସନ୍ଧ୍ୟା (ଯୋଗ ଅବଧି) ରହିଛି, ପ୍ରତ୍ୟେକଟିର ସମୟ ସୀମା କ୍ରିତ-ଯୁଗ (ସତ୍ୟ ଯୁଗ) ପରି।"
"A motif of father-against-son conflict was repeated when Cronus was confronted by his son, Zeus. Because Cronus had betrayed his father, he feared that his offspring would do the same, and so each time Rhea gave birth, he snatched up the child and ate it. Rhea hated this and tricked him by hiding Zeus and wrapping a stone in a baby's blanket, which Cronus ate.","ଯେହେତୁ କ୍ରୋନସ୍ ନିଜ ପିତାଙ୍କ ସହ ବିଶ୍ୱାସଘାତକତା କରିଥିଲେ, ତାଙ୍କୁ ଭୟ ଥିଲା ଯେ ତାଙ୍କ ସନ୍ତାନ ମଧ୍ୟ ତାଙ୍କ ସହିତ ଏପରି କରିବେ, ତେଣୁ ପ୍ରତ୍ୟେକ ଥର ଯେବେ ରିୟା ଜନ୍ମ ଦେଉଥିଲେ, ସେ ପିଲାଟିକୁ ଛଡ଼ାଇନେଇ ତା'କୁ ଖାଇଦେଉଥିଲେ।"
"According to Friedhelm Hardy, there is evidence of early ""southern Krishnaism,"" despite the tendency to allocate the Krishna-traditions to the Northern traditions. South Indian texts show close parallel with the Sanskrit traditions of Krishna and his gopi companions, so ubiquitous in later North Indian text and imagery. Early writings in Dravidian culture such as Manimekalai and the Cilappatikaram present Krishna, his brother, and favourite female companions in the similar terms.","ଫ୍ରିଧେମ ହାର୍ଡିଙ୍କ ମତ ଅନୁଯାୟୀ, ବହୁ ପୂର୍ବରୁ ""ଦାକ୍ଷିଣାତ୍ୟ କୃଷ୍ଣପନ୍ଥ"" ଥିବାର ପ୍ରମାଣ ମିଳେ, ଯଦିଓ କୃଷ୍ଣ ପରମ୍ପରାଟି ଉତ୍ତରାଞ୍ଚଳ ପରମ୍ପରାରୁ ଉତ୍ପନ୍ନ ବୋଲି କହିବାର ପ୍ରବଣତା ରହିଛି।"
"Another Buddhist ritual which includes reenactments of the Buddha life myth is the ritual of the consecration of a Buddha image. Among other things, the statue's head is covered, symbolizing the Buddhas withdrawal from householder life and various symbolic offerings are placed before the statue. including a sweet milk rice mixture symbolizing the offering of Sujata.",ଆଉ ଏକ ବୌଦ୍ଧ ରୀତି ଯେଉଁଥିରେ ବୁଦ୍ଧ ଜୀବନ କଥାକଳ୍ପର ପୁନର୍ଜନ୍ମକୁ ଅନ୍ତର୍ଭୁକ୍ତ କରାଯାଇଥାଏ ତାହା ହେଉଛି ବୁଦ୍ଧଙ୍କ ଏକ ପ୍ରତିମାକୁ ଅଭିମନ୍ତ୍ରିତ କରିବାର ରୀତି।
"Brahm is a leading god (deva) and heavenly king in Buddhism. He is considered as a protector of teachings (dharmapala), and he is never depicted in early Buddhist texts as a creator god. In Buddhist tradition, it was the deity Brahma Sahampati who appeared before the Buddha and invited him to teach, once the Buddha attained enlightenment.",ବୌଦ୍ଧଧର୍ମରେ 'ବ୍ରହ୍ମ' ହେଉଛନ୍ତି ଜଣେ ପ୍ରଧାନ ଈଶ୍ଵର (ଦେବ) ଏବଂ ସ୍ଵର୍ଗୀୟ ରାଜା ।
"By about the 7th century CE most main features of the Hindu temple were established along with theoretical texts on temple architecture and building methods. Already three styles of temple were identified in these: nagara, dravida and vesara, though these were not yet associated with regions of India, and the original meanings may not fully align with modern uses of the terms. In Karnataka, the group of 7th and 8th-century temples at Pattadakal famously mixes forms later associated with both north and south, as does that at Aihole, which still includes apsidal chaitya hall-type plans.","କର୍ଣ୍ଣାଟକରେ, ପଟ୍ଟାଦକଲ୍‌ ଠାରେ ଅବସ୍ଥିତ ୭ମ ଏବଂ ୮ମ ଶତାବ୍ଦୀର ମନ୍ଦିରଗୁଡ଼ିକ ଉଲ୍ଲେଖନୀୟ ଭାବରେ ସେହି ଶୈଳୀଗୁଡ଼ିକର ମିଶ୍ରଣ କରିଛନ୍ତି, ପରବର୍ତ୍ତୀ କାଳରେ ଯାହାର ଉଭୟ ଉତ୍ତର ଏବଂ ଦକ୍ଷିଣ ସହିତ ସମ୍ପର୍କ ରହିଛି, ଯାହା ଆଇହୋଲ୍‌ରେ ମଧ୍ୟ ଦେଖିବାକୁ ମିଳିଥାଏ, ଯେଉଁଠାରେ ଏପର୍ଯ୍ୟନ୍ତ ଅର୍ଦ୍ଧବୃତ୍ତାକାର ପ୍ରଶସ୍ତ ଚୈତ୍ୟ ଗୃହ ଭଳି ନକ୍ସାସବୁ ରହିଛି।"
"Caliph Abd al-Malik established Arabic as the Caliphate's official language in 686. This reform greatly influenced the conquered non-Arab peoples and fueled the Arabization of the region. However, the Arabs' higher status among non-Arab Muslim converts and the latter's obligation to pay heavy taxes caused resentment.","ମାତ୍ର, ଅଣ-ଆରବୀୟ ଧର୍ମାନ୍ତରିତ ମୁସଲମାନମାନଙ୍କ ମଧ୍ୟରେ ଆରବୀୟମାନଙ୍କର ଉଚ୍ଚତର ସାମାଜିକ ସ୍ଥିତି ଏବଂ ସେମାନଙ୍କର ଅତ୍ୟଧିକ କର ଦେବା ପାଇଁ ବାଧ୍ୟତା ବିଦ୍ୱେଷ ସୃଷ୍ଟି କରିଥିଲା ।"
"Followers of Buddhism, called Buddhists in English, referred to themselves as Sakyan-s or Sakyabhiksu in ancient India. Buddhist scholar Donald S. Lopez asserts they also used the term Bauddha, although scholar Richard Cohen asserts that that term was used only by outsiders to describe Buddhists.","ଲୋପେଜ୍‌ ଦାବି କରନ୍ତି ଯେ ସେମାନେ ମଧ୍ୟ 'ବୌଦ୍ଧ' ନାମଟି ବ୍ୟବହାର କରୁଥିଲେ, ଯଦିଓ ବିଦ୍ୱାନ୍‌ ରିଚାର୍ଡ୍‌ କୋହେନ୍‌ ଦାବି କରନ୍ତି ଯେ ଉକ୍ତ ନାମଟି କେବଳ ବାହାର ଲୋକମାନଙ୍କ ଦ୍ଵାରା ବୌଦ୍ଧଧର୍ମାବଲମ୍ବୀମାନଙ୍କୁ ବର୍ଣ୍ଣନା କରିବା ପାଇଁ ବ୍ୟବହାର କରାଯାଉଥିଲା ।"
"He had thousands of disciples all over India, Pakistan, and the USA, and he also had many khalifas all over India. He was married to a descendant of Abdul-Qadir Gilani, the eldest daughter of Hakeem Abdur-Rahim Qadri, Amjhar Sharif, Aurangabad, Bihar. He had three sons and eight daughters.","ସମଗ୍ର ଭାରତ, ପାକିସ୍ତାନ ଓ ଆମେରିକାରେ ତାଙ୍କର ହଜାର ହଜାର ଶିଷ୍ୟ ଥିଲେ, ଏବଂ ଭାରତ ସାରା ତାଙ୍କର ଅନେକ ଖଲିଫା ମଧ୍ୟ ରହିଥିଲେ ।"
"He published his thinking on these matters in his Essai de cosmologie (Essay on cosmology) of 1750. He shows that the major arguments advanced to prove God, from the wonders of nature or the apparent regularity of the universe, are all open to objection (what wonder is there in the existence of certain particularly repulsive insects, what regularity is there in the observation that all the planets turn in nearly the same plane exactly the same plane might have been striking but 'nearly the same plane' is far less convincing). But a universal principle of wisdom provides an undeniable proof of the shaping of the universe by a wise creator.","ସେ ଦେଖାଇଛନ୍ତି ଯେ, ଈଶ୍ୱରଙ୍କୁ ସିଦ୍ଧ କରିବା ପାଇଁ ଉପସ୍ଥାପିତ ପ୍ରମୁଖ ଯୁକ୍ତିଗୁଡ଼ିକ, ପ୍ରକୃତିର ବିସ୍ମୟଗୁଡ଼ିକ ଠାରୁ କିମ୍ବା ବ୍ରହ୍ମାଣ୍ଡର ପ୍ରତୀୟମାନ ନିୟମାନୁବର୍ତ୍ତିତା, ଏ ସବୁଗୁଡ଼ିକ ଉପରେ ଆପତ୍ତି ଉଠାଯାଇପାରେ (କିଛି ନିର୍ଦ୍ଦିଷ୍ଟ ଘୃଣ୍ୟ କୀଟମାନଙ୍କ ଅସ୍ତିତ୍ଵରେ ଏମିତି କ’ଣ ଆଶ୍ଚର୍ଯ୍ୟକର ଅଛି, ସମସ୍ତ ଗ୍ରହମାନେ ଯେ ପାଖାପାଖି ଗୋଟିଏ ସମତଳ କ୍ଷେତ୍ରରେ ବୁଲିଥାନ୍ତି, ଏହି ସାଧାରଣ ନିରୀକ୍ଷଣରେ ଏପରି କଣ ନିୟମିତତା ରହିଛି, ଏକ ନିର୍ଦ୍ଦିଷ୍ଟ ସମତଳ କ୍ଷେତ୍ର ହୁଏତ ଏକ ଚମତ୍କାର ହୋଇ ପାରିଥାନ୍ତା, କିନ୍ତୁ 'ପାଖାପାଖି ଗୋଟିଏ ସମତଳ କ୍ଷେତ୍ର' ଖୁବ୍ୟ କମ୍ ବିଶ୍ୱାସଯୋଗ୍ୟ ଅଟେ)।"
"In him, the northern region brought forth, as it were, another god of death, bent in rivalry to surpass... Yama (the god of death residing in the southern regions). People knew of his approach by noticing the vultures, crows and other birds flying ahead eager to feed on those who were being slain within his army's reach.","ତାଙ୍କ ମଧ୍ୟରେ, ଉତ୍ତର କ୍ଷେତ୍ର ଆଉ ଜଣେ ମୃତ୍ୟୁର ଦେବତାଙ୍କୁ ଖୋଜି ପାଇଥିଲା, ଯିଏ କିପରି ଯମଙ୍କୁ (ମୃତ୍ୟୁର ଦେବତା ଯିଏ ଦକ୍ଷିଣାଞ୍ଚଳରେ ବାସ କରନ୍ତି) ହରାଇ ଆଗକୁ ଯିବେ ବୋଲି ପ୍ରତିଯୋଗିତା କରୁଥିଲେ।"
"In the Advaita tradition, moksha (liberation from suffering and rebirth) is attained through recognizing this illusoriness of the phenomenal world and disidentification from the body-mind complex and the notion of 'doership', and acquiring vidy (knowledge) of one's true identity as Atman-Brahman, self-luminous (svayam praka) awareness or Witness-consciousness. Upanishadic statements such as tat tvam asi, ""that you are,"" destroy the ignorance (avidy) regarding one's true identity by revealing that (jiv)tman is non-different from immortal Brahman. While the prominent 8th century Vedic scholar and teacher (acharya) Adi Shankara emphasized that, since Brahman is ever-present, Brahman-knowledge is immediate and requires no 'action', that is, striving and effort, the Advaita tradition also prescribes elaborate preparatory practice, including contemplation of the mahavakyas and accepting yogic samadhi as a means to knowledge, posing a paradox which is also recognized in other spiritual disciplines and traditions.","୮ମ ଶତାବ୍ଦୀର ବିଶିଷ୍ଟ ବୈଦିକ ବିଦ୍ୱାନ ଏବଂ ଶିକ୍ଷକ (ଆଚାର୍ଯ୍ୟ), ଆଦି ଶଙ୍କର ଗୁରୁତ୍ୱ ଦେଇଥିଲେ ଯେ, ଯେହେତୁ ବ୍ରହ୍ମନ୍‌ ସର୍ବଦା ଉପସ୍ଥିତ, ବ୍ରହ୍ମନ୍‌-ଜ୍ଞାନ ତତ୍‌କ୍ଷଣାତ୍ ଅଟେ ଏବଂ ଏଥିରେ କୌଣସି 'କାର୍ଯ୍ୟାନୁଷ୍ଠାନ'ର, ଅର୍ଥାତ୍‌ ସଙ୍ଘର୍ଷ ଓ ପ୍ରୟାସର, ଦରକାର ପଡ଼ି ନଥାଏ; ଅଦ୍ୱୈତ ପରମ୍ପରା ମଧ୍ୟ ସବିସ୍ତାର ସାଧନା ପାଇଁ ନିୟମ ଧାର୍ଯ୍ୟ କରିଥାଏ, ଯେଉଁଥିରେ ମହାକାବ୍ୟ ବିଷୟରେ ବିଚାର କରିବା, ଏବଂ ଯୋଗ ଆଧାରିତ ସମାଧିକୁ ଜ୍ଞାନର ଏକ ସାଧନ ଭାବେ ବ୍ୟବହାର କରିବା ଅନ୍ତର୍ଭୁକ୍ତ, ଯାହା ଏକ ବିରୋଧାଭାସ ସୃଷ୍ଟି କରିଥାଏ, ଯାହାକୁ ଅନ୍ୟାନ୍ୟ ଆଧ୍ୟାତ୍ମିକ ଧାରା ଓ ପରମ୍ପରାରେ ମଧ୍ୟ ସ୍ୱୀକୃତି ଦିଆଯାଇଛି।"
"In the north-western parts of medieval India, the Himalayan regions, as well regions bordering central Asia, Buddhism had facilitated trade relations, states Lars Fogelin. With the Islamic invasion and expansion, and central Asians adopting Islam, the trade route-derived financial support sources and the economic foundations of Buddhist monasteries declined, on which the survival and growth of Buddhism was based. The arrival of Islam removed the royal patronage to the monastic tradition of Buddhism, and the replacement of Buddhists in long-distance trade by the Muslims eroded the related sources of patronage.","ଇସଲାମ୍‌‌ର ଆଗମନ ହେତୁ ବୌଦ୍ଧ ଧର୍ମର ବୌଦ୍ଧବିହାର ପରମ୍ପରାକୁ ମିଳୁଥିବା ରାଜକୀୟ ପୃଷ୍ଠପୋଷକତାର ଅନ୍ତ ଘଟିଥିଲା, ଏବଂ ଦୂରବର୍ତ୍ତୀ ବ୍ୟବସାୟରେ ବୌଦ୍ଧଧର୍ମାବଲମ୍ବୀମାନଙ୍କ ସ୍ଥାନ ମୁସଲମାନମାନେ ନେବା ପରେ ସେହି ସମ୍ବନ୍ଧୀୟ ଉତ୍ସରୁ ଆସୁଥିବା ପୃଷ୍ଠପୋଷକତା ମଧ୍ୟ ବନ୍ଦ ହୋଇଯାଇଥିଲା।"
"In the third stage of karma doctrine development, ideas of rebirth based on karma were added. One could be reborn either as another human being or another animal, according to this belief. In the third stage, additional ideas were introduced; for example, rituals, repentance and offerings at Taoist temples were encouraged as it could alleviate Karmic burden.","ତୃତୀୟ ପର୍ଯ୍ୟାୟରେ, ଅତିରିକ୍ତ ଧାରଣାସବୁ ପ୍ରଚଳନ କରାଗଲା; ଉଦାହରଣ ସ୍ୱରୂପ, କର୍ମକାଣ୍ଡ, ଅନୁତାପ, ଏବଂ ତାଓଇଷ୍ଟ ମନ୍ଦିରମାନଙ୍କରେ ନୈବେଦ୍ୟ ଅର୍ପଣ ପରି କାର୍ଯ୍ୟକୁ ଉତ୍ସାହିତ କରାଗଲା, କାରଣ ଏସବୁ କର୍ମଫଳର ବୋଝକୁ ଉପଶମ କରିବ।"
"Kaundinya could no longer see the Brahmin but only Anant instead. Kaundinya realized that Anant himself had come to save him and that god was Anant, the Eternal One. He confessed his sin in failing to recognize the Eternal in the string on Sushila's hand. Anant promised Kaundinya that if he made the 14-year vow, he would be free from all his sins and would obtain wealth, children, and happiness.","ଅନନ୍ତ କୌଣ୍ଡିନ୍ୟଙ୍କୁ ପ୍ରତିଶ୍ରୁତି ଦେଲେ ଯେ ଯଦି ସେ ୧୪-ବର୍ଷୀୟ ସଙ୍କଳ୍ପଟି କରିବେ ତେବେ ସେ ତାଙ୍କର ସମସ୍ତ ପାପରୁ ମୁକ୍ତ ହେବେ ଏବଂ ସମ୍ପତ୍ତି, ସନ୍ତାନ ଓ ସୁଖ ଲାଭ କରିବେ।"
"Mahayana remained a minority among Indian Buddhists for some time, growing slowly until about half of all monks encountered by Xuanzang in 7th-century India were Mahayanists. Early Mahayana schools of thought included the Mdhyamaka, Yogcra, and Buddha-nature (Tathgatagarbha) teachings. Mahayana is today the dominant form of Buddhism in East Asia and Tibet.","ଭାରତୀୟ ବୌଦ୍ଧଧର୍ମାବଲମ୍ବୀମାନଙ୍କ ମଧ୍ୟରେ ମହାଯାନ କିଛି ସମୟ ପାଇଁ ଏକ ଛୋଟ ଗୋଷ୍ଠୀ ହୋଇ ରହିଥିଲା, ଯାହା ଧୀରେ ଧୀରେ ବିସ୍ତାରିତ ହୋଇ ୭ମ ଶତାବ୍ଦୀର ଭାରତରେ ଜୁଆନଜାଙ୍ଗ୍‌ ଭେଟିଥିବା ସନ୍ୟାସୀମାନଙ୍କ ମଧ୍ୟରୁ ପ୍ରାୟ ଅଧାଅଧି ମହାଯାନବାଦୀ ଥିଲେ।"
"Many lowland Sinhalese converted to Christianity due to missionary campaigns by the Portuguese while the coastal Moors were religiously persecuted and forced to retreat to the Central highlands. The Buddhist majority disliked the Portuguese occupation and its influences, welcoming any power who might rescue them. When the Dutch captain Joris van Spilbergen landed in 1602, the king of Kandy appealed to him for help.","ଯେତେବେଳେ ଡଚ୍‌ କ୍ୟାପ୍‌ଟେନ ଜୋରିସ ଭାନ ସ୍ପିଲ୍‌ବର୍ଜନ ୧୬୦୨ରେ ପହଞ୍ଚିଲେ, କାଣ୍ଡୀର ରାଜା ସାହାଯ୍ୟ ନିମନ୍ତେ ତାଙ୍କୁ ନିବେଦନ କଲେ।"
"Reflected an attempt to introduce controversial notions and a disregard to the Code of Conduct for Special Procedures Mandate-holders as outlined in Human Rights Council resolution 8/4. She expressed alarm at the reinterpretation of existing human rights instruments, principles and concepts. The report also selectively quoted general comments and country-specific recommendations made by treaty bodies and propagated controversial and unrecognized principles, including the so-called Yogyakarta Principles, to justify his personal opinion.",ତାଙ୍କର ବ୍ୟକ୍ତିଗତ ମତକୁ ଯଥାର୍ଥ ସାବ୍ୟସ୍ତ କରିବା ପାଇଁ ଉକ୍ତ ରିପୋର୍ଟଟି ଚୁକ୍ତି-ସଂସ୍ଥାମାନଙ୍କ ଦ୍ୱାରା କରାଯାଇଥିବା ସାଧାରଣ ଟିପ୍ପଣୀ ଏବଂ ନିର୍ଦ୍ଦିଷ୍ଟ ଦେଶ ଭିତ୍ତିକ ସୁପାରିଶଗୁଡ଼ିକରୁ ବାଛିବାଛି କିଛି ଉଲ୍ଲେଖ କରିଥିଲା ଏବଂ ତଥା-କଥିତ ଯୋଗ୍ୟକର୍ତ୍ତା ସିଦ୍ଧାନ୍ତ ସମେତ ବିବାଦୀୟ ତଥା ଅସ୍ୱୀକୃତ ସିଦ୍ଧାନ୍ତ ସବୁର ପ୍ରସାର କରିଥିଲା।
"Roy Tseng, drawing on the New Confucians of the twentieth century, argues that Confucianism and liberal democracy can enter into a dialectical process, in which liberal rights and voting rights are rethought into resolutely modern, but nonetheless Confucian ways of life. This synthesis, blending Confucians rituals and institutions with a broader liberal democratic frame, is distinct from both Western-style liberalism which, for Tseng, suffers from excessive individualism and a lack of moral vision and from traditional Confucianism which, for Tseng, has historically suffered from rigid hierarchies and sclerotic elites. Against defenders of political meritocracy, Tseng claims that the fusion of Confucian and democratic institutions can conserve the best of both worlds, producing a more communal democracy which draws on a rich ethical tradition, addresses abuses of power, and combines popular accountability with a clear attention to the cultivation of virtue in elites.","ଏହି ସଂଶ୍ଳେଷଣଟି, ଯାହା କନଫ୍ୟୁସିଆନ୍‌ ରୀତିନୀତି ଓ ଅନୁଷ୍ଠାନଗୁଡ଼ିକର ଏକ ବ୍ୟାପକ ଉଦାରବାଦୀ ଗଣତାନ୍ତ୍ରିକ ଢାଞ୍ଚା ସହ ସମ୍ମିଶ୍ରଣ କରିଥାଏ, ତାହା, ପାଶ୍ଚାତ୍ୟ ଶୈଳୀ ଉଦାରବାଦ, ସେଙ୍ଗ୍‌‌ଙ୍କ ଅନୁଯାୟୀ ଯାହା ଅତ୍ୟଧିକ ବ୍ୟକ୍ତିବାଦ ଏବଂ ଏକ ନୈତିକ ଦୃଷ୍ଟିର ଅଭାବ ଦ୍ଵାରା ଗ୍ରସ୍ତ, ଏବଂ ପାରମ୍ପରିକ କନଫ୍ୟୁସିଆନ୍‌ବାଦ, ଯାହା ସେଙ୍ଗ୍‌‌ଙ୍କ ମତରେ, ଐତିହାସିକ ଭାବେ କଠୋର ଶ୍ରେଣୀବିନ୍ୟାସ ଏବଂ ଏକ ଶକ୍ତ ସମ୍ଭ୍ରାନ୍ତ ବର୍ଗ ଦ୍ୱାରା ଗ୍ରସ୍ତ ରହି ଆସିଛି - ଏ ଉଭୟ ଠାରୁ ସ୍ୱତନ୍ତ୍ର।"
Sikhism does not regard fasting as a spiritual act. Fasting as an austerity or as a mortification of the body by means of willful hunger is discouraged in Sikhism. Sikhism encourages temperance and moderation in food i.e. neither starve nor over-eat.,"ଶିଖ୍‌ଧର୍ମ ଖାଦ୍ୟରେ ସଂଯମତା ଓ ସନ୍ତୁଳନ, ଅର୍ଥାତ୍‌, କ୍ଷୁଧାର୍ତ୍ତ ନରହିବା ଓ ଅତିମାତ୍ରାରେ ନଖାଇବାକୁ ପ୍ରୋତ୍ସାହିତ କରେ ।"
"Some Bhajans are centuries old, popular on a pan-regional basis, passed down as a community tradition, while others are newly composed. Everyone in the Hindu tradition are free to compose a Bhajan with whatever ideas or in praise of any deity of their wish. But since they are sung, they typically follow meters of classical Indian music, the raga and the tala to go with the musical instruments.","କେତେକେ ଭଜନ ବହୁ ଶତାବ୍ଦୀରୁ ରହିଆସିଛି, ସମଗ୍ର ଅଞ୍ଚଳ ଭିତ୍ତିରେ ସେଗୁଡ଼ିକ ଲୋକାଦୃତ ଏବଂ ଗୋଷ୍ଠୀର ପରମ୍ପରା ଭାବେ ହସ୍ତାନ୍ତରିତ ହୋଇଆସିଛି, ମାତ୍ର ଆଉ କେତେକ ନୂଆ ଭାବେ ରଚିତ ହୋଇଛି।"
"Ten years (of reign) having been completed, King Piodasses (Ashoka) made known (the doctrine of) Piety (, Eusebeia) to men; and from this moment he has made men more pious, and everything thrives throughout the whole world. And the king abstains from (killing) living beings, and other men and those who (are) huntsmen and fishermen of the king have desisted from hunting. And if some (were) intemperate, they have ceased from their intemperance as was in their power; and obedient to their father and mother and to the elders, in opposition to the past also in the future, by so acting on every occasion, they will live better and more happily.","ଏବଂ ଯଦି କିଛି ଜଣ ଏହା ଭିତରୁ ଅସଂଯମୀ ଥିଲେ, ସେମାନେ ନିଜ ଅସଂଯମତାକୁ ନିଜ ସାମର୍ଥ୍ୟ ଅନୁଯାୟୀ ରୋକିପାରିଛନ୍ତି; ଏବଂ ନିଜ ପିତା, ମାତା, ଓ ବଡ଼ମାନଙ୍କ ପ୍ରତି ଆଜ୍ଞାଧୀନ ହୋଇ, ଅତୀତର ବୈପରୀତ୍ୟରେ ଓ ଭବିଷ୍ୟତରେ ମଧ୍ୟ, ପ୍ରତ୍ୟେକଟି ଅବସରରେ ଏପରି ଆଚରଣ ହେତୁ, ସେମାନେ ଏକ ଉନ୍ନତ ଓ ଅଧିକ ସୁଖଦାୟକ ଜୀବନ ବଞ୍ଚିବେ।"
"The Guru Granth Sahib starts with Japji Sahib, while Dasam Granth starts with Jaap Sahib also called Japu Sahib. Guru Nanak is credited with the former, while Guru Gobind Singh is credited with the latter. The Jaap Sahib, unlike Japji Sahib, is composed in Braj bhasha, Sanskrit and Arabic, and with 199 stanzas, is longer than Japji Sahib.","ଗୁରୁ ଗ୍ରନ୍ଥ ସାହିବ 'ଜପଜୀ ସାହିବ' ସହିତ ଆରମ୍ଭ ହୋଇଥିବା ବେଳେ 'ଦସମ ଗ୍ରନ୍ଥ', 'ଜା'ପ ସାହିବ' ସହିତ ଆରମ୍ଭ ହୋଇଛି, ଯାହାକୁକି 'ଜପୁ ସାହିବ' ମଧ୍ୟ କୁହାଯାଏ ।"
"The Muslim clergy in Romania includes imams, imam-hatips, and muezzins. As of 2008, the Ministry of Culture and Religious Affairs recognizes 35 imams. The Constana Mufti, who is the community's main representative, is elected by a secret ballot from among the imams.","ସମ୍ପ୍ରଦାୟର ମୁଖ୍ୟ ପ୍ରତିନିଧି, 'କନ୍‌ଷ୍ଟାନା ମୁଫ୍‌ତି', ଏକ ଗୋପନୀୟ ବ୍ୟାଲଟ୍‌ ଦ୍ଵାରା ଇମାମ୍‌ମାନଙ୍କ ମଧ୍ୟରୁ ନିର୍ବାଚିତ ହୋଇଥାନ୍ତି ।"
"The doctrine exists in Hinduism and Buddhism, but is most highly developed in Jainism. The theological basis of non-violence as the highest religious duty has been interpreted by some Jain scholars not to ""be driven by merit from giving or compassion to other creatures, nor a duty to rescue all creatures"", but resulting from ""continual self-discipline"", a cleansing of the soul that leads to one's own spiritual development which ultimately affects one's salvation and release from rebirths. Jains believe that causing injury to any being in any form creates bad karma which affects one's rebirth, future well-being and causes suffering.","ଅହିଂସା ସର୍ବୋଚ୍ଚ ଧାର୍ମିକ କର୍ତ୍ତବ୍ୟ ହେବା ପଛର ଧର୍ମତାତ୍ତ୍ୱିକ ଆଧାରକୁ କିଛି ଜୈନ ବିଦ୍ୱାନ ବ୍ୟାଖ୍ୟା କରିଛନ୍ତି ଯେ, ""ଏହା ଅନ୍ୟ ପ୍ରାଣୀମାନଙ୍କ ଉପରେ ଦୟା ବା କରୁଣା ଭାବରୁ ସୃଷ୍ଟି ହେଉଥିବା ଯୋଗ୍ୟତାରୁ ଆସି ନଥାଏ, କିମ୍ବା ସମସ୍ତ ପ୍ରାଣୀଙ୍କୁ ଉଦ୍ଧାର କରିବା କର୍ତ୍ତବ୍ୟରୁ ମଧ୍ୟ ଆସି ନଥାଏ,"" ବରଂ କେବଳ ""କ୍ରମାଗତ ସ୍ୱ-ଅନୁଶାସନ"" ଦ୍ୱାରା ପ୍ରାପ୍ତ ହୋଇଥାଏ, ଆତ୍ମାର ଏକ ବିଶୁଦ୍ଧିକରଣ ଯାହା ନିଜର ଆଧ୍ୟାତ୍ମିକ ବିକାଶ ଘଟାଇଥାଏ, ଯାହା ଶେଷରେ ନିଜର ମୋକ୍ଷ ପ୍ରାପ୍ତିକୁ ପ୍ରଭାବିତ କରେ, ଏବଂ ପୁନର୍ଜନ୍ମରୁ ମୁକ୍ତ କରିଥାଏ।"
"The early Sikh sects were Udasis and Minas founded by Sri Chand the elder son of Guru Nanak, and Prithi Chand the elder son of Guru Ram Das respectively, in parallel to the official succession of the Sikh Gurus. Later on Ramraiya sect grew in Dehradun with the patronage of Aurangzeb. Many splintered Sikh communities formed during the Mughal Empire era.",ମୋଗଲ ସାମ୍ରାଜ୍ୟ ଯୁଗରେ ଅନେକ ଅଲଗା ଅଲଗା ଶିଖ୍‌ ସମ୍ପ୍ରଦାୟ ଗଢ଼ିଉଠିଥିଲା ।
"The historian Peter Jackson explains in The New Cambridge History of Islam: ""The elite of the early Delhi sultanate comprised overwhelmingly first generation immigrants from Persia and Central Asia: Persians (Tjks), Turks, Ghrs and also Khalaj from the hot regions (garmsr) of modern Afghanistan. The Alai era saw the overthrow of the old nobility of early Mamluk rule. The backbone of the Turkic elite was broken as their wealth in Delhi was confiscated by Nusrat Khan Jalesari, after which a new heterogeneous Indo-Muslim nobility emerged in the Delhi Sultanate.",ଆଲାଈ ଯୁଗରେ ପ୍ରାରମ୍ଭିକ ମାମଲୁକ ଶାସନର ପୁରୁଣା ଅଭିଜାତ ବର୍ଗର ପତନ ଦେଖାଦେଇଥିଲା ।
The religious structure is called gurdwara (a place where the Guru dwells). The word gurdwara is a compound of guru (guide or master) and dwara (gateway or seat). The Golden Temple in Amritsar and Hazur Sahib are examples.,ଅମୃତସରର ସ୍ଵର୍ଣ୍ଣ ମନ୍ଦିର ଏବଂ ହଜୁର ସାହିବ ହେଉଛି ଉଦାହରଣ ।
"The roots of the Sikh tradition are, states Louis Fenech, perhaps in the Sant-tradition of India whose ideology grew to become the Sikh religion. Fenech states, ""Indic mythology permeates the Sikh sacred canon, the Guru Granth Sahib and the secondary canon, the Dasam Granth and adds delicate nuance and substance to the sacred symbolic universe of the Sikhs of today and of their past ancestors"". However, most historians do not see evidence of Sikhism as simply an extension of the Bhakti movement.","ଫେନେକ୍‌ କୁହନ୍ତି, ""ଭାରତୀୟ ପୁରାଣଶାସ୍ତ୍ର ଶିଖ୍ ପବିତ୍ର ଗ୍ରନ୍ଥ ଗୁରୁ ଗ୍ରନ୍ଥ ସାହିବ୍‌, ଏବଂ ଅନ୍ୟ ଏକ ମାଧ୍ୟମିକ ସିଦ୍ଧାନ୍ତ, ଦଶମ ଗ୍ରନ୍ଥ, ମଧ୍ୟରେ ପ୍ରବେଶ କରିଛି, ଏବଂ ଆଜିର ଶିଖ୍‌ ତଥା ସେମାନଙ୍କର ପୂର୍ବଜମାନଙ୍କର ପବିତ୍ର ପ୍ରତୀକାତ୍ମକ ଜଗତରେ ସୂକ୍ଷ୍ମ ଭାବ ତଥା ତତ୍ତ୍ୱ ଯୋଗକରିଅଛି।"""
"The schools of Buddhism told stories of the origin of their own particular school. These narratives function like creation myths, explaining how the school came to be, and why it has a special authority to convey the Buddha's teaching. Unlike the pan-sectarian myths of the Buddha's life or the Jtakas, these exist specifically to promote one's own school in relation to contemporary rivals.","ଏହି କଥନଗୁଡ଼ିକ ସୃଷ୍ଟି-କଥାକଳ୍ପ ପରି କାର୍ଯ୍ୟ କରିଥାଏ, ଯାହା ବ୍ୟାଖ୍ୟା କରିଥାଏ ଯେ, ସେହି ମତର ପ୍ରତିଷ୍ଠା କିପରି ହୋଇଥିଲା, ଏବଂ ବୁଦ୍ଧଙ୍କର ବାଣୀ ପ୍ରସାର କରିବାରେ କାହିଁକି ଏହାର ଏକ ବିଶେଷ ଅଧିକାର ରହିଛି।"
"The varna system is propounded in revered Hindu religious texts, and understood as idealised human callings. The Purusha Sukta of the Rigveda and Manusmriti's comment on it, being the oft-cited texts. Counter to these textual classifications, many revered Hindu texts and doctrines question and disagree with this system of social classification.","ଏହି ଗ୍ରନ୍ଥଗତ ବର୍ଗୀକରଣର ବିପରୀତରେ, ଅନେକ ନମସ୍ୟ ହିନ୍ଦୁ ଗ୍ରନ୍ଥ ଏବଂ ତତ୍ତ୍ୱ ଏହି ସାମାଜିକ ବର୍ଗୀକରଣ ବ୍ୟବସ୍ଥାକୁ ପ୍ରଶ୍ନ କରେ ଏବଂ ଏହା ସହିତ ଅସହମତି ପ୍ରକାଶ କରେ ।"
There are dozens of independent Islamic societies in Finland. The oldest one is Finnish Islamic Association which was established in 1925. It has about 700 members of whom all are Tatars.,ପ୍ରାଚୀନତମଟି ହେଉଛି 'ଫିନ୍‌ଲ୍ୟାଣ୍ଡୀୟ ଇସଲାମୀୟ ସଂଘ' ଯାହାକି ୧୯୨୫ ମସିହାରେ ସ୍ଥାପିତ ହୋଇଥିଲା ।
"Though rare, women can even become spiritual leaders or marabouts within the brotherhood. The Mourides have had one female marabout, Sokhna Magat Diop, who inherited her father's position. Qadiriyya women have also attained the position of marabout.","ମୁରୀଦ୍‌ମାନଙ୍କର ଜଣେ ମହିଳା ଫକୀର ଥିଲେ, ସୋଖ୍‌ନା ମାଗାତ୍‌ ଦିଓପ୍‌, ଯିଏକି ତାଙ୍କ ପିତାଙ୍କ ପଦବୀର ଉତ୍ତରାଧିକାରୀତ୍ଵ ପ୍ରାପ୍ତ କରିଥିଲେ ।"
"To be considered as a nun, one must have the economic means to afford the convent dowry. During this time convent dowries were affordable, compared to secular marriages between a man and a woman. Typically during early modern Spain many nuns were from elite families who had the means to afford the convent dowry and ""maintenance allowances"", which were annual fees.","ସାଧାରଣତଃ, ଆଧୁନିକ ସ୍ପେନର ଆଦ୍ୟ କାଳରେ, ଅନେକ ସନ୍ୟାସିନୀ ସମୃଦ୍ଧ ପରିବାରମାନଙ୍କରୁ ଆସୁଥିଲେ, ଯେଉଁମାନଙ୍କ ପାଖରେ କନଭେଣ୍ଟ୍‌‌ର ଯୌତୁକ ଓ ""ଭରଣପୋଷଣ ଭତ୍ତା"" ଦେବାର ସାଧନ ଥିଲା, ଯାହାକି ବାର୍ଷିକ ଫିସ୍‌ ହିସାବରେ ନିଆଯାଉଥିଲା।"
"Traditional stories, rituals, and taboos of the Inuit are often precautions against dangers posed by their harsh Arctic environment. Knud Rasmussen asked his guide and friend Aua, an angakkuq (spiritual healer), about Inuit religious beliefs among the Iglulingmiut (people of Igloolik) and was told: ""We don't believe. We fear."" Authors Inge Kleivan and Birgitte Sonne debate possible conclusions of Aua's words, because the angakkuq was under the influence of Christian missionaries, and later he even converted to Christianity.","ଇନୁଇଟ୍‌ଙ୍କ ପାରମ୍ପରିକ କାହାଣୀ, ରୀତିନୀତି ଏବଂ ସାମାଜିକ ନିଷେଧଗୁଡ଼ିକ ଅନେକ ସମୟରେ ସେମାନଙ୍କ ମେରୁ ଅଞ୍ଚଳର କ୍ରୂର ପରିବେଶ ଯୋଗୁଁ ଘଟୁଥିବା ବିପଦ ପ୍ରତି ସାବଧାନତା ଦ୍ଵାରା ଅଭିପ୍ରେତ।"
"Walisongo also use the term ""Sembahyang"" (worshipping Sang Hyang Taya in Kapitayan) in introducing the term of ""Shalat"" in Islam. In term of places for worship or praying, Walisongo also using the term Sanggar in Kapitayan, which represents a four-square building with an empty hole on its wall as the symbol of Sang Hyang Taya in Kapitayan, not arca or statues as in Hindu or Buddhism. This term of place for praying or worshipping in Kapitayan also used by Walisongo by the name ""Langgar"" represents the term of Masjid in Islam"".","ଉପାସନା ଅବା ପ୍ରାର୍ଥନା ସ୍ଥଳର କଥା ଦେଖିଲେ, ୱାଲିସୋଙ୍ଗୋ ମଧ୍ୟ କପିତାୟନ୍‌‌ରେ 'ସଙ୍ଗର୍‌' ଶବ୍ଦର ବ୍ୟବହାର କରନ୍ତି, ଯାହା ଏକ ବର୍ଗାକାର ଅଟ୍ଟାଳିକାର ପ୍ରତିନିଧିତ୍ଵ କରିଥାଏ ଯାହାର କାନ୍ଥରେ କପିତାୟନ୍‌‌ରେ 'ସାଙ୍ଗ ହ୍ୟାଙ୍ଗ୍‌ ତାୟା'ର ପ୍ରତୀକ ଭାବେ ଏକ ଖାଲି ଗହ୍ୱର ରହିଥାଏ, ଯାହା ହିନ୍ଦୁ ଧର୍ମ ଅବା ବୌଦ୍ଧ ଧର୍ମରେ ଥିବା ଅର୍କ କିମ୍ବା ମୂର୍ତ୍ତିସବୁ ଠାରୁ ଭିନ୍ନ।"
"adultery is considered immoral by christians and a sin, based primarily on passages like exodus 20:14 and 1 corinthians 6:910. although 1 corinthians 6:11 does say that ""and that is what some of you were. but you were washed"", it still acknowledges adultery to be immoral and a sin.","ମୁଖ୍ୟତଃ ଏକ୍ସୋଡସ୍‌ ୨୦:୧୪ ଏବଂ ୧ କୋରିନ୍ଥିଆନସ୍‌ ୬:୯୧୦ ଭଳି ଅନୁଚ୍ଛେଦର ଆଧାରରେ, ବ୍ୟଭିଚାରକୁ ଖ୍ରୀଷ୍ଟିଆନ୍‌ମାନଙ୍କ ଦ୍ୱାରା ଅନୈତିକ ଏବଂ ଏକ ପାପ ବୋଲି ବିବେଚନା କରାଯାଇଥାଏ।"
"obama is a protestant christian whose religious views developed in his adult life. he wrote in the audacity of hope that he ""was not raised in a religious household."" he described his mother, raised by non-religious parents, as being ""detached from religion"", yet in many ways the most ""spiritually awakened person"" i have ever known, and as a ""lonely witness for secular humanism"". he described his father as a ""confirmed atheist"" by the time his parents met, and his stepfather as ""a man who saw religion as not particularly useful."" obama explained how, through working with black churches as a community organizer while in his twenties, he came to understand ""the power of the african-american religious tradition to spur social change.""","ଅଣ-ଧାର୍ମିକ ପିତାମାତାଙ୍କ ଦ୍ଵାରା ପାଳିତା, ତାଙ୍କ ମାଆଙ୍କୁ ସେ ""ଧର୍ମଠାରୁ ବିଚ୍ଛିନ୍ନ"", ଅଥଚ ଅନେକ ପ୍ରକାରେ, ""ମୋ ଜ୍ଞାତସାରରେ ଆଧ୍ୟାତ୍ମିକ ଦୃଷ୍ଟିରୁ ଅତ୍ୟନ୍ତ ଜାଗ୍ରତ ବ୍ୟକ୍ତି"", ଏବଂ ଜଣେ ""ଧର୍ମ-ନିଷ୍ପକ୍ଷ ମାନବବାଦ ପାଇଁ ଏକାକିନୀ ସାକ୍ଷୀ"" ଭାବେ ବର୍ଣ୍ଣନା କରିଥିଲେ।"
"sanatkumara states that narada, with the worldly knowledge, has so far focussed on name. adore and revere the worldly knowledge asserts sanatkumara in section 7.1 of the upanishad, but meditate on all that knowledge as the name, as brahman. narada asks sanatkumara to explain, and asks what is better than the worldly knowledge.","""ପାର୍ଥିବ ଜ୍ଞାନ ପ୍ରତି ଶ୍ରଦ୍ଧା ଓ ସମ୍ମାନ କର"", ଉପନିଷଦର ବିଭାଗ ୭.୧ରେ ସନତ୍‌କୁମାର କହିଛନ୍ତି, ""ମାତ୍ର ସେ ସମସ୍ତ ଜ୍ଞାନ ଉପରେ 'ବ୍ରହ୍ମନ୍‌' ନାମକ ନାମରେ ଧ୍ୟାନ କର ।"""
"the mantras are from the taittiriya upanishad, shikshavalli i.11.2, which says: matrudevo bhava, mitradevo bhava, pitrudevo bhava, putradevo bhava, acharyadevo bhava, atithidevo bhava. it literally means ""be one for whom the mother is god, be one for whom the friend is god, be one for whom the father is god, be one for whom the child is god, be one for whom the teacher is god, and be one for whom the guest is god"". matrudevah, mitradevah, pitrudevah, putradevah, acharyadevah, and atithidevah are one word each, and each one is a bahuvrihi samasta-pada.","ମନ୍ତ୍ରଗୁଡ଼ିକ ତୈତ୍ତିରୀୟ ଉପନିଷଦ, ଶିକ୍ଷାବଲ୍ଲୀ-୧ମ.୧୧.୨ ରୁ ଆସିଛି, ଯେଉଁଥିରେ କୁହାଯାଇଛି: 'ମାତୃଦେବୋ ଭବ', 'ପିତୃଦେବୋ ଭବ', 'ଆଚାର୍ଯ୍ୟଦେବୋ ଭବ', 'ଅତିଥିଦେବୋ ଭବ' ।"
"A single athlete, Norman Pritchard, represented India in the 1900 Olympics, winning two silver medals. India sent its first national team to the Olympics in 1920, and has participated in every Summer Olympic Games ever since. India has also competed at several Winter Olympic Games since 1964.",ଅଲିମ୍ପିକ୍ସକୁ ଭାରତ ନିଜର ପ୍ରଥମ ଜାତୀୟ ଦଳ ୧୯୨୦ ମସିହାରେ ପଠାଇଥିଲା ଏବଂ ତା'ପର ଠାରୁ ଅନୁଷ୍ଠିତ ହୋଇଥିବା ପ୍ରତ୍ୟେକ ଗ୍ରୀଷ୍ମ ଅଲମ୍ପିକ୍‌ ଗେମ୍ସ‌ରେ ଅଂଶଗ୍ରହଣ କରିଆସିଛି।
"Air guns come in both long gun (air rifle) and handgun (air pistol) forms. Both types typically propel metallic projectiles that are either diabolo-shaped pellets or spherical shots called BBs, although in recent years Mini ball-shaped cylindro-conoidal projectiles called slugs are gaining more popularity. Certain types of air guns (usually air rifles) may also launch fin-stabilized projectile such as darts (e.g., tranquilizer guns) or hollow-shaft arrows (so-called ""airbows"").",ଏୟାର ଗନ୍‌‌ ଉଭୟ ଲମ୍ବା ବନ୍ଧୁକ (ଏୟାର ରାଇଫଲ୍‌) ଓ ହାତ ବନ୍ଧୁକ (ଏୟାର ପିସ୍ତଲ) ରୂପରେ ଆସିଥାଏ।
"Anju Bobby George made history when she won the bronze medal in Women's long jump at the 2003 World Championships in Athletics in Paris. With this achievement, she became the first Indian athlete ever to win a medal in a World Championships in Athletics jumping 6.70 mll 2010 Milkha Singh was the only athlete to win an individual gold medal at a Commonwealth Games but at 2010 Commonwealth Games, Krishna Punia created history by winning the Women's discus throw gold medal for India after 52 years and as first woman to win a gold in athletics at Commonwealth Games. In the same edition of Commonwealth games Manjeet Kaur, Sini Jose, Ashwini Akkunji & Mandeep Kaur won the Women's 4 400 m (Relay) gold medal.","ମିଲ୍‌ଖା ସିଂହ ଏକମାତ୍ର କ୍ରୀଡାବିତ୍ ଥିଲେ ଯିଏ କମନୱେଲଥ୍‌ ଖେଳରେ ବ୍ୟକ୍ତିଗତ ସ୍ଵର୍ଣ୍ଣ ପଦକ ଜିତିଥିଲେ, କିନ୍ତୁ ୫୨ ବର୍ଷ ପରେ ୨୦୧୦ କମନୱେଲଥ୍‌ ଖେଳରେ କ୍ରିଷ୍ଣା ପୁନିଆ ମହିଳା ଡିସ୍କସ୍‌ ଥ୍ରୋରେ ଭାରତ ପାଇଁ ସ୍ଵର୍ଣ୍ଣ ପଦକ ଜିତି ଇତିହାସ ସୃଷ୍ଟି କରିଥିଲେ, ଏବଂ କମନୱେଲଥ୍‌ ଖେଳରେ ଆଥ୍‌ଲେଟିକ୍‌ସରେ ପ୍ରଥମ ମହିଳା ଭାବେ ଏକ ସ୍ଵର୍ଣ୍ଣ ପଦକ ଜିତି ସେ ଏହି ଇତିହାସ ସୃଷ୍ଟି କରିଥିଲେ।"
"Anju is married to Robert Bobby George, who is a former national champion in triple jump and her coach too. She is employed with the Customs department in Bangalore. The couple have a son Aaron and a daughter Andrea.","ଅଞ୍ଜୁ ବିବାହ କରିଛନ୍ତି ରବର୍ଟ ବବି ଜର୍ଜଙ୍କୁ, ଯିଏ ତ୍ରୀସ୍ତରୀୟ ଲମ୍ଫ କ୍ଷେତ୍ରରେ ଜଣେ ପୂର୍ବତନ ଜାତୀୟ ଚମ୍ପିୟାନ ଏବଂ ତାଙ୍କର ପ୍ରଶିକ୍ଷକ ମଧ୍ୟ।"
Any performance with a following wind of more than 2.0 metres per second is not counted for record purposes. Below is a list of wind-assisted jumps (equal or superior to 7.16 m). Only best assisted mark that is superior to legal best is shown:,ଯେ କୌଣସି ଏକ ପ୍ରଦର୍ଶନ ଯାହାର ପରବର୍ତ୍ତୀ ୱିଣ୍ଡ୍‌ ସେକେଣ୍ଡ୍ ପ୍ରତି ୨.୦ ମିଟରରୁ ଅଧିକ ଥାଏ ତାହା ରେକର୍ଡ ଉଦ୍ଦେଶ୍ୟରେ ଗଣନା କରାଯାଏନାହିଁ।
"As of 1 January 2010, men are only allowed to wear suits from the waist to the knees. They are also only permitted to wear one piece of swimwear; they cannot wear briefs underneath jammers. This rule was enacted after the controversy in the Beijing Olympics and Rome World Championships.","୧ ଜାନୁୟାରୀ ୨୦୧୦ ସୁଦ୍ଧା, ପୁରୁଷମାନଙ୍କୁ କେବଳ ଅଣ୍ଟାରୁ ଆଣ୍ଠୁ ଯାଏଁ ସୁଟ ପିନ୍ଧିବା ଅନୁମତି ଅଛି।"
Bristol is represented by professional teams in all the major national sports. Bristol City and Bristol Rovers are the city's main football clubs. Bristol Bears (rugby union) and Gloucestershire County Cricket Club are also based in the city.,ବ୍ରିଷ୍ଟଲ ବେୟର୍‌ସ (ରଗ୍‌ବି ୟୁନିଅନ) ଓ ଗ୍ଲୋସେଷ୍ଟାରଶାୟାର କାଉଣ୍ଟି କ୍ରିକେଟ କ୍ଲବ ମଧ୍ୟ ଏହି ସହରରେ ଅବସ୍ଥିତ।
"Feng Tianwei, a Chinese-born player representing Singapore, has medaled in three Olympic table tennis events, more medals than native Singaporeans have won in all other sports combined (two). These successes have been somewhat controversial in Singapore. In 2014, Singapore Table Tennis Association's president Lee Bee Wah quit over this issue; her successor, Ellen Lee, later favored the application for citizenship of Zeng Jian, a China-born paddler.","୨୦୧୪ ମସିହାରେ, ସିଙ୍ଗାପୁର ଟେବଲ୍‌ ଟେନିସ୍‌ ସଂଘର ସଭାପତି, ଲୀ ବୀ ୱାହ୍‌, ଏହି ବିବାଦକୁ ନେଇ ନିଜ ଇସ୍ତଫା ଦେଇଥିଲେ; ତାଙ୍କ ଉତ୍ତରାଧିକାରୀ, ଏଲେନ୍‌ ଲୀ, ପରବର୍ତ୍ତୀ ସମୟରେ ଜଣେ ଚୀନ-ଜନ୍ମିତ ପ୍ୟାଡ୍‌ଲର ଜେଙ୍ଗ୍ ଜିଆନ୍‌‌ଙ୍କ ନାଗରିକତ୍ୱ ଦରଖାସ୍ତକୁ ସମର୍ଥନ କରିଥିଲେ।"
"From the 1920s, professional engineers took an interest in archery, previously the exclusive field of traditional craft experts. They led the commercial development of new forms of bow including the modern recurve and compound bow. These modern forms are now dominant in modern Western archery; traditional bows are in a minority.","୧୯୨୦ ଦଶକ ଠାରୁ, ପେସାଦାର ଯନ୍ତ୍ରୀମାନେ ତୀରନ୍ଦାଜ ପ୍ରତି ଆଗ୍ରହ ପ୍ରଦର୍ଶନ କରିଛନ୍ତି, ଯାହା ଆଗରୁ ପାରମ୍ପରିକ କାରିଗରୀ ବିଶେଷଜ୍ଞମାନଙ୍କ ସ୍ୱତନ୍ତ୍ର କ୍ଷେତ୍ର ଥିଲା।"
"Historically, Argentina has had a strong showing within Auto racing. Juan Manuel Fangio was five times Formula One world champion under four different teams, winning 102 of his 184 international races, and is widely ranked as the greatest driver of all time. Other distinguished racers were Oscar Alfredo Glvez, Juan Glvez, Jos Froiln Gonzlez and Carlos Reutemann.","ଚାରୋଟି ଭିନ୍ନ ଭିନ୍ନ ଦଳ ଅଧୀନରେ ଜୁଆନ୍‌ ମାନୁଏଲ୍‌ ଫାଙ୍ଗିଓ ପାଞ୍ଚ ଥର ଫର୍ମୁଲା ୱାନ୍ ବିଶ୍ୱ ଚାମ୍ପିଅନ୍‌ ହୋଇଛନ୍ତି, ନିଜର ୧୮୪ ଅନ୍ତର୍ଜାତୀୟ ରେସ୍ ମଧ୍ୟରୁ ସେ ୧୦୨ଟି ଜିତିଛନ୍ତି, ଏବଂ ବହୁଲୋକ ତାଙ୍କୁ ସର୍ବକାଳୀନ ଶ୍ରେଷ୍ଠ ଡ୍ରାଇଭର୍‌ ରୂପେ ବିବେଚନା କରିଥାନ୍ତି।"
"In India, the Beighton Cup and the Aga Khan tournament commenced within ten years. Entering the Olympics in 1928, India won all five games without conceding a goal, and won from 1932 until 1956 and then in 1964 and 1980. Pakistan won in 1960, 1968 and 1984.","ଭାରତରେ, ବେଟନ କପ୍‌ ଏବଂ ଆଗା ଖାନ କ୍ରୀଡ଼ା ପ୍ରତିଯୋଗିତା ଦଶ ବର୍ଷ ମଧ୍ୟରେ ଆରମ୍ଭ ହୋଇଥିଲା।"
"In May 2012, Deepika Kumari won her first World Cup individual stage recurve gold medal at Antalya, Turkey. She beat Korea's Lee Sung-Jin by six set points to four in the final. Later in 2012, she would go on to become world no.","ମେ' ୨୦୧୨ରେ, ଦୀପିକା କୁମାରୀ ତୁର୍କୀର ଆଣ୍ଟାଲ୍ୟରେ ତାଙ୍କର ପ୍ରଥମ ବିଶ୍ଵ କପ ବ୍ୟକ୍ତିଗତ 'ରିକର୍ଭ' ସ୍ଵର୍ଣ୍ଣ ପଦକ ଜିଣିଥିଲେ।"
"In November 2017, she filed a complaint of harassment against the senior officials at the state sports department where she was employed. She said that her salary was not paid for past two years and neither was her leave for subsequent games duly sanctioned by the authority. Addressed to Haryana's director of sports and youth affairs, she expressed her disagreement with the state which promised to provide her with necessary amenities to continue with her sport along with her job.","ସେ କହିଥିଲେ ଯେ ଗତ ଦୁଇ ବର୍ଷ ଧରି ତାଙ୍କ ଦରମା ଦିଆଯାଇ ନାହିଁ, ଏବଂ ଆଗକୁ ଖେଳାଯିବାକୁ ଥିବା ମ୍ୟାଚ୍‌ଗୁଡ଼ିକ ପାଇଁ କର୍ତ୍ତୃପକ୍ଷଙ୍କ ତରଫରୁ ବିଧିବଦ୍ଧ ଭାବେ ତାଙ୍କ ଛୁଟି ମଧ୍ୟ ମଞ୍ଜୁର କରାଯାଇନାହିଁ।"
"In the Games, ""Mr. Asia of 1951"" was also contested as the non-medal event. The contingents were judged on the basis of their physical development, looks, and personality. Parimal Roy of India won the event ahead of Mahmoud Namjoo of Iran, who won gold medal in the bantamweight category of weightlifting.","ପ୍ରତିନିଧିମାନଙ୍କୁ ସେମାନଙ୍କ ଶାରୀରିକ ବିକାଶ, ଚେହେରା ଓ ବ୍ୟକ୍ତିତ୍ୱ ଆଧାରରେ ମୂଲ୍ୟାୟନ କରାଯାଉଥିଲା।"
"In the final match, Indian team faced its traditional archrival Pakistani team. Match was scheduled on 15 March 1975. Ashok Kumar scored the all-important winning goal to achieve India's lone triumph in the World cup.","ଅଶୋକ କୁମାର ସବୁଠାରୁ ଗୁରୁତ୍ୱପୂର୍ଣ୍ଣ ଜିତିବା ଗୋଲ୍‌ଟି ମାରିଥିଲେ, ଏବଂ ବିଶ୍ଵ କପ୍‌ରେ ଭାରତ ତା'ର ଏକମାତ୍ର ବିଜୟ ହାସଲ କରିଥିଲା।"
"In the women's freestyle 55kg category at the 2014 Commonwealth Games, Babita's first opponent in the quarter-finals was Kathryn Marsh of Scotland, whom she beat 92, 40 (classification points 4:1). Her opponent in the semi-finals was Louisa Porogovska of England whom she beat 20 (classification points 5:0) victory by fall (wrestling terminology). In the gold medal bout, she was up against Brittanee Laverdure of Canada whom she beat 50, 42 (classification points 3:1) to win the gold medal.","୨୦୧୪ କମନୱେଲଥ୍‌ ଖେଳ ମହିଳା ଫ୍ରିଷ୍ଟାଇଲ୍‌ ୫୫କେ.ଜି. ବର୍ଗରେ, କ୍ୱାର୍ଟର-ଫାଇନାଲ୍‌‌‌ସରେ ବବିତାଙ୍କ ପ୍ରଥମ ପ୍ରତିଦ୍ୱନ୍ଦ୍ୱୀ ଥିଲେ ସ୍କଟଲାଣ୍ଡ୍‌‌ର କାଥରିନ୍‌ ମାର୍ଶ, ଯାହାଙ୍କୁ ସେ ୯୨, ୪୦ ମାର୍ଜିନରେ ହରାଇଥିଲେ (ବର୍ଗୀକରଣ ପଏଣ୍ଟ ୪:୧) |"
"Karate in India is administered by the Karate India Organization. India has produced many accomplished karatekas like Aniket Gupta, Deepika Dhiman, Sunil Rathee, Supriya Jatav and Gaurva Sindhiya. The 2015 Commonwealth Karate Games were held in Delhi, India.",୨୦୧୫ ମସିହାରେ ହୋଇଥିବା କମନୱେଲଥ୍‌ କରାଟେ ଗେମ୍ସ ଭାରତର ଦିଲ୍ଲୀଠାରେ ଅନୁଷ୍ଠିତ ହୋଇଥିଲା।
"Men and women have different weights for their throwing implements men's javelin is 800 grams compared to 600 for women, men's weight throw is 35 pounds compared to 20 for women, men's discus is 2 kilograms to women's 1, men's shot put is 16 pounds compared to 8 pounds for women, and men's hammer throw is also 16 pounds to the women's 8. Additionally, men's high hurdles are at height of 42 inches compared to women's hurdles which are 33 inches. For the intermediate hurdles (400 meter hurdles), the men's hurdle height is 36 inches compared to 30 inches for women.","ପୁରୁଷ ଏବଂ ମହିଳାମାନଙ୍କ ପାଇଁ ଭିନ୍ନ ଭିନ୍ନ ଓଜନର ଫିଙ୍ଗିବା ଉପକରଣ ଥାଏ: ପୁରୁଷଙ୍କ ଜାଭେଲିନ୍ ୮୦୦ ଗ୍ରାମର ଥିବା ବେଳେ, ମହିଳାଙ୍କର ୬୦୦ ଗ୍ରାମ ଥାଏ, ପୁରୁଷଙ୍କ ଓଜନ ଥ୍ରୋ ୩୫ ପାଉଣ୍ଡ ଥିବା ବେଳେ ମହିଳାଙ୍କର ୨୦ ଥାଏ, ପୁରୁଷଙ୍କ ଡିସ୍କସ୍ ୨ କିଲୋଗ୍ରାମ ରହିଥିବା ବେଳେ ମହିଳାଙ୍କ ପାଇଁ ଏହା ୧ କିଲୋଗ୍ରାମ, ପୁରୁଷଙ୍କ ସଟ୍ ପୁଟ୍ ୧୬ ପାଉଣ୍ଡ ଥିବା ବେଳେ ମହିଳାଙ୍କ ପାଇଁ ଏହା ୮ ପାଉଣ୍ଡ, ଏବଂ ପୁରୁଷଙ୍କ ହାମର୍‌ ଥ୍ରୋ ମଧ୍ୟ ୧୬ ପାଉଣ୍ଡ ଥିବାବେଳେ, ମହିଳାଙ୍କ ପାଇଁ ଏହା ୮ ପାଉଣ୍ଡ।"
"Modi and Shah also sought to reduce Congress' hold over sports bodies in the state. Shah served as the president of the Gujarat State Chess Association. In 2009, he became the vice-president of the profitable Gujarat Cricket Association (GCA), while Modi served as its president.","୨୦୦୯ରେ, ସେ ଲାଭକାରୀ ଗୁଜରାଟ କ୍ରିକେଟ ଆସୋସିଏସନ (ଜି.ସି.ଏ.)ର ଉପାଧ୍ୟକ୍ଷ ହୋଇଥିଲେ, ଯେତେବେଳେ କି ମୋଦି ଏହାର ଅଧ୍ୟକ୍ଷ ପଦରେ ରହିଲେ।"
"Most triathlons are individual events. Another format is relay triathlons, where a team of competitors take turns to compete at a race; each competitor must do a segment of swimming, cycling and running. The World Triathlon Mixed Relay Championships began with two separate classifications for men and women.","ଅନ୍ୟ ଏକ ପ୍ରାରୂପ ହେଉଛି ରିଲେ ଟ୍ରାଏଥଲନ୍‌, ଯେଉଁଠି ପ୍ରତିଯୋଗୀମାନଙ୍କର ଏକ ଦଳ ନିଜ ପାଳି ହିସାବରେ ଏକ ଦୌଡ଼ରେ ଭାଗନେଇଥାନ୍ତି; ଏଥିରେ ପ୍ରତ୍ୟେକ ପ୍ରତିଯୋଗୀକୁ ପହଁରା, ସାଇକେଲ୍ ଚାଳନା, ଏବଂ ଦୌଡ଼ରେ ଗୋଟିଏ ଗୋଟିଏ ଅଂଶ ସମ୍ପାଦନ କରିବାକୁ ପଡ଼ିଥାଏ।"
"On the reserve day the Sri Lankans again batted first, scoring 222 runs including Mahela Jayawardene and Russel Arnold scoring 77 and 56 runs respectively, and Indian Zaheer Khan took three wickets for 44 runs. India scored 38 runs in 8.4 overs and the match was abandoned due to rain without result. According to ICC rules, an ODI match is only official after 25 overs are bowled to the side batting second.","ଆଇ.ସି.ସି. ନିୟମ ଅନୁଯାୟୀ, ଦ୍ଵିତୀୟରେ ବ୍ୟାଟିଂ କରିଥିବା ପକ୍ଷ ପ୍ରତି ୨୫ ଓଭର ବୋଲିଂ କଲାପରେ ଯାଇ ଏକ ଓ.ଡି.ଆଇ. ଖେଳ ଅଫିସିଆଲ ହୁଏ।"
"On the reserve day the Sri Lankans again batted first, scoring 222 runs including Mahela Jayawardene and Russel Arnold scoring 77 and 56 runs respectively, and Indian Zaheer Khan took three wickets for 44 runs. India scored 38 runs in 8.4 overs and the match was abandoned due to rain without result. According to ICC rules, an ODI match is only official after 25 overs bowled to the side batting second.","ସଂରକ୍ଷିତ ଦିନରେ, ଶ୍ରୀଲଙ୍କାର ଖେଳାଳୀ ପୁଣି ଥରେ ପ୍ରଥମେ ବ୍ୟାଟିଂ କରି ୨୨୨ ରନ୍‌ର ସ୍କୋର କରିଥିଲେ, ଯେଉଁଥିରେ ମହେଲା ଜୟୱର୍ଦ୍ଦନେ ଓ ରସେଲ୍‌ ଆର୍ନୋଲ୍ଡ ଯଥାକ୍ରମେ ୭୭ ଏବଂ ୫୬ ରନ୍ କରିଥିଲେ, ଏବଂ ଭାରତୀୟ ଜାହିର୍ ଖାନ୍ ୪୪ ରନ୍ ଦେଇ ତିନୋଟି ୱିକେଟ୍‌ ନେଇଥିଲେ।"
"On the senior circuit, Mirza started to show early success as she made her debut in April 2001 on the ITF Circuit as a 15-year-old. Her highlights of 2001 include a quarterfinals showing in Pune and a semifinal finish in New Delhi. As the 2002 season began, she turned around a season of early losses to winning three straight titles; her first in her hometown Hyderabad and the other two in Manila, Philippines.","ବରିଷ୍ଠ ସୂଚୀରେ, ମିର୍ଜା ତାଙ୍କର ଆଦ୍ୟ ସଫଳତା ଦେଖାଇବା ଆରମ୍ଭ କଲେ, ଯେତେବେଳେ ଏପ୍ରିଲ ୨୦୦୧ରେ, ଆଇ.ଟି.ଏଫ. ସର୍କିଟ୍‌ ମଧ୍ୟରେ ଜଣେ ୧୫-ବର୍ଷୀୟା ଭାବେ ସେ ପ୍ରଥମ ପଦାର୍ପଣ କଲେ।"
"Originally, it was intended that the top ranked team in this CWC League 2 would be promoted to the next 2020-2023 ICC Cricket World Cup Super League at the expense of its 13th ranked team - if the League 2 team finished as the higher of the two in the 2023 Cricket World Cup Qualifier. The team ranked lower would then have played in the next edition of League 2. However, in November 2021 the ICC announced that there would not be a second edition of the Super League.","ଆରମ୍ଭରେ, ଏହାର ଉଦ୍ଦେଶ୍ୟ ଥିଲା ଯେ ସି.ଡବ୍ଲ୍ୟୁ.ସି. ଲିଗ୍‌ ୨ରେ ସର୍ବୋଚ୍ଚ ରାଙ୍କ୍‌‌ରେ ଥିବା ଟିମ୍‌କୁ, ଏହାର ୧୩ ନମ୍ବର ରାଙ୍କ୍‌‌ରେ ଥିବା ଟିମ୍‌ ବ୍ୟୟରେ, ୨୦୨୦-୨୩ ଆଇ.ସି.ସି. କ୍ରିକେଟ ବିଶ୍ୱ କପ୍ ସୁପର ଲିଗ୍ ପାଇଁ ଉନ୍ନତ କରାଯିବ, ଯଦି ୱାର୍ଲଡ୍ କପ୍‌ କ୍ୱାଲିଫାୟର୍‌‌ରେ ଲିଗ୍ ୨ ଦଳଟି ଦୁଇ ଦଳ ମଧ୍ୟରେ ଉନ୍ନତ ସ୍ଥାନ ଅର୍ଜନ କରେ।"
"Sania won a gold and bronze at the 17th Asian Games in Incheon, South Korea. She paired with Saketh Myneni to beat China's Hsien Yin Peng and Chan Hao-ching and win gold in the mixed doubles tournament. She also won a bronze medal in women's doubles tournament, where she paired with Prarthana Thombare.",ସାକେଥ ମାୟନେନିଙ୍କ ଯୋଡ଼ିଦାର ଭାବେ ସେ ଚୀନର ସିଏନ ୟିନ ପେଂ ଓ ଚେନ ହାଓ-ଚିଂଙ୍କୁ ପରାସ୍ତ କଲେ ଏବଂ ଯୁଗ୍ମ ଡବଲ ଟୁର୍ନାମେଣ୍ଟରେ ସ୍ଵର୍ଣ୍ଣ ଜିତିଲେ।
"Santhi's case has been contrasted with that of Caster Semenya of South Africa, also a middle-distance runner, who nearly lost the gold she won at the 2009 Berlin World Championship after she failed a similar gender test. Semenya's nation rallied around her to safeguard her dignity, her rights and position in world sports. She was also her country's flag-bearer at the London Olympics 2012.","ସେମେନ୍ୟାଙ୍କ ମର୍ଯ୍ୟାଦା, ତାଙ୍କ ଅଧିକାର ଏବଂ ବିଶ୍ଵ କ୍ରୀଡ଼ାରେ ତାଙ୍କ ପଦ ସୁରକ୍ଷିତ ରଖିବା ପାଇଁ ତାଙ୍କ ଦେଶ ତାଙ୍କ ସମର୍ଥନରେ ଛିଡ଼ା ହୋଇଗଲା।"
"She became the first woman to have swum across sea channels off five continents in 2005 including the Strait of Gibraltar, the Tyrrhenian Sea, Cook Strait, Toroneos Gulf (Gulf of Kassndra) in Greece, the Catalina Channel off the California coast, and from Three Anchor Bay to Robben Island near Cape Town, South Africa. She created a record for swimming the 30km track in 3 hours & 26 minutes. She is now is planning to establish a swimming academy in Kolkata.","୨୦୦୫ରେ ସେ ପାଞ୍ଚୋଟି ମହାଦେଶ ଦେଇ ଯାଉଥିବା ସାମୁଦ୍ରିକ ଚ୍ୟାନେଲ୍‌‌କୁ ପହଁରିକି ପାରି ହୋଇଥିବା ପ୍ରଥମ ମହିଳା ହୋଇଥିଲେ, ଏଥି ମଧ୍ୟରେ ଥିଲା ଷ୍ଟ୍ରେଟ୍‌ ଅଫ୍‌ ଜିବ୍ରାଲ୍ଟର୍‌, ଟିରେନିଆନ୍‌ ସାଗର, କୁକ୍‌ ଷ୍ଟ୍ରେଟ୍‌, ଗ୍ରୀସ୍‌‌ରେ ଥିବା ଟୋରୋନିଓସ୍‌ ଗଲ୍ଫ୍‌ (ଗଲ୍ଫ୍‌ ଅଫ୍‌ କସାଣ୍ଡ୍ରା), କାଲିଫୋର୍ଣ୍ଣିଆ କୋଷ୍ଟ୍‌‌ରେ ଅବସ୍ଥିତ କାଟାଲିନା ଚ୍ୟାନେଲ୍‌, ଏବଂ ଦକ୍ଷିଣ ଆଫ୍ରିକାର କେପ୍‌ ଟାଉନ୍‌ ନିକଟସ୍ଥ ତିନି ଆଙ୍କର୍‌ ବେରୁ ଠାରୁ ରବେନ୍‌ ଦ୍ୱୀପ ପର୍ଯ୍ୟନ୍ତ।"
"She has won 22 medals in the National Championships, National Games and Federation Cups in India. She holds the national record of having most medals at senior level in National Championships for one state team. She is first woman Basketball player in India to represent the National team in one 2006 Commonwealth Games & two Asian Games 2010, 2014 respectively.",ଗୋଟିଏ ରାଜ୍ୟ ଦଳ ପାଇଁ ଜାତୀୟ ଚାମ୍ପିଅନସିପ୍‌ର ସିନିୟର୍‌ ସ୍ତରରେ ସର୍ବାଧିକ ପଦକ ଅର୍ଜନ କରିବାରେ ତାଙ୍କର ରେକର୍ଡ ରହିଛି।
"She has won 22 medals in the National Championships, National Games and Federation Cups in India. She holds the national record of having most medals at senior level in National Championships for one state team. She is first woman Basketball player in India to represent the National team in one 2006 Commonwealth Games & two Asian Games 2010, 2014 respectively.","ସେ ଭାରତର ପ୍ରଥମ ମହିଳା ବାସ୍କେଟ ବଲ ଖେଳାଳି ଅଟନ୍ତି, ଯିଏ ଗୋଟିଏ ୨୦୦୬ ମସିବା ରାଜ୍ୟଗୋଷ୍ଠୀ ଖେଳରେ ଏବଂ ଦୁଇଟି ଏସୀୟ ଖେଳରେ, ଯଥାକ୍ରମେ ୨୦୧୦ ଓ ୨୦୧୪ରେ, ଜାତୀୟ ଦଳକୁ ପ୍ରତିନିଧିତ୍ଵ କରିଥିଲେ।"
"Singh has won the Asian Tour Order of Merit twice. Meanwhile, Lahiri has two European Tour wins and seven Asian Tour wins. He qualified for the 2015 Presidents Cup.","ଇତି ମଧ୍ୟରେ, ଲାହିରି ଦୁଇଟି ୟୁରୋପିଆନ୍‌ ଟୁର ବିଜୟ ଏବଂ ସାତଟି ଏସିଆନ ଟୁର ବିଜୟ ହାସଲ କରିଛନ୍ତି।"
"Soma Biswas (born 16 May 1978 in Ranaghat[1]) is an athlete who lives in Kolkata, India and who specialises in the heptathlon. She rose to fame when she won the silver medal in 2002 Asian Games in Busan, South Korea. She won another silver medal at the 2006 Asian Games in Doha.",ସେ ପ୍ରସିଦ୍ଧି ଲାଭକଲେ ଯେତେବେଳେ ଦକ୍ଷିଣ କୋରିଆର ବୁଶାନରେ ଅନୁଷ୍ଠିତ ୨୦୦୨ ଏସୀୟ ଖେଳରେ ସେ ରୌପ୍ୟ ପଦକ ଜିତିଲେ।
"Tennis also became popular in France, where the French Championships date to 1891, although until 1925 they were open only to tennis players who were members of French clubs. Thus, Wimbledon, the US Open, the French Open and the Australian Open (dating to 1905) became and have remained the most prestigious events in tennis. Together, these four events are called the Majors or Slams (a term borrowed from bridge rather than baseball).","ଏକାଠି, ଏହି ଚାରିଟି କ୍ରୀଡ଼ା ପ୍ରତିଯୋଗିତାକୁ ମେଜର୍ସ ବା ସ୍ଲାମ୍ସ (ବେସବଲ ନୁହେଁ, ବରଂ ବ୍ରିଜରୁ ଏହି ପଦଟି ଆସିଛି) କୁହାଯାଏ।"
"The Olympic Flag was carried around the arena by eight former Australian Olympic champions: Bill Roycroft, Murray Rose, Liane Tooth, Gillian Rolton, Marjorie Jackson, Lorraine Crapp, Michael Wenden and Nick Green. During the raising of the Olympics Flag, the Olympic Hymn was sung by the Millennium Choir of the Greek Orthodox Archdiocese of Australia in Greek. Following this, Tina Arena sang a purpose-written pop song, The Flame.","ଅଲିମ୍ପିକ୍ ଧ୍ୱଜଟିକୁ ଅଷ୍ଟ୍ରେଲିଆର ଆଠୋଟି ପୂର୍ବତନ ଅଲିମ୍ପିକ୍ ଚାମ୍ପିଅନ୍: ବିଲ୍ ରଏକ୍ରଫ୍ଟ, ମରେ ରୋଜ୍, ଲିଆନ୍ ଟୁଥ୍, ଗିଲିୟାନ୍ ରୋଲଟନ୍, ମାର୍‌ଜରୀ ଜ୍ୟାକ୍‌ସନ୍, ଲୋରେନ୍ କ୍ରାପ୍, ମାଇକେଲ୍ ୱେଣ୍ଡେନ୍ ଏବଂ ନିକ୍ ଗ୍ରୀନ୍‌ଙ୍କ ଦ୍ୱାରା କ୍ରୀଡ଼ାଭୂମି ଚାରିପାଖରେ ବହନ କରାଯାଇଥିଲା ।"
"The Triathlon made its Olympic debut with the women's race. Set in the surroundings of the Sydney Opera House, Brigitte McMahon representing Switzerland swam, cycled and ran to the first gold medal in the sport, beating the favoured home athletes such as Michelie Jones who won silver. McMahon only passed Jones in sight of the finish line.","ସିଡ୍‌ନୀ ଓପେରା ହାଉସ୍‌‌ର ପରିବେଷ୍ଟନୀ ମଧ୍ୟରେ ଅନୁଷ୍ଠିତ, ସ୍ୱିଟଜରଲ୍ୟାଣ୍ଡ୍‌ର ପ୍ରତିନିଧିତ୍ୱ କରୁଥିବା ବ୍ରିଜିଟ୍‌ ମ୍ୟାକ୍‌ମହୋନ୍‌ ପହଁରି, ସାଇକେଲ୍ ଚଲାଇ, ଏବଂ ଦୌଡ଼ି ଏହି ଖେଳର ପ୍ରଥମ ସ୍ଵର୍ଣ୍ଣ ପଦକ ହାସଲ କରିଥିଲେ, ସେଠାକାର ପ୍ରିୟ ମିଶେଲି ଜୋନ୍ସଙ୍କ ଭଳି ଘରୋଇ କ୍ରୀଡ଼ାବିତ୍‌ଙ୍କୁ ହରାଇ, ଯିଏ ରୌପ୍ୟ ପଦକ ପାଇଥିଲେ।"
"The Triathlon made its Olympic debut with the women's race. Set in the surroundings of the Sydney Opera House, Brigitte McMahon representing Switzerland swam, cycled and ran to the first gold medal in the sport, beating the favoured home athletes such as Michelie Jones who won silver. McMahon only passed Jones in sight of the finish line.",ଏହି ଟ୍ରାଏଥଲନ୍‌ ନିଜର ପ୍ରଥମ ଅଲମ୍ପିକ୍‌ ପଦାର୍ପଣ ମହିଳା ଦୌଡ଼ ସହିତ କରିଥିଲା।
"The mascot for the Games was Appu a kid elephant. Known in real life as ""Kuttinarayanan"", this elephant fractured its leg in an accident when he was seven years old he stepped into a septic tank. That wound would not heal and it eventually killed him.","ବାସ୍ତବ ଜୀବନରେ ""କୁଟ୍ଟୀନାରାୟଣନ୍"" ଭାବେ ଜଣାଶୁଣା, ଏହି ହାତୀ ଯେବେ ସାତ ବର୍ଷ ବୟସର ହୋଇଥିଲା, ଏକ ସେପ୍ଟିକ୍‌ ଟାଙ୍କି ଉପରେ ପାଦ ପକେଇବା ଯୋଗୁଁ ତା'ର ଗୋଡ଼ ଭାଙ୍ଗିଯାଇଥିଲା।"
"The modern tennis court owes its design to Major Walter Clopton Wingfield. In 1873, Wingfield patented a court much the same as the current one for his stick tennis (sphairistike). This template was modified in 1875 to the court design that exists today, with markings similar to Wingfield's version, but with the hourglass shape of his court changed to a rectangle.","ଏହି ନମୁନାଟିର ୧୮୭୫ ମସିହାରେ ଆଂଶିକ ପରିବର୍ତ୍ତନ କରାଯାଇ ବର୍ତ୍ତମାନ ଦିନରେ ଥିବା କୋର୍ଟ ପ୍ରାରୂପକୁ ପରିଣତ କରାଯାଇଥିଲା, ଏଥିରେ ଥିବା ସନ୍ତକ ସବୁ ୱିଙ୍ଗଫିଲ୍ଡଙ୍କ ନମୁନା ସହ ସମାନ ରଖାଯାଇଥିଲା, କିନ୍ତୁ ତାଙ୍କ କୋର୍ଟର ବାଲିଘଡ଼ି ଆକାର ଏବେ ଆୟତକ୍ଷେତ୍ର ଆକାରରେ ପରିବର୍ତ୍ତନ କରାଯାଇଥିଲା।"
"United States dominance in sprinting was matched in the longer track races by United Kingdom. Only George Orton, who won Canada's first Olympic title in the shorter of the two steeplechases, ruined a perfect record for the British. Orton won his title less than an hour after placing third in the 400 metre hurdles.",ସ୍ୱଳ୍ପ-ଦୂରତା କ୍ଷିପ୍ର ଦୌଡ଼ରେ ଯୁକ୍ତ ରାଷ୍ଟ୍ରର ପ୍ରାଧାନ୍ୟ ସହିତ ସମତାଳ ରଖିଥିଲା ବ୍ରିଟେନ ଦୀର୍ଘ ଟ୍ରାକ ଦୌଡ଼ରେ।
"With this performance, India advanced to the Fed Cup Asia/Oceania Zone Group I for 2013. Mirza then played at the PTT Pattaya Open where she won her first WTA main draw match since the 2011 French Open coming from a set down to upset Ayumi Morita (ranked 47 spots higher). In second round she beat Anne Keothavong to enter in quarter-final, where she lost to Hsieh Su-wei.","ଦ୍ଵିତୀୟ ପର୍ଯ୍ୟାୟରେ, ସେ ଆନ୍ନୀ କିୟେସାଭନଙ୍କୁ ପରାସ୍ତ କରି କ୍ଵାର୍ଟର ଫାଇନାଲରେ ପ୍ରବେଶ କଲେ, ଯେଉଁଠି ସେ ସେଃ ସୁ-ୱେଙ୍କ ଠାରୁ ହାରିଗଲେ।"
"henri rousseau's 1908 work joueurs de football shows two pairs of rugby players competing. other french artists to have represented the sport in their works include albert gleizes' les joueurs de football (1912), robert delaunay's football. l'quipe de cardiff (1916) and andr lhote's partie de rugby (1917).","ଅନ୍ୟ ଫରାସୀ କଳାକାର ଯେଉଁମାନେ ନିଜ କଳାକୃତିରେ ଏହି ଖେଳକୁ ଦର୍ଶାଇଛନ୍ତି, ସେମାନଙ୍କ ମଧ୍ୟରେ ଅଛନ୍ତି, ଆଲବର୍ଟ୍‌ ଗ୍ଲେଇଜେସ୍‌ 'ଲେ ଜ୍ୟୁୟର୍ସ ଡେ ଫୁଟବଲ୍‌'ରେ (୧୯୧୨), ରବର୍ଟ ଡେଲାଉନେ 'ଫୁଟବଲ୍‌ ଲ'କୁଇପ୍‌ ଡେ କାର୍ଡିଫ୍‌'ରେ (୧୯୧୬), ଏବଂ ଏଣ୍ଡ୍ର ଲ୍ହୋତେ 'ପାର୍ଟୀ ଡେ ରଗ୍‌ବି'ରେ (୧୯୧୭)।"
Almost the entire street is occupied by fast food stalls or street vendors. It has nearly become a tradition that almost every prime minister of India has visited the street to eat paratha at least once. Other Indian cuisines are also available in this area even though the street specialises in north Indian food.:4050,"ଏ ଅଞ୍ଚଳରେ ଅନ୍ୟାନ୍ୟ ଭାରତୀୟ ଖାଦ୍ୟ-ପାନୀୟ ମଧ୍ୟ ଉପଲବ୍ଧ, ଯଦ୍ୟପି ଏହି ପଥପ୍ରାନ୍ତରେ ବିଶେଷ ଭାବେ ଉତ୍ତର ଭାରତୀୟ ଖାଦ୍ୟ ମିଳିଥାଏ।"
"Among Baku's cultural venues are Azerbaijan State Philharmonic Hall, Azerbaijan State Academic Opera and Ballet Theatre. The main movie theatre is Azerbaijan Cinema. Festivals include Baku International Film Festival, Baku International Jazz Festival, Novruz Festival, Gl Bayram (Flower Festival) and the National Theater Festival.","ବାକୁର ସାଂସ୍କୃତିକ ପୀଠସ୍ଥଳୀଗୁଡ଼ିକ ମଧ୍ୟରେ ଥିଲା ଆଜାରବାଇଜାନ ଷ୍ଟେଟ ଫିଲାରମନିକ୍ ହଲ୍, ଆଜାବାଇଜାନ ଷ୍ଟେଟ ଏକାଡେମିକ ଅପେରା,ଏବଂ ବ୍ୟାଲେ ଥିଏଟର।"
"As much of Melanesia is unspoiled and untouched, natural sights are the biggest tourist attractions. From the reefs, lagoons and mountains of New Caledonia to the beaches in Fiji and Norfolk, much of the natural scenery is a unique sight in their own right. Vanuatu and the Solomon Islands are also nowhere near short in natural attractions; however, as both those countries get fewer tourists, the highlights of those areas are often underrated.","ଭନୋଆଟୁ ଏବଂ ସୋଲୋମନ୍‌ ଦ୍ୱୀପରେ ମଧ୍ୟ ପ୍ରାକୃତିକ ଆକର୍ଷଣର କୌଣସି ଅଭାବ ନାହିଁ; ତେବେ, ଯେହେତୁ ସେହି ଦୁଇଟି ଦେଶକୁ ଖୁବ୍ କମ୍ ପର୍ଯ୍ୟଟକ ଆସିଥାନ୍ତି, ସେଠାକାର ବୈଶିଷ୍ଟ୍ୟଗୁଡ଼ିକ ସେତେଟା ପ୍ରାଧାନ୍ୟ ପାଇନଥାଏ।"
"As of September 2016, there are nine crossing points on the boundary between Shenzhen and Hong Kong, among which six are land connections. From west to east these include the Shenzhen Bay Port, Futian Port, Huanggang Port, Man Kam To Port, Luohu Port and Shatoujiao Port. On either sides of each of these ports of entry are road and/or rail transportation.","୨୦୧୬ ସୁଦ୍ଧା, ଶେଞ୍ଝେନ ଓ ହଂକଂ ମଧ୍ୟରେ ଥିବା ସୀମାରେ ନଅଟି ଅତିକ୍ରମଣ ଜାଗା ଅଛି, ସେଥିରୁ ଛଅଟି ସ୍ଥଳ ସଂଯୋଗ ଅଟେ।"
"Bengali vernacular architecture is noted for pioneering the bungalow. Bangladeshi villages consist of thatched roofed houses made of natural materials like mud, straw, wood and bamboo. In modern times, village bungalows are increasingly made of tin.","ବାଂଲାଦେଶର ଗ୍ରାମଗୁଡ଼ିକ ପ୍ରାକୃତିକ ଉପକରଣ, ଯଥା କାଦୁଅ, ନଡ଼ା, କାଠ ଓ ବାଉଁଶ ଆଦିରେ ତିଆରି ଚାଳ ଛପର ଘରସବୁକୁ ନେଇ ଗଠିତ।"
"East Africa's dramatic landscapes - and the wildlife that inhabit them - are a major draw for East African tourists. This part of Africa is where you can find the quintessential savanna safari experience, venturing out in a Land Rover across the plains to scout lions, cheetahs and elephants. The Maasai Mara and Amboseli National Park in Kenya, and Ngorongoro Crater and Serengeti National Park in Tanzania are very popular locations for game drives, offering the visitor the chance to spot the vaunted ""Big Five"" (lions, leopards, elephants, rhinos and buffaloes).","ଆଫ୍ରିକାର ଏହି ଅଂଶଟି ହେଉଛି ତାହା ଯେଉଁଠାରେକି ଆପଣ ଏକ ଲ୍ୟାଣ୍ଡ୍‌ ରୋଭର୍‌ରେ ସିଂହ, ଚିତାବାଘ ଏବଂ ହାତୀ ଅନୁସନ୍ଧାନ କରିବାକୁ ସମତଳଅଞ୍ଚଳର ଏ ପାଖରୁ ସେପାଖ ପର୍ଯ୍ୟନ୍ତ ଦୁଃସାହସିକ ଯାତ୍ରା କରି, ସର୍ବୋତ୍କୃଷ୍ଟ ସାଭାନ୍ନା ସଫାରୀ ଅନୁଭୂତି ପାଇପାରିବେ ।"
Felis tigris was the scientific name used by Carl Linnaeus in 1758 for the tiger. It was subordinated to the genus Panthera by Reginald Innes Pocock in 1929. Bengal is the traditional type locality of the species and the nominate subspecies Panthera tigris tigris.,ରେଜିନାଲ୍ଡ ଇନିସ ପୋକକ ଏହାକୁ ୧୯୨୯ରେ ପାନ୍ଥେରା ପ୍ରଜାତି ଅଧୀନସ୍ଥ ଶ୍ରେଣୀର ବୋଲି ବିବେଚନା କରିଥିଲେ।
"From Tezpur you can hire a private cab for anything between ₹600-800. Budget travelers can take a shared taxi to Balipara, around 20 km from the Tezpur ASTC (bus stand), for ₹15 per head. From Balipara, there are another 15 km - you can either take Itanagar-Bomdila bus that passes through Balipara around 11AM to drop you on the Nameri bus stop (you will see ""Bhalukpong 22 km"" milestone there) or can negotiate with one of the numerous shared taxis for a drop on Nameri bus stop. A dusty road leads to the park, and no public transport runs in this stretch of 2.3 km.","ବାଲୀପାଡ଼ା ଠାରୁ, ଆଉ ୧୫ କି.ମି. ରହିଛି - ଆପଣ ଇଟାନଗର-ବମଡିଲା ବସ୍‌ ଧରି ଯାଇପାରନ୍ତି ଯାହାକି ବାଲୀପାଡ଼ା ଦେଇ ପ୍ରାୟ ସକାଳ ୧୧ଟା ବେଳେ ଆପଣଙ୍କୁ ନାମେରି ବସ୍‌ ଷ୍ଟପ୍‌ (ସେଠାରେ ଆପଣ ""ଭାଲୁକପୁଙ୍ଗ୍‌ ୨୨ କି.ମି."" ମାଇଲ୍‌ଖୁଣ୍ଟଟି ଦେଖିବେ) ଠାରେ ଛାଡ଼ିଦେବ କିମ୍ବା ନାମେରି ବସ୍‌ ଷ୍ଟପ୍‌ ଠାରେ ଛାଡ଼ିଦେବା ପାଇଁ ଅନେକ ସଂଖ୍ୟକ ଶେୟାର୍‌ଡ଼୍‌ ଟ୍ୟାକ୍ସି ମଧ୍ୟରୁ ଗୋଟିକ ସହିତ ଦର ମୂଲାମୂଲି କରିପାରନ୍ତି ।"
"Goa has two World Heritage Sites: the Bom Jesus Basilica and churches and convents of Old Goa. The basilica holds the mortal remains of St. Francis Xavier, regarded by many Catholics as the patron saint of Goa (the patron of the Archdiocese of Goa is actually Saint Joseph Vaz). These are both Portuguese-era monuments and reflect a strong European character. The relics are taken down for veneration and for public viewing, per the prerogative of the Church in Goa, not every ten or twelve years as popularly thought and propagated.",ଗୋଆରେ ଦୁଇଟି ବିଶ୍ଵ ଐତିହ୍ୟ ସ୍ଥଳୀ ରହିଛି: ବମ୍ ଯୀସସ୍ ବାସିଲିକା ଏବଂ ପୁରୁଣା ଗୋଆର ଗୀର୍ଜା ଓ କନଭେଣ୍ଟ ଆଦି।
"Grand Egyptian Museum (on the desert plateau of Giza, 2 km northwest of the Pyramids) is not open yet. The Grand Egyptian Museum is the long-awaited primary replacement for the venerable Egyptian Museum in Midan Tahrir, with much bigger exhibition, storage and workplace areas. It is supposed to open by the end of 2022; as of August 2020, it's reported as available for private tours in advance of its official opening for $250.","'ଗ୍ରାଣ୍ଡ୍‌ ଇଜିପ୍ଟିଆନ୍‌ ମ୍ୟୁଜିୟମ୍‌' ହେଉଛି ମି'ଦାନ୍‌ ତହ୍‌ରୀର୍‌ ଠାରେ ଥିବା ସୁପ୍ରସିଦ୍ଧ ଇଜିପ୍ଟୀୟ ମ୍ୟୁଜିୟମ୍‌ର ଦୀର୍ଘ-ପ୍ରତୀକ୍ଷିତ ପ୍ରଧାନ ବିକଳ୍ପ, ଯାହାରକି ଅଧିକ ବିଶାଳ ପ୍ରଦର୍ଶନୀ, ଭଣ୍ଡାରଣ କ୍ଷମତା, ଏବଂ କର୍ମକ୍ଷେତ୍ରମାନ ରହିଛି ।"
Handicraft and small industries are also found such as Gwalior potteries. Gwalior is also an important historical and tourism sector of the country therefore the tourism sector also puts an effect into the city's economy. Gwalior trade fair is an annual trade fair showcasing the economy of Gwalior.,"ଗ୍ୱାଲିଅର ଦେଶର ଏକ ଗୁରୁତ୍ୱପୂର୍ଣ୍ଣ ଐତିହାସିକ ଓ ପର୍ଯ୍ୟଟନ କ୍ଷେତ୍ର ମଧ୍ୟ; ସୁତରାଂ, ସହରର ଅର୍ଥନୀତି ଉପରେ ପର୍ଯ୍ୟଟନ କ୍ଷେତ୍ରର ମଧ୍ୟ ଏକ ପ୍ରଭାବ ରହିଛି।"
"In 1652, Jan van Riebeeck established a resupply outpost at the Cape of Storms (the southwestern tip of Africa, now Cape Town, South Africa) to service company ships on their journey to and from East Asia. The cape was later renamed Cape of Good Hope in honour of the outpost's presence. Although non-company ships were welcome to use the station, they were charged exorbitantly.",ସେହି ସୈନ୍ୟଶିବିରର ଉପସ୍ଥିତି ପ୍ରତି ସମ୍ମାନପୂର୍ବକ ଅନ୍ତରୀପଟିକୁ ପରବର୍ତ୍ତୀ ସମୟରେ 'କେପ୍‌ ଅଫ୍‌ ଗୁଡ୍‌ ହୋପ୍‌‌' ଭାବେ ପୁନର୍ନାମିତ କରାଗଲା।
"In the mid-1990s tourism surpassed sugar, long the mainstay of the Cuban economy, as the primary source of foreign exchange. Havana devotes significant resources to building tourist facilities and renovating historic structures. Cuban officials estimate roughly 1.6 million tourists visited Cuba in 1999 yielding about $1.9 billion in gross revenues.","କ୍ୟୁବାର ଅଧିକାରୀମାନେ ଆକଳନ କରନ୍ତି ଯେ ୧୯୯୯ ମସିହାରେ ପାଖାପାଖି ୧.୬ ନିୟୁତ ପର୍ଯ୍ୟଟକ କ୍ୟୁବା ଆସିଥିଲେ, ଯାହା $୧.୯ ଶହ କୋଟିର ମୋଟ ରାଜସ୍ୱ ଆୟ କରିଥିଲା।"
"Kerala cuisine reflects its rich trading heritage. Over time, various cuisines have blended with indigenous dishes, while foreign ones have been adapted to local tastes. Significant Arab, Syrian, Portuguese, Dutch, Jewish, and Middle Eastern influences exist in this region's cuisine.","ଏହି ଅଞ୍ଚଳର ରନ୍ଧନ ପ୍ରଣାଳୀରେ ଆରବ, ସିରିୟା ପର୍ତ୍ତୁଗୀଜ, ଡଚ୍‌, ଇହୁଦୀ ଓ ମଧ୍ୟ-ପ୍ରାଚ୍ୟର ବିଶେଷ ପ୍ରଭାବ ରହିଛି।"
"Lonavla is a hill station in Maharashtra, and you cannot miss the hot masala chai or the vadapav (the vegetarian Indian burger containing a potato patty deep fried in chickpea flour batter as the filler). Try the hot bhajiyas along with masala chai. This is available at any of the major tourist spots. You also get hot corn at almost all of the tourist locations.","ଲୋଣାୱଳା ହେଉଛି ମହାରାଷ୍ଟ୍ରର ଏକ ପାର୍ବତ୍ୟ ନଗର, ଏବଂ ଆପଣ ଗରମ ମସଲା ଚା' କିମ୍ବା ବଡ଼ାପାୱ (ନିରାମିଷ ଭାରତୀୟ 'ବର୍ଗର୍‌' ଯେଉଁଥିରେକି ପୁର ଭାବରେ ଏକ ବୁଟ ବେସନରେ କଡ଼ା ଭାବରେ ଛଣା ଯାଇଥିବା ଏକ ଆଳୁ ପ୍ୟାଟ୍ଟି ରହିଥାଏ) କୁ ବାଦ୍‌ ଦେଇ ପାରିବେନାହିଁ ।"
"Madang is good for scuba diving of all levels,and the coral reefs are home to a variety of rare species of colourful fish. There are also underwater wrecks of Japanese fighter planes, with weapons and cargo intact. There are still-active volcanoes for trekkers to hike up not far from Madang.","ସମସ୍ତ ପ୍ରକାର ସ୍କୁବା ଡାଇଭିଙ୍ଗ ପାଇଁ ମାଦଙ୍ଗ ଉତ୍ତମ ସ୍ଥାନ ଅଟେ, ଏବଂ ପ୍ରବାଳ ଶୃଙ୍ଗଗୁଡ଼ିକ ହେଉଛି ବିଭିନ୍ନ ପ୍ରକାର ବିରଳ ପ୍ରଜାତିର ରଙ୍ଗିନ ମାଛମାନଙ୍କର ବାସସ୍ଥଳୀ।"
"Many mountains in the easternmost parts of the continent are volcanic, and Indonesia and Kamchatka are indeed great destinations for volcanic tourism. Central Asia features steppe, which turns into desert when traveling south, and if you've always wanted to experience a desert environment, the Middle East is definitely a good choice. Another large desert is the Gobi at the borders of Mongolia and China. Finally, tropical Asia covering a part of East and most of South and Southeast Asia, where not cultivated or urbanized, is dominated by various kinds of tropical forests and thousands of beaches ranging from secluded paradise islands like the Maldives to some of the world's most popular beach resorts in Thailand.","ଶେଷରେ, ପୂର୍ବ ଏସିଆର ଏକ ଅଂଶ ଏବଂ ଦକ୍ଷିଣ ଓ ଦକ୍ଷିଣ-ପୂର୍ବ ଏସିଆର ଅଧିକାଂଶ ଭାଗକୁ ଅନ୍ତର୍ଭୁକ୍ତ କରୁଥିବା, କ୍ରାନ୍ତୀୟ ଏସିଆ, ଯେଉଁଠାରେକି ଚାଷ କାର୍ଯ୍ୟ କିମ୍ବା ସହରୀକରଣ କରାଯାଇନାହିଁ, ତାହା ବିଭିନ୍ନ ପ୍ରକାରର କ୍ରାନ୍ତୀୟ ଅରଣ୍ୟ ଏବଂ ହଜାର ହଜାର ସଂଖ୍ୟକ ବେଳାଭୂମି ଦ୍ଵାରା ଆଚ୍ଛାଦିତ ହୋଇ ରହିଛି, ଯାହା ମଧ୍ୟରେ ମାଳଦ୍ଵୀପ ପରି ଏକାନ୍ତ ପାରାଡାଇସ୍‌ ଦ୍ଵୀପଗୁଡ଼ିକରୁ ନେଇ ଥାଇଲାଣ୍ଡରେ ଥିବା ବିଶ୍ଵର କେତେକ ସବୁଠାରୁ ଲୋକପ୍ରିୟ ସମୁଦ୍ରକୂଳିଆ ରିସର୍ଟ୍‌ ରହିଛି ।"
"Many mountains in the easternmost parts of the continent are volcanic, and Indonesia and Kamchatka are indeed great destinations for volcanic tourism. Central Asia features steppe, which turns into desert when traveling south, and if you've always wanted to experience a desert environment, the Middle East is definitely a good choice. Another large desert is the Gobi at the borders of Mongolia and China. Finally, tropical Asia covering a part of East and most of South and Southeast Asia, where not cultivated or urbanized, is dominated by various kinds of tropical forests and thousands of beaches ranging from secluded paradise islands like the Maldives to some of the world's most popular beach resorts in Thailand.","ମହାଦେଶର ପୂର୍ବତମ ଅଞ୍ଚଳରେ ଥିବା ଅନେକ ପର୍ବତ ଜ୍ୱାଳାମୁଖୀ, ଏବଂ ଇଣ୍ଡୋନେସିଆ ଓ କାମ୍‌ଚାଟକା ବାସ୍ତବରେ ଆଗ୍ନେୟଗିରି ପର୍ଯ୍ୟଟନ ନିମନ୍ତେ ଅତି ଉତ୍ତମ ଗନ୍ତବ୍ୟସ୍ଥଳ ଅଟେ।"
"Meghalayan cuisine is unique and different from other Northeastern Indian states. Spiced meat is common, from goats, pigs, fowl, ducks, chickens, and cows. In the Khasi and Jaintia Hills districts, common foods include jadoh, ki kpu, tung-rymbai, and pickled bamboo shoots.",ମେଘାଳୟର ପାକବିଧି ସ୍ୱତନ୍ତ୍ର ଏବଂ ଅନ୍ୟ ଉତ୍ତର-ପୂର୍ବ ଭାରତୀୟ ରାଜ୍ୟମାନଙ୍କ ଠାରୁ ଏହା ଭିନ୍ନ ଅଟେ।
"Mumbai has a zoo named Jijamata Udyaan (formerly Victoria Gardens), which also harbor's a garden. The rich literary traditions of the city have been highlighted internationally by Booker Prize winners Salman Rushdie, Aravind Adiga. Marathi literature has been modernized in the works of Mumbai-based authors such as Mohan Apte, Anant Kanekar, and Gangadhar Gadgil, and is promoted through an annual Sahitya Akademi Award, a literary honor bestowed by India's National Academy of Letters.",ସହରର ସମୃଦ୍ଧ ସାହିତ୍ୟିକ ପରମ୍ପରାସବୁକୁ ଆନ୍ତର୍ଜାତୀୟ ସ୍ତରରେ ବୁକର ପୁରସ୍କାର ବିଜେତା ସଲମାନ ରୁଶଦି ଓ ଅରବିନ୍ଦ ଆଡିଗାଙ୍କ ଦ୍ଵାରା ସୁପରିଚିତ କରାଯାଇଛି।
"Non-Cambodian visitors must purchase an Angkor Pass to enter Angkor Archaeological Park. 1-day (US$37), 3-day (US$62), or 7-day (US$72) passes are available (prices as of Nov 2022). Until the end of 2022, 1-day passes are valid for 2 days, 3-day for 5 days, and 7-day for 10 days. You can pay by credit card or by cash (US dollars or riel, though the exchange rate provided isn't attractive: 156,000 riel for the 1-day pass in 2018).",ଅଣ-କାମ୍ବୋଡିୟ ପରିଦର୍ଶକମାନଙ୍କୁ ଅଙ୍ଗ୍‌କୋର ପ୍ରତ୍ନତାତ୍ତ୍ଵିକ ଉଦ୍ୟାନରେ ପ୍ରବେଶ କରିବାପାଇଁ ଏକ ଅଙ୍ଗ୍‌କୋର ପାସ୍ କିଣିବାକୁ ହେବ।
"Planning a trip to Walt Disney World puts you in good company; it is the flagship of Disney's worldwide theme park empire and is, by far, the most popular theme park resort in the world. Even amid numerous other attractions in and around Orlando, Florida, the Mouse House stands tall, the beacon that draws millions of tourists a year to the area. Some visitors describe it as a place of magic, wonder, and fantasy; others speak of fun, excitement, and relaxation; and still others complain of crowds, artifice, and unrelenting tackiness.",ଏପରିକି ଫ୍ଲୋରିଡାର ଅର୍ଲାଣ୍ଡୋ ମଧ୍ୟରେ ଏବଂ ଆଖପାଖରେ ଥିବା ଅନେକ ଅନ୍ୟାନ୍ୟ ଆକର୍ଷଣ ମଧ୍ୟରେ 'ମାଉସ୍‌ ହାଉସ୍‌' ଲବ୍ଧପ୍ରତିଷ୍ଠ ଭାବେ ଦଣ୍ଡାୟମାନ; ଏହା ହେଉଛି ସେହି ସାଙ୍କେତିକ ଆଲୋକ ଯାହାକି ବର୍ଷକୁ ନିୟୁତ ନିୟୁତ ପର୍ଯ୍ୟଟକଙ୍କୁ ଉକ୍ତ ଅଞ୍ଚଳକୁ ଆକର୍ଷିତ କରି ଆଣିଥାଏ ।
"San Francisco Bay Ferry operates from the Ferry Building and Pier 39 to points in Oakland, Alameda, Bay Farm Island, South San Francisco, and north to Vallejo in Solano County. The Golden Gate Ferry is the other ferry operator with service between San Francisco and Marin County. SolTrans runs supplemental bus service between the Ferry Building and Vallejo.","ଫେରି ବିଲ୍‌ଡିଂ ଏବଂ ପିୟର୍‌ ୩୯ରୁ ଓକଲାଣ୍ଡ୍‌, ଆଲାମେଡା, ବେ ଫାର୍ମ ଦ୍ୱୀପ, ଦକ୍ଷିଣ ସାନ୍‌ ଫ୍ରାନ୍ସିସ୍କୋ, ଏବଂ ଭାଲେହୋର ଉତ୍ତରରେ ଥିବା ସୋଲାନୋ କାଉଣ୍ଟିର ବିଭିନ୍ନ ଜାଗାକୁ ସାନ୍‌ ଫ୍ରାନ୍ସିସ୍କୋ ବେ ଫେରି ଯିବାଆସିବା କରିଥାଏ।"
"Sanskriti Museums are a set of three museums namely, Museum of Everyday Art, Museum of Indian Terracotta (tribal art) and Textile Museum. It is housed within Sanskriti Kendra complex, at Anandagram, an artist village complex, spread over eight acres, situated 10km south of New Delhi, near Aya Nagar on MehrauliGurgaon Road, on the outskirts of Delhi. The nearest Delhi Metro station is Arjan Garh, on the Yellow Line.","ନିକଟତମ ଦିଲ୍ଲୀ ମେଟ୍ରୋ ଷ୍ଟେସନ ହେଉଛି, ୟେଲୋ ଲାଇନରେ ଥିବା ଅର୍ଜନ ଗଡ଼।"
"Shared Sumos are available from Mawlong Haat, Barabazar in Shillong, for ₹70 per seat. Local taxis also travel to Cherrapunji, and give you the option of stopping at a few viewpoints and sights on the way from Shillong to Cherrapunji (Elephant Falls, Mawkdok Dympep Valley View and others), as well as visiting spots in Cherrapunji (the Mawsmai Cave, Cherrapunji Eco Park, the Nohsngithiang Falls or Seven Sister Falls). The cost is ₹1300 - ₹1500 for a 7 hour trip from Shillong to Cherrapunji and back.","ସ୍ଥାନୀୟ ଟ୍ୟାକ୍ସିଗୁଡ଼ିକ ମଧ୍ୟ ଚେରାପୁଞ୍ଜିକୁ ଯାତ୍ରା କରନ୍ତି, ଏବଂ ସେମାନେ ଆପଣଙ୍କୁ ଶିଲଂରୁ ଚେରାପୁଞ୍ଜିର ରାସ୍ତାରେ ଅଳ୍ପ କେତୋଟି ଦର୍ଶନୀୟ ସ୍ଥାନ ଓ ଦୃଶ୍ୟ ଥିବା ସ୍ଥାନମାନଙ୍କରେ ('ଏଲିଫ୍ୟାଣ୍ଟ୍‌ ଜଳପ୍ରପାତ', 'ମକ୍‌ଦୋକ୍‌ ଦିମ୍‌ପେପ୍‌ ଉପତ୍ୟକା' ଦୃଶ୍ୟ, ଏବଂ ଅନ୍ୟାନ୍ୟ) ତଥା ଚେରାପୁଞ୍ଜି ଠାରେ ଥିବା ଦର୍ଶନୀୟ ସ୍ଥାନଗୁଡ଼ିକ ('ମାୱସ୍‌ମାଇ ଗୁମ୍ଫା', 'ଚେରାପୁଞ୍ଜି ଇକୋ ପାର୍କ୍‌', 'ନହ୍‌ଶିଙ୍ଗିଥିଆଙ୍ଗ୍‌ ଜଳପ୍ରପାତ', ବା 'ସେଭେନ୍‌ ସିଷ୍ଟର୍‌ ଜଳପ୍ରପାତ') ରେ ଅଟକିବାର ବିକଳ୍ପ ଦେଇଥାନ୍ତି ।"
"The Grand Canyon is in northern Arizona, and is one of the great tourist attractions in the United States as well as one of the seven natural wonders of the world. The massive canyon encompasses several distinct areas, most famous of which is Grand Canyon National Park, a United States national park and a UNESCO World Heritage Site. Visitors to the national park have many options, including the remote North Rim; the more accessible (and therefore more crowded) South Rim; parts of the canyon, such as Phantom Ranch or the Colorado River, upon which many boating trips are made.","ଜାତୀୟ ଉଦ୍ୟାନକୁ ଆସୁଥିବା ପରିଦର୍ଶକମାନଙ୍କ ପାଖରେ ଅନେକ ବିକଳ୍ପ ରହିଛି, ଯାହା ମଧ୍ୟରେ ସାମିଲ ରହିଛି ସୁଦୂର ଉତ୍ତର ରିମ୍‌; ଅଧିକ ସୁଗମ (ତେଣୁ ଅଧିକ ଜନଗହଳିପୂର୍ଣ୍ଣ) ଦକ୍ଷିଣ ରିମ୍‌; କାନ୍ୟନ୍‌ର କେତେକ ଅଂଶ ଯଥା: ଫାଣ୍ଟମ୍‌ ରା'ଞ୍ଚ୍‌ ବା କଲରାଡୋ ନଦୀ, ଯାହା ଉପରେ କି ଅନେକ ବୋଟିଂ ଯାତ୍ରା କରାଯାଇଥାଏ ।"
"The Grand Canyon is in northern Arizona, and is one of the great tourist attractions in the United States as well as one of the seven natural wonders of the world. The massive canyon encompasses several distinct areas, most famous of which is Grand Canyon National Park, a United States national park and a UNESCO World Heritage Site. Visitors to the national park have many options, including: the remote North Rim; the more accessible (and therefore more crowded) South Rim; parts of the canyon, such as Phantom Ranch or the Colorado River, upon which many boating trips are made.","ଗ୍ରାଣ୍ଡ୍‌ କାନ୍ୟନ୍‌ ଉତ୍ତର ଆରିଜୋନାରେ ରହିଛି, ଏବଂ ଏହା ହେଉଛି ଆମେରିକାର ପ୍ରସିଦ୍ଧ ପର୍ଯ୍ୟଟକ ଆକର୍ଷଣଗୁଡ଼ିକ ମଧ୍ୟରୁ ଅନ୍ୟତମ ତଥା ବିଶ୍ଵର ପ୍ରାକୃତିକ ସପ୍ତାଶ୍ଚର୍ଯ୍ୟ ମଧ୍ୟରୁ ଗୋଟିଏ ।"
The Hornbill Festival was launched by the Government of Nagaland in December 2000 to encourage inter-ethnic interaction and to promote cultural heritage of the state. Organized by the State Tourism Department and Art & Culture Department. Hornbill Festival showcases a mix of cultural displays under one roof.,'ହର୍ଣ୍ଣ୍‌ବିଲ୍‌ ଉତ୍ସବ' ୨୦୦୦ ମସିହା ଡିସେମ୍ବରରେ ନାଗାଲାଣ୍ଡ ସରକାରଙ୍କ ଦ୍ଵାରା ଭିନ୍ନ ଭିନ୍ନ ଜାତି ମଧ୍ୟରେ ପାରସ୍ପରିକ ଆନ୍ତଃକ୍ରିୟାକୁ ପ୍ରୋତ୍ସାହନ ଦେବାକୁ ଏବଂ ରାଜ୍ୟର ସାଂସ୍କୃତିକ ଐତିହ୍ୟର ପ୍ରଚାର-ପ୍ରସାର କରିବାକୁ ଆରମ୍ଭ କରାଯାଇଥିଲା ।
"The JP Sarbath shop in Church street (near Muthupillai's restaurant) is the place where you can get fresh fruit juices and sarbads at relatively cheaper cost. The Seven Eleven juice shop in the Church street, also called as ""juice kadai"" by the native people, is a good hang out place. In Karaikal liquor is cheaper than in the neighbouring Tamil Nadu, there are quite a few decent bars in Karaikal- -the Niagra bar in the Nanda hotel -the Thunder bar in the paris international -the City bar - a very famous one in the town -The Sea Gulls Restaurant owned by the government of Pondicherry is at the sea shore and is good to hang out in the evenings.","ଚର୍ଚ୍ଚ୍‌ ଷ୍ଟ୍ରୀଟ୍‌ର 'ସେଭେନ୍‌ ଇଲେଭେନ୍‌' ଜୁସ୍‌ ଦୋକାନ, ଯାହାକୁ ସ୍ଥାନୀୟ ଲୋକମାନଙ୍କ ଦ୍ଵାରା ""ଜୁସ୍‌ କଡୈ"" ମଧ୍ୟ କୁହାଯାଏ, ଏକ ଭଲ ବୁଲାବୁଲି କରିବା ସ୍ଥାନ ।"
"The best dive sites in the Andamans are in remote locations and are impossible to get without a private yacht charter. The dive sites around Havelock are actually very ordinary by Andamans standards. The best diving in the Andamans is: Barren Island (an active volcano), Narcondam Island (an extinct volcano), Invisible Bank (an extensive seamount about 160 km southeast of Port Blair) and 4 spectacular but unnamed sea mounts off the west coast. There is also a good wreck dive just south of North Brother Island. There are a small number of companies that operate live aboard diving and adventure charters in the Andaman Islands. Be aware that many companies that advertise Andaman Islands trips have never been there before.","ଆଣ୍ଡାମାନରେ ପାଣିକୁ ଡେଇଁବା ପାଇଁ ସବୁଠୁ ଭଲ ଜାଗାଗୁଡ଼ିକ ଦୂରବର୍ତ୍ତୀ ଇଲାକାରେ ଅଛି, ଏବଂ ବ୍ୟକ୍ତିଗତ ଭଡ଼ା ନୌକା ବିନା ସେ ସ୍ଥାନଗୁଡ଼ିକରେ ପହଞ୍ଚିବା ଅସମ୍ଭବ।"
"The centerpieces of Walt Disney World are the four theme parks: The Magic Kingdom, Epcot, Disney's Hollywood Studios, and Disney's Animal Kingdom. Walt Disney World also has two of the world's most popular water parks, Typhoon Lagoon and Blizzard Beach, both heavily themed. Two shopping and entertainment districts, Disney Springs and Disney's Boardwalk, provide plenty of opportunities for retail therapy and nighttime fun.","ୱାଲ୍‌ଟ ଡିସନୀ ୱାର୍ଲ୍ଡର କେନ୍ଦ୍ର-କୃତିଗୁଡ଼ିକ ହେଉଛି ଚାରିଟି ଥିମ ପାର୍କ: ମ୍ୟାଜିକ କିଂଡମ, ଏପକଟ, ଡିସନି ହଲିଉଡ ଷ୍ଟୁଡିଓ ଏବଂ ଡିସନି ଆନିମଲ କିଂଡମ।"
"The cuisine mainly consists of food from two different sub-regions, Garhwal and Kumaon, though their basic ingredients are the same. Both Kumaoni and Garhwali styles make liberal use of ghee, lentils or pulses, vegetables and bhaat (rice). They also use badi (sun-dried urad dal balls) and mungodi (sun-dried moong dal balls) as substitutes for vegetables at times.","ରନ୍ଧନ ପ୍ରଣାଳୀରେ ମୁଖ୍ୟତଃ ଦୁଇଟି ପୃଥକ୍‌ ଉପାଞ୍ଚଳ - ଗଡ଼ୱାଲ ଓ କୁମାଓଁ - ର ଖାଦ୍ୟ ରହିଥାଏ, ଯଦିଓ ସେଥିରେ ମୂଳ ଉପାଦାନଗୁଡ଼ିକ ସମାନ ଅଟେ।"
"The highly productive Chilika Lagoon eco-system with its rich fishery resources sustains the livelihood for many fishermen who live in and near the lagoon. The water spread area of the lagoon ranges between 1165 and 906km2 during the monsoon and summer respectively. A 32km long, narrow, outer channel connects the lagoon to the Bay of Bengal, near the village Motto.","ଏକ ୩୨ କି.ମି. ଦୀର୍ଘ, ସଙ୍କୀର୍ଣ୍ଣ ବାହ୍ୟ ପ୍ରଣାଳୀ ହ୍ରଦଟିକୁ ମତ୍ତ ଗ୍ରାମ ନିକଟରେ, ବଙ୍ଗୋପସାଗର ସହିତ ସଂଯୁକ୍ତ କରୁଅଛି ।"
"The national language is Dzongkha (Bhutanese), one of 53 languages in the Tibetan language family. The script, locally called Chhokey (literally, ""Dharma language""), is identical to classical Tibetan. In Bhutan's education system, English is the medium of instruction, while Dzongkha is taught as the national language.",ଭୂଟାନର ଶିକ୍ଷା ବ୍ୟବସ୍ଥାରେ ଶିକ୍ଷାଦାନର ମାଧ୍ୟମ ଇଂରାଜୀ ହୋଇଥିବାବେଳେ ଜୋଙ୍ଖା ଜାତୀୟ ଭାଷା ହିସାବରେ ପଢ଼ାଯାଏ।
"The principal gallery devoted to Asian art in the museum is Gallery 33 with its comprehensive display of Chinese, Indian subcontinent and Southeast Asian objects. An adjacent gallery showcases the Amaravati sculptures and monuments. Other galleries on the upper floors are devoted to its Japanese, Korean, painting and calligraphy, and Chinese ceramics collections.","ସଂଗ୍ରହାଳୟରେ ଏସୀୟ କଳା ପାଇଁ ସମର୍ପିତ ମୁଖ୍ୟ ଗ୍ୟାଲେରୀଟି ହେଉଛି ଗ୍ୟାଲେରୀ ୩୩, ଯେଉଁଠି ଚୀନା , ଭାରତୀୟ ଉପମହାଦେଶୀୟ ଏବଂ ଦକ୍ଷିଣପୂର୍ବ-ଏସୀୟ ସାମଗ୍ରୀଗୁଡ଼ିକର ବ୍ୟାପକ ପ୍ରଦର୍ଶନ ରହିଛି।"
"The rare and threatened animal species identified are green sea turtle (EN), dugong (VU), Irrawaddy dolphin (EN), blackbuck (NT), Spoon billed sandpiper (CR), Chilika limbless skink (CR) and fishing cat (VU). 24 mammalian species were reported. 37 species of reptiles and amphibians are also reported.","ଚିହ୍ନଟ ହୋଇଥିବା ବିରଳ ଓ ବିପନ୍ନ ପ୍ରାଣୀ ପ୍ରଜାତିଗୁଡ଼ିକ ହେଉଛନ୍ତି- ସବୁଜ ସମୁଦ୍ର କଇଁଛ, ଜଳହସ୍ତୀ, ଇରାବଦୀ ଡଲଫିନ, କୃଷ୍ଣସାର ମୃଗ, ଖନ୍ତା ବକ, ଚିଲିକା ତକ୍ଷକ ଏବଂ ଗୋଧି।"
"The state has several beaches in its coastal districts such as Rushikonda, Mypadu, Suryalanka etc.; caves such as, Borra Caves, Indian rock-cut architecture depicting Undavalli Caves and the country's second longest caves- the Belum Caves. The valleys and hills include, Araku Valley, Horsley Hills, Papi Hills etc. Arma Konda peak located in Visakhapatnam district is the highest peak in Eastern Ghats.","ରାଜ୍ୟଟିର ଉପକୂଳବର୍ତ୍ତୀ ଜିଲ୍ଲାଗୁଡ଼ିକରେ ଅନେକ ବେଳାଭୂମି ରହିଛି ଯଥା: ଋଷିକୋଣ୍ଡା, ମଇପାଡ଼ୁ, ସୂର୍ଯ୍ୟଲଙ୍କା, ଇତ୍ୟାଦି; ବୋରା ଗୁମ୍ଫା ଭଳି ଗୁମ୍ଫା, ଉଣ୍ଡବଲ୍ଲିଗୁମ୍ଫାରେ ଚିତ୍ରିତ ହୋଇଥିବା ଭାରତୀୟ ଶୈଳ-କର୍ତ୍ତିତ ସ୍ଥାପତ୍ୟ, ଏବଂ ଦେଶର ଦ୍ଵିତୀୟ ଦୀର୍ଘତମ ଗୁମ୍ଫା, ବେଲୁମ୍‌ ଗୁମ୍ଫା ରହିଛି ।"
"Virgin Australia provides two weekly flights to Christmas Island Airport from Perth, Western Australia. Garuda Indonesia conducts weekly open-charter flights from/to Jakarta, with bookings done through Christmas Island Travel Exchange. Malindo Air operate fortnightly open-charter flights from/to Kuala Lumpur, with bookings done through Evercrown Air Services.","ଗରୁଡ଼ ଇଣ୍ଡୋନେସିଆ, 'ଖ୍ରୀଷ୍ଟମାସ ଆଇଲ୍ୟାଣ୍ଡ୍‌ ଟ୍ରାଭେଲ୍‌ ଏକ୍ସ୍‌ଚେଞ୍ଜ୍‌' ମାଧ୍ୟମରେ ସ୍ଥାନସଂରକ୍ଷଣ କରି, ଜାକର୍ତ୍ତାରୁ/କୁ ସାପ୍ତାହିକ ଖୋଲା-ଚାର୍ଟର୍‌ ବିମାନ ଯାତ୍ରା ସଞ୍ଚାଳିତ କରିଥାଏ ।"
"Wildlife sanctuaries of India, are classified as IUCN Category IV protected areas. As of December 2020, 553 wildlife sanctuaries were established in India, covering 119,776 sq km (46,246sqmi). Among these, Project Tiger governs 51 tiger reserves, which are of special significance for the conservation of the Bengal tiger.","ଡିସେମ୍ବର ୨୦୨୦ ସୁଦ୍ଧା, ଭାରତରେ ୫୫୩ ଟି ବନ୍ୟପ୍ରାଣୀ ଅଭୟାରଣ୍ୟ ୧,୧୯,୭୭୬ ବର୍ଗ କିଲୋମିଟର (୪୬,୨୪୬ ବର୍ଗ ମାଇଲ) ପରିବ୍ୟାପ୍ତ ଅଞ୍ଚଳରେ ସ୍ଥାପିତ ହୋଇଥିଲା।"
"the jp sarbath shop in church street (near muthupillai's restaurant) is the place where you can get fresh fruit juices and sarbads at relatively cheaper cost. the seven eleven juice shop in the church street, also called as ""juice kadai"" by the native people, is a good hang out place. in karaikal liquor is cheaper than in the neighbouring tamil nadu, there are quite a few decent bars in karaikal- -the niagra bar in the nanda hotel -the thunder bar in the paris international -the city bar - a very famous one in the town -the sea gulls restaurant owned by the government of pondicherry is at the sea shore and is good to hang out in the evenings.","କାରୈକାଲ୍‌ରେ, ପଡ଼ୋଶୀ ତାମିଲନାଡ଼ୁ ତୁଳନାରେ ମଦ ଶସ୍ତା ଅଟେ; କାରୈକାଲ୍‌‌ରେ ବେଶ୍ କିଛି ସଂଖ୍ୟାରେ ଭଲ ବାର୍‌ ରହିଛି - ନନ୍ଦା ହୋଟେଲ୍‌‌ର 'ନାଇଗ୍ରା ବାର୍‌', ପ୍ୟାରିସ୍‌ ଇଣ୍ଟର୍‌ନ୍ୟାସ୍‌ନାଲ୍‌‌ର 'ଥଣ୍ଡର୍‌ ବାର୍‌', ସହରର ଏକ ଅତି ପ୍ରସିଦ୍ଧ ବାର୍‌ - 'ସିଟି ବାର୍‌' ଏବଂ ପଣ୍ଡିଚେରି ସରକାରଙ୍କ ମାଲିକାନାରେ ଥିବା 'ସି ଗଲ୍‌ସ୍‌ ରେଷ୍ଟୁରାଣ୍ଟ୍‌' ସମୁଦ୍ର କୂଳରେ ରହିଛି ଏବଂ ଏହା ସନ୍ଧ୍ୟାରେ ବୁଲାବୁଲି କରିବା ପାଇଁ ଅନୁକୂଳ ଅଟେ ।"
