context,tel_Telu
"A uniform is often viewed as projecting a positive image of an organisation. Maintaining personal hygiene is also an important aspect of personal appearance and dressing. An appearance is a bunch of attributes related with the service person, like their shoes, clothes, tie, jewellery, hairstyle, make-up, watch, cosmetics, perfume, etc.","బాహ్య రూపం అనేది సేవ చేసే వ్యక్తి తాలూకు బూట్లు, బట్టలు, టై, ఆభరణాలు, కేశాలంకరణ, అలంకరణ, గడియారం, సౌందర్య సాధనాలు,అత్తరు మొదలైనటువంటి వాటికి సంబంధించిన లక్షణాల సమాహారం."
"Ajanta, located in Aurangabad District of Maharashtra has twenty-nine caitya and vihara caves decorated with sculptures and paintings from the first century B.C.E. to the fifth century C.E. Outward projections of the figures, clearly defined and rhythmic lines are used in the Ajanta paintings. Body colour gets merged with the outer line creating the effect of volume. The figures are heavy like the sculptures of western India.","మహారాష్ట్ర లోని ఔరంగాబాద్ జిల్లాలో నెలకొని ఉన్నఅజంతా, ఇరవై తొమ్మిది చైత్యా మరియు విహారా గుహలు కలిగి ఉంది, ఇవి క్రీ పూ ఒకటవ శతాబ్దం- క్రీ శ ఐదవ శతబ్దం మధ్య కాలపు శిల్పాలు మరియు చిత్రాలతో అలంకరించబడి ఉంటాయి."
"Ajanta, located in Aurangabad District of Maharashtra has twenty-nine caitya and vihara caves decorated with sculptures and paintings from the first century B.C.E. to the fifth century C.E. Outward projections of the figures, clearly defined and rhythmic lines are used in the Ajanta paintings. Body colour gets merged with the outer line creating the effect of volume. The figures are heavy like the sculptures of western India.","శరీరపు రంగు ఆవరణరేఖతో కలిసిపోయి, ఘనపరిమాణ భావం కలిగిస్తుంది."
"Ashoka got erected many monolithic pillars of sandstone, 30 to 40 feet high, crowned by animal figures like the bull, lion and elephant, inscribed with the ideas of morality, humanity and piety, which he wished his people to follow. Ashoka started making extensive use of stone for sculptures and great monuments whereas the previous tradition consisted of working with wood and clay. Famous Ashokan pillars are from Lauriya Nandangarh in Bihar, Sanchi and Sarnath.","అశోకుడు శిల్పాలు, గొప్ప కట్టడాల కోసం రాతిని విస్తృతంగా ఉపయోగించడం మొదలుపెట్టాడు, కాగా అంతకు మునుపటి సంప్రదాయంలో చెక్క మరియు బంకమట్టిని ఉపయోగించేవారు."
"Batata means potato in Portuguese. Potatoes mixed in masalas, coated in besan batter and deep fried to perfection form this delicious and famous dish of Maharashtra. It is served hot with chutney.","మహారాష్ట్రకు చెందిన ఈ రుచికరమైన, ప్రసిద్ధ వంటకాన్ని తయారు చేయడానికి బంగాళాదుంపలను మసాలాలతో కలిపి, శనగపిండిలో ముంచి నూనెలో బాగా వేయిస్తారు."
"Chettinad cuisine is the cuisine of a community called the Nattukotai Chettiars, or Nagarathars as they call themselves, from the Chettinad region of Tamil Nadu state. Chettiars use a variety of sun dried meats and salted vegetables, reflecting the dry environment of the region. Most of the dishes are eaten with rice and rice based accompaniments.","చెట్టినాడ్ వంట శైలి తమిళనాడు రాష్ట్రంలోని చెట్టినాడ్ ప్రాంతానికి చెందిన నాట్టుకోట్టై చెట్టియార్లు, లేదా నగరత్తార్లు అని వారిని వారు పిలుచుకొనే సముదాయానికి చెందిన వంట శైలి."
"Cinnamon is a spice derived from the bark of an evergreen tree. Cinnamon is native to India and as such, its uses range from that of a flavoring agent to a medicinal agent. Cinnamon stick is used in Indian cooking for the preparation of Pulao (also spelled Pilaf at times), Biryanis and certain curries.","దాల్చినచెక్క భారతదేశానికి స్థానికమైనది, అలాగే దాని ఉపయోగాల పరిధి సువాసనా సాధకానికి సంబంధించడం నుండి ఔషధ సాధకానికి సంబంధించే వరకు ఉంటాయి."
"Dry roast the cloves, cinnamon stick, cumin seeds, fennel, pepper corns, whole dry red chilies, coriander seeds and cashew nuts. Make this into powder with dry grinder or in stone pestle. Add this ground powder, salt the ginger garlic paste with the mutton marinate for hour.",దీనిని తిరగలిలో గాని లేదా రోట్లో గాని పొడిగా చేయండి.
"Each city in Punjab has varied preference like people in Amritsar are particularly fond of Amritsari kulche, stuffed paranthas and milk products. In the preparation of Punjabi food, onion, ginger and garlic are used extensively to enhance the taste of the food. The spice content ranges from minimal to pleasant to high.","పంజాబులో ప్రతీ నగరం విభిన్నమైన అభిరుచులు కలిగి ఉంటుంది, ఎలాగంటే అమృత్‌సర్‌లోని ప్రజలకు అమృత్‌సరి కుల్చాలు, స్టఫ్డ్ పరాఠాలు, పాల ఉత్పత్తులంటే ఇష్టం."
"Failing, you will lose the merit of all your great gifts and deeds. Send Rama with the sage, and send Lakshmana too. You need have no fear for their safety, When they are protected by Viswamitra, no Rakshasa can hurt them.","రాముడిని మునితో పంపించండి, అలాగే లక్ష్మణుడిని కూడా పంపించండి."
"He also said that he had no personal malice against the officers whom he shot. If there has been any personal malice, Mangal Pandays name would have been in the list of assassins and not of martyrs. But Mangal Pandays brave deed was done through devotion to a high and noble principle.","అయితే మంగళ్ పాండే యొక్క సాహస కృత్యం, ఉన్నతమైన, ఉదాత్తమైన సిద్ధాంతం పట్ల భక్తితో చేయబడినది."
"Heat the oil in a pressure cooker and add the onions. Fry the onions till they translucent. Once the onions are translucent, add the marinated mutton with turmeric powder and saute for sometime till all the spices are absorbed in the mutton about 5-6 minutes.","ఉల్లిపాయలు మగ్గాక, నానబెట్టిన మటన్ తో బాటు పసుపు వేసి కాసేపు మసాలాలన్నీ మటన్ పీల్చుకునేదాకా ఒక 5-6 నిమిషాలబాటు వేయించుకోవాలి."
"Hitopadesa is a book of worldly wisdom presented through the characters of birds, animals and humans. The purpose of the book appears to encourage proficiency in Sanskrit expression and the knowledge of wise behaviour. The stories are elaborate, ending with moral messages.","హితోపదేశ అనేది పక్షులు, జంతువులు, మానవ పాత్రల ద్వారా ప్రాపంచిక జ్ఞానాన్ని అందించే గ్రంథం."
"Hitopadesa is a book of worldly wisdom presented through the characters of birds, animals and humans. The purpose of the book appears to encourage proficiency in Sanskrit expression and the knowledge of wise behaviour. The stories are elaborate, ending with moral messages.",సంస్కృత వ్యక్తీకరణలో ప్రావీణ్యాన్ని మరియు వివేకవంతమైన ప్రవర్తనకు సంబంధించిన జ్ఞానాన్ని ప్రోత్సహించడం ఈ పుస్తకం యొక్క ఉద్దేశ్యంగా కనిపిస్తోంది.
"In 1989 when there was a roaring movement for celebration of 300 years of Calcutta some eminent personalities of Howrah framed a society titled 'Howrah Jela Itihas Pranayan, Unnayan 0 Smarak Samity' and Asitbabu became the President of this Society. The main purpose of the Samity was to pen down a complete history of Howrah, the twin city of Kolkata. Professor Asitkumar Bandyopadhyay played pioneering role in compiling the complete history of his hometown Howrah titled as Howrah Saharer Itibrrito (First and Second Volume) in 1994 & 1995.",ప్రొఫెసర్ అసిత్ కుమార్ బందోపాధ్యాయ్ ఆయన సొంతఊరు హౌరా సంపూర్ణ చరిత్రను 1994 మరియు 1995 లో హౌరా సహరర్ ఇతిబ్రిత్తో పేరున (మొదటి మరియు రెండవ భాగం) సంకలనం చేయడంలో మార్గదర్శకులుగా వ్యవహరించారు.
"In western India, many Buddhist caves dating back to the second century B.C.E. onward have been excavated. These include Bhaja, Kanheri, Karla, Ajanta, Ellora, Bedasa, Nashik, Junnar, Pitalkhora, etc. The front of the caitya hall is dominated by the motif of a semi-circular caitya arch with an open front which has a wooden facade and, in some cases, there is no dominating caitya arch window.","చైత్యా చావడి ముందు భాగాన శాశించే వరుస అర్ధ వృత్తాకార చైత్యా ఆర్చీలతో తెరచి ఉన్నచెక్క ముఖద్వారం కలిగి ఉంటుంది, అలాగే, మరి కొన్నిటిలో శాశించే చైత్యా ఆర్చీల గవాక్షం ఉండదు."
India has very rich culinary heritage that is embedded in its thousands of years of history. Generations of 'maharaj' and 'khansamas' (as expert chefs have traditionally been called in India) have perfected the recipes over centuries and these recipes have passed through oral tradition over thousands of years. These are not only mouthwatering savories but usually based on strong foundations of wholesome food relevant to the local people in different seasons.,తరతరాల 'మహారాజ్'లు మరియు 'ఖాన్సామాలు' (భారతదేశంలో నిష్ణాతులైన వంటమనిషులను సంప్రదాయంగా పిలిచే పేరు) శతాబ్దాలుగా వంటకాలను ఖచ్చితమైనవిగా చేశారు మరియు ఈ వంటకాలు చేసే పద్ధతులు వేల ఏళ్ళతరబడి మౌఖిక సంప్రదాయం ద్వారా అందించబడుతూ ఉన్నాయి.
"It is considered sacrilege to serve any dishes based around pulses or lentils during this feast. The traditional number of courses for the wazwan is thirty-six, though there can be fewer. The preparation is traditionally done by a vasta waza, or head chef, with the assistance of a court of wazas, or chefs.",దీని తయారీని సాంప్రదాయకంగా వాజాలు లేదా వంటవాళ్ళ సహాయంతో వాస్తా వాజా లేదా ప్రధాన వంటవారు చేస్తారు.
"Pav Bhaji: It is a fast food dish from Maharashtra, consisting of a thick vegetable curry (bhaji) usually prepared in butter and served with a soft bread roll (pav). The dish originated in the 1850s as a fast lunchtime dish for textile mill workers in Mumbai but later gained massive popularity. It is now offered at outlets from simple hand carts to formal restaurants in India and abroad.","పావ్ భాజీ: ఇది మహారాష్ట్రకు చెందిన చిరుతిండి వంటకం, దీనిలో సాధారణంగా వెన్నతో తయారు చేసిన చిక్కటి కూరగాయల కూరను మెత్తటి బ్రెడ్ రోల్ (పావ్)తో కలిపి వడ్డిస్తారు."
"Poet-saints who produced literary masterpieces include Chaitanyadeva in Bengali, Surdas in Hindi, Mira Bai in Rajasthani, Jnaneshwar in Marathi and Narsinha Mehta in Gujarati. The contribution of women writers needs special mention. The Kashmiri compositions of Lal Ded and Habba Khatoon are known for their mystical flavour and intense agony of expression, Mirabais compositions in Rajasthani is known for a unique devotional quality, Andals mysticism in Tamil and Akka Mahadevis vachanas in Kannnada are testimonies to the great contribution of women to literature of the time.","లల్ దెద్ మరియ హబ్బా ఖాతూన్ వంటి కాశ్మీరీ రచనలు వాటిలోని ఆధ్యాత్మిక కమ్మదనం, తీవ్రమైన ఆవేదనా భావాల వ్యక్తీకరణకి, రాజస్థాన్లో మీరాబాయి రచనలు అద్వితీయ భక్తి గుణానికి, తమిళంలోని ఆండాళ్ భావయోగము, మరియు కన్నడంలో అక్క మహాదేవి వచనలు అలనాటి సాహిత్యరంగానికి స్త్రీల ఘనమైన తోడ్పాటుకి నిదర్శనాలు."
"The Bagh Caves, consisting of Buddhist mural paintings, are located 97 km from Dhar district of Madhya Pradesh. These rock-cut cave monuments are not natural but were carved over a period of time during the Satvahana period. The Bagh caves, like those at Ajanta, were excavated on a perpendicular sandstone rock face of a hill across the seasonal stream of Baghani.",బౌద్ధ కుడ్య చిత్రాలు గల బాగ్ గుహలు మధ్యప్రదేశ్‌లోని ధార్ జిల్లాకు 97 కిమీ దూరంలో ఉన్నాయి.
"The Hindi terms for the root are mula and pada. The usual meaning of the word mula in Sanskrit literature is the root of a plant or tree; but figuratively the foot or lowest part or bottom of anything. Its other meanings are basis, foundation, cause, origin, etc.","సంస్కృత సాహిత్యంలో మూల అనే పదానికి సాధారణ అర్ధం మొక్క లేదా చెట్టు వేరు, కానీ ఉపమానంగా, అది పాదము లేదా దేనికైనా దిగువ భాగం లేదా అడుగు."
The Indus Valley Civilisation or Harrapan civilisation spreads across in India extensively. It spread from Alamgirpur in western Uttar Pradesh (in the East) to Sutkagendor in Makaran and Bhagatrav in South Gujarat (in the West) and from Gumla and Ropar (in the North) to Daimabad in Maharastra (in the South). Indus Valley Civilisation is known for its technological knowledge in variety of fields.,సింధు లోయ నాగరికత వివిధ రంగాలలో దానికున్న సాంకేతిక పరిజ్ఞానానికి ప్రసిద్ధి చెందింది.
"The battle rages for eighteen days and ends with the defeat of the Kauravas. All the Kauravas die; only the ve Pandava brothers and Krishna survive. The six set out for heaven together, but all die on the way, except Yudhishthira, who reaches the gates of heaven accompanied only by a small dog, who turns out to be an incarnation of the god Dharma.","కౌరవులందరూ మరణిస్తారు; ఐదుగురు పాండవ సోదరులు, కృష్ణుడు మాత్రమే సజీవంగా మిగులుతారు."
"The battle rages for eighteen days and ends with the defeat of the Kauravas. All the Kauravas die; only the ve Pandava brothers and Krishna survive. The six set out for heaven together, but all die on the way, except Yudhishthira, who reaches the gates of heaven accompanied only by a small dog, who turns out to be an incarnation of the god Dharma.",యుద్ధం పద్దెనిమిది రోజుల పాటు విధ్వంసకరంగా కొనసాగి కౌరవుల ఓటమితో ముగిసి పోతుంది.
"The central story of the Mahabharata is a conict over succession to the throne of Hastinapura, a kingdom just north of modern Delhi that was the ancestral realm of a tribe most commonly known as the Bharatas. (India was at that time divided amongst many small, and often warring, kingdoms.) The struggle is between two groups of cousins, the Pandavas, or sons of Pandu, and the Kauravas, or descendants of Kuru. Because of his blindness, Dhritarashtra, the elder brother of Pandu, is passed over as king, the throne going instead to Pandu.","మహాభారతం ప్రధాన కథ ఆధునిక ఢిల్లీకి కొద్దిగా ఉత్తరాన ఉండిన రాజ్యమైన హస్తినాపురం యొక్క సింహాసనానికై పోరాటం, ఇది భరతులు అని వాడుకగా పిలువబడిన తెగకు చెందిన పూర్వీకుల రాజ్యం."
"The number of vegetarians exceed the number of non-vegetarians in Karnataka; therefore, their cuisine mainly consists of vegetarian dishes. The food of Karnataka is the mildest of all. Lunch is mostly served on a plantain leaf.",కర్ణాటకలో శాఖాహారుల సంఖ్య మాంసాహారుల సంఖ్యను మించి ఉంటుంది; కాబట్టి వారి వంటకాలలో ఎక్కువమటుకు శాఖాహార వంటకాలే ఉంటాయి.
"The rst is that the Gita is a conversation within a conversation. Dhritarashtra begins it by asking a question, and that is the last we hear out of him. He is answered by Sanjaya, who relates what is happening on the battle eld.",యుద్ధభూమిలో ఏం జరుగుతోందో వివరిస్తున్న సంజయుడు ఆయనకు సమాధానం చెబుతాడు.
"The two epics found in Tamil are Cilapathikaram and Manimekalai. Regarded as one of the great works of Tamil literature, the Silappadikaram is a poetic rendition with details of Tamil culture; its varied religions; its town plans and city types; the mingling of different people; and the arts of dance and music. Manimekalai is composed by the poet Chithalai Chathanar.",తమిళంలో కనబడే రెండు మహాకావ్యాలు సిలప్పదికారం మరియు మణిమేకలై.
The use of chilli powder in this region is done cautiously. They make a liberal use of palm sugar or brown sugar. Udupi food forms part of the cuisine of Karnataka,ఈ ప్రాంతంలో కారం పొడి జాగ్రత్తగా వాడబడుతుంది.
"The word Yoga is derived from the Sanskrit root Yuj, meaning to join or to yoke or to unite. As per Yogic scriptures, the practice of Yoga leads to the union of an individual consciousness with that of the universal consciousness indicating a perfect harmony between the body and mind, human and nature. According to modern scientists, everything in the universe is just a manifestation of the same quantum firmament.","యోగా అనే పదం యుజ్ అనే సంస్కృత మూలం నుండి ఉద్భవించింది, దీనర్థం దగ్గరికి చేర్చడం, కలపడం, ఏకం చేయడం."
"Tne Odissi dance form takes its name from the state of its origin, Odisha. It is approximately 60 years ago that Odissi, took its present form as seen today. Todays Odissi has evolved from the endless sculptures in various motifs carved on the temple walls of Orissa.",నేటి ఒడిస్సీ అనేది ఒరిస్సాలోని ఆలయ ప్రాకారాలపై చెక్కబడిన వివిధ నేపథ్యాలకు సంబంధించిన అపరిమితమైన శిల్పాల నుండి ఉద్భవించింది.
"Vasishtha now turned to the King and spoke gently: ""It ill becomes you, King, to refuse having promised once"". Born in the Ikshvaku line, you cannot do it. Having once said, 'I will do', you have no option but to do it.","వశిష్టుడు అప్పుడు రాజు వైపు తిరిగి సౌమ్యంగా మాట్లాడారు, "" ఒక సారి మాట ఇచ్చిన తర్వాత, రాజా, తిరస్కరించటం మీకు తగదు""."
"When Arjuna refuses to ght, Krishna has no patience with him. Only when he realizes the extent of Arjunas despondency does Krishna change his attitude and start teaching the mysteries of dharmic action in this world. He introduces Arjuna to the structure of the universe, the concepts of prakriti, primordial nature, and the three gunas, the properties that are active in prakriti.",అర్జునునిలో నైరాశ్యం యే మేరకు ఉందో గుర్తించిన పిమ్మటే కృష్ణుడు తన వైఖరి మార్చుకుని ఈ ప్రపంచంలో ధర్మాచరణ మర్మాలను బోధించనారంభించాడు.
"You may begin by adding a spoonful of grated coconut into the cylindrical container, followed by the well mixed rice flour. As you add the rice flour into the container, in between, you may also add small quantities of grated coconut. Make sure that the cylinder is just fully filled and now you may place it on the Puttu Kudam after covering the top portion of the cylinder.","మీరు పాత్రలో బియ్యం పిండిని వేస్తూ, మధ్యమధ్యలో కొద్దికొద్దిగా కొబ్బరి తురుమును కూడా కలుపవచ్చు."
"You may begin by adding a spoonful of grated coconut into the cylindrical container, followed by the well mixed rice flour. As you add the rice flour into the container, in between, you may also add small quantities of grated coconut. Make sure that the cylinder is just fully filled and now you may place it on the Puttu Kudam after covering the top portion of the cylinder.","స్థూపాకార పాత్రలో ఒక చెంచా కొబ్బరి కోరును వేయడంతో మొదలుపెట్టి, ఆ తర్వాత బాగా కలిపిన ఆ బియ్యం పిండిని వేయవచ్చు."
"maharajaranjitsinghsendowmentsawtheconstructionofabeautifulgurudwaraatnandedaround1835a.d.thegurudwarafeaturesanimposinggoldendomewithintricatecarvingandabreathtakinggurudwara.maharashtra,likeotherstatesofindia,hasitsownfolkmusic.thefolkmusicalprogrammelikegondhal,lavani,bharud,powadastandspopularespeciallyinruralareas.","రంజిత్ సింగ్ మహారాజు విరాళం వల్ల నాందేడ్ లో కీ శే 1835 ప్రాంతంలో, సున్నితమైన చెక్కడాలతో కూడిన ఒక గంభీరమైన బంగారు గోపురం కలిగిన అందమైన మరియు విస్మయం కలిగించే గురుద్వారా నిర్మాణం జరిగింది."
"samavedaisthecompilationoftheseselectedruchassettosvaraskeepingtheirproposedchandaorrhythmicmeters.onlythreesvarasudatta,anudattaandsvaritawereusedinsamagana.udattawasthesharppitch,anudattawasgravepitchandsvaritacombinedinitselfthecharacteristicsofboththepitches.",ఎన్నుకోబడ్డ ఈ రుచలను వాటి ప్రతిపదిత ఛందస్సు మరియు తాళ పరిమాణాలను అలాగే ఉంచుతూ స్వరపరచబడిన సంకలనం సామవేదం
"tothenorthofthegangawasthegreatkingdomkosala,madefertilebytheriversarayu.itscapitalwasayodhya,builtbymanu,thefamousrulerofthesolardynasty.fromvalmiki'sdescriptionofthecapitalofkosala,itisclearthatancientayodhyawasnotinferiortoourmoderncities.",కోసల రాజధాని గురించి వాల్మీకి వర్ణన ద్వారా ప్రాచీన అయోధ్యా నగరం మన ఆధునిక నగరాలకు ఏ మాత్రం తీసిపోనిదని స్పష్టమవుతుంది.
"vasishthanowturnedtothekingandspokegently:""itillbecomesyou,king,torefusehavingpromisedonce.bornintheikshvakuline,youcannotdoit.havingoncesaid,'iwilldo',youhavenooptionbuttodoit.","ఒకసారి "" నేను చేస్తాను"" అని చెప్పిన తర్వాత, మీకు చేయటం తప్ప వేరే ఎంపిక ఉండదు."
"A stable exchange rate is a beacon of financial and overall macroeconomic stability and market confidence. In recent days, there have been divergent views on the exchange rate of the rupee and the adequacy of our forex reserves. Let me set out the overall position once again.","ఇటీవలి రోజుల్లో, రూపాయి మారకం ధర మరియు విదేశీ మారక ద్రవ్య నిలువల యుక్తత పై భిన్న అభిప్రాయాలు వినిపిస్తూ ఉన్నాయి."
"Banks shall report a credit card account as past due to credit information companies (CICs) or levy penal charges, viz. late payment charges, etc., if any, only when a credit card account remains past due for more than three days. The number of days past due and late payment charges shall, however, be computed from the payment due date mentioned in the credit card statement.","బ్యాంకులు ఒక క్రెడిట్ కార్డు ఖాతాను క్రెడిట్ ఇన్ఫర్మేషన్ కంపెనీలకు (సిఐసి లకు) గడువు మించినదిగా సమాచారం ఇవ్వవచ్చు లేదా, క్రెడిట్ కార్డు ఖాతా మూడు రోజులకు పైగా గడువు మించి ఉంటే మాత్రమే ఏవైనా ఆలస్య చెల్లింపు ఛార్జీలు మొ. జరిమానా ఛార్జీలు విధించవచ్చు."
Countries may encourage inward direct investment to improve their fnances. Firms that set up operations in host countries are subject to local tax laws and often signifcantly boost the host countrys tax revenues. Direct investment can also help a countrys balance of payments.,దేశాలు తమ ఆర్థికస్థితిని మెరుగు పరచుకునేందుకు అంతర్గతంగా ప్రత్యక్ష పెట్టుబడులను ప్రోత్సహించవచ్చు.
"During the pendency of the application for restructuring of the advance with the bank, the usual asset classification norms would continue to apply. The process of reclassification of an asset should not stop merely because the application is under consideration. However, as an incentive for quick implementation of the package, if the approved package is implemented by the bank within 90 days from the date of receipt of application by the bank, the asset classification status may be restored to the position which existed when the restructuring application was received by the bank.","అయితే, బ్యాంకు దరఖాస్తును స్వీకరించిన తేదీ నుండి 90 రోజులలోపు అమోదించబడిన ప్యాకేజీని అమలు చేస్తే, ప్యాకేజీని త్వరితంగా అమలు చేసినందుకు ప్రోత్సాహకంగా, సంపద వర్గీకరణ స్థితిని బ్యాంకు పునర్వ్యవస్థీకరణ దరఖాస్తును స్వీకరించినప్పటి స్థితికి పునరుద్ధరించవచ్చు."
"Economic growth under capitalism may have far surpassed that of other economic systems, but inequality remains one of its most controversial attributes. Do the dynamics of private capital accumulation inevitably lead to the concentration of wealth in fewer hands, or do the balancing forces of growth, competition, and technological progress reduce inequality? Economists have taken various approaches to fnding the driver of economic inequality.","వ్యక్తిగత పెట్టుబడి సమీకరణా గమనాత్మక శక్తులు అనివార్యంగా కొందరి చేతుల్లోకే సంపదను చేకూర్చచడానికి దారి తీస్తాయా లేక వృద్ధి, పోటీ, మరియు సాంకేతిక వికాసాల సమతుల్య శక్తులు అసమానతను తగ్గిస్తాయా?"
"First, the rupee is a freely floating currency and its exchange rate is market determined. Second, the RBI does not have any fixed exchange rate in mind. It intervenes in the market to curb excessive volatility and anchor expectations.",అది మితిమీరిన అస్థిరతను నివారించి అంచనాలను నిలకడగా ఉంచేందుకు విపణిలో జోక్యం చేసుకుంటుంది.
High frequency data for Q2 indicate that economic activity remains resilient. Private consumption has been holding up. There is a sustained revival in urban demand which should get a further impetus from unfettered celebration of upcoming festivals after two and half years of living with COVID-19.,క్యూ2కు గాను అధిక పౌనఃపౌన్య సమాచారం ఆర్థిక క్రియాశీలత స్థితిస్థాపకంగా నిలిచి ఉంటుందని సూచిస్తుంది.
"In macroeconomics, the subject is typically a nationhow all markets interact to generate big phenomena that economists call aggregate variables. In the realm of microeconomics, the object of analysis is a single marketfor example, whether price rises in the automobile or oil industries are driven by supply or demand changes. Te government is a major object of analysis in macroeconomicsfor example, studying the role it plays in contributing to overall economic growth or fghting infation.","సాధారణముగా దేశము, మరియు ఆర్థికవేత్తలు సమిష్టి వైవిధ్యాలుగా పిలుచుకునే గొప్ప దృగ్విషయాన్ని రాబట్టేందుకు విపణులు పరస్పరం ఎలా వ్యవహరిస్తాయి అనేది స్థూల అర్థశాస్త్రంలోని విషయం."
"In ofcial statistics, the amount of money in an economy is generally measured through what is called broad money, which encompasses everything that provides a store of value and liquidity. Liquidity refers to the extent to which fnancial assets can be sold at close to full market value at short notice. Tat is, they can easily be converted into another form of money, such as cash.",ద్రవ్యత్వం అనేది ఆర్థిక సంపత్తులు తక్కువ సమయంలో పూర్తి మార్కెట్టు ధరకు దగ్గరగా ఎంతమేర అమ్ముడవుతాయో సూచిస్తుంది.
"In order to reflect a bank's actual financial health in its balance sheet and as per the recommendations made by the Committee on Financial System (Chairman Shri M. Narasimham), the Reserve Bank has introduced, in a phased manner, prudential norms for income recognition, asset classification and provisioning for the advances portfolio of the banks. Broadly, the policy of income recognition should be objective and based on record of recovery rather than on any subjective considerations.",ఆదాయ గుర్తింపు విధానం నిష్పాక్షికంగా మరియు ఎటువంటి వ్యక్తిగత పరిగణనల కంటే వసూలు నమోదు ఆధారితంగా ఉండాలి.
"In the case of bank finance given for industrial projects where moratorium is available for payment of interest, payment of interest becomes due only after the moratorium or gestation period is over. Therefore, such amounts of interest do not become overdue and hence NPA, with reference to the date of debit of interest. They become overdue after due date for payment of interest, if uncollected.","కనుక, వడ్డీ దాఖాలా తేదీని బట్టి అటువంటి వడ్డీ మొత్తాలు గడువు మీరి ఎన్ పిఏ లుగా మారవు."
"In the payments space, going forward, the focus would be on enhancing awareness about digital payments and extending the outreach of payment systems across India and beyond. Implementation of the geo-tagging framework will provide precise locations of existing payment touch points and facilitate implementation of targeted literacy programmes and intervention strategies. The possibility of linking Indias payment systems to other jurisdictions, including the ongoing initiative of interlinking Indias fast payment system - UPI - with similar systems in other jurisdictions, will enhance cross-border payment arrangements, including remittances.","సాగుతున్న భారత శీఘ్ర చెల్లింపు విధానం - యుపిఐ ను - ఇతర అధికార పరిధులలో గల అటువంటి విధానాలతో జోడించే ప్రథమ యత్నంతో సహా ఇతర అధికార పరిధులతో భారత చెల్లింపు విధానాలను జోడించే సాధ్యత, డబ్బు బదిలీలతో బాటు సరిహద్దులు దాటి జరిగే చెల్లింపు ఏర్పాట్లను మెరుగు పరుస్తుంది."
Liquefied Natural Gas (LNG) is assuming greater importance in the energy segment as it is used to operate Power Plants and Industrial (fertilizer) Plants. Supply of LNG from source to various destinations (located in different states) through near sub-surface pipelines is techno-economically feasible and has a definite edge over other modes of transport for bulk quantity supply covering large distances. M/s.,విద్యుత్ కేంద్రాలు మరియు పారిశ్రామిక (ఎరువుల) కేంద్రాల నిర్వహణలో వినియోగం కారణంగా ద్రవీకృత సహజ వాయువు (ఎల్ఎన్ జి) విద్యుత్ రంగంలో అత్యధిక ప్రాముఖ్యత వహిస్తోంది.
"Marketplaces are a low-risk approach to start selling to US customers. However, while marketplaces allow you to grow sales, they do not enable you to grow a sustainable business and create your own marketable brand. Once you have established a first presence in the US, it makes sense to launch a light version of a local branded online store and focus on service and reputation building, before providing a fully functional US website, mobile experience and implementing a more aggressive and riskier marketing strategy in order to acquire new customers.","అయితే, మార్కెట్లు మీ విక్రయాలు పెంచుకునే వీలు కలిపించినప్పటికీ, మీ వ్యాపారం సుస్థిరంగా ఎదిగి మీదంటూ స్వంత వాణిజ్య బ్రాండ్ను సృష్టించుకునే సామర్థ్యం కల్పించవు."
"Payment Aggregators (PAs) play an important role in the payments ecosystem and hence were brought under regulations in March 2020 and designated as Payment System Operators (PSOs). The current regulations are, however, applicable to Payment Aggregators processing online or e-commerce transactions. These regulations do not cover offline Payment Aggregators who handle proximity/face-to- face transactions and play a significant role in the spread of digital payments.",పేమెంట్ అగ్రిగేటర్స్ (పిఏలు) చెల్లింపుల వ్యవస్థలో ముఖ్య పాత్ర వహిస్తాయి కనుక వీటిని మార్చి 2020 లో నిబంధనల క్రిందకు తీసుకువచ్చి పేమెంట్ సిస్టమ్ ఆపరేటర్సుగా (పిఓఎస్లు) నియమించబడ్డాయి.
"Payment Aggregators (PAs) play an important role in the payments ecosystem and hence were brought under regulations in March 2020 and designated as Payment System Operators (PSOs). The current regulations are, however, applicable to Payment Aggregators processing online or e-commerce transactions. These regulations do not cover offline Payment Aggregators who handle proximity/face-to- face transactions and play a significant role in the spread of digital payments.","ప్రస్తుత క్రమబద్ధీకరణలు, ఎట్లైననూ, పేమెంట్ అగ్రిగేటర్ల ఆన్లైన్ విశ్లేషణలకు, లేదా ఈ-కామర్స్ లావాదేవీలకు వర్తిస్తాయి. ."
"Ricardo observed that trade was driven by comparative rather than absolute costs (of producing a good). One country may be more productive than others in all goods, in the sense that it can produce any good using fewer inputs (such as capital and labor) than other countries require to produce the same good. Ricardos insight was that such a country would still beneft from trading according to its comparative advantageexporting products in which its absolute advantage was greatest, and importing products in which its absolute advantage was comparatively less (even if still positive).","రికార్డో అంతర్దృష్టి ప్రకారం అటువంటి దేశం తన తులనాత్మక ప్రయోజనాలకు అనుగుణంగా వర్తకం చేసుకోవటం, సమగ్ర లాభాలు అత్యంత అధికంగా ఉన్న ఉత్పత్తులను ఎగుమతి చేసి, సమగ్ర లాభాలు సాపేక్షంగా తక్కువ ఉన్న (ఇంకా సానుకూలం గా ఉన్నప్పటికీ) ఉత్పత్తులను దిగుమతి చేసుకోవటం ద్వారా ఇంకా లభం పొందగలుగుతుంది."
"Rural demand is also gaining gradually. Investment demand is picking up and is evident from the robust growth of domestic production and import of capital goods in July and August. Bank credit grew at an accelerated pace of 16.2 per cent y-o-y as on September 9, 2022 as against 6.7 per cent a year ago.","బ్యాంక్ రుణం సెప్టెంబరు 9, 2022 నాటికి గత ఏడాది 6.7 శాతానికి బదులు తీవ్రగతిన 16.2 శాతం సంవత్సరానికి సంవత్సర వృద్ధి చెందింది."
"Short-term loans for raising crops, i.e. for crop loans will include traditional/non-traditional plantations, horticulture and allied activities. Medium & long-term loans for agriculture and allied activities will cover purchase of agricultural machinery, for irrigation and other developmental activities undertaken in the farm. Loans for pre-harvest and post-harvest activities cover spraying, weeding, harvesting, sorting, grading and transporting of their own farm produce.","పంటకోతకు ముందు, తరువాతి పనుల కొరకు ఇచ్చే ఋణాలు పిచకారీ, కలుపు తీత, పంటల కోత, వేరుచేయుట, శ్రేణికరణ మరియు తమ స్వంత సాగు పంట రవాణా లకు సరిపోతాయి."
"Short-term loans for raising crops, i.e. for crop loans will include traditional/non-traditional plantations, horticulture and allied activities. Medium & long-term loans for agriculture and allied activities will cover purchase of agricultural machinery, for irrigation and other developmental activities undertaken in the farm. Loans for pre-harvest and post-harvest activities cover spraying, weeding, harvesting, sorting, grading and transporting of their own farm produce.","వ్యవసాయం మరియు తత్సంబంధిత కార్యకలాపాల కొరకు మధ్యమ మరియు దీర్ఘ కాలిక ఋణాలు వ్యవసాయ యంత్రాల కొనుగోలు ఖర్చులకు, నీటిపారుదల, ఇతర అభివృద్ధి పనులకు సరిపోతాయి."
"Since the global fnancial crisis, the ofcial sector is collecting more and better information and searching for hidden vulnerabilities. Banking supervisors are examining the exposure of traditional banks to shadow banks and trying to contain it through better capital and liquidity regulationsbecause this exposure allowed shadow banks to afect the traditional fnancial sector and the economy more generally. Moreover, because many shadow banking entities were either lightly regulated or outside the purview of regulators, many authorities have expanded the scope of information reporting, and some have altered the regulatory perimeter to capture shadow-banking entities and the markets they use.","బ్యాంకు నిర్వహణా పర్యవేక్షకులు సాంప్రదాయిక బ్యాంకులు ఛాయా బ్యాంకులకు బహిర్గతమవటాన్ని పరిశీలించి, మెరుగైన పెట్టుబడి మరియు ద్రవ్యత్వ నిబంధనలతో దీనిని నిరోధించే ప్రయత్నం చేస్తున్నారు, ఎందుకంటే బహిర్గతమవటం వల్ల ఛాయా బ్యాంకులకు సాంప్రదాయిక ఆర్థిక రంగాన్ని మరియు ఆర్థిక వ్యవస్థని మొత్తాన్ని దెబ్బ తీసే వీలు కల్పించాయి."
"Since the global fnancial crisis, the ofcial sector is collecting more and better information and searching for hidden vulnerabilities. Banking supervisors are examining the exposure of traditional banks to shadow banks and trying to contain it through better capital and liquidity regulationsbecause this exposure allowed shadow banks to afect the traditional fnancial sector and the economy more generally. Moreover, because many shadow banking entities were either lightly regulated or outside the purview of regulators, many authorities have expanded the scope of information reporting, and some have altered the regulatory perimeter to capture shadow-banking entities and the markets they use.","ప్రపంచ ఆర్థిక సంక్షోభం ఏర్పడినప్పటి నుండి, ప్రభుత్వ రంగం మరింత, మెరుగైన సమాచారం సేకరించి అదృశ్య బాలహీనతలను అన్వేషిస్తుంది."
"Te market-clearing price is determined by the requirement that supply equal demand at that price. Demand is usually set to decline and supply to increase with price, yielding a system that moves toward the market-clearing pricethat is, equilibriumwithout intervention. Te supply-demand model can explain changes, for example, in the global equilibrium price of gold.",నిర్ణీత ధరకి గిరాకీకి సమానంగా సరఫరాలు చేయాల్సిన అవసరంచే నిర్ణయించబడేది మార్కెట్టు క్లియరెన్స్ ధర.
"Te standard model of supply and demand taught in introductory economics is a good example of a useful economic model. Its basic purpose is to explain and analyze prices and quantities traded in a competitive market. Te models equations determine the level of supply and demand as a function of price and other variables (for example, income).","సరఫరా గిరాకీల స్థాయిని ఈ నమూనా సమీకరణలు, మూల్యం మరియు ఇతర చరాంశాల సమవస్థ, (ఉదాహరణకు, రాబడి) నిర్ణయిస్తాయి."
"Te trade balance is the diference between the value of exports of goods and services and the value of imports of goods and services. A trade defcit means that the country is importing more goods and services than it is exporting; a trade surplus means the opposite. Te current account balance is then the trade balance plus net factor income (such as interest and dividends from foreign investments or workers remittances) and transfers from abroad (such as foreign aid), which are usually a small fraction of the total.","కరెంటు ఖాతా నిలువ అప్పుడు వాణిజ్య నిలువను కూడుకున్న నికరాదాయ కారకం (విదేశీ పెట్టుబడులు లేదా కార్మికుల వేతన చెల్లింపులపై వడ్డీ, లాభాంశాలు వంటివి) మరియు (విదేశీ మద్దతు వంటి) బయట నుండి వచ్చే బదలాయింపులు కాగా అవి సాధారణంగా మొత్తంలో ఒక చిన్న భాగమే అవుతాయి."
"Te trade balance is the diference between the value of exports of goods and services and the value of imports of goods and services. A trade defcit means that the country is importing more goods and services than it is exporting; a trade surplus means the opposite. Te current account balance is then the trade balance plus net factor income (such as interest and dividends from foreign investments or workers remittances) and transfers from abroad (such as foreign aid), which are usually a small fraction of the total.",వాణిజ్య సమతుల్యత అనగా వస్తు సేవల యొక్క ఎగుమతుల విలువ మరియు దిగుమతుల విలువల మధ్యగల తేడా.
"The Government of India has been working continuously to make Indian MSMEs match the global standards. The constant efforts have resulted in the improvement of our ratings in the Global EoDB ranking and addressing the challenges faced by MSMEs in connecting to GVCs, said Minister of State (Independent Charge) for Micro, Small and Medium Enterprises (MSME) Shri Giriraj Singh while delivering the keynote address during the inauguration of the 15th SME Global Summit organized by the Ministry of MSME in partnership with CII, on 19 - 20 December,2018 in New Delhi. This year, the theme centered around Building Partnerships through Global Value Chains' and aimed to boost the global competitiveness of the Indian MSMEs by apprising them of the global trends, global practices and standards along with arranging experience sharing and B2B meeting with SMEs from across the globe.","న్యూ ఢిల్లీలో 2018, డిసెంబర్ 19-20 వరకు సి. ఐ. ఐ. భాగస్వామ్యంతో ఎంఎస్ ఎంఈ మంత్రిత్వ శాఖ నిర్వహించిన 15వ ఎస్ఎంఈ ప్రపంచ శిఖరాగ్ర సదస్సు ప్రారంభోత్సవంలో సూక్ష్మ, చిన్న, మధ్య తరహా పరిశ్రమల (ఎంఎస్ ఎంఈ) మంత్రి శ్రీ గిరిరాజ్ సింగ్ ప్రధానాంశం గురించి ప్రసంగిస్తూ, నిరంతర ప్రయాసల ఫలితంగా గ్లోబల్ ఈఓడీబీ ర్యాంకింగులో పెంపుదల మరియు జివిసి లతో అనుసంధానంలో ఎంఎస్ఎంఈలు ఎదుర్కున్న సవాళ్లను ఉద్దేశించడం జరిగాయని అన్నారు."
"The Indian basket crude oil price was around US$ 104 per barrel in H1:2022-23. Going forward, we are now assuming it to be US$ 100 per barrel in H2:2022-23. Taking into account these factors, the inflation projection is retained at 6.7 per cent in 2022- 23, with Q2 at 7.1 per cent; Q3 at 6.5 per cent; and Q4 at 5.8 per cent, with risks evenly balanced.","ఈ కారకాలను పరిగణలోకి తీసుకుంటూ, సమమైన సంతులిత నష్టాలతో 7.1 శాతం వద్ద క్యూ2; 6.5 శాతం వద్ద క్యూ3; మరియు 5.8 శాతం వద్ద క్యూ4 తో, 2022-23 లో ద్రవ్యోల్బణ ప్రక్షేపణ 6.7 శాతం వద్ద నిలిచింది."
"The current account deficit (CAD) for Q1:2022- 23 is placed at 2.8 per cent of GDP with trade deficit at 8.1 per cent of GDP. Various leading indicators, including global PMIs, point to weakening of global growth momentum and downside risks to global trade. Indias import growth, though decelerating5, outpaced export growth.","భారత దిగుమతి వృద్ధి, మందగిస్తూ ఉన్నా, ఎగుమతి వృద్ధిని మించి ఉండింది."
"The current economic discussions are heavily tilted towards balance between the social and economic performance and somewhat neglecting their interactions with the environmental performance. At present, the growth accounting is mainly focused on economic performance (growth rate, fi scal defi cit as a percentage of GDP, government debt as a per cent of GDP, tax revenue as a per cent of GDP, etc.) and social performance (poverty, inequality, level of employment, nutrition level of population, etc.). On other hand, the focus on impact of growth on environment and ecosystem services is still not considered while accounting for growth in GDP.","ప్రస్తుతం, వృద్ధి గణన అనేది ప్రధానంగా ఆర్ధిక పనితీరు (వృద్ధి రేటు, జిడిపి శాతంగా ద్రవ్య లోటు, జిడిపి శాతంగా ప్రభుత్వ ఋణం, జిడిపి శాతంగా పన్ను రాబడి) మీద, అలాగే సామజిక పనితీరు (పేదరికం, అసమానత, ఉపాధి స్థాయి, జనాభా యొక్క పోషకాహార స్థాయి మొదలగునవి) మీద దృష్టి పెట్టింది."
"The current economic discussions are heavily tilted towards balance between the social and economic performance and somewhat neglecting their interactions with the environmental performance. At present, the growth accounting is mainly focused on economic performance (growth rate, fi scal defi cit as a percentage of GDP, government debt as a per cent of GDP, tax revenue as a per cent of GDP, etc.) and social performance (poverty, inequality, level of employment, nutrition level of population, etc.). On other hand, the focus on impact of growth on environment and ecosystem services is still not considered while accounting for growth in GDP.",ప్రస్తుత ఆర్థికపరమైన చర్చలు సాంఘిక మరియు ఆర్థిక నిర్వహణ మధ్యలో సంతులనానికి ఎక్కువగా మొగ్గు చూపుతూ పర్యావరణ నిర్వహణ పట్ల వాటి ప్రతిస్పందనలను కొంత నిర్లక్ష్యం చేస్తున్నాయి.
"The erosion in the fair value of the advance should be computed as the difference between the fair value of the loan before and after restructuring. Fair value of the loan before restructuring will be computed as the present value of cash flows representing the interest at the existing rate charged on the advance before restructuring and the principal, discounted at a rate equal to the bank's BPLR as on the date of restructuring plus the appropriate term premium and credit risk premium for the borrower category on the date of restructuring"". Fair value of the loan after restructuring will be computed as the present value of cash flows representing the interest at the rate charged on the advance on restructuring and the principal, discounted at a rate equal to the bank's BPLR as on the date of restructuring plus the appropriate term premium and credit risk premium for the borrower category on the date of restructuring.","పునఃవ్యవస్థీకరణ తరువాత ఋణం యొక్క సముచితమైన విలువను అసలుపై మరియు పుణ్య:వ్యవస్థీకరణకు ముందస్తు మొత్తంపై విధించబడ్డ వడ్డీ రేటుని సూచించే నగదు ప్రవహాల ప్రస్తుత విలువను, పుణ్య:వ్యవస్థీకరణ తేదీ నాటికి బ్యాంకు బి. పి. ఎల్. ఆర్. కు సరిసమానమైన రేటుకి తగ్గించి, పునఃవ్యవసస్ఠీకరణ ఋణగ్రహీత వర్గానికి తగిన గడువు బీమాకిస్తీ మరియు అరువు విపత్తు బీమాకిస్తీ జోడించి లెక్కించబడుతుంది."
"The impact of Covid-19 on debt MFs was exacerbated in March 2020 as it coincided with the tax fi ling month. The heightened volatility during Covid-19 led to redemption pressures and liquidity strains, accentuated by shallow corporate bond markets. It also led to the closure of some debt MF schemes, which sent chills across the domestic financial markets and created fears of similar winding up by other debt MFs. Subsequently, to ease the liquidity pressures and safeguard financial stability, the Reserve Bank of India had stepped in with a Special Liquidity Facility for MFs (SLF-MF) amounting to `50,000 crore, which helped in restoring confidence in the financial markets.","అటుపిమ్మట, ద్రవ్యత్వ భారాల్ని తగ్గించి ఆర్థిక స్థిరతను రక్షించుకునేందుకు, భారతీయ రిజర్వ్ బ్యాంకు 50,000 కోట్లు విలువ చేసే స్పెషల్ లిక్విడిటీ ఫెసిలిటీ ఫర్ ఎం ఎఫ్స్ (ఎస్ఎల్ఎఫ్-ఎంఎఫ్) తో జోక్యం చేసుకుంది, ఇది ఆర్థిక విపణుల పట్ల విశ్వాసాన్ని పునఃస్థాపించేందుకు సహాయపడింది."
"The necessity of such actions is driven by their domestic considerations, but in a highly integrated global financial system, they inevitably cause negative externalities through global spillovers. The recent sharp rate hikes and forward guidance about further big rate hikes have caused a tightening of financial conditions, extreme volatility and risk aversion. All segments of the financial market including equity, bond and currency markets are in turmoil across countries.","ఇటీవలి ధరల ఆకస్మిక తీవ్ర పెంపుదల మరియు తదుపరి ధరల భారీ పెంపుదల గురించి భవిష్యకాలిక నిర్దేశం ఆర్థిక పరిస్థితుల బిగింపు, తీవ్ర అస్థిరత, మరియు విపత్తు పట్ల ప్రతికూలతకు దారితీసాయి."
"The reports of notes adjudicated by bank branches and the full value paid notes have to be remitted by all branches to the chest branches with which they have been linked and therefrom to the RBI Issue Offices concerned together with the next soiled note remittance in the manner already laid down. The half value paid notes and rejected notes, which are held by the chest branches in their cash balance, shall be packed separately with separate invoice and sent along with the full value paid notes as part of soiled remittance or sent by registered and insured post as and when required. The full value paid notes will be treated as chest remittance by the RBI Issue Office while the half value paid notes and rejected notes will be treated as notes tendered for adjudication and processed accordingly.","పూర్తి విలువ చెల్లించే నోట్లు ఆర్బిఐ జారీ కార్యాలయం ద్వారా భాండాగార చెల్లింపులుగా పరిగణించబడతాయి, అదే సమయంలో సగం విలువ చెల్లించే నోట్లు మరియు నిరాకరించబడ్డ నోట్లు న్యాయబద్ధ నిర్ణయానికి ప్రతిపాదించబడిన నోట్లగా పరిగణించబడి తదనుగుణంగా వ్యవహరించబడతాయి."
"There has been tremendous growth in the volume of debt securities in India. A significant part of the evolution of this market-led financial intermediation system has been supported by the debt-oriented MFs, which invest in debt securities. These debt-oriented MFs subscribe to short-tenor and long-tenor securities of Government and corporates, viz., T-bills, central government securities, state development loans (SDLs), commercial papers (CPs), certificates of deposit (CDs) and corporate bonds.",భారత దేశంలో ఋణ భద్రతల ఘన పరిమాణంలో బ్రహ్మాండమైన వృద్ధి కలుగుతోంది.
"There is nervousness in financial markets with potential consequences for the real economy and financial stability. The global economy is in the eye of a new storm. Despite this unsettling global environment, the Indian economy continues to be resilient.",కలవరపెట్టే ఈ భౌగోళిక వాతావరణం ఉన్నప్పటికీ భారత ఆర్థికవ్యవస్థ స్థితిస్థాపకత కొనసాగిస్తూ ఉంది.
"There is nervousness in financial markets with potential consequences for the real economy and financial stability. The global economy is in the eye of a new storm. Despite this unsettling global environment, the Indian economy continues to be resilient.",వస్తు సేవల ఆర్ధిక వ్యవస్థ మరియు ఆర్థిక స్థిరత్వం గురించి సంభావ్య పరిమాణాలతో ఆర్థిక విపణిలో ఆందోళన నెలకొంది.
"Where the number of notes presented by a person is more than 5 pieces but not exceeding 5,000 in value, the tenderer shall be advised to send such notes to nearby currency chest branch by insured post giving his / her bank account details (a/c no, branch name, IFSC, etc.) or get them exchanged thereat in person. All other persons tendering mutilated notes whose value exceeds 5,000 shall be advised to approach nearby currency chest branch. Currency chest branches receiving mutilated notes through insured post shall credit the exchange value to the account of sender by electronic means within 30 days of receipt of notes.","ఒక వ్యక్తి సమర్పించిన నోట్లు 5 కంటే ఎక్కువ ఉండి 5,000 విలువను మించని యెడల, అటువంటి నోట్లను నివేదకుడు బీమా చేయబడ్డ టపా ద్వారా అతని/ఆమె బ్యాంకు వివరాలు (ఖాతా నంబరు, శాఖ పేరు, ఐఎఫ్ఎస్సి మొ) అందిస్తూ సమీప కోశాగార శాఖకు పంపవలసిందిగా లేదా వాటిని అక్కడే స్వయంగా మార్చుకోవలసిందిగా సూచింపబడతారు."
"While issuing CBDC, the central bank collects range of customer related data and, it is, therefore, essential to have defined privacy principle and data subjects rights. India presently do not have data protection law, however, in August 2017, the Supreme Court held that privacy is a fundamental right, flowing from the right to life and personal liberty under Article 21 of the Constitution. The Court also observed that privacy of personal data and facts is an essential aspect of the right to privacy and it is therefore imperative that while collecting data for issuance of CBDC, best interest of the citizens should be prioritised, only those personal identifiable data may be collected which is necessary and use these data only for the purpose for which it is collected.","వ్యక్తిగత సమాచారం మరియు వాస్తవాల గోప్యత, గోప్యతా హక్కులో ప్రధాన అంశమని అలాగే సిబిడిసి జారీ చేసేందుకు సమాచారం సేకరించేటప్పుడు పౌరుల అత్యుత్తమ ప్రయోజనానికి ప్రాధాన్యత ఇవ్వాలని, వ్యక్తిగతంగా గుర్తించదగిన ఆవశ్యక అవసరమైన సమాచారాన్ని మాత్రమే సేకరించాలని మరియు ఈ సమాచారాన్ని సేకరించిన ప్రయోజనానికి మాత్రమే వినియోగించాలని కూడా న్యాయస్థానం వ్యాఖ్యానించింది."
"A cyber criminal attacks a computer or a network to reach other computers in order to disable or damage data or services. Apart from this, a cyber criminal may spread viruses and other malwares in order to steal private and confidential data for blackmailing and extortion. A computer virus is some lines of malicious code that can copy itself and can have detrimental effect on the computers, by destroying data or corrupting the system.","ఒక సైబర్ నేరగాడు, సమాచారం లేదా సేవలను నిలిపివేయడానికి లేదా నష్టం కలిగించడానికి మిగతా కంప్యూటర్లను చేరేందుకు ఒక కంప్యూటర్ లేదా నెట్‌వర్క్ మీద దాడి చేస్తాడు."
All packaged and canned food items contain a very high level of sodium because of the presence of salt that is used as a preservative. If you are in the habit of adding table salt to your food you are consuming excess salt. Use of excess salt is linked with hypertension.,"ప్యాక్ చేయబడిన, డబ్బాలలో ఆహారపదార్థాలలో ఉప్పును సంరక్షణకారిగా వాడటం వలన చాలా అధిక స్థాయి సోడియం ఉంటుంది."
"Always secure CRS safely in the vehicle or stow it in the luggage compartment if not being used. While the vehicle is in motion an unre- strained CRS could flung through the vehicle interior in the event of a sud- den braking, maneuver or an accident. This could cause injuries to the travel- ling occupants.","వాహనం కదులుతూ ఉండగా హఠాత్తుగా బ్రేక్ వేయడం, విన్యాసాలు చేయడం లేదా ప్రమాదం వంటివి సంభవించినప్పుడు బిగించి కట్టబడని సి.ఆర్. ఎస్ వాహన లోపలిభాగం గుండా దూసుకుపోగలదు."
"As he had not even two hundred and fifty men with him in the forst, the English naturally expected that the chief must have already evacuated the place. But, on that very morning, one of the white prisoners whom Narapat Singh had released came to the English camp and informed the general that he had heard Narapat Singh say that he would evacuate the fort but not until he had had his vengeance. Not until a gory fight is fought, not until one bloody defeat is inflicted will Narapat leave his fort!","కాని, అదే ఉదయం నరపత్ సింగ్ విడుదల చేసిన తెల్లజాతి ఖైదీలలో ఒకరు ఆంగ్లేయుల శిబిరం వద్దకు వచ్చి, నరపత్ సింగ్ తాను కోటను ఖాళీ చేస్తానని, అయితే తన పగ తీర్చుకునేంత వరకు చేయనని చెప్పడం తాను విన్నట్లు జనరల్‌కు తెలియజేసాడు."
"At this time, the greater part of the Punjab army was at Mian Mir. As the camp of Mian Mir was very near Lahore, the Lahore fort was allowed to be garrisoned purely by Sepoys. In the camp at Mian Mir, though the Sepoys outnumbered te English soldiers by four to one, the English officers had no suspicion about them until the new from Meerut arrived, and when the news did arrive they found it difficult to ascertain whether they were or were not secretly in communication with the Meerut Sepoys. At this time, the chief officer of the army of Lahore was one Robert Montgomery.","ఈ సమయంలో, లాహోర్ ప్రధాన సైన్యాధికారిగా ఒక రాబర్ట్ మోంట్‌గోమెరీ ఉన్నాడు."
"At this time, the greater part of the Punjab army was at Mian Mir. As the camp of Mian Mir was very near Lahore, the Lahore fort was allowed to be garrisoned purely by Sepoys. In the camp at Mian Mir, though the Sepoys outnumbered te English soldiers by four to one, the English officers had no suspicion about them until the new from Meerut arrived, and when the news did arrive they found it difficult to ascertain whether they were or were not secretly in communication with the Meerut Sepoys. At this time, the chief officer of the army of Lahore was one Robert Montgomery.","మియా మీర్ శిబిరం వద్ద, ఆంగ్లేయ సైనికులు ఒకరికి సిపాయిలు నలుగురి లెక్కన అధికంగా ఉన్నప్పటికీ, మీరట్ నుండి వార్త వచ్చేంత వరకు ఆంగ్ల అధికారులకు అనుమానమే రాలేదు, ఇక వార్త అందినప్పుడు వారు మీరట్ సిపాయిలతో రహస్య సంభాషణలు చేస్తున్నారో లేదో నిర్దారించుకోడం వారికి కష్టతరం అయ్యింది."
"Certain drugs serve no useful purpose; instead have adverse effects on the body. Drugs such as Marijuana, hallucinogens and tranquilisers which have an effect on the brain and drive the user into a make believe world of fantasy and provide false feelings of being free from problems. These are not only addictive but also have an adverse effect on the brain.","ఇవి వ్యసనాత్మకం మాత్రమే కాకుండా, మెదడు మీద కూడా ప్రతికూల ప్రభావం కలిగిస్తాయి."
"Day after day, new troops were coming in on both sides. The English forces, after frequent reinforcements from the Panjab had by this time, risen to the number of seven thousand. On the other side, the regiments of Rohilkhand who had risen in revolt had reached Delhi, with Bakht Khan at their head.","రోజు వెంట రోజు, ఇరువైపులా కొత్త సైన్యాలు వచ్చి చేరుతున్నాయి."
"He also said that he had no personal malice against the officers whom he shot. If there has been any personal malice, Mangal Pandays name would have been in the list of assassins and not of martyrs. But Mangal Pandays brave deed was done through devotion to a high and noble principle.","ఏదైనా వ్యక్తిగత పగ ఉండింటే, మంగళ్ పాండే పేరు అమరవీరుల జాబితాలో కాకుండా హంతకుల జాబితాలో ఉండేది."
"I saw the Manager and asked for a room. He eyed me for a moment, and politely saying, 'I am very sorry, we are full up', bade me good- bye. So I asked the cabman to drive to Muhammad Kasam Kamruddin's shop.","ఒక క్షణకాలం నన్ను చూసాడు, మర్యాదగా ""నన్నునిజంగా క్షమించండి, మా దగ్గర యే మాత్రం జాగా లేదు,"" అని నాకు వీడ్కోలు పలికాడు."
"In addition, we seem to have lost our aesthetic and civic sense, and carelessly litter garbage around on the roads, in the market-place, in open drains, ponds, rivers, seas, and so on. In fact, we keep throwing a lot of garbage everyday. Have you ever thought what will happen if the garbage is not removed from our homes and surroundings?","మన ఇళ్ళు, పరిసరాల నుండి చెత్తను తొలగించకపోతే ఏం జరుగుతుంది అనేదాని గురించి ఎప్పుడైనా ఆలోచించారా?"
"In recent years, the world around us has seen a lot of changes due to use of Digital Technologies. These changes have made a dramatic impact on our lives, making things more convenient, faster, and easier to handle. In the past, a letter would take days to reach, and every recipient would get his or her own copy and respond separately.","ఈ మధ్య కాలంలో, అంకాత్మక సాంకేతికతల వినియోగం కారణంగా మన చుట్టూ ఉన్న ప్రపంచం చాలా మార్పులను చూసింది."
"In recent years, the world around us has seen a lot of changes due to use of Digital Technologies. These changes have made a dramatic impact on our lives, making things more convenient, faster, and easier to handle. In the past, a letter would take days to reach, and every recipient would get his or her own copy and respond separately.","గతంలో,ఒక ఉత్తరం చేరడానికి రోజులు పట్టేది, అందుకునే ప్రతీ ఒక్కరూ అతడి లేక ఆమె తాలూకు సొంత ప్రతి అందేది, దానికి ప్రత్యేకంగా జవాబిచ్చే వారు."
"It is always due to some all-moving principle for which hundreds and thousands of men fight, before which thrones totter, crowns are destroyed and created, existing ideals are shattered and new ideals break forth, and for the sake of which vast masses of people think lightly of shedding sacred human blood. The moving spirits of revolutions are deemed holy or unholy in proportion as the principle underlying them is beneficial or wicked. As in private life, so also in history, the deeds of an individual or a nation are judged by the character of the motive.","విప్లవాలను నడిపే స్పూర్తులు, వాటి అంతర్లీన సూత్రం మేలైనదా లేదా దుష్టమైనదా అనే దాన్నిబట్టి నిష్పత్తి లో పవిత్రమైనవిగా లేక అపవిత్రమైనవిగా పరిగణిస్తారు."
"Kaba Gandhi married four times in succession, having lost his wife each time by death. He had two daughters by his first and second marriages. His last wife, Putlibai, bore him a daughter and three sons, I being the youngest.","ప్రతి ఒక్క సారి ఆయన భార్య చనిపోయి, దూరమవడంతో, కాబా గాంధీ వరుసగా నాలుగు సార్లు పెళ్లి చేసుకున్నాడు."
"Literature in different languages sustained the spirit of struggle for freedom from British rule. It became the social responsibility of the writers to write with a purpose of awakening people to ideas of justice, and freedom from slavery. Bankimchandra Chattopadhyaya (183894) brought out a magazine Bangadarshan to educate people on social and political issues of the time.","న్యాయం గురించి, బానిసత్వం నుండి విముక్తి గురించిన ఆలోచనలను ప్రజలలో మేల్కొలిపే ఉద్దేశ్యంతో రచనలు చేయడమనేది రచయితల సామాజిక బాధ్యతగా మారింది."
"Lord Dalhousie is described, by English historians, as one of the founders of the English Empire. This fact alone is sufficient to form an estimate of his capacity and character. In a country where unjust wars of conquest and oppression of foreign nationalities and races are universally popular, it is no wonder that those who have committed the greatest injustice and oppression are the most honoured.",అతని సామర్థ్యాన్ని మరియు స్వభావాన్ని అంచనా వేయడానికి ఈ ఒక్క వాస్తవం చాలు.
"Lord Robert says : The Rohilkhand army, having crossed the bridge of boats, began to enter the city through the Calcutta gate. We could clearly tee these thousands of Sepoys from the Ridge, entering the city with perfect discipline and drill playing martial tunes, and waving variegated flags and banners. The only force that was able to unite to some extent these different regiments in Delhi was that of love of the principle alone.","వేలాది మంది సిపాయిలు సంపూర్ణ క్రమశిక్షణ తో కవాతు చేసుకుంటూ సమరోచిత గీతాలు వాయిస్తూ, రంగురంగుల ధ్వజ పాతాకాలు ఊపుతూ ఆ శిఖరం నుండి నగరంలోకి ప్రవేశించడం మాకు స్పష్టంగా కనిపించింది."
"Nana Sahib and Tatia Tope were intimate friends from childhood. In childhood, these two were trained in the same school, fitted to perform the heroic deeds which they did in the great event of their later life. They had read the Ramayana and the Mahabharata together; they had read together the accounts of the war-like deeds of the Mahrattas, and their young hearts had throbbed together at the noble inspiration which the stories of Hindu heroism awoke.","వారు కలిసి రామాయణ, మహాభారతాలను చదివారు; వారు కలిసి మరాఠాల యుద్ద సంబంధ చర్యల వృత్తాంతాలను చదివారు, దాంతో హిందూ వీర గాథలు మేల్కొలిపే గొప్ప ప్రేరణతో వారి యువ హృదయాలు కలిసి పులకరించిపోయాయి."
"Non availability of adequate number of cloud free optical satellite datasets is a major constraint for using optical remote sensing data for agricultural applications during monsoon season. In light of this, all weather capability of RADAR, an active sensor, is an attractive option to rely upon. Microwave remote sensing techniques have all weather capability as atmosphere is transparent to microwaves at lower frequencies, penetrate clouds and are suitable for day/night operations owing to the independence of microwave sensors on Suns illumination.",తగిన సంఖ్యలో క్లౌడ్ ఫ్రీ దృశ్య అనుబంధ సమాచార సముదాయాల అలభ్యత అనేది వర్షాకాలంలో వ్యవసాయిక అప్లికేషన్ల కోసం ఆప్టికల్ సుదూర గ్రాహ్యత సమాచారాన్ని వినియోగించేందుకు ఒక పెద్ద అవరోధం.
Ransomware can get downloaded when the users visit any malicious or unsecure websites or download software from doubtful repositories. Some ransomware are sent as email attachments in spam mails. It can also reach our system when we click on a malicious advertisement on the Internet.,ఇంటర్నెట్‌లో ఏదైనా హానికరమైన ప్రకటనపై క్లిక్ చేస్తే అది మన సిస్టంలోకి కూడా చేరవచ్చు.
"Seeing his cave threatened, he rushed out of the lair at Chillianwalla and, with a terrible stroke of his paw, mauled the enemy and made him bleed. But, alas ! While the lion was standing at the mouth of the cave at Chillianwalla, a traitor broke open the back-wall at Guzerat and the lion was surprised and captured.","తన గుహ ప్రమాదంలో ఉండడం చూసి, అది గుహ నుండి బయటికి వచ్చి, తన పంజాతో భయంకరంగా కొట్టి శత్రువును గాయపరిచి, తనకు రక్తస్రావం అయ్యేలా చేసింది."
"The Revolutionaries of Sagar and of Gwalior and bands of volunteers came and joined him. Taking them with him, Nana marched to Bithoor and threatened to attack Cawnpore. General Neill had not enough troops to march against him and so sent word to Havelock of his critical position.","వారిని తన వెంట పెట్టుకొని, నానా బిత్తూర్‌కు కాలినడకన వెళ్లి, కాన్పూర్ మీద దాడి చేస్తామని బెదిరించాడు."
The Sheth and his clerks gathered round me. I told them all that I had gone through. They were very sorry to hear it and comforted me by relating to me their own bitter experiences.,షేత్ మరియు అతని గుమాస్తాలు నా చుట్టూ గుమిగూడారు.
"The West, while adopting the Greco-Roman tradition, abjured the Persian one. Post Xerxes, we have Artaxerxes, his son called Longimanus, so called because one hand was longer than the other. After him, came Xerxes II for a short while.","అతడి తరువాత, కొద్దికాలం కోసం రెండవ జెర్క్సీస్ వచ్చాడు."
"The brothers were deeply attached to each other. My uncle would sit near my father's bed the whole day, and would insist on sleeping by his bed side after sending us all to sleep. No one had dreamt that this was to be the fateful night.",అన్నదమ్ములకు ఒకరితో ఒకరికి ప్రగాఢమైన అనుబంధం ఉంది.
"The first thing was to invite the rulers of Rewa and Panna (an influential ruler in Bundelkhand) to Delhi for a discussion. I felt that if they agreed to the proposal, others could be persuaded to take the same line. Both these rulers came to Delhi on 20 November and I had several discussions with them.","వారు ఆ ప్రతిపాదనకు అంగీకరిస్తే, మిగతావారిని అలాగే చేసేందుకు ఒప్పించవచ్చని నాకనిపించింది."
"The most dynamic element of urban area is the various modes of transportation. Road patterns, its width and alignment can be directly identified and digitized from remote sensing data. A detailed feature/asset inventory of items like dividers, sidewalks, culverts, gutters etc can be prepared from high resolution imagery.",పట్టణ ప్రాంతంలో అత్యంత క్రియాశీలకమైన అంశం వివిధ రకాల రవాణా పద్ధతులు ఉండటం.
"The reason is that logging appends but installing overwrites. If an application violates this protocol by installing an update before logging it and then for some reason must abort, or the system crashes, there is no systematic way to discover the installed update and, if necessary, reverse it. The write-ahead-log protocol ensures that if a crash occurs, a recovery procedure can, by consulting the log, systematically find all completed and intended changes to cell storage and either restore those records to old values or set them to new values, as appropriate to the circumstance.","ఒకవేళ క్రాష్ సంభవిస్తే, తిరిగి పొందేందుకు ఒక విధానం, లాగ్ ను సంప్రదించి, పూర్తి చేయబడ్డ మరియు మార్పులు తలపెట్టబడిన సెల్ స్టోరేజీను క్రమబద్ధంగా వెతికి, అప్పటి స్థితికి అనుగుణంగా, అయితే ఆ నమోదులను పాత మూల్యాంకనాలతో పునర్లిఖించడం లేదా ఆ స్థానాలల్లో కొత్త మూల్యాంకనాలకు సర్దటం జరిగేలా రైట్-అహెడ్-లాగ్ ప్రోటోకాల్ చూసుకుంటుంది."
"The starting point is usually to employ a finer lock granularity: lock smaller objects, such as individual data records, individual pages of data records, or even fields within records. The trade-offs in gaining concurrency are first, that when there is more than one lock, more time is spent acquiring and releasing locks and second, cor rectness arguments become more complex. One hopes that the performance gain from concurrency exceeds the cost of acquiring and releasing the multiple locks.","అనుకూలతలు పొందడంలో రాజీ ఒప్పందాలలో మొదటివి, ఒక ప్రతిబంధకం కంటే ఎక్కువ ఉన్నచో, ఈ ప్రతిబంధకాలను స్వాధీనం చేసుకుని విడుదల చేయడంలో ఎక్కువ సమయం వెచ్చించబడడం జరుగుతుంది మరియు రెండవది, ప్రమాణత వివాదాలు మరింత జటిలమవుతాయి."
The students should be encouraged to ask questions if they have any doubt on the procedure of the first aid in swimming. If the swimming facility is available then the life saving technique of drowning can best be practised by doing. In the classroom or physical education laboratory the students may make use of dummies.,"ఈత ప్రాంగణం అందుబాటులో ఉన్నట్లయితే, మునిగిపోవడం తాలూకు ప్రాణ-రక్షణ విధాన సాధన చేయటానికి ఉత్తమం."
The students should be encouraged to ask questions if they have any doubt on the procedure of the first aid in swimming. If the swimming facility is available then the life saving technique of drowning can best be practised by doing. In the classroom or physical education laboratory the students may make use of dummies.,"ఈతకు సంబంధించిన ప్రథమ చికిత్సా విధానం గురించి ఆ విద్యార్థులకు ఏవైనా సందేహాలు ఉంటే, వారిని ప్రశ్నలు అడగమని ప్రోత్సహించాలి."
This Robert Mortgomery and Sir John Lawrence were both trained in the school of Dalhousie. They were gifted with rare coolness and courage and could preserve their presence of mind in the midst of the most unexpected difficulties. It was necessary to find out how far the spirit of national freedom had awakened among the Punjab Sepoys.,పంజాబ్ సిపాయిలలో జాతీయ స్వాతంత్ర్య స్పూర్తి ఎంత వరకు మేల్కోన్నదో తెలుసుకునే అవసరం ఉండింది.
"This sort of sublime forgiveness was not natural to my father. I had thought that he would be angry, say hard things, and strike his forehead. But he was so wonderfully peaceful, and I believe this was due to my clean confession.",ఇటువంటి మహోన్నత క్షమాగుణం మా నాన్నకు స్వాభావికమైనది కాదు.
"When the Sepoys revolted on the 31 st of May and went away, Lawrence formed a splendid regiment of Sikhs and another of the most loyal Hindusthanees. The remaining division of the old Sepoy army had rebelled before the 12 th of June. This revolt pleased Sir Henry in a way, for now he had with him a select and faithful army consisting of the English regiment and artillery and the two regiments of Sikhs and Hindusthanees, whose loyalty to the English had been proved by severe tests.","ఈ తిరుగుబాటు ఒక రకంగా సర్ హెన్రీని సంతోషపరచింది, ప్రస్తుతానికి అతడు ఆంగ్ల రెజిమెంట్, ఫిరంగి దళాలు, అనేక పరీక్షలలో ఆంగ్లేయుల పట్ల తమ విధేయతను నిరూపించుకున్న సిక్కులు మరియు హిందుస్థానీల రెండు రెజిమెంట్లతో కూడిన ఎంపిక చేసుకున్న, విశ్వాసపాత్రమైన సైన్యాన్ని తన వద్ద ఉంచుకొన్నాడు."
"You have earned your breakfast, British soldiers, by the sweat of your brow, not, by the free flow of blood from your bodies; so, enjoy your breakfast, with your commanders, in the cool shade of the mango groves! The rays of the morning sun are welcoming you, gay because of the great victory earned so lately. Arms were arranged all around, breakfast was ready, the hungry mouths were chewing the first morsel; the cups of drink were filled ready.","ఆయుధాలు చుట్టూత అమర్చబడ్డాయి, అల్పాహారం తయారయింది, ఆకలిగొన్న నోళ్ళు మొదటి ముద్దని నములుతున్నాయి; పానీయపు పాత్రలు తయారుగా నింపబడ్డాయి."
"You have earned your breakfast, British soldiers, by the sweat of your brow, not, by the free flow of blood from your bodies; so, enjoy your breakfast, with your commanders, in the cool shade of the mango groves! The rays of the morning sun are welcoming you, gay because of the great victory earned so lately. Arms were arranged all around, breakfast was ready, the hungry mouths were chewing the first morsel; the cups of drink were filled ready.","మీ నుదుటి చెమట చిందించి మీ అల్పాహారాన్ని మీరు సంపాదించుకున్నారు, బ్రిటిష్ సైనికులారా, మీ శరీరాల నుండి తేరగా ప్రవహించే రక్తంతో కాదు, కాబట్టి మీ సైన్యాధికారులతో, చల్లటి మామిడి తోటల నీడల్లో, మీ అల్పాహారాన్ని ఆస్వాదించండి."
"You must have seen seeds growing into seedlings, which then grow and develop into plants, or pups growing into dogs, kitten into cats and so on. Similarly an infant passes through different phases of growth from childhood to adolescence to adulthood. Although all the stages of growth and development are significant, it has been universally recognised that the stage of adolescence is the most critical one.","విత్తనాలు మొలకలుగా, ఆపై అవి పెరిగి మొక్కలుగా ఎదగడం లేదా కుక్కపిల్లలు కుక్కలుగా, పిల్లి పిల్లలు పిల్లులుగా ఎదగడం మొదలైనవి చూసింటారు."
"Young girls and boys often become target of sexual harassment/abuse by older and powerful people. As per the research, a person who is engaged in sexual abuse of young girls and/or boys is often known to them. Boys are equally vulnerable to sexual abuse.",అబ్బాయిలకు కూడా లైంగిక వేధింపులకు గురయ్యే అసహాయత సమానంగా ఉంది.
"andswhatdidraneebankadothen?shespenttherestofherlifeinloyaltytotheferinghi!whilethelightningwasworkingdestructionatjhansi,banka,seeingthathersonswerereadytounsheaththeirswordsofswaraj,threatenedthemthat,iftheydidunsheaththeirswords,shewouldherselfinformtheferinghisoftheirdesignsandadvisetheferinghistobeheadthem!","ఆ మెరుపు దాడి ఝాన్సీలో వినాశనాన్ని సృష్టిస్తుంటే, బాంకా తన కుమారులను స్వరాజ్యానికై కత్తులు దూసేందుకు సిద్ధంగా చూసి, వారు కనుక కత్తులు దూస్తే వారి పన్నాగాల గురించి తెల్లవారికి తనంతట తానే తెలియజేసి వారిని శిరచ్ఛేదనం చేయమని సలహా ఇస్తానని బెదిరించింది."
"Another popular genre starting in the silent era was the stunt film and the adventure action film. The film makers who were largely responsible for popularizing the stunt film were J.B.H Wadia and his brother Homi Wadia, of Wadia Movietone. They became the kings of this genre, starting with the railroad thriller TOOFAN MAIL (1932), which featured several fight sequences staged on the roof of a moving train.",స్టంట్ సినిమాని వ్యాప్తిలోకి రావడానికి చాలా వరకు బాధ్యత వహించిన చిత్రదర్శకులు వాడియా మూవీటోన్ కు చెందిన జేబిహెచ్ వాడియా మరియు ఆయన సోదరుడు హోమీ వాడియా.
"Another popular genre starting in the silent era was the stunt film and the adventure action film. The film makers who were largely responsible for popularizing the stunt film were J.B.H Wadia and his brother Homi Wadia, of Wadia Movietone. They became the kings of this genre, starting with the railroad thriller TOOFAN MAIL (1932), which featured several fight sequences staged on the roof of a moving train.","కదులుతున్న రైలు పైకప్పుపై తీసిన ఎన్నో పోరాట సన్నివేశాలు గల రైలుమార్గ ఉత్కంఠభరిత చిత్రం తూఫాన్ మెయిల్ (1932) తో మొదలుపెట్టి, వారు ఈ శైలికి రాజులయ్యారు."
"Assamese cinema is cinema in the Assamese language, watched primarily in Assam, India. The industry was born in 1935 when Jyoti Prasad Agarwala released his movie Joymoti. Since then Assamese cinema has developed a slow paced, sensitive style, especially with the movies of Bhabendra Nath Saikia and Jhanu Barua.","అస్సామీ సినిమా అనేది అస్సామీ భాషలో చలన చిత్రం, భారత్లోని అస్సాంలో ప్రధానంగా వీక్షింపబడుతుంది."
"Classic adaptations are less than transparent. They materialize the novel into something else and the result is a hybrid affair, a mixture of genres. More crucially, a temporal sleight of hand and thus intention occurs.",శాస్త్రీయ రూపాంతరణలు కొంత తక్కువ పారదర్శకంగా ఉంటాయి.
"Classic adaptations are less than transparent. They materialize the novel into something else and the result is a hybrid affair, a mixture of genres. More crucially, a temporal sleight of hand and thus intention occurs.","మరీ ముఖ్యంగా, చేతి యొక్క లౌకిక కపటోపాయము మరియు దీని వలన ఉద్దేశం వ్యక్తమవుతుంది."
"Classic adaptations are less than transparent. They materialize the novel into something else and the result is a hybrid affair, a mixture of genres. More crucially, a temporal sleight of hand and thus intention occurs.","అవి నవలని మరేదో రూపంలో సాకారపరుస్తాయి, ఫలితంగా ఒక సంక్లిష్టమైన వ్యవహారం, ఒక శైలుల మిశ్రమం అవుతుంది."
"FTII launched first-ever Online Film Appreciation Course from 15 th June 11 th July 2020. The 24-days long course covered Film Appreciation through Film Theory, Film Production Process, Genres of Cinema, and also faculties of Filmmaking. The course was organised in coordination with National Film Archives of India, Pune.","ఎఫ్టిటిఐ మొట్ట మొదటి ఆన్లైన్ ఫిల్మ్ ఆప్రీసియేషన్ కోర్సును , 15 జూన్ నుండి 11 జులై, 2020 వరకు ప్రవేశ పెట్టింది."
"FTII launched first-ever Online Film Appreciation Course from 15 th June 11 th July 2020. The 24-days long course covered Film Appreciation through Film Theory, Film Production Process, Genres of Cinema, and also faculties of Filmmaking. The course was organised in coordination with National Film Archives of India, Pune.",ఈ పాఠ్యక్రమం పూణే లోని నేషనల్ ఫిల్మ్ ఆర్కైవ్స్ ఆఫ్ ఇండియా సమన్వయంతో కూర్చబడింది.
"Fatma Begum has lived a life away from the arc lights for several years now, so when this first lady of Indian cinema, whos never given a media interview, agreed to speak to me on 3 May 2013, I promptly made my way to her once-impressive but now crumbling residence in Dhanraj Mahal, where she lives with her daughter Zubeida. Clad in an olive- green chiffon saree, Fatma looked every bit the begum Id imagined her to be. After supping on the best Hyderabadi kebabs and qubani ka meetha Ive ever had, we settled down on huge, heavily-cushioned sofa chairs, sipping chai, to have a chat about her life and films.","ఆలివ్ గ్రీన్ షిఫాన్ చీరలో, ఫాత్మా అక్షరాలా ఆమెను నేను బేగంగా ఊహించుకున్నట్టే కనిపించింది."
"Filmmaker Ashim Ahluwalia, a self-confessed hardcore fan of trash and sleaze, reminds us that C movies are a legitimate part of our filmic past. His article, an excerpt from a forthcoming book, offers a vivid picture of the subterranean world of exploitation cinema. Ahluwalia provocatively argues that C-grade cinemaand not our so-called art cinema or parallel cinemais the only truly experimental Indian film form.","తన వ్యాసం, రాబోయే తన పుస్తకం నుండి ఒక సంగ్రహం, శోషణ సినిమాల చీకటిరాజ్యం యొక్క స్పష్టమైన స్వరూపాన్ని చూపిస్తుంది."
"Full feature-length colour and sound cartoons came into their own with his Snow White and the Seven Dwarfs (1937) which won a special Oscar. In terms of animated dolls, arguably the most famous is the gorilla doll who is the eponymous hero of King Kong (Ernest B. Schoedask, 1933).",ప్రత్యేక ఆస్కార్ కైవసం చేసుకున్న అతని స్నో వైట్ అండ్ ద సెవెన్ డ్వార్ఫ్స్ (1937) తో పూర్తి నిడివిగల వర్ణ ధ్వనుల కార్టూన్ చిత్రాలు గుర్తింపు పొందటం ప్రారంభించాయి.
"He argues that the soundtrack was in essence a ritualistic celebration of traditional archetypes. The non-real soundsthose located outside the films visible frameperformed the function of real sounds; they signified the action, or more precisely, were intended to perform a representational function in part, but through a fetishised dislocation and amplification. There was dissatisfaction with the real.","సౌండ్ ట్రాక్ అనేది సారాంశరీత్యా, సాంప్రదాయిక మూలమూర్తుల ఆచార విధి ప్రకారమైన వేడుకగా ఉండేదని ఆయన వాదన."
"Indian animation has interested history . In 1912, Dadasaheb Phalke produced the first Indian animation movie , which was followed by a hiatus that lasted over 40 years. In 1956, the Films Division set up a cartoon film unit, where Clair Weeks, the veteran Disney animator , was invited to train students .","1912 లో, దాదాసాహెబ్ ఫాల్కే తొలి భారతీయ ఆనిమేషన్ చిత్రాన్ని నిర్మించారు, దాని తరువాత వచ్చిన విరామం 40 ఏళ్ల పైన కొనసాగింది."
"Indian animation has interested history . In 1912, Dadasaheb Phalke produced the first Indian animation movie , which was followed by a hiatus that lasted over 40 years. In 1956, the Films Division set up a cartoon film unit, where Clair Weeks, the veteran Disney animator , was invited to train students .","1956లో, చలనచిత్ర విభాగం ఒక కార్టూన్ చిత్రాల విభాగాన్ని స్థాపించింది, ఇక్కడికి అనుభవజ్ఞ్యుడైన డిస్నీ ఆనిమేటర్ క్లేర్ వీక్స్ విద్యార్థులకు శిక్షణనివ్వడానికి ఆహ్వానింపబడ్డారు."
"Indian cinema is world famous for the staggering amount of films it produces: the number is constantly on the increase, and recent sources estimate that a total output of some 800 films a year are made in different cities including Madrass , Bangalore , Calcutta and Hyderabad . Of this astonishing number, those films made in Bombay, in a seamless blend of Hindi and Urdu, have the widest distribution within India and Internationally. The two sister languages are spoken in six northern states and understood by over 500 million people on the Indian sub continent alone reason enough for Hindi and Urdu to be chosen above the fourteen official Indian languages to become the languages of Indian Popular cinema when sound came to the Indian Silver screen in 1931.","భారత చిత్ర పరిశ్రమ, అది నిర్మిస్తున్న సినిమాల భారీ సంఖ్యకు ప్రపంచవ్యాప్తంగా సుప్రసిద్ధం: ఈ సంఖ్య నిరంతరంగా పెరుగుతూనే ఉంది, అలాగే మద్రాసు, బెంగళూరు, కలకత్తా మరియు హైదరాబాదుతో సహా వివిధ నగరాల్లో మొత్తం మీద సుమారు 800 చిత్రాలు నిర్మింపబడతున్నాయని ఇటీవలి నివేదికలు అంచనా వేస్తున్నాయి"
"Indian cinema is world famous for the staggering amount of films it produces: the number is constantly on the increase, and recent sources estimate that a total output of some 800 films a year are made in different cities including Madrass , Bangalore , Calcutta and Hyderabad . Of this astonishing number, those films made in Bombay, in a seamless blend of Hindi and Urdu, have the widest distribution within India and Internationally. The two sister languages are spoken in six northern states and understood by over 500 million people on the Indian sub continent alone reason enough for Hindi and Urdu to be chosen above the fourteen official Indian languages to become the languages of Indian Popular cinema when sound came to the Indian Silver screen in 1931.",భారత ఉపఖండంలో ఈ ఇరు సహోదర భాషలు ఆరు ఉత్తరాది రాష్ట్రాలలో వాడుకలో ఉండి 50 కోట్ల మందికి పైగా అర్ధమవుతాయి అనేది 1931లో భారతీయ వెండితెరకి ధ్వని పరిచయమైనప్పుడు భారత ప్రజాదరణ పొందిన సినిమాకి పద్నాలుగు అధికారిక భారతీయ భాషలోకెల్లా హిందీ మరియు ఉర్దూను ఎంచుకోవడానికి తగినంత కారణం.
"Indian cinema never understood composite sound, says K. Hariharan, an award-winning filmmaker and teacher from Chennai. The rules of melodrama dominated the approach, and the sounds, from incidental to archetypal (crickets, koels, monsoon rains etc) primarily served the purpose of heightening the melodrama.","భారతీయ చిత్రసీమ సమ్మిళితమైన ధ్వనిని ఎన్నడూ అర్ధం చేసుకోలేదని, చెన్నైకి చెందిన పురస్కార విజేత అయిన ఒక చిత్రదర్శకుడు మరియు అధ్యాపకుడు కె. హరిహరన్ అంటారు."
"Indian cinema thus has more than a hundred years of history, like the European or American film industry. That first show was just a show of a series of visuals, moving scenes and nothing more, but it inaugurated a long line of movies made by talented Indians. Today India has the distinction of being the country that produces the highest number of feature films every year.","ఆ విధంగా భారతీయ చిత్ర పరిశ్రమ వందేళ్లకు పైగా చరిత్ర కలిగి ఉంది, ఐరోపా లేదా అమెరికా చిత్ర పరిశ్రమ మాదిరిగా."
"It is also worth labouring the point that this rethinking of film theory in the 1960s did not come via film criticism (as it did in the 1950s) but through other disciplines, namely structural linguistics and semiotics. This pattern would repeat itself in the 1970s with psychoanalysis and philosophy pushing the debate along, and then history in the 1980s. The significance of this new trend of essayists and philosophers turning to cinema to apply their theories cannot be underestimated.","చలనచిత్ర శాస్త్రసిద్ధాంతం గురించి 1960 లలో ఇటువంటి పునరాలోచన సినిమా విమర్శనం ద్వారా (1950 లలో జరిగినట్లు) వచ్చింది కాదు, కానీ వ్యవస్థీకృత భాషాశాస్త్రం మరియు భావ ప్రకటనాధ్యయనం వంటి ఇతర విషయాలనుంది నుండి వచ్చిందన్న అభిప్రాయం గురించి చేసే ప్రయాస ఉపయోగ్యమైనది."
"It is also worth labouring the point that this rethinking of film theory in the 1960s did not come via film criticism (as it did in the 1950s) but through other disciplines, namely structural linguistics and semiotics. This pattern would repeat itself in the 1970s with psychoanalysis and philosophy pushing the debate along, and then history in the 1980s. The significance of this new trend of essayists and philosophers turning to cinema to apply their theories cannot be underestimated.","1970 లలో మనోవిశ్లేషణ మరియు వేదాంతంతో, ఆ తరువాత 1980 లలో చరిత్రతో, ఈ క్రమం పునరావృతం అయి వివాదాన్ని పొడిగించేది."
"More modern perspectives like the New Indian Cinema appear which aim to break with the traditional Bollywoodian aesthetics. The themes show the idea of a contemporary India where the west has been assimilated, but the tradition and the true essence of India as a diverse multilingual country is evident. Films are recorded in English, but also use other languages and illustrate the contemporary Indian middle class.",న్యూ ఇండియన్ సినిమా వంటి మరింత నవీన దృష్టికోణాలు సాంప్రదాయక బాలీవుడ్ కళాత్మకత నుండి వేరు పడటం ఉద్దేశ్యంగా ప్రత్యక్షమవుతాయి.
"More modern perspectives like the New Indian Cinema appear which aim to break with the traditional Bollywoodian aesthetics. The themes show the idea of a contemporary India where the west has been assimilated, but the tradition and the true essence of India as a diverse multilingual country is evident. Films are recorded in English, but also use other languages and illustrate the contemporary Indian middle class.","ఈ ఇతివృత్తాలు పాశ్చాత్యం సమీకృతమైన సమకాలీక భారతదేశ స్వరూపాన్ని చూపిస్తాయి, కానీ ఆ సంప్రదాయం మరియు భిన్నమైన బహుభాషా దేశంగా భారతదేశ నిజమైన స్వరూపం విశదమవుతాయి."
"Nowadays, films gather the diversity of India through the influence of the classical epics of Sanskrit with recurrent themes like maternity and revenge or trying to maintain the traditional values that conformed the social hyerarchy of India. This influence is also felt in the narrative structure of films, often with digressions that make Indian films too long for the western audience. The influence of theatrical forms is also present, with an episodic structure, an emphasis on performance over realism and the introductions of traditional music like the sangeetas, a mixture of instrumental music, song, dance and humour, elements that come from the classical theatre and the Parsi theatre.","ఈరోజుల్లో సినిమాలు మాతృత్వం, ప్రతీకారం వంటి పునరావృత ఇతివృత్తాలతో సంస్కృతంలోని ప్రాచీన పురణేతిహాసాల ప్రభావం ద్వారా భారతదేశంలోని భిన్నత్వాన్ని సమీకరిస్తున్నాయి, లేదా భారత సమాజ సోపానక్రమాన్ని అనుసరిస్తున్న సాంప్రదాయక విలువలను కొనసాగించే ప్రయత్నం చేస్తున్నాయి."
"Nowadays, films gather the diversity of India through the influence of the classical epics of Sanskrit with recurrent themes like maternity and revenge or trying to maintain the traditional values that conformed the social hyerarchy of India. This influence is also felt in the narrative structure of films, often with digressions that make Indian films too long for the western audience. The influence of theatrical forms is also present, with an episodic structure, an emphasis on performance over realism and the introductions of traditional music like the sangeetas, a mixture of instrumental music, song, dance and humour, elements that come from the classical theatre and the Parsi theatre.","చిత్రాల కథన కూర్పులో కూడా ఈ ప్రభావం తెలుస్తుంది, తరచుగా పక్కదారులు పట్టడంతో భారతీయ చిత్రాలు పాశ్చాత్య ప్రేక్షకులకు అతి దీర్ఘంగా అనిపిస్తాయి."
"On the question of gender-presence, certain genres appear to be gender-identified. In the western, women are, to all intents and purposes, absent. We naturally accept this narrative convention of an exclusively male point of view.",ప్రత్యేకంగా పురుష దృష్టికోణపు ఈ కథా కథన ఆచారాన్ని మనం సహజంగానే అంగీకరిస్తాం.
"Since the commencement of academic courses in 1960, the Institute has regularly upgraded the pedagogic curriculum, enriched the quality of cinematic learning and augmented the infrastructure to realize its mandate of being truly a centre of excellence. It has succeeded in articulating and disseminating classical and contemporary theories of praxis for the creative minds to leap into the world of professional practice. The Institute has crossed many milestones towards a new paradigm in the art and craft of film making.","1960 లో విద్యాసంబంధ పాఠ్యక్రమాలు ప్రారంభమైనప్పటి నుండి, ఈ సంస్థ నియమంగా శిక్షణకు సంబంధించిన పాఠ్యప్రణాళిక స్థాయిని పెంచుకుంటూ, చిత్ర సంబంధిత అభ్యసనాన్ని సుసంపన్నం చేస్తూ, నిజంగా ఒక ఉత్కృష్ఠ కేంద్రంగా నిలవాలన్న ఆదేశాన్ని సాకారం చేసుకోనేందుకు మౌలిక సదుపాయాలను పెంపొందించుకుంది."
"Since the commencement of academic courses in 1960, the Institute has regularly upgraded the pedagogic curriculum, enriched the quality of cinematic learning and augmented the infrastructure to realize its mandate of being truly a centre of excellence. It has succeeded in articulating and disseminating classical and contemporary theories of praxis for the creative minds to leap into the world of professional practice. The Institute has crossed many milestones towards a new paradigm in the art and craft of film making.",ఈ ఇన్స్టిట్యూట్ చిత్రానిర్మాణ కళా నైపుణ్యాలలో ఒక కొత్త పరివర్తనం వైపుగా ఎన్నో మైలురాళ్ళు దాటింది.
"Taking the historical development as the chronological point of departure of the development of Indian narratives in English helps us to shed light onto the sphere of the cinematic production of India, which is considered among the so-called other cinemas or cinema of other countries, with the marginality implied in these terms. It is at this point that the Indian cinema relates to the postcolonial discourse being characterized by concepts explained by Homi K. Bhabha in The Location of Culture (1994).","ఈ చారిత్రాత్మక పురోగతిని ఆంగ్లంలో భారతీయ కథా కథనాల వృద్ధికి కాలక్రమానుగతంగా నిష్క్రమణ బిందువుగా పరిగణిస్తే ఇతర చిత్ర పరిశ్రమలు లేదా ఇతర దేశాల చిత్ర పరిశ్రమల నడుమ భారతీయ చిత్ర నిర్మాణ రంగం గురించి, ఈ పదాలలో పరిమితి దాటకుండా, అర్ధంచేసుకునేందుకు మనకు సహాయపడుతుంది."
"The films of the Silent Era did not talk but they were never watched in silence. Dialogue was presented through inter titles, which were often in English, and two or three Indian languages. Almost every film had a background score, which ran through the length of film.","ఈ సంభాషణ టైటిల్స్ కి మధ్య మధ్యలో కార్డురూపంలో కనిపించేది, ఇది తరచుగా ఆంగ్లంలో, మరియు రెండు మూడు భారతీయ భాషలలో ఉండేది."
"The playing field, the resources and the gameso much has changed with digital technology. But it would be inaccurate to attribute this change merely to technology. Sweeping economic changes, the onset of satellite television, increased access to more western sounds and production techniques, greater formal distribution and exhibition of Hindi cinema around the worldall these come into play significantly.","విస్తృత ఆర్థిక సవరణలు, సాటిలైట్ టెలివిజన్ ప్రారంభం అవటం, పాశ్చాత్య ధ్వనులు మరియు నిర్మాణ మెళకువలు అందుబాటులోకి రావటం, ప్రపంచవ్యాప్తంగా హిందీ సినిమా విస్తృత అధికారిక పంపిణి మరియు ప్రదర్శన, అన్నీ గణనీయంగా కార్యరూపం దాల్చుతాయి."
The role of literary figures in the making of Marathi films climaxed in the work of P. L. Deshpandey. In these hands cinema lost much of its visual character and was turned into a literary and wordy product.,"వీరి చేతులలో, చలన చిత్రం దృశ్య స్వభావాన్ని చాలావరకు కోల్పోయి కేవలం సాహిత్య సంబంధమైన పదాలతో నిండిన ఉత్పత్తిగా మిగిలిపోయింది."
"The score was live, and helped to dramatise the narrative. Sometimes there was only a piano accompaniment, but there were several films where a violin, a harmonium, tablas and other musical instruments could be added. The first sound movie or talkie, viz, Al Jolsons Jazz Singer in the U.S. ended the silent era in October, 1927.","కొన్నిసార్లు కేవలం పియానో సహకారం ఉండేది, కానీ ఎన్నో చిత్రాలలో వయోలిన్, హార్మోనియము, తబలాలు తదితర సంగీత వాయిద్యాలు చేర్చగలిగేట్లు ఉండేవి."
"The score was live, and helped to dramatise the narrative. Sometimes there was only a piano accompaniment, but there were several films where a violin, a harmonium, tablas and other musical instruments could be added. The first sound movie or talkie, viz, Al Jolsons Jazz Singer in the U.S. ended the silent era in October, 1927.",వాద్య సహకారం ప్రత్యక్షంగా ఉండి కథనానికి నాటకరూపాన్ని అందించేందుకు తోడ్పడింది.
"The stunt film and the adventure action film did not appeal to everyone: the educated classes saw them as populist, vulgar and a corrupting influence. This division in film styles is why distributors and producers continue to see films as being of two main categories: films for the classes and films for the masses. The assumption was that the upper classes, who were more educated, expected something substantial from cinema, whereas the poor looked to cinema as pure entertainment.","ఈ స్టంట్ చిత్రం మరియు సాహసక్రియా చిత్రం అందరికీ ఆకర్షణీయంగా అనిపించలేదు: విద్యావంతుల శ్రేణులు వాటిని జనాకర్షకమైనదిగా , అశ్లీలమైనదిగా మరియు దుష్ట ప్రభావం గలదిగా చూశాయి."
"The stunt film and the adventure action film did not appeal to everyone: the educated classes saw them as populist, vulgar and a corrupting influence. This division in film styles is why distributors and producers continue to see films as being of two main categories: films for the classes and films for the masses. The assumption was that the upper classes, who were more educated, expected something substantial from cinema, whereas the poor looked to cinema as pure entertainment.",ఈ సినిమా శైలుల విభజన కారణంగానే పంపిణీదారులు మరియు నిర్మాతలు సినిమాలను రెండు వర్గాలుగా చూస్తూ ఉన్నారు: ఉన్నత శ్రేణి వారి కోసం సినిమాలు మరియు జనసామాన్యుల కోసం సినిమాలు.
"The winter edition of Film Appreciation Course was launched on 23 rd November 2020. This course was also in coordination with National Film Archives of India, Pune and Ms Arunaraje Patil as course coordinator. A total of 41 participants from all over India participated in the course.",ఫిల్మ్ అప్రీసియేషన్ కోర్స్ యొక్క శీతాకాల తరగతులను 23 నవంబర్ 2020 లో ప్రారంభించారు.
"Thus our focus shifts from a desire to know the times the novel is referring to in socio-economic or political terms, to a desire to see the times (in terms of costume and dcor). Thus the earlier intention of the narrative a nostalgia for a past is neutered. What drives us, the audience, is a nostalgia for the present times of the novel, the lived moment of Austens heroines, or Pagnols and Forsters characters our imagined past, not that of the original text for which that present time represents unwanted change.","ఆవిధంగా, నవల ప్రస్తావించిన సామాజిక-ఆర్థిక లేదా రాజకీయ విశేషాలను తెలుసుకోవాలన్న ఆకాంక్ష నుండి నాటి కాలాన్ని (ఆహార్యం మరియు అలంకారం విశేషాలను) చూడాలన్న ఆకాంక్షవైపు మన దృష్టి మళ్ళుతుంది."
"With state-of-the-art facilities, FTII provides a creative ambiance to inspire budding film makers with an innovative language of artistic expression. The films made by its students during their academic course and beyond, have been receiving both national & international accolades. Its alumni have been earning recognition regularly through their mastery over film-making.",ఇక్కడి పూర్వ విద్యార్థులు చిత్ర నిర్మాణంలో తమ ప్రావీణ్యతతో వరుసగా గుర్తింపు సంపాదిస్తూ ఉన్నారు.
"With state-of-the-art facilities, FTII provides a creative ambiance to inspire budding film makers with an innovative language of artistic expression. The films made by its students during their academic course and beyond, have been receiving both national & international accolades. Its alumni have been earning recognition regularly through their mastery over film-making.","అత్యంతాధునిక సౌకర్యాలతో, ఎఫ్టిఐఐ కళాత్మక వ్యక్తీకరణలో వినూత్న శైలి గల వర్ధమాన చిత్రదర్శకుల కోసం సృజనాత్మక వాతావరణాన్ని అందిస్తోంది."
"thusourfocusshiftsfromadesiretoknowthetimesthenovelisreferringtoinsocio-economicorpoliticalterms,toadesiretoseethetimes(intermsofcostumeanddcor).thustheearlierintentionofthenarrativeanostalgiaforapastisneutered.whatdrivesus,theaudience,isanostalgiaforthepresenttimesofthenovel,thelivedmomentofaustensheroines,orpagnolsandforsterscharactersourimaginedpast,notthatoftheoriginaltextforwhichthatpresenttimerepresentsunwantedchange.","మనని, ప్రేక్షకులని, ప్రేరేపించేది నవలలోని వర్తమాన స్థితిగతులు, ఆస్టిన్ హీరోయిన్లు జీవించిన కాలం గురించిన భావోద్వేగం , లేదా పాగ్నోల్ మరియు ఫోరస్టర్ల పాత్రలు, మన ఊహల్లోని గతం తాలూకు స్మృతులే గానీ, అనవసర మార్పులను సూచించే అలనాటి వర్తమాన మూల రచనల స్మృతులు కాదు."
"A pedon is morphologically described in the field and sampled for laboratory investigations for their characterization and classification. Such groups of soils may occur on the landscape in a repeated manner and are delineated on a map as map unit. The delineated units on a map will be given a specific symbol, colour and name.",చేనులోని మట్టి యొక్క స్వరూప లక్షణాన్ని విర్ణించి స్వభావచిత్రణం మరియు వర్గీకరణకై ప్రయోగ పరిశోధనలకు దాని నమూనాలు సేకరించబడుతాయి.
"A pedon is morphologically described in the field and sampled for laboratory investigations for their characterization and classification. Such groups of soils may occur on the landscape in a repeated manner and are delineated on a map as map unit. The delineated units on a map will be given a specific symbol, colour and name.","మ్యాప్ మీద వర్ణించబడిన యూనిట్లకు ఒక నిర్దిష్ట చిహ్నం, రంగు, పేరు ఇస్తారు."
"All these models take the information derived from the remote sensing data. Thornthwaite and Mather model is widely used for computing water balance. It is a book-keeping method, very useful for computing runoff at preliminary stage of planning of any water resources project.",నీటి సమతుల్యతను కొలవడానికి థోర్త్‌వైట్ మరియు మాథర్ మోడల్‌ విస్తృతంగా ఉపయోగించబడుతుంది.
"At this extreme altitude gas molecules are widely separated. Above 60 miles (100 km) from Earths surface the chemical composition of air becomes strongly dependent on altitude and the atmosphere becomes enriched with lighter gases (atomic oxygen, helium and hydrogen). Above about 100 miles (160 km) altitude the major atmospheric component becomes atomic oxygen.","భూ ఉపరితం నుండి 60 మైళ్ళ (100 కిమీ) ఎగువన, గాలి యొక్క రసాయనిక మిశ్రమం అనేది ఎత్తు మీద బలంగా ఆధారితం ఆయ్యి, వాతావరణం తేలికైన వాయువులు (పరమాణు ఆక్సిజన్, హీలియం, హైడ్రోజన్) తో సమృద్ధం అవుతుంది."
Climate change will make some agricultural areas more suitable for production and other areas less so. The impacts of climate change on agriculture will be less if production is allowed to move in response to changing climate. Some land that is not currently suitable for agriculture because of climate may become suitable in the future.,వాతావరణ మార్పు అనేది కొన్ని వ్యవసాయ ప్రాంతాలను ఉత్పత్తికి ఎక్కువ అనుకూలంగా చేస్తుంది మరియు మిగతా ప్రాంతాలను తక్కువగా.
Data collected in the field must be geo-referenced so that the point where the data were collected can be located on the imagery. GPS receivers are commonly used to record this location information. The type of information collected can range from detailed notes describing a site to a photograph of the site.,సేకరించే సమాచారపు పరిధి ఒక ప్రదేశాన్ని వివరించే సవవిరమైన వ్యాఖ్యల నుండి ఆ ప్రదేశం యొక్క ఒక ఫోటో వరకు ఉండవచ్చు.
"During the season, heat wave/severe heat wave conditions were observed in March and April. In the month of May, no significant heat wave conditions were observed. During March the heat wave conditions were observed at most places with Severe Heat wave conditions at isolated places occurred over West Rajasthan during 29-31 March, Heat wave conditions were also observed at a few places over east Rajasthan during 30-31 March, over Odisha and adjoining parts of Gangetic West Bengal, Coastal Andhra Pradesh and Tamil Nadu on 31 March.","మార్చిలో, చాలా ప్రాంతాలలో వడగాడ్పు పరిస్థితులు గమనించబడ్డాయి, పశ్చిమ రాజస్తాన్‌లోని వివిక్త ప్రదేశాలలో మార్చి 29-31 మధ్య తీవ్రమైన వడగాడ్పు పరిస్థితులు సంభవించాయి."
"Even in radiometrically corrected scene composites, some noise will remain. The most important sources are local atmospheric effects such as haze, smoke or cumulus clouds in an otherwise clear-sky scene. Small but potentially significant bidirectional reflectance effects may also be present.",రేడియోధార్మిక కొలతతో సరిచేసిన సన్నివేశ కూర్పులలో కూడా కొద్దిపాటి శబ్దం మిగిలి ఉంటుంది.
"Even in radiometrically corrected scene composites, some noise will remain. The most important sources are local atmospheric effects such as haze, smoke or cumulus clouds in an otherwise clear-sky scene. Small but potentially significant bidirectional reflectance effects may also be present.",అత్యంత ముఖ్యమైన వనరులు ఏమిటంటే పొగమంచు లేదా మామూలుగా అయితే నిర్మలంగా ఉండే ఆకాశపు దృశ్యంలో క్యుములస్ మేఘాల వంటి స్థానిక వాతావరణ ప్రభావాలు.
"Furthermore, such images contain systematic errors due to atmospheric effects (as a function of the path length) as well as monotonically changing spatial resolution for most coarse resolution sensors. Their classification is therefore difficult and requires interactive fine tuning for each input scene used, as well as post-classification operations to reconcile differences between adjacent scenes to ensure consistency across the mapped area. For these reasons, research in recent years has emphasised the use of image composites.","ఈ కారణాల వలన, ఇటీవలి సంవత్సరాలలో పరిశోధన అనేది చిత్ర సమ్మేళనాల వినియోగం గురించి నొక్కి చెప్తోంది."
High relative humidities in the lower and middle troposphere are also required for cyclone development. These high humidities reduce the amount of evaporation in clouds and maximizes the latent heat released because there is more precipitation. The vertical wind shear in a tropical cyclones environment is also important.,"తుఫాను వృద్ధి చెందడానికి ట్రోపో ఆవరణలోని దిగువ, మధ్య భాగాలలో సాపేక్షంగా అధిక ఆర్ద్రతలు కూడా అవసరం."
"If that land is not available because it has already been developed, then the farming sector will be less able to adapt. It may make sense to preserve land for future agricultural production, even if it is not currently being used for that purpose. Similarly, forest land that is currently dominated by lower-valued species may become more valuable in the future, and vice versa.","అదేవిధంగా, ప్రస్తుతం తక్కువ-విలువైన జాతులు హెచ్చుగా ఉన్న అటవీ భూమి భవిష్యత్తులో మరింత విలువైనదిగా మారవచ్చు మరియు దీనికి విర్యయంగా జరగవచ్చు."
"In the past, some classification projects employing coarse resolution data were carried out with single-date, relatively cloud-free images. However, this approach is fundamentally limited because the probability of cloud-free scenes decreases as the area covered by one scene increases. It is thus very difficult to obtain useful images for land cover mapping, especially if the eligible time interval is short.","అయితే, ఈ విధానం ప్రాథమికంగా పరిమితమైనది ఎందుకంటే ఒక దృశ్యంలో ఒక ప్రాంతం పరిధి పెరిగే కొద్దీ మేఘ-రహిత దృశ్యాల సంభావ్యత తగ్గుతుంది."
"In the recent developments, importance is being given to utilization of hyper-spectral domain for soil physical and chemical characterization. Development of soil reflectance libraries is being given utmost importance with parallel developments in hyperspectral profile matching algorithms. In this direction, an attempt has been made to calibrate soil properties to soil reflectance using Multivariate Adaptive Regression Splines (MARS).","ఈ దిశగా, మల్టీవేరియేట్ అడాప్టివ్ రిగ్రెషన్ స్ప్లైన్స్ (ఎంఎఆర్ఎస్)తో మట్టి లక్షణాలను మట్టి ప్రతిబింబించే శక్తిని క్రమాంకనం చేసే ప్రయత్నం చేయబడింది."
"Manual, or visual, classification of remotely sensed data is an effective method of classifying land cover especially when the analyst is familiar with the area being classified. This method uses skills that were originally developed for interpreting aerial photographs. It relies on the interpreter to employ visual cues such as tone, texture, shape, pattern, and relationship to other objects to identify the different land cover classes (figure 2.3), The primary advantage of manual interpretation is its utilization of the brain to identify features in the image and relate them to features on the ground.","వివిధ భూమ్యాచ్ఛాదన వర్గాలను గుర్తించేందుకు వర్ణం, ఉపరితలం, ఆకారం, నిర్మాణక్రమం, మరియు ఇతర వస్తువులతో గల సంబంధం వంటి దృశ్య గమనికలను అవలింబించేందుకు ఇది వ్యాఖ్యాతపై ఆధారపడుతుంది."
Northeast monsoon (NEM) season comprising of the months from October to December is the major rainfall season for Tamilnadu & Puduchery& Karaikkal. The normal rainfall for the subdivision for this period is 44cm. About 45% of the annual rainfall of this subdivision (about 60% for coastal regions) is accounted by the rainfall during this period.,ఈ ఉపవిభాగంలోని వార్షిక వర్షపాతంలో దాదాపు 45% (తీర ప్రాంతాలకు సుమారు 60%) ఈ వ్యవధిలో కురిసే వర్షపాతం ద్వారా వస్తుంది.
"Nutrient imbalance due to non-availability of essential nutrients to plants is also an associated problem. While, salinization is mostly associated with the coastal areas and younger alluvial plains, alkalization happens mostly in inlands and older alluvial plains. Generally, alkalization is associated with waterlogging due to poor permeability of soil by presence of sodium.","లవణీకరణం అనేది తీర ప్రాంతాలకు, కొత్త ఒండ్రు మైదానాలకు సంబంధించినది కాగా, క్షారీకరణ అనేది ఎక్కువమటుకు లోతట్టు ప్రాంతాలు, పాత ఒండ్రు మైదానాలలో జరుగుతుంది."
"One possible impact from climate change is an increase in severity of storms, which would lead to an increase in flash flooding. Adaptation strategies include banning new construction in vulnerable areas with high risk of flooding, minimizing flashy runoff from impervious surfaces, changing the requirements for stormwater retention structures in new developments, and protection of wetlands that buffer runoff from heavy rainstorms Increased temperatures will make urban heat effects more severe. Land use planning should reduce urban heat effects, through maintenance of green areas, use of different building materials.","అనుసరణ విధానాలలో అధిక వరదముప్పు గల ప్రాంతాలపై నూతన నిర్మాణాలను నిషేధించుట, అభేద్య ఉపరితలాల నుండి ఆకస్మిక ప్రవాహాన్ని తగ్గించుట, నూతన నిర్మాణాలలో వరదనీరు నిలుపు నిర్మాణాలు, మరియు ప్రవాహాల వేగాన్ని తగ్గించే సంభావ్యత గల చిత్తడినేలలను భారీ వర్షపాతం నుండి రక్షించుట ఉన్నాయి."
"One possible impact from climate change is an increase in severity of storms, which would lead to an increase in flash flooding. Adaptation strategies include banning new construction in vulnerable areas with high risk of flooding, minimizing flashy runoff from impervious surfaces, changing the requirements for stormwater retention structures in new developments, and protection of wetlands that buffer runoff from heavy rainstorms Increased temperatures will make urban heat effects more severe. Land use planning should reduce urban heat effects, through maintenance of green areas, use of different building materials.","భూ వినియోగ ప్రణాళిక అనేది హరిత ప్రాంతాల నిర్వహణ, వివిధ నిర్మాణ సామాగ్రి వినియోగం ద్వారా పట్టణ తాప ప్రభావాలను తగ్గించాలి."
"PANNA , situated in the Vindhya ranges, along the banks of the River Ken, is a mere 30 km from the world famous temples at Khajuraho. With its deep ravines, cascading waterfalls and thick teak forests, Panna national park is predominantly a plateau, with sprawling flatlands punctuated by hills, deep valleys and gorges. The reserve is renowned for sightings of nilgai, sambar, chital, wild boar, crocodile, leopard, wolf, hyena, jackal, sloth bear and sometimes even tigers.","లోతైన లోయలు, అంచెలంచెలుగా పడే జలపాతాలు, దట్టమైన టేకు అడవులు గల పన్నా జాతీయ ఉద్యానవనం ప్రధానంగా ఒక పీఠభూమి, అందులో కొండలు, లోతైన లోయలు, కనుమల అంతరాయాలతో విశాలమైన చదును భూములు ఉంటాయి."
"Remote sensing techniques for monitoring water quality depend on the ability to measure these changes in the spectral signature backscattered from water and relate these measured changes by empirical or analytical models to water quality parameters. Major factors affecting water quality are suspended sediments, algae, chemicals, dissolved organic matter (DOM), thermal releases, aquatic vascular plants, pathogens, and oils. Some of these parameters like suspended sediments, algae, DOM, oils, aquatic vascular plants, and thermal releases directly influence the energy spectra and hence can be measured by remote sensing techniques (table 6.3).","నీటి నాణ్యతను ప్రభావితం చేసే ప్రధాన అంశాలు ఏమిటంటే, వేలాడే అవక్షేపాలు, శైవలాలు, రసాయనాలు, కరిగిన సేంద్రీయ పదార్థం (డిఓఎం), ఉష్ణ విడుదలలు, జల వాహక కణజాలం గల మొక్కలు, వ్యాధి కారకాలు మరియు నూనెలు."
"Remote sensing techniques for monitoring water quality depend on the ability to measure these changes in the spectral signature backscattered from water and relate these measured changes by empirical or analytical models to water quality parameters. Major factors affecting water quality are suspended sediments, algae, chemicals, dissolved organic matter (DOM), thermal releases, aquatic vascular plants, pathogens, and oils. Some of these parameters like suspended sediments, algae, DOM, oils, aquatic vascular plants, and thermal releases directly influence the energy spectra and hence can be measured by remote sensing techniques (table 6.3).","నిలిచిపోయిన అవక్షేపాలు, నీటి పాచి, కరిగిన సేంద్రియ పదార్థము(డీఓఎం), చమురులు, నీటిమొక్కలు, థార్మిక విడుదలల వంటి కొన్ని ప్రమాణాలు విద్యుత్ విచ్ఛిన్నకిరణాలను ప్రత్యక్షంగా ప్రభావితం చేస్తాయి, అందువల్ల సుదూర గ్రహణ సాంకేతిక ప్రక్రియ ద్వారా కొలవవచ్చు."
"Removing plant residues also reduces soil organic matter content. Removal of topsoil while mining for precious metals and affecting its surrounding agricultural fields is another dimension of land degradation. Hence, the top fertile soil is almost permanently lost, if properly not conserved.","విలువైన లోహాల కోసం తవ్వేటప్పుడు వ్యవసాయానికి అనువైన నేలను తొలగించబడి, చుట్టుపక్కల వ్యవసాయ పొలాలు ప్రభావితం ఆవడం అనేది భూమి క్షీణత తాలూకు మరొక కోణం."
"Removing plant residues also reduces soil organic matter content. Removal of topsoil while mining for precious metals and affecting its surrounding agricultural fields is another dimension of land degradation. Hence, the top fertile soil is almost permanently lost, if properly not conserved.",మొక్కల అవశేషాలను తొలగిస్తే కూడా నేలలో ఉండే సేంద్రీయ పదార్థం తగ్గుతుంది.
Salinization and alkalization are problems of semiarid and arid areas. They could be of natural or manmade. This is a major problem resulting in the desiccation of plants due to high osmotic potential exerted on plant because of high concentration of salts.,"లవణీకరణ, క్షారీకరణ అనేవి పాక్షిక మెట్ట ప్రాంతాలు మరియు మెట్ట ప్రాంతాలలో ఉండే సమస్యలు."
"Soil mapping comprises of identification, description and delineation of different kinds of soils based on physiography, climate and vegetation of the area, confirmation through field work and laboratory data and depicting on a standard base map. The different soils observed within an area are put into a limited number of groups. Each group of soils is typified by a pedon or their association.",నేలల ప్రతీ వర్గం ఒక పెడాన్ లేదా వాటి అనుబంధం ద్వారా నిర్వచించబడుతుంది.
"Soil mapping comprises of identification, description and delineation of different kinds of soils based on physiography, climate and vegetation of the area, confirmation through field work and laboratory data and depicting on a standard base map. The different soils observed within an area are put into a limited number of groups. Each group of soils is typified by a pedon or their association.","మృత్తికా లక్షణచిత్రణంలో భౌతికశాస్త్రము, వాతావరణము మరియు ఆ ప్రాంతంలోని వృక్ష సంపద ఆధారంగా విభిన్న రకాల మట్టి గుర్తింపు, వివరణ మరియు వర్ణన, క్షేత్రస్థాయి పని మరియు ప్రయోగశాల దత్తాంశము ద్వారా నిర్ధారణ మరియు ప్రామాణిక పటంపై చిత్రీకరణ ఉంటాయి."
"The global climate in future is expected to become more variable. This will increase stress on natural ecosystems. Species that rely on natural, undisturbed habitat will have difficulty surviving droughts and storms, particularly if that habitat exists only in small patches.",ఇది సహజ జీవావరణ వ్యవస్థల మీద ఒత్తిడి పెంచుతుంది.
"The soil is a life supporting system upon which human beings have been dependent from the dawn of the civilization. Therefore, comprehensive information on soil resources, its potential / limitations / capabilities, is required for a variety of purposes such as command area development, soil conservation in catchment areas, sustainable agriculture, watershed management, reclamation of degraded lands etc. In this context, characterization and mapping of different types of soils, developing rational / scientific criteria for land evaluation and interpretation of soils for multifarious land uses attains greater importance.","కాబట్టి, భూ వనరులు మరియు వాటి సామర్థ్యం/పరిమితులు/సమర్థతల గురించిన సమగ్ర సమాచారం అనేది ఆ ప్రాంత అభివృద్ధి, పరీవాహక ప్రాంతాలలో నేల సంరక్షణ, సుస్థిర వ్యవసాయం, పరీవాహక నిర్వహణ, క్షీణించిన భూముల పునరుద్ధరణ మొదలగునటువంటి వివిధ ప్రయోజనాల నిమిత్తం అవసరమవుతుంది."
"The strengths and weaknesses of seven broad, partly overlapping, categories of models: mathematical equation- based, system dynamics, statistical, expert system, evolutionary, cellular, and hybrid are discussed for comparison. This review is not exhaustive and only serves to highlight ways in which present techniques are complemented by those models that combine cellular and agent-based models. More comprehencive overview of LUCC Modeling techniques is given by Agarwal, 2000.","ఈ సమీక్ష సమగ్రమైనది కాదు, ఇది సెల్యూలర్ మరియు ఏజెంట్-ఆధారిత నమూనాలను మిళితం చేసే నమూనాల ద్వారా ప్రస్తుత సాంకేతిక ప్రక్రియలను భర్తీ చేసే మార్గాలను ప్రముఖంగా చూపడానికి మాత్రమే ఉపయోగబడుతుంది."
The technique used in manual interpretation is fairly simple. The analyst views the image on either a computer screen or a hardcopy printout and then draws a polygon around areas that are identified as a particular land cover type. If the land cover delineations are done on a computer screen the land cover map is created during the delineation process.,"భూమ్యాచ్ఛాదన వర్ణనలు కంప్యూటర్ స్క్రీన్ మీద చేస్తే, వర్ణన ప్రక్రియ సమయంలో భూమ్యాచ్ఛాదన పటం తయారవుతుంది."
The technique used in manual interpretation is fairly simple. The analyst views the image on either a computer screen or a hardcopy printout and then draws a polygon around areas that are identified as a particular land cover type. If the land cover delineations are done on a computer screen the land cover map is created during the delineation process.,"విశ్లేషకులు చిత్రాన్ని కంప్యూటర్ తెరపై గాని లేదా హార్డ్-కాపీ ప్రింటౌట్ మీద గాని చూసి, ఒక నిర్దిష్ట భూ-ఆచ్ఛాదన రకంగా గుర్తించబడిన ప్రాంతాల చుట్టూ ఒక బహుభుజిని గీస్తారు."
The thermosphere is located above the mesosphere. The temperature in the thermosphere generally increases with altitude reaching 600 to 3000 F (600-2000 K) depending on solar activity. This increase in temperature is due to the absorption of intense solar radiation by the limited amount of remaining molecular oxygen.,పరిమిత మొత్తంలో గల మిగిలిన పరమాణు ఆక్సిజన్ తీవ్రమైన సౌర వికిరణాన్ని గ్రహించడం వలన ఉష్ణోగ్రతలో ఈ పెరుగుదల ఏర్పడుతుంది.
The troposphere is the atmospheric layer closest to the planet and contains the largest percentage (around 80%) of the mass of the total atmosphere. Temperature and water vapor content in the troposphere decrease rapidly with altitude. Water vapor plays a major role in regulating air temperature because it absorbs solar energy and thermal radiation from the planets surface.,"ట్రోపో ఆవరణలోని ఉష్ణోగ్రత, నీటి ఆవిరి పరిమాణం అనేవి ఎత్తుతో వేగంగా తగ్గిపోతాయి."
The troposphere is the atmospheric layer closest to the planet and contains the largest percentage (around 80%) of the mass of the total atmosphere. Temperature and water vapor content in the troposphere decrease rapidly with altitude. Water vapor plays a major role in regulating air temperature because it absorbs solar energy and thermal radiation from the planets surface.,గాలి ఉష్ణోగ్రతను నియంత్రించడంలో నీటి ఆవిరి ప్రధాన భూమిక పోషిస్తుంది ఎందుకంటే అది భూ ఉపరితలం నుండి సౌర శక్తిని మరియు ఉష్ణతాప వికిరణాన్ని గ్రహిస్తుంది.
"The water balance is useful for predicting some of human impacts on the hydrologic cycle. Many models are available for computing runoff or water balance in a watershed. SCS curve number method, Soil Moisture Accounting Model, Green Ampt Model, Thornthwaite and Mather model, etc., are very popular models used for computing runoff.",ఈ నీటి సమతుల్యత అనేది జలపరిణామచక్రం మీద మానవ ప్రభావాలలో కొన్నింటిని అంచనా వేయడానికి ఉపయోగపడుతుంది.
"Then it increases gradually up to the stratopause. Because the air temperature in the stratosphere increases with altitude, it does not cause convection and has a stabilizing effect on atmospheric conditions in the region. Ozone plays the major role in regulating the thermal regime of the stratosphere, as water vapor content within the layer is very low.",అది ఆపై స్ట్రాటోపాజ్ వరకు క్రమంగా పెరుగుతుంది.
"These are the areas under perpetual snow covered areas in Himalayan region. It degrades an area by two processes namely frost heaving and frost shattering. Frost heaving is defined as a process in glacial and periglacial environment where intense frost action and freezing of water evolves peculiar forms of rock, regolith and soil.","మంచు భారీగా పైకి లేచుట, మంచు పగులుట అనే రెండు ప్రక్రియల ద్వారా ఇది ఒక ప్రాంతాన్ని క్షీణింప చేస్తుంది."
"Understanding the spectral reflectance properties of soils is fundamental to many applications of remote sensing in soils. The soil reflectance data can be acquired in the laboratory or in the field and from air / space. In the laboratory the soil reflectance measurements are made under controlled conditions, which may enable to understand the relationship between the physical and chemical properties of soil and soil reflectance.","నేల పరావర్తన సమాచారాన్ని ప్రయోగశాలలో లేదా ఆరుబయట భూమిలో పొందవచ్చు, ఇంకా గాలి/వాతావరణం నుండి పొందవచ్చు."
"manasissituatedalongthefoothillsofhimalayasinthenortheasternstateofassam.manasnationalparkisastunningpristinewildlifehabitat,withspectacularlandscapes.aworldheritagesite,manasnationalparkisatiger,elephantandbiospherereserve.",మానస్ ఈశాన్య రాష్ట్రమైన అస్సాంలో హిమాలయ పర్వతపాదాల వెంబడి ఉంది.
"Although this policy cycle diagram is simplistic, it helps to illustrate that health reporting targets the strategic and tactical levels of policy. A lot of theories are available as to how evidence (such as a health report) affects policy-making. In the political environment, however, other influences also shape decision-making, including cultures, beliefs, societal interests and competition between parties.","రాజకీయ పరిస్థితుల్లో, అయితే, సంస్కృతులు, విశ్వాసాలు, సామాజిక ప్రయోజనాలు మరియు పార్టీల మధ్య పోటీ వంటి ఇతర శక్తులు కూడా నిర్ణయం తీసుకోవడాన్ని ప్రభావితం చేస్తాయి."
"As per the limit set by the rule, not more than one such matter is raised at the same sitting. In case, there are more than one matter scheduled for the same day, the Chairman decides priority on the basis of the urgency and importance of the matter. Normally, Calling Attention is taken up after the completion of the Question Hour and the laying of papers on the Table of the House and before any other item in the List of Business is taken up.","సాధారణంగా, కాలింగ్ అటెన్షన్ అనేది ప్రశ్నోత్తరాల సమయం పూర్తయి, టేబుల్ ఆఫ్ ది హౌస్ మీద పత్రాలను ఉంచిన తరువాత, మరియు లిస్ట్ ఆఫ్ బిజినెస్ లో వేరే ఏ అంశం తీసుకోనబడక ముందు తీసుకోబడుతుంది."
"Friends, this pandemic has not yet come to an end. More dreadful variants of this virus are expected in coming days. Hence, we have to be ready for collective action and mutual cooperation to combat the pandemic and mobilise resources for a humanitarian response based on multilateralism.","కాబట్టి, ఈ మహమ్మారితో పోరాటానికి, మరియు బహుపాక్షికత ఆధారంగా మానవతావాద ప్రతిస్పందనకు వనరులను సమీకరించేందుకు, మనం సమిష్టిగా పనిచేయడానికి, పరస్పరం సహకరించుకోవడానికి సిద్ధంగా ఉండాలి."
"In 2017, the Government developed and approved its National Antimicrobial Resistance Surveil- lance Plan for laboratory-based antimicrobial resistance surveillance. The plan establishes a national surveillance network capable of detecting priority antimicrobial resistance pathogens, analysing and reporting data, characterizing resistance and generating evidence to inform the implementa- tion of targeted prevention and control programmes. It is now (20192023) accompanied with an integrated National Antimicrobial Resistance and Residue Surveillance Plan for the animal health care, plant, food safety and environment sectors.","ఇప్పుడు (2019-2023) జంతువుల ఆరోగ్య సంరక్షణ, మొక్కల, ఆహార భద్రత మరియు పర్యావరణ విభాగాల కొరకు ఏర్పడిన సమగ్ర నేషనల్ యాంటీమైక్రోబయల్ రెసిస్టెన్స్ అండ్ రెసిడ్యూ సర్వీయలెన్స్ ప్లాన్ అనేది దానికి తోడయింది."
"In the past, surcharges on direct taxes have generally been levied to meet the revenue needs arising from natural calamities. The Government has set up the National Calamity Contingency Fund to build up resources to meet emergency situations. As a corollary, surcharge on direct taxes should be removed.","గతంలో, ప్రకృతి వైపరీత్యాల వల్ల ఎదురయ్యే ఆదాయ అవసరాలను ఎదుర్కొనేందుకు సామాన్యంగా ప్రత్యక్ష పన్నులపై అదనపు సుంకాలు విధించబడేవి."
"India became a signatory to the United Nations Convention on Biological Diversity, 1992 in May 1994, and the Nagoya Protocol on Access to Genetic Resources and the Fair and Equitable Sharing of Benefi ts Arising from their Utilization 2010 in October 2014. India adopted the Biological Diversity Act 2002 (BD Act) to enforce steps to protect biodiversity as per the international standards. Furthermore, the Clean Development Mechanism (CDM) initiated in the Kyoto Protocol helped India position better towards climate change.","యునైటెడ్ నేషన్స్ కన్వెన్షన్ ఆన్ బయోలాజికల్ డైవర్సిటీ 1992 కి మే 1994 లో, మరియు నాగోయ ప్రోటోకాల్ అన్ యాక్సిస్ టు జెనెటిక్ రిసోర్సెస్ అండ్ ది ఫెయిర్ అండ్ ఈక్విటబుల్ షేరింగ్ ఆఫ్ బెనెఫిట్స్ ఆరైజింగ్ ఫ్రమ్ దేర్ యూటిలైజేషన్ 2010కి అక్టోబర్ 2014 లో భారత్ సంతకందారు అయింది."
"Indias support is guided by the needs and priorities of the Government and the people of Afghanistan; activities are undertaken in partnership with the Afghan government; and projects are spread across Afghanistan in wide range of areas. Both sides are on the pathway of an ambitious and forward looking next generation New Development Partnership. In September 2017, India hosted the India-Afghanistan Trade and Investment Show in New Delhi.","భారత్ ఇస్తున్న మద్దత్తుకు మార్గదర్శకాలు ఆఫ్ఘనిస్తాన్ ప్రభుత్వం మరియు ప్రజల అవసరాలు మరియు ప్రాధాన్యతలు ; ఆఫ్ఘనిస్తాన్ ప్రభుత్వ భాగస్వామ్యంతో కార్యకలాపాలు చేపట్టబడుతున్నాయి, అలాగే ఆఫ్ఘనిస్తాన్ అంతటా ఎన్నోప్రాంతాలలో ప్రాజెక్టులు వ్యాపించి ఉన్నాయి."
"It is important to recognise that, with almost three-quarters of our oil consumption met through imports, domestic prices of petrol and diesel have to be broadly in sync with global prices of these items. Government will set up an expert group to advise on a viable and sustainable system of pricing petroleum products. Details will be announced by my colleague, the Minister of Petroleum and Natural Gas.","వివరాలను నా సహోద్యోగి, పెట్రోలియం మరియు సహజవాయువు శాఖా మంత్రి ప్రకటిస్తారు."
"It is important to recognise that, with almost three-quarters of our oil consumption met through imports, domestic prices of petrol and diesel have to be broadly in sync with global prices of these items. Government will set up an expert group to advise on a viable and sustainable system of pricing petroleum products. Details will be announced by my colleague, the Minister of Petroleum and Natural Gas.",పెట్రోలియం ఉత్పత్తుల ధరలు నిర్ణయించడానికి అనుకూలమైన మరియు నిర్వహణీయ విధానంపై సలహా ఇచ్చేందుకు ప్రభుత్వం ఒక నిపుణుల బృందాన్ని ఏర్పాటు చేస్తుంది.
"It is widely acknowledged that the National Rural Employment Guarantee Act (NREGA) first implemented in February 2006, has been a magnificent success. During 2008-09, NREGA provided employment opportunities for more than 4.47 crore households as against 3.39 crore households covered in 2007-08. We are committed to providing a real wage of Rs. 100 a day as an entitlement under the NREGA.","నరేగా 2007-08 లో ఆదుకున్న 3.39 కోట్ల కుటుంబాలకు బదులుగా, 2008-09 లో, 4.47 కోట్లకు పైగా కుటుంబాలకు ఉపాధి అవకాశాలు కల్పించింది."
"It is widely acknowledged that the National Rural Employment Guarantee Act (NREGA) first implemented in February 2006, has been a magnificent success. During 2008-09, NREGA provided employment opportunities for more than 4.47 crore households as against 3.39 crore households covered in 2007-08. We are committed to providing a real wage of Rs. 100 a day as an entitlement under the NREGA.",2006 ఫిబ్రవరిలో మొదటిసారిగా అమలు చేయబడిన జాతీయ గ్రామీణ ఉపాధి హామీ చట్టం (ఎన్ఆర్ఈజీఏ) అద్భుతమైన విజయం సాధించిందని విస్తృతంగా అంగీకరించబడింది.
"It is widely acknowledged that the National Rural Employment Guarantee Act (NREGA) first implemented in February 2006, has been a magnificent success. During 2008-09, NREGA provided employment opportunities for more than 4.47 crore households as against 3.39 crore households covered in 2007-08. We are committed to providing a real wage of Rs. 100 a day as an entitlement under the NREGA.",జాతీయ గ్రామీణ ఉపాధి హామీ చట్టం (ఎన్ఆర్ఈజీఏ)క్రింద హక్కుగా రోజుకి రూ. 100 నిజ వేతనం అందించేందుకు మేము కట్టుబడి ఉన్నాం.
"Madam Speaker, Honourable Members are aware that global prices of oil and petroleum products had shot up to unprecedented levels in 2008-09. Most oil importing countries, including our neighbours, adjusted their domestic prices to reflect these global changes. Though prices have declined since then, they are already about double of the lows reached in the wake of the global financial crisis.","అప్పటి నుండి ధరలు పతనమైన ప్పటికీ, ప్రపంచ ఆర్థిక సంక్షోభం నేపథ్యంలో చేరిన అల్పాలకు అవి ఇప్పటికే సుమారు రెండింతలు అయ్యున్నాయి."
"Madam Speaker, the Government is committed to ensure that Sri Lankan Tamils enjoy their rights and legitimate aspirations within the territorial sovereignty and framework of Sri Lankas Constitution. The Ministry of External Affairs is working closely with the Sri Lankan Government in this regard. I propose to allocate Rs. 500 crore for the rehabilitation of the internally displaced persons and reconstruction of the northern and eastern areas of Sri Lanka.","స్థానికంగా స్థానభ్రంశం జరిగిన వ్యక్తుల పునరావాసానికి మరియు శ్రీలంకలో ఉత్తర, తూర్పు ప్రాంతాల పునర్నిర్మాణానికై రూ. 500 కోట్లు కేటాయించాలని నేను ప్రతిపాదిస్తున్నాను."
"Marketplaces are a low-risk approach to start selling to US customers. However, while marketplaces allow you to grow sales, they do not enable you to grow a sustainable business and create your own marketable brand. Once you have established a first presence in the US, it makes sense to launch a light version of a local branded online store and focus on service and reputation building, before providing a fully functional US website, mobile experience and implementing a more aggressive and riskier marketing strategy in order to acquire new customers.","మీరు యుఎస్ లో తొలిసారిగా ప్రవేశించాక, కొత్త వినియోగదారులను సంపాదించేందుకు పూర్తి స్థాయి యు. ఎస్. వెబ్సైటు మరియు మొబైల్ వినియోగాన్ని అందించి మరింత తీవ్రతర మరియు ప్రమాదంతో కూడిన మార్కెటింగ్ ప్రణాళికని అవలంబించే ముందు, స్థానిక బ్రాండ్ ఆన్లైన్ స్టోర్ యొక్క చిన్నపాటి రూపాంతరణం ప్రారంభించి, సేవ చేయటం మరియు పరపతి పెంపొందించుకోవడంపై దృష్టి పెట్టడం అర్ధవంతంగా ఉంటుంది."
"Media is the most potent tool that connects the Parliament with its people. Given the sophistication and transformation brought in by the technological advancements that has further widened its reach, media has acquired a distinctive character of moulding public opinion today. In a vigilant society with growing population such as ours, it is but imperative that the institution of Parliament has its own independent channel to disseminate authentic information to its constituents.","సాంకేతిక పురోగతి తీసుకువచ్చిన నవీకరణ మరియు పరివర్తనతో తమ పరిధులను విస్తరించుకున్న మీడియా, నేడు ప్రజాభిప్రాయాన్ని రూపుదిద్దే ప్రత్యేక లక్షణాన్ని సంతరించుకున్నది."
"Minimum Alternate Tax (MAT) was introduced to address inequity in taxation of corporate taxpayers. In the quest for greater equity, I propose to increase the rate of MAT to 15 per cent of book profits from the present rate of 10 per cent. However, to grant relief to corporate taxpayers, I also propose to extend the period allowed to carry forward the tax credit under MAT from seven years to ten years.","అధిక వాటా విలువ అన్వేషణలో, ప్రస్తుతమున్న10 శాతం మ్యాట్ రేటుని ఖాతా లాభాలలో 15 శాతానికి పెంచాలని నేను ప్రతిపాదిస్తున్నాను."
"Nearly 80,000 appointments are being released to enable the applicants to get appointments at the Passport Kendras with ease. Securing online appointments for submission of passport applications at Passport Kendras has been simplified. The current provision is allowing applicants to choose any appointment date from the earliest five available dates (working days) for scheduling/rescheduling an appointment for passport related services.",పాస్‌పోర్ట్ కేంద్రాలలో పాస్‌పోర్ట్ దరఖాస్తుల సమర్పణకు ఆన్‌లైన్ అపాయింట్మెంట్లను పొందడం సరళతరం చేయబడింది.
"Our country owes a deep debt of gratitude to our valiant ex-Servicemen. The Committee headed by the Cabinet Secretary on OROP has submitted its report and the recommendations of the Committee have been accepted. On the basis of these recommendations, the Government has decided to substantially improve the pension of pre 1 January 2006 defence pensioners below officer rank (PBOR) and bring pre 10 October 1997 pensioners on par with post 10 October 1997 pensioners.","ఈ సిఫార్సుల ఆధారంగా, ప్రభుత్వం రక్షణ శాఖా ఆఫీసర్ ర్యాంకు క్రింది పింఛనుదారుల (పిబీఓఆర్) 1 జనవరి 2006 కు పూర్వపు పింఛనుని గణనీయంగా పెంచాలని మరియు 10 అక్టోబర్ 1997 కు పూర్వపు పింఛనుదారులను 10 అక్టోబర్ 1997 తరువాతి పింఛనుదారులకు సరిసమానం చేయాలని నిర్ణయించింది."
"Parliaments of all the democratic countries and elected public representatives will play a crucial role in all such efforts. In any democratic system, the public representatives connect with the people at the grassroots level and act as a bridge between the people and the government. Hence, on this occasion today, I would like to call upon the Presiding Officers of the Parliaments across the world to play a proactive role in formulating a concrete action plan that puts people at the centre of the response to achieve more equitable and resilient outcomes for all and Parliaments will have to play a constructive role in ensuring its effective implementation.","కాబట్టి, ఈ సందర్భంగా ఈరోజు, అందరికీ మరింత నిష్పాతపక్షమైన మరియు స్థితిస్థాపక పరిణామాలను సాధించి పెట్టేందుకు ప్రతిస్పందనలో ప్రజలను ప్రధానంగా భావించి, నిర్దిష్ట కార్యాచరణను రూపొందించడంలో క్రియాశీల పాత్ర పోషించాలని ప్రపంచవ్యాప్తంగా ఉన్న పార్లమెంటుల సభాధ్యక్షులను, అలాగే సార్ధకంగా దానిని అమలు చేయడంలో శాసనసభలు నిర్మాణాత్మక పాత్ర వహించాలని నేను పిలుపునివ్వదలిచాను."
Rashtriya Swasthya Bima Yojana (RSBY) was operationalised last year. The initial response has been very good. More than 46 lakh BPL families in eighteen States and UTs have been issued biometric smart cards.,పద్దెనిమిది రాష్ట్రాలు మరియు యూటీ లలో బీ పీఎల్ దిగువన ఉన్న 46 లక్షలకు పైగా కుటుంబాలకు బయోమెట్రిక్ స్మార్ట్ కార్డులు జారీ చేయబడినవి.
"Since 1989, various steps have been taken towards this end. Live telecast of proceedings started in 1994. Two satellite TV Channels - Lok Sabha Television (LSTV) and Rajya Sabha Television (RSTV) were launched in 2004.",కార్యకలాపాల ప్రత్యక్ష ప్రసారం1994లో ప్రారంభమయ్యింది.
"So as to bring about economy, efficiency and effectiveness, the Presiding Officers of both the Houses of Parliament - the Vice- President of India and Chairman of Rajya Sabha and the Speaker of Lok Sabha - agreed to merge the two Channels. Commemorating the International Day of Democracy on 15 September 2021, the Sansad TV has been launched in the august presence of the Vice-President of India, Shri M. Venkaiah Naidu, the Prime Minister of India, Shri Narendra Modi and Speaker, Lok Sabha, Shri Om Birla at the Parliament House Annexe in New Delhi.","2021 సెప్టెంబర్ 15 న అంతర్జాతీయ ప్రజాస్వామ్య దినోత్సవ సంస్మరణార్ధం, న్యూ ఢిల్లీలోని పార్లమెంట్ భవన అనెక్స్ లో భారత ఉపరాష్ట్రపతి శ్రీ వెంకయ్య నాయుడు, భారత ప్రధాని శ్రీ నరేంద్ర మోడి, లోక్ సభ స్పీకరు శ్రీ ఓమ్ బిర్లాల భవ్య సమక్షంలో సంసద్ టీవీ ప్రారంభించబడ్డది."
"So as to bring about economy, efficiency and effectiveness, the Presiding Officers of both the Houses of Parliament - the Vice- President of India and Chairman of Rajya Sabha and the Speaker of Lok Sabha - agreed to merge the two Channels. Commemorating the International Day of Democracy on 15 September 2021, the Sansad TV has been launched in the august presence of the Vice-President of India, Shri M. Venkaiah Naidu, the Prime Minister of India, Shri Narendra Modi and Speaker, Lok Sabha, Shri Om Birla at the Parliament House Annexe in New Delhi.","మితవ్యయానికి, సమర్థత మరియు ప్రభావశీలతను తీసుకురావడానికి గాను, పార్లమెంట్ ఉభయ సభల ప్రిసైడింగ్ అధికారులైన భారత ఉపరాష్ట్రపతి, రాజ్యసభ చైర్మన్ మరియు లోక్ సభ స్పీకర్‌లు రెండు ఛానళ్లను విలీనం చేయడానికి అంగీకరించారు."
"The Business Advisory Committee allots time for discussing the Motion of Thanks and the time is proportionately allotted to various political parties according to their strength in the House. The Leaders of the Parties give the list of speakers to the Secretary-General in respect of their Parties and a record is maintained during the discussion of the time taken by each speaker. Generally, three days are allotted for the discussion.","సాధారణంగా,ఈ చర్చకు మూడు రోజులు కేటాయించబడతాయి."
"The Ministry of External Affairs has the responsibility for issuing Passports to Indian citizens. It also renews Passports to those living abroad, while rendering other Consular services that are required for their livelihood and education. Since 2014, it has been the Modi Governments priority to make it easier for the average Indian to obtain and renew Passports, both at home and abroad.","2014 నుండి, సగటు భారతీయుడు స్వదేశ, విదేశాలు రెండింటిలో పాస్‌పోర్ట్‌లను పొందడం మరియు పునరుద్ధరించుకోవడాన్ని సులభతరం చేయడం మోడీ ప్రభుత్వం యొక్క ప్రాధాన్యతగా ఉంది."
"The appraisal program under NSP was planned to cover onland basins. However, in next campaign, offshore basins (East Coast, West Coast and Andaman) upto EEZ boundaries are being taken up. Till February 2022, total 22,555 LKM 2D Broadband seismic data in Andaman offshore has been acquired.","అయినప్పటికీ, తదుపరి కార్యక్రమంలో, తీరం నుండి కొద్ది దూరంలో పరీవాహక ప్రాంతాలు (తూర్పు, పశ్చిమ తీరాలు మరియు అండమాన్) ఈ. ఈ. జెడ్. సరిహద్దుల వరకు చేపట్టబడుతున్నాయి."
"The appraisal program under NSP was planned to cover onland basins. However, in next campaign, offshore basins (East Coast, West Coast and Andaman) upto EEZ boundaries are being taken up. Till February 2022, total 22,555 LKM 2D Broadband seismic data in Andaman offshore has been acquired.",ఎన్. ఎస్. పి. క్రింద మూల్యాంకన కార్యక్రమం లోతట్టు నదీ పరీవాహక ప్రాంతాలను కూడి ఉండేలా ప్రణాళిక చేయబడ్డది.
"The appraisal program under NSP was planned to cover onland basins. However, in next campaign, offshore basins (East Coast, West Coast and Andaman) upto EEZ boundaries are being taken up. Till February 2022, total 22,555 LKM 2D Broadband seismic data in Andaman offshore has been acquired.","2022 ఫిబ్రవరి వరకు, అండమాన్ తీరప్రాంతంలోని మొత్తం 22,555 ఎల్‌కెఎం 2డి బ్రాడ్‌బ్యాండ్ భూకంప సంబంధిత సమాచారం పొందబడింది."
"The first challenge is to lead the economy back to the high GDP growth rate of 9 per cent per annum at the earliest. Growth of income is important in itself, but it is as important for the resources that it brings in. These resources provide us with the means to bridge the critical gaps that remain in our development efforts, particularly with regard to the welfare of the vulnerable segments of our population.","ఈ వనరులు మన అభివృద్ధి ప్రయత్నాలలో మిగిలిపోయే కీలక అంతరాలను భర్తీ చేయడానికి మార్గాలను అందిస్తాయి, ముఖ్యంగా మన జనాభాలో బలహీన వర్గాల సంక్షేమానికి సంబంధించినవి."
"The low level of female literacy continues to be a matter of grave concern. It has, therefore, been decided to launch a National Mission for Female Literacy, with focus on minorities, SCs, STs and other marginalised groups. The aim will be to reduce by half, the current level of female illiteracy, in three years.",దీని లక్ష్యం ఏమిటంటే మూడేళ్లలో ప్రస్తుత మహిళా నిరక్షరాస్యత స్థాయిని సగానికి తగ్గించడం.
"The population of Hyderabad was over 85 per cent Hindu. But the civil services, the police and the army were the close preserve of the Muslims. Even in the Legislative Assembly, which the Nizam set up in 1946, the Muslims had a majority of 10 over the Hindus in a House of 132.","కాని సివిల్ సర్వీసెస్, పోలీసులు మరియు సైన్యం ముస్లింల సన్నిహిత సంరక్షణలో ఉండినవి."
"The process of sending prior information on appointments through an SMS and email to the applicant has also been introduced. Electronic Token Issuance upon arrival and an electronic Exit Letter after completion of service at the PSK has enabled in providing paperless service, protecting the environment and promoting the green initiatives of Digital India. Such seamless process has helped in increasing the speed of service delivery and reduced public grievances.","ఆగమనం వెంటనే ఎలక్ట్రానిక్ టోకెన్‌ జారీ మరియు సేవను పూర్తి చేసాక పిఎస్‌కె వద్ద ఒక ఎలక్ట్రానిక్ ఎగ్జిట్ లెటర్‌ను జారీ చేయడం అనేది కాగిత-రహిత సేవను అందించడం, పర్యావరణాన్ని రక్షించడం మరియు డిజిటల్ ఇండియా తాలూకు హరిత కార్యక్రమాలను ప్రోత్సహించడాన్ని సాధ్యం చేసింది."
"The process of sending prior information on appointments through an SMS and email to the applicant has also been introduced. Electronic Token Issuance upon arrival and an electronic Exit Letter after completion of service at the PSK has enabled in providing paperless service, protecting the environment and promoting the green initiatives of Digital India. Such seamless process has helped in increasing the speed of service delivery and reduced public grievances.","ఇలాంటి నిరంతరాయ ప్రక్రియ సేవా పంపిణీ వేగాన్ని పెంచడంలో సహాయపడి, ప్రజా ఫిర్యాదులను తగ్గించింది."
"There is no requirement under the rules to consult the Leader of the House or the Minister concerned in this regard. However, as per the prevailing pratice, the Chairman may consult the Business Advisory Committee or the Minister of Parliamentary Affairs. It is quite possible that a matter for Calling Attention may not be taken up in the Rajya Sabha even if such a matter has been permitted in the Lok Sabha.",నియమాల ప్రకారం ఈ విషయంలో సభా నాయకుడిని లేదా తత్సంబంధిత మంత్రిని సంప్రదించాల్సిన అవసరం లేదు.
"To bring the fiscal deficit under control, we have to initiate institutional reform measures during the current year itself. This is essential for maintaining a stable balance of payments, moderate interest rates and steady flow of external capital for corporate investment. These measures have to encompass all aspects of the Budget such as subsidies, taxes, expenditure and disinvestment.","ఈ చర్యలు రాయితీలు, పన్నులు, ఖర్చులు మరియు పెట్టుబడుల ఉపసంహరణ వంటి బడ్జెట్ యొక్క అంశాలన్నిటినీ కలుపుకోవాల్సి ఉంటుంది."
"To bring the fiscal deficit under control, we have to initiate institutional reform measures during the current year itself. This is essential for maintaining a stable balance of payments, moderate interest rates and steady flow of external capital for corporate investment. These measures have to encompass all aspects of the Budget such as subsidies, taxes, expenditure and disinvestment.","చెల్లింపుల ఖాతాను స్థిరపరచటానికి, మధ్యస్థ వడ్డీ శాతాలను మరియు కార్పొరేట్ పెట్టుబడుల కోసం బాహ్య మూలధనపు స్థిరమైన ప్రవాహాన్ని కొనసాగించడానికి ఇది చాలా అవసరం."
"US shoppers are avid cross-border shoppers. About 50% of them prefer to shop online rather than in a store and this proportion is even higher for Generation X and Y shoppers. On top of that, US shoppers are happy to spend their money abroad with the UK being their favoured destination (49%) followed by China (39%), Canada (34%), Hong Kong (20%) and Australia (18%).","అంతకు మించి, యుఎస్ కొనుగోలుదారులు తమ డబ్బుని విదేశాల్లో ఖర్చు చేయటానికి ఇష్టపడతారు, వారి అభిమాన గమ్యస్థానమైన యుకే లో (49%), ఆ తరువాత చైనాలో (39%), కెనడాలో (34%), హాంగ్ కాంగ్లో (20%) మరియు ఆస్ట్రేలియాలో (18%)."
"Under the MoP’s direction, states have nominated State Nodal Agencies (SNAs) to govern the implementation of public charging. State Nodal Agencies (SNAs) are mandated to select implementing agencies to install, operate and maintain public charging stations and battery swapping/charging facilities in the state. Unless otherwise specified by the state, state electricity distribution companies (DISCOMs) are the SNAs by default.","సార్వజనిక ఛార్జింగ్ స్టేషన్లు మరియు బ్యాటరీను మార్పిడి చేసుకునే/ఛార్జింగ్ చేసుకునే సదుపాయాలను నెలకొల్పి, నడిపి, కొనసాగించే నిర్వహణా ఏజన్సీలను స్టేట్ నోడల్ ఏజన్సీస్ (ఎస్ ఎన్ ఏలు) తప్పనిసరిగా ఎంచుకోవాల్సి ఉంటుంది."
"thefinancialsectoristhelifebloodofanyeconomy.ourgovernment'ssapproachtothebankingandfinancialsectorhasbeentoensurerobustoversightandregulationwhileexpandingfinancialaccessanddeepeningmarkets.themeritofthisbalancedapproachhasbeenborneoutintherecentexperience,astheturbulenceintheworldfinancialmarketshaslefttheindianbankingandfinancialsectorrelativelyunaffected.",బ్యాంకింగ్ మరియు ఆర్థిక రంగాల పట్ల మన ప్రభుత్వాల విధానం ఆర్థిక సౌలభ్యత మరియు విపణులను వృద్ధిపరిచే క్రమంలో ధృడమైన పర్యవేక్షణ మరియు వ్యవస్థీకరణలకు హామీ ఇచ్చేదిగా ఉంది.
"Although age related events of growth, development and maturation in human beings are mostly the same in all cultures, however, some variations do exist. This is because growth is affected by both genetic and the environmental factors. Growth is also influenced by the sociocultural context.",ఇందుకు కారణం ఎదుగుదల జన్యుపర మరియు పర్యావరణ కారకాలు రెండిటిచే ప్రభావితమవడం.
"Antimicrobial resistance costs lives and money and threatens our ability to treat infections in humans and animals. Drug resistance has become a global public health crisis. Because of its effect on food production, economy and security, antimi- crobial resistance is also considered a threat to health, national security and the economy.","ఆహార ఉత్పత్తి, ఆర్థికవ్యవస్థ మరియు భద్రతలపై దీని ప్రభావం వలన, సూక్ష్మజీవనాశక అవరోధాన్ని ఆరోగ్యం, జాతీయ భద్రత మరియు ఆర్ధికవ్యవస్థకు అపాయంగా పరిగణించబడుతోంది."
"Ayurveda literally means Science of Life. Ayurveda is evolved from the various Vedic hymns rooted in the fundamental philosophies about life, disease and health. The Charak Samhita and Sushruta Samhita developed around 2500 BC are the main treatises of Ayurveda fully available today.","సుమారు క్రీ పూ 2500 ప్రాంతంలో అభివృద్ధి చెందిన చరక సంహిత మరియు సుశ్రుత సంహిత, ఈ రోజుకీ పూర్తిగా అందుబాటులో ఉన్న ఆయుర్వేద గ్రంథాలు."
"Cardio-respiratory endurance reflects the ability of the bodys circulatory and respiratory systems to supply fuel during sustained physical activity. To improve your cardio-respiratory endurance, try activities that keep your heart rate elevated at a safe level for a sustained length of time such as walking, running, jogging, swimming, bicycling etc. The activity you choose need not be strenuous enough to improve your cardio-respiratory endurance.",గుండె ఊపిరితిత్తుల క్షమత నిరంతరంగా శారీరక శ్రమ చేసే సమయంలో శరీరంలోని రక్తప్రసరణమండల మరియు శ్వాసమండలాల శక్తిని సరఫరా చేయగల సామర్థ్యాన్ని ప్రతిబింబిస్తుంది.
"During the exit interviews with patients at the facilities, the prescriptions were noted or photocopied, and an analysis of these prescriptions was undertaken during the analysis phase. The prescriptions were available for 13 out of 18 districts (states) of Homeopathy, Ayurveda, Siddha, and of Unani systems, as per the availability of AYUSH doctors. The remaining 5 districts had unclear prescriptions mentioning use of AYUSH medicines without their names, e.g., Haryana, Andhra Pradesh, Assam and Jharkhand, because of the methodological error in recording them by the investigators of these states.","ఆయుష్ వైద్యుల లభ్యత ప్రకారం హోమియోపతి, ఆయుర్వేదం, సిద్ధ, యునానీ విధానాలు గల 18 జిల్లాల(రాష్ట్రాల)లో 13టికి ఔషధపత్రాలు అందుబాటులో ఉన్నాయి."
"Fourteen years old Suleman and George were very good friends who also shared their birth date. Sulemans parents were quite tall. While Suleman was 5 feet 6 inches tall, George was only 4 feet 9 inches.",సులేమాన్ తలిదండ్రులు చాలా పొడగరులు.
"From the analysis of 202 responses, it is evident that all the respondents were aware of basic principles and strengths of Ayurveda. They also opined that, integration is useful to strengthen the overall health care delivery in India. Further, they expressed that the communication barrier between practitioners of Ayurveda and Biomedicine, meagre research work with respect to safety and efficacy of Ayurvedic medicines and therapies, inadequate policy initiatives are the important obstacles in realizing functional integration between Ayurveda and Biomedicine.","అదనంగా, ఆయుర్వేద మరియు జీవవైద్య వైద్యుల మధ్య సమాచార అవరోధం, ఆయుర్వేద ఔషధాలు మరియు చికిత్సల భద్రత మరియు సామర్థ్యాలకు సంబంధించిన అతికొద్ది పరిశోధనా పనులు, మరియు సరిపోని విధాన ప్రయత్నాలు ఆయుర్వేద మరియు జీవవైద్యం మధ్య క్రియాశీల అనుసంధానాన్ని సాధించడానికి ముఖ్యమైన అవరోధాలు అని వారు వ్యక్తబరిచారు."
"Given the appreciation and high utilisation of AYUSH services in most states, the unmet felt need must be recognised and catered to. A higher financial allocation needs to be made for the AYUSH services. A mere 3% of the total budget is grossly inadequate and, with the large number of institutions, can only ensure poor quality of services in them.",ఆయుష్ సేవల కోసం హెచ్చుగా ఆర్ధిక కేటాయింపు చేయాల్సిన అవసరం ఉంది.
"Given the appreciation and high utilisation of AYUSH services in most states, the unmet felt need must be recognised and catered to. A higher financial allocation needs to be made for the AYUSH services. A mere 3% of the total budget is grossly inadequate and, with the large number of institutions, can only ensure poor quality of services in them.","పూర్తి బడ్జెట్లో కేవలం 3% ఘోరమైన కొరత కలిగిస్తుంది, మరియు సంస్థలు పెద్ద సంఖ్యలో ఉండటంతో వారికి నాసిరకం సేవలు మాత్రమే అందించగలరు."
"If you dont do anything because a study said not to, that may not be good enough as a defense. The prudent doctor vs. the prudent patient: who decides for whom?","ఒక అధ్యయనంలో చెయ్యొద్దని చెప్పబడింది కాబట్టి మీరు ఏమీ చేయకుండా ఉంటే, అది తగినంత మంచి రక్షణ ఇవ్వకపోవచ్చు."
"If you dont do anything because a study said not to, that may not be good enough as a defense. The prudent doctor vs. the prudent patient: who decides for whom?",వివేకంగల వైద్యుడు లేదా వివేకంగల రోగి: ఎవరు ఎవరికి నిర్ణయిస్తారు?
"If you think that hearing loss only affects older people, think again. Shockingly, according to the World Health Organization (WHO), not only are 430 million people currently living with disabling hearing loss, but more than 1 billion people aged between 12 and 35 years are at risk of hearing loss due to exposure to loud sounds at music gigs and clubs or on their devices. Problems with hearing loss start early but tend not to manifest immediately.","అబ్బురపరిచే విధంగా, ప్రపంచ ఆరోగ్య సంస్థ (డబ్ల్యూహెచ్ ఓ) ప్రకారం, 430 మిలియన్ మంది ప్రస్తుతం వినికిడి లోపంతో జీవిస్తూ ఉండడమే కాక, 1 బిలియన్ కంటే ఎక్కువ మంది 12 నుండి 35 ఏళ్ల వయసు గలవారికి సంగీత కార్యక్రమాలలో మరియు క్లబ్బులలో లేదా తమ పరికరాల నుండి వెలువడే బిగ్గరైన శబ్దాల కారణంగా వినికిడిశక్తి లోపించే ప్రమాదం ఉంది."
"In a private sector model, there is a financial disincentive to scan less, an incentive to scan more (f I scan more, I earn more) . Is there any motive to scan less? We should define individual risk.",మనము వ్యక్తిగత ప్రమాదభయాన్ని నిర్వచించాలి.
"In fact, the caloric density, protein, carbohydrate and fat in breast milk are very important for the growth of the child. Breast milk is free from contamination by bacteria and is easier for the infants stomach to digest. Infants who are breastfed for at least eight months have reduced incidence of many diseases.","వాస్తవానికి శిశువు ఎదుగుదలకు, చనుబాలలోని శక్తి సాంద్రత, మాంసకృతులు, కార్బోహైడ్రేట్ మరియు క్రొవ్వుపదార్థం ఎంతో ముఖ్యం."
"In such cases efforts are made to remove water from the stomach of the drowned person. Attempting to forcefully remove water from the victims stomach should be avoided as this may make the victim vomit and there are chances of casualty. A casualty from drowning needs to be treated by a medical doctor, even if he/she seems to recover, because, as explained in Box 12.2, a secondary drowning may occur in him/her at a later stage.","నీట మునిగి ప్రమాదంలో ఉన్న వ్యక్తికి, అతను/ఆమె కొలుకుంటున్నట్లు కనిపించినా కూడా, వైద్యుని చేత చికిత్స చేయించాలి , ఎందుకంటే 12.2 బాక్సులో వివరించిన విధంగా, అతడి/ఆమెలో ఆ తరువాత దశలో రెండోస్థాయి శ్వాసకోశ క్షీణత సంభవించవచ్చు."
"India has a comparative advantage in the area of Complementary Medicine and can be a world leader in the field. This is because India has an immensely rich and mature indigenous medical heritage of its own and strong foundations in western biomedical sciences. It is the only country which has provided legal status to seven non-allopathic systems of medicine, namely Ayurveda, Yoga, Unani, Siddha, Homeopathy, Naturopathy and Tibetan / Amchi Medicine.",కాంప్లిమెంటరీ వైద్య రంగంలో భారతదేశానికి సాపేక్షంగా అనుకూలత ఉంది మరియు ఈ రంగంలో ప్రపంచంలో అగ్రగామి కాగలదు.
"India has a comparative advantage in the area of Complementary Medicine and can be a world leader in the field. This is because India has an immensely rich and mature indigenous medical heritage of its own and strong foundations in western biomedical sciences. It is the only country which has provided legal status to seven non-allopathic systems of medicine, namely Ayurveda, Yoga, Unani, Siddha, Homeopathy, Naturopathy and Tibetan / Amchi Medicine.",ఇందుకు కారణం భారతదేశం తనదైన అత్యంత విలువగల పరిపక్వ దేశీయ వారసత్వ సంపద మరియు పాశ్చాత్య జీవవైద్య శాస్త్రాలలో గట్టి పునాదులు కలిగి ఉంది.
"Medicines kill microbes and /or slow their growth. These are classified as anti-virals, anti-fungals, anti-protozoals and antibiotics according to the group of microbes they act upon. However, these medicines should be taken in the recommended dose and duration as advised by the doctor.","ఇవి ప్రభావం చూపే సూక్ష్మజీవుల సమూహానికి అనుగుణంగా వీటిని యాంటీ వైరల్స్, యాంటీ ఫంగల్స్, యాంటీ ప్రోటోజోవల్స్, మరియు యాంటీ బయోటిక్సుగా వర్గీకరించారు."
"Observe the animals daily to check for signs of poor health. These may include reduced feed or water intake, lethargy, watery or pale white mucoid discharge from the eyes, inflammation in the eyes and abnormal stool (colour and form). Regular monitoring of the animals health helps identify, investigate and resolve their health and management problems.","వీటిలో ఆహారం లేదా నీటిని తీసుకోవడంలో తగ్గుదల, మందగతి, కళ్ళ నుండి నీటివంటి లేదా పాలిపోయిన తెలుపు రంగు శ్లేష స్రావం, కళ్ళు వాచి ఎర్రబడటం, మరియు అసహజ మలం (రంగు మరియు రూపం) ఉండవచ్చు."
"One of the important non-cancerous applications of therapeutic radiopharmaceuticals is their use for loco-regional administration (in contrast to systemic administration) for the treatment of rheumatoid arthritis. This treatment modality, which is known as 'Radiation Synovectomy' or 'Radiosynoviorthesis', employs administration of radiolabeled particulates or radiolabeled colloids in the synovial cavities of the affected joints. Another important loco- regional administration of therapeutic radiopharmaceuticals is reported for the treatment of hepatocellular carcinoma (liver cancer), where radiolabeled micro-spheres of specific size or radiolabeled lipiodol (a highly viscous liquid - ethyl ester of fatty acid derived from poppy seed oil) are injected through the hepatic artery of the patient.","హెపాటోసెల్యులార్ కార్సినోమా (లివర్ క్యాన్సర్) చికిత్సకు స్థానిక ప్రదేశంలో వైద్య సంబంధిత రేడియోధార్మిక ఔషధాల ప్రయోగం చేసినట్టు నివేదించబడింది, ఇక్కడ రేడియోధార్మికత కలపబడిన నిర్దిష్ట పరిమాణంలోని సూక్ష్మగోళాలు లేదా రేడియోధార్మికత కలపబడిన లిపిడాల్ (గసాగసాల నూనె నుండి ఉత్పన్న వసామ్లము యొక్క అతిజిగటైన ద్రవరూపంలో ఎతిల్‌ ఆమ్ల సమ్మేళనం) రోగి యొక్క కాలేయధమని ద్వారా ఎక్కించడం జరుగుతుంది."
"One of the important non-cancerous applications of therapeutic radiopharmaceuticals is their use for loco-regional administration (in contrast to systemic administration) for the treatment of rheumatoid arthritis. This treatment modality, which is known as 'Radiation Synovectomy' or 'Radiosynoviorthesis', employs administration of radiolabeled particulates or radiolabeled colloids in the synovial cavities of the affected joints. Another important loco- regional administration of therapeutic radiopharmaceuticals is reported for the treatment of hepatocellular carcinoma (liver cancer), where radiolabeled micro-spheres of specific size or radiolabeled lipiodol (a highly viscous liquid - ethyl ester of fatty acid derived from poppy seed oil) are injected through the hepatic artery of the patient.","""రేడియో సినోవెక్టమీ"" లేదా ""రేడియోసినోవయోర్తెసిస్"" అనే పేర్లు గల ఈ చికిత్సా విధానంలో ప్రభావిత కీళ్లసందుల సైనోవియల్ రంధ్రాల్లోకి రేడియోధార్మికత కలపబడిన నలుసులు లేదా రేడియోధార్మికత కలపబడిన గుజ్జును ఎక్కించడం ద్వారా పని చేస్తుంది."
"People who are hard of hearing usually communicate through spoken language and can benefit from hearing aids, cochlear implants, and other devices, as well as captioning. Cochlear implants also benefit people who have more significant hearing loss. People who are diagnosed as deaf mostly have profound hearing loss, which implies very little or no hearing.",కాక్లీయ అమరికలు వల్ల మరింత గణనీయమైన వినికిడి లోపం గల వారికి కూడా ప్రయోజనం కలిగిస్తాయి.
"People who are hard of hearing usually communicate through spoken language and can benefit from hearing aids, cochlear implants, and other devices, as well as captioning. Cochlear implants also benefit people who have more significant hearing loss. People who are diagnosed as deaf mostly have profound hearing loss, which implies very little or no hearing.","వినికిడి లోపంగల వ్యక్తులు సాధారణంగా నోటి మాటతో సంభాషిస్తారు, మరియు వినికిడి పరికరాలు, కాక్లియర్ అమరికలు, ఇతర సాధనాలు, అలాగే శీర్షికల వల్ల లబ్ది పొందగలరు."
"Per-rectal palpation of female reproductive organ is the most common method of pregnancy diagnosis. It is, usually, performed between 35 and 42 days after mating or AI. Per-rectal examination is a quick method (an experienced person takes 12 minutes).",పురీషనాళం ద్వారా పరీక్ష ఒక సత్వర విధానం (ఒక అనుభవజ్ఞ వ్యక్తికి 12 నిమిషాలు పడుతుంది)
"Radiopharmaceuticals are highly pure radioactive pharmaceutical preparations which are safe enough for human administration and used for either diagnosis or therapy of various kinds of human ailments. Radiopharmaceutical employs nuclear properties of the radionuclides as well as pharmacological properties of the pharmaceuticals to show its effectiveness as diagnostic or therapeutic agent. Radiopharmaceuticals usually do not exhibit any pharmacologic effect as they are usually administered in tracer quantities and thus, differ from conventional drugs.","రేడియోధార్మిక ఔషధాలు అత్యంత స్వచ్చమైన రేడియోధార్మికత కలిగిన ఔషధ తయారీలు, ఇవి మానవ వినియోగానికి తగినంత సురక్షితమైనవి మరియు మనుషులలో వివిధ అనారోగ్యాలకు రోగనిర్ధారణకు లేదా చికిత్సలుగా వాడబడతాయి."
"Resistance to the effects of antimicrobial drugs is a serious problem in the world. Antimicrobial resistance occurs naturally over time, usually through genetic changes. However, the misuse and overuse of antimicrobials is accelerating this process.","కానీ, సూక్ష్మజీవ నిరోధకాల దుర్వినియోగం మరియు మితిమీరిన వినియోగం ఈ ప్రక్రియను వేగవంతం చేస్తున్నాయి."
The Government has put in place a framework with this strategic plan to address the threats that antimicrobial resistance poses to the welfare of the people and livestock of Ethiopia. The strategic plan sets out a coordinated and collaborative One Health approach involving key stakeholders in government and other sectors. The National Antimicrobial Resistance Advisory Committee will continue to coordinate the work to be done and monitor the progress.,"ఈ వ్యూహాత్మక ప్రణాళిక ప్రభుత్వం మరియు ఇతర రంగాలలోని కీలక వాటాదారులను కూడుకున్న ఒక సమన్విత, సహకార వన్ హెల్త్ మార్గాన్ని ప్రారంభిస్తుంది."
The Institute is trying its best to set the highest standards of teaching and research in Ayurveda. Attendance of patients in OPD and IPD of the Institute has continuously increased. The Institute is serving the goal of popularizing the Ayurveda and better health care of citizens by various expo organized at national and state level.,ఇన్స్టిట్యూట్లోని ఓపిడి మరియు ఐపిడి లో రోగుల హాజరీ నిరంతరం పెరుగుతూ ఉంది.
The bias to cure and save is misguided. Huge bias against doing nothing. There is a medico-legal aspect.,ఇది ఒక వైద్య-న్యాయ శాఖలకు చెందిన అంశము.
"The quality of AYUSH services was assessed based on a set of parameters covering infrastructure, human resources, supplies, record-keeping and other inputs. While the quality varied across states, in almost all, the quality of infrastructure, presence of human resources, supply of medicines, and records were found to be unsatisfactory. Combining indicators for all these parameters a qualitative grade was composed for the quality of facilities in each state.","రాష్ట్రాల వారీగా నాణ్యత భిన్నంగా ఉన్నా, దాదాపు అన్నిట్లోనూ, మౌలిక సదుపాయాల నాణ్యత, మానవ వనరుల ఉపస్థితి, ఔషధాల సరఫరా, మరియు వ్రాతపూర్వక నమోదులు అసంతృకరంగా ఉన్నట్లు కనిపించాయి."
"There is no generic blueprint for how to make a health report. The best way to assemble information and present it in a health report depends on the context, the purpose of the report, the target audience and the authors degree of freedom in terms of creativity and opportunities to try out new paths. Thus, this guidance focuses on well defined quality criteria for health reports, rather than presenting a standard health report.",ఆరోగ్య నివేదిక ఎలా తయారు చేయాలన్నదానిపై సాధారణ పథక నమూనా లేదు.
"There is re-emergence of the integrative approach to facilitate affordable, safe and equitable health to all. Due to the active initiatives taken up by the Government of India and other stake holders the reach of Ayurveda has expanded along with wide spread consumer acceptance. The efforts to co-locate Ayurveda centers along with bio-medical facilities across India through programs like National Rural Health Mission (NRHM are limited to the extent of only physical proximity between biomedicine and Ayurveda and far away from the possibility of functional integration granulated to the level of clinical service delivery together.",భారతదేశం వ్యాప్తంగా జీవ వైద్య సౌకర్యాలతో కూడిన ఆయుర్వేద కేంద్రాలను సహ-స్థాపనానికి జాతీయ గ్రామీణ ఆరోగ్య మిషన్ (ఎన్ఆర్హెచ్ఎం) వంటి కార్యక్రమాలు చేస్తున్న ప్రయత్నాలు జీవవైద్యం ఆయుర్వేదాల మధ్య భౌతిక సామీప్యం వరకే పరిమితమయ్యి సమిష్టి వైద్యం అందించే క్రియాశీల అనుసంధానావకాశానికి చాలా దూరంలో ఉన్నాయి.
"There will be discomfort and reluctance in its walking. But in case of severe infection or disease, the animal will lie on the ground for the maximum number of hours and will limp while walking. If the animal stays away from other animals in a herd, it indicates that it is having some health problem.","ఒక జంతువు మందలో ఇతర జంతువుల నుండి దూరంగా ఉంటుంటే, అది దానికి ఏదో అనారోగ్య సమస్య ఉన్నట్లు సూచిస్తుంది."
"This was unnecessary, for the inspector had only done his duty. He did not know me, and even if he had known me, he should not have done otherwise. The Medical Officer would not let me go to him again and insisted on sending an inspector to me instead.","ఆ వైద్యాధికారి నన్ను అతని వద్దకు తిరిగి వెళ్ళనివ్వలేదు, అందుకు బదులు నా వద్దకే ఒక తనిఖీదారుని పంపుతానని పట్టుబట్టారు."
Unsaturated fats are those fats that are liquid at room temperature. Olive oil and peanut oil are called monounsaturated fats because they lack one pair of hydrogen atoms. Trans fats result from adding hydrogen to vegetable oils used in commercial baked goods and for cooking in most restaurants and fastfood chains.,వాణిజ్యపరంగా బేక్ చేసిన వస్తువులలో మరియు దాదాపు అన్ని భోజనశాలలు మరియు ఫాస్ట్ ఫుడ్ శ్రేణులలో ఉపయోగించే శాఖ నూనెలకు హైడ్రోజన్ చేర్చబడంవల్ల ట్రాన్స్ ఫ్యాట్లు ఏర్పడతాయి.
Unsaturated fats are those fats that are liquid at room temperature. Olive oil and peanut oil are called monounsaturated fats because they lack one pair of hydrogen atoms. Trans fats result from adding hydrogen to vegetable oils used in commercial baked goods and for cooking in most restaurants and fastfood chains.,అసంతృప్త క్రొవ్వుపదార్థాలు అనేవి సాధారణ ఉష్ణోగ్రతలో ద్రవరూపంలో ఉండేవి.
"WHO is committed to providing a work environment that respects the inherent dignity of all persons. WHO has a responsibility to take all appropriate steps to prevent and respond to discrimination, abuse of authority, and harassment, including sexual harassment (collectively referred to as abusive conduct) in the workplace or in connection with work. WHO has zero tolerance towards abusive conduct.","కార్యాలయంలో లేదా పనికి సంబంధంగా, వివక్ష, అధికార దుర్వినియోగం, మరియు లైంగిక వేధింపులతో సహా (ఉమ్మడిగా దుర్వినియోగ ప్రవర్తనగా పేర్కొనబడ్డ) హింసించడాన్ని నివారించి స్పందించేందుకు డబ్ల్యూఎచ్ ఓ అన్ని తగిన చర్యలు తీసుకునే బాధ్యత కలిగి ఉంది."
What is the harm? How much is the harm? It is very complex.,హాని ఏమున్నది?
Writing a health report is at the third level (knowledge) of the health information pyramid. It builds on the data collection and analysis and contextualization of the data activities. The aim of the third level is to present and communicate the results in a way that it supports decision-making.,నిర్ణయాలకు మద్దతునిచ్చే విధంగా ఫలితాలను సమర్పించి సంభాషించడం మూడో స్థాయి లక్ష్యం.
"Yoga is essentially spiritual and it is an art and science of healthy living which focuses on bringing harmony between body and mind. The word Yoga has two meanings; the first comes from the root Yujir or Union, the second is derived from a different root yuja which means Samadhi the highest state of mind and the absolute knowledge. These two are the most important meanings of the word Yoga according to Panini, the most well-known Sanskrit grammarian.","యోగా పదానికి రెండు అర్ధాలున్నాయి; మొదడిటిది, మూలపదం యుజిర్ లేదా సంయోగం నుండి, మరియు రెండవది ఒక విభిన్నమూలపదం యుజ నుండి వచ్చింది, దాని అర్ధం సమాధి; అనగా బుద్ధి మరియు పరమజ్ఞానం యొక్క అత్యున్నత స్థితి."
"""radiopharmaceuticals'arehighlypureradioactivepharmaceuticalpreparationswhicharesafeenoughforhumanadministrationandusedforeitherdiagnosisortherapyofvariouskindsofhumanailments.radiopharmaceuticalemploysnuclearpropertiesoftheradionuclidesaswellaspharmacologicalpropertiesofthepharmaceuticalstoshowitseffectivenessasdiagnosticortherapeuticagent.radiopharmaceuticalsusuallydonotexhibitanypharmacologiceffectastheyareusuallyadministeredintracerquantitiesandthus,differfromconventionaldrugs.",రోగ నిర్ధారణ లేదా చికిత్సా కారకాలుగా వాటి ప్రభావాన్ని చూపడానికి రేడియోన్యూక్లైడ్ తాలూకు అణు లక్షణాలను అలాగే ఔషధాల యొక్క ఔషధ లక్షణాలను కూడా రేడియో ఫార్మాస్యూటికల్ ఉపయోగించుకుంటుంది.
"A green economy is one which promotes development while making sure that the environment is protected. The term Green Economy was first coined in a 1989 report for the Government of the United Kingdom by a group of leading environmental economists, titled Blueprint for a Green Economy. Every economy has many sectors.","హరిత ఆర్థిక వ్యవస్థ అనే పదం, ప్రముఖ పర్యావరణ ఆర్థికవేత్తల బృందం చే 1989లో యునైటెడ్ కింగ్డమ్ ప్రభుత్వం కోసం, హరిత ఆర్థిక వ్యవస్థకు నమూనాపటం అని పిలువబడే నివేదికలో మొదట ఆవిష్కరించబడింది."
"A white wine made from kiwi fruit called Naara Aaba, comes from Arunachal Pradesh, is produced by Lambu-Subu Food and Beverages at Hong village in Lower Subansiri district. Tage Rita Takhe, 37 is the proud manufacturer of this wine hailing from Lower Subansiri district of Arunachal Pradesh. Lambu-Subu Food produces around 40,000 litres of white wine per batch, and it takes the company around four months to produce one batch of wine.","కివి పండ్ల నుండి తయారుచేయబడే నారా ఆబా అని పిలువబడే తెల్లటి వైన్ అరుణాచల్ ప్రదేశ్ నుండి వస్తుంది, దీన్ని దిగువ సుబంసిరి జిల్లాలోని హాంగ్ గ్రామంలో ఉండే లంబు-సుబు ఫుడ్ అండ్ బెవరేజెస్ ఉత్పత్తి చేస్తుంది."
Adjustable head restraints are provided to increase the height and fix at a desired comfortable position. To reduce the height press release button to move downwards. Make sure that the top of restraint is at the same height as the top of the occupants head.,"ఎత్తును తగ్గించడానికి, రిలీజ్ మీటను కిందికి వెళ్లేలా నొక్కండి."
"All fodder crops change in nutritive profile as they mature. Fodder crops at very early stages of growth have high protein content and are, usually, easily digestible but their yield (total volume or biomass) is low. As a plant grows, the yield increases but digestibility and protein content decrease.","పశుగ్రాస పంటలు పెరుగుదల తొలి దశలలో అధిక మాంసకృతులు కలిగి ఉండి, సాధారణంగా సులభంగా జీర్ణమవుతాయి, కాని వాటి దిగుబడి (మొత్తం పరిమాణం లేదా జీవపదార్ధం) తక్కువగా ఉంటుంది."
"Armed with the passion for experimental ideas and geared with confidence and determination, Zeinorin from Ukhrul is not a regular entrepreneur. A chef friend of hers taught the process to make chocolates. Thus, Hill Wild was incorporated in November 2017 by Zeinorin along with Leiyolan Vashum, who is her founding partner.","ప్రయోగాత్మక ఆలోచనల పట్ల భావావేశమనే ఆయుధం ధరించి, ఆత్మ విశ్వాసం మరియు దృఢనిశ్చయంతో సన్నద్ధంగా ఉన్న ఉఖ్రుల్‌కు చెందిన జీనోరిన్ ఒక మామూలు వ్యాపారవేత్త కాదు."
"Basically, it involves generation of biomass that can be converted to convenient energy- containing substances via different ways such as thermal conversion, chemical conversion, and biochemical conversion. This biomass conversion can result in fuels which are in solid, liquid, or gas form. Major types are bioethanol or biologically generated alcohols produced via fermentation of sugar and starches by micro-organisms.","ప్రాథమికంగా, ఇందులో ఉష్ణ మార్పిడి, రసాయన మార్పిడి, జీవరసాయన మార్పిడి వంటి భిన్నమైన మార్గాలలో అనుకూలమైన శక్తి-కలిగిన పదార్థాలుగా మార్చగల జీవపదార్ధాన్ని తయారు చేయడం భాగంగా కలిగి ఉంటుంది."
"Biofuels production can also be improved using biotechnology. These are produced through biological processes rather than a fuel produced by geological processes such as coal and petroleum. Biofuels can be derived directly from plants, or indirectly from agricultural, commercial and industrial wastes.","భూగర్భ ప్రక్రియల ద్వారా తయారయే బొగ్గు, పెట్రోలియం వంటి ఇంధనాల మాదిరిగా కాకుండా ఇవి జీవ సంబంధ ప్రక్రియల ద్వారా తయారవుతాయి."
"DEEP Modern Chulha Society of Development and Environment Protection (DEEP) developed the Modern DEEP Chulha that uses biomass to reduce consumption of wood by 50%. This chulha reduces smoke by 80%, reducing environmental and health problems. The project trains masons and welders, to produce the chulhas, thus increasing employment and entrepreneurship opportunities.",డిఇఇపి మోడరన్ చుల్హా సొసైటీ ఆఫ్ డెవలప్‌మెంట్ అండ్ ఎన్విరాన్‌మెంట్ ప్రొటెక్షన్ (డిఇఇపి) జీవపదార్థాన్ని ఉపయోగించే ఆధునిక డిఇఇపి పొయ్యిని తయారు చేసి కట్టెల వాడకాన్ని 50% తగ్గించింది.
Emphasis is being laid on the protection and improvement of indigenous breeds. Gazette notification of 197 notified indigenous breeds was done by 2020. This will help in conservation and improvement of local breeds.,2020 నాటికి 197 ప్రకటించబడ్డ స్వదేశీ జాతులపై గెజెట్‌లో అధికారిక ప్రకటన చేయబడినది.
Enbiolet Green Solution Foundation (GSF) has created a bio-toilet solution for hygienic sanitation in villages and slums in cities that lacked sewage systems. Users or donors fund these bio-toilets while GSF provides training on toilet use and servicing involving the local population creating employment and entrepreneurship opportunities. The bio-digester tank forms the basis for this eco-friendly toilet.,ఎన్‌బయోలెట్ గ్రీన్ సొల్యూషన్ ఫౌండేషన్ (జిఎస్ఎఫ్) మురుగునీటి వ్యవస్థలు లేని గ్రామాలలో మరియు నగరాలలోని మురికివాడలలో ఆరోగ్యకరమైన పారిశుధ్యం కోసం ఒక బయో-టాయిలెట్ పరిష్కారాన్ని రూపొందించింది.
"Enhancing food production, the export promotion and import substitution are the focus through local to global and one district one product initiatives. The processable varieties could be one potent tool to enhance the availability of raw material for processing industries and reduce their imports. ICAR has targeted to develop 30 processable varieties of field and horticultural crops by the year 2024 to substitute imports.","2024 నాటికి, దిగుమతులకు ప్రత్యామ్నాయంగా 30 మెరుగుపరచగల క్షేత్ర మరియు ఉద్యాన పంటల రకాలను అభివృద్ధి చేయాలని ఐసిఎఆర్ లక్ష్యంగా పెట్టుకుంది."
"Foreseeing a growing demand for radioisotopes and advanced research in nuclear science, the necessity for another reactor with comparatively higher neutron flux was felt way back in 1970s, which ultimately resulted in the construction and commissioning of R-5 reactor (later renamed as Dhruva reactor) at BARC, Trombay. This completely indigenous reactor is a testimony to the resolve of Indian scientists and engineers to achieve self-reliance in nuclear reactor technology. After shut down of the CIRUS reactor in 2010, Dhruva continues to cater to the radioisotope demand of our country and at the same time providing the facilities to carry out research in nuclear sciences.","సమస్థానికములకు మరియు పరమాణు శాస్త్రంలో అధునాతన పరిశోధనకు పెరుగుతున్న అవసరమును ఊహించి, 1970ల నాటికే అధికతర న్యూట్రాన్ ప్రవాహం గల మరొక రీయాక్టర్‌ ఆవశ్యకత కలిగింది, తుదకు అది బార్క్, ట్రాంబే లో ఆర్-5 రీయాక్టర్‌(ఆ తరువాత ధృవ రీయాక్టరుగా పేరు మార్చబడింది) నిర్మాణం మరియు ఆరంభానికి పరిణమించింది."
"HLLW contains fission products, minor actinides, traces of uranium & plutonium, corrosion products and chemicals added during reprocessing. HLLW is immobilized in inert glass (vitreous) matrix, stored for a few decades in air cooled vault and then planned to be disposed in deep repository. Conditioning of HLLW in vitreous matrix immobilizes the radioactivity in a chemically durable form and ensures isolation of radioactivity from biosphere for larger time frame.","హెచ్. ఎల్. ఎల్. డబ్ల్యూ. లో విచ్ఛిత్త ఉత్పాదితాలు, స్వల్ప రేడియోథార్మిక పదార్థాలు, యురేనియం మరియు ప్లూటోనియం ఆనవాళ్ళు, హరింపు ఉత్పాదితాలు, మరియు పునఃసంవిధానంలో చేర్చబడిన రసాయనాలు ఉంటాయి."
"HLLW contains fission products, minor actinides, traces of uranium & plutonium, corrosion products and chemicals added during reprocessing. HLLW is immobilized in inert glass (vitreous) matrix, stored for a few decades in air cooled vault and then planned to be disposed in deep repository. Conditioning of HLLW in vitreous matrix immobilizes the radioactivity in a chemically durable form and ensures isolation of radioactivity from biosphere for larger time frame.","హెచ్ఎల్ఎల్డబ్ల్యూని ఒక జడ (గాజు వంటి) స్ఫటిక అచ్చులో స్థిరీకరించి, గాలిద్వారా చల్లబరచబడిన మాళిగలో కొన్ని దశాబ్దాలపాటు నిల్వ ఉంచి, ఆ తరువాత ఒక లోతైన గిడ్డంగిలో పారేసేందుకు ప్రణాళిక చేయబడుతుంది ."
"High yielding cows produce milk with low fat content. The composition of milk produced by individual cows of a particular breed may differ greatly (Table 3.5). Jersey cows produce milk having about 5 per cent fat content, while the milk of HolsteinFriesian contains about 3.5 per cent fat.","జెర్సీ ఆవులు సుమారు 5% కొవ్వు పదార్థం గల పాలను ఉత్పత్తి చేయగా, హోల్‌స్టీన్-ఫ్రీసియన్‌ యొక్క పాలలో దాదాపు 3.5 శాతం కొవ్వు ఉంటుంది."
"Human safety mainly focuses on the safety of health, hygiene and environment of all people, including customers, employees and the management. Everyone at a workplace, including employer, supervisor, workers, employees and customers have the responsibility to promote hygiene and safety. At home, too, you must have experienced injury due to hazardous tools, equipment and materials.","మానవ భద్రత ప్రధానంగా కొనుగోలుదారులు, ఉద్యోగులు, యాజమాన్యంతో సహా ప్రజలందరి యొక్క ఆరోగ్యం, పరిశుభ్రత మరియు పర్యావరణం మీద దృష్టి పెడుతుంది."
"In India, solvent extraction-based facility has been deployed at Waste Immobilisation Plant, BARC, Trombay, where three cycle based solvent extraction process has been established. In the first cycle, residual uranium and plutonium are recovered from HLLW. While cesium recovery is aimed in the second cycle, Strontium-Actinide-Lanthanide combined separation is achieved in the third cycle from HLLW.","రెండవ ఆవృత్తిలో సీసియంను తిరిగి పొందడం లక్ష్యం కాగా, హెచ్ఎల్ఎల్‌డబ్ల్యూ నుండి స్ట్రోంటియమ్-ఆక్టినైడ్-లాంథనైడ్ సంయుక్త విభజన మూడవ ఆవృత్తిలో సాధించబడుతుంది."
"Non availability of adequate number of cloud free optical satellite datasets is a major constraint for using optical remote sensing data for agricultural applications during monsoon season. In light of this, all weather capability of RADAR, an active sensor, is an attractive option to rely upon. Microwave remote sensing techniques have all weather capability as atmosphere is transparent to microwaves at lower frequencies, penetrate clouds and are suitable for day/night operations owing to the independence of microwave sensors on Suns illumination.","సూక్ష్మతరంగ సుదూర గ్రాహకత సాంకేతిక ప్రక్రియలకు అన్ని రకాల వాతావరణ సామర్థ్యం కలిగి ఉంటుంది ఎందుకంటే వాతావరణం తక్కువ వ్యాప్తివద్ద సూక్ష్మతరంగాలకు అతీతంగా ఉంటాయి, అవి మేఘాలలోకి చొచ్చుకుని పోతాయి, మరియు సూర్యప్రకాశము నుండి సూక్ష్మతరంగ సెన్సార్ల వలన అవి రాత్రి పగలు జరిపే కార్యాచరణలకు అనుకూలంగా ఉంటాయి."
"Nuclear reactors facilitate nuclear fission to produce energy. Uranium, either in natural or enriched form, is commonly used as fuel in nuclear power plants for nuclear fission. When neutron bombards on it, uranium-235 (fissile isotope of natural uranium) split into two lighter atoms, called fission products and generates large amount of energy.",సాధారణంగా అణు విచ్ఛిత్తి కోసం యురేనియంను సహజ లేదా సుసంపన్న రూపంలో అణు విద్యుత్ ప్లాంట్లలో ఇంధనంగా వాడతారు.
"Oil quality has been improved with enhanced level of oleic acid in groundnut. Besides, earliness has been induced in soybean. These improved cultivars provide better yield under stress conditions, and also possess higher nutritional value.","అదీగాక, సోయాచిక్కుడులో శీఘ్ర ఫలదీకరణ ప్రేరేపించబడ్డది."
"Racking Back method is useful when full length of the wall cannot be built at one time. In this method, the full length of the wall is constructed in parts and each successive portion is racked back. Racking back is done to reduce the possibility of any settlement of cement plaster in freshly laid portion of the wall.",ఒకేసారి గోడ యొక్క పూర్తి ఎత్తును కట్టలేని సందర్భంలో ర్యాకింగ్ బ్యాక్ విధానం ఉపయోగకరంగా ఉంటుంది.
"Realization of higher agricultural production has been associated with higher chemical footprints in the environment. Unbalanced use of fertilizers in agriculture in certain crops /regions is leading to land degradation, water & air pollution, unhealthy ecosystem and unsafe food posing risks to human health. This has brought focused attention of all concerned towards chemical-free farming, including organic farming, and techniques that recover, revitalize, and restore the soil and the environment.","సంబంధించిన వారందరి దృష్టిని, సేంద్రియ వ్యవసాయంతో బాటు రసాయన రహిత సేద్యం మరియు భూమి మరియు వాతావరణాలను పునరుద్ధరించి, పునరుజ్జీవము చేసి, పునస్థాపించే సాంకేతిక ప్రక్రియల వైపు ఆకర్షించింది."
"Rose is a day neutral plant for flower initiation, and duration of light does not affect flowering. However, though for vegetative growth, it is a sun-loving plant, as during winter it requires bright sunshine at least for six hours daily and free ventilation. Temperature requirement is 24o27oC during the daytime and 15o17oC during night hours, that is optimum being 15o27oC with 75 per cent relative humidity.","అవసరమైన ఉష్ణోగ్రత పగటి వేళలో 24°–27°సి, రాత్రి వేళలో 15°–17°సి కాగా, వాంఛనీయమైనది 75 శాతం సాపేక్ష ఆర్ద్రతతో 15°–27°సి."
"Small businesses were given a helping hand onto the World stage at expo 2020 Dubai. A series of events at the UN pavilion in the opportunity district unlocked the potential for growth and possible solutions for tackling problems. Various events are being organised by the International Trade centre, who highlight the needs of small businesses and entrepreneurs and and provide support for them as they grow like Digital Trade: Opportunities for youth in the MENA region, small businesses for the SDGs-Photo exhibition, young entrepreneurs in sport and Investing in Women.","ఇంటర్నేషనల్ ట్రేడ్ సెంటర్ ద్వారా అనేక కార్యక్రమాలు నిర్వహించబడుతున్నాయి, ఇవి చిన్న వ్యాపారాలు మరియు పారిశ్రామికవేత్తల అవసరాలను నొక్కిచెప్పి, డిజిటల్ ట్రేడ్‌‌గా ఎదిగే సమయంలో వారికి మద్దతు ఇస్తాయి: మెనా ప్రాంతంలోని యువతకు అవకాశాలు, ఎస్‌డిజిఎస్-ఫోటో ప్రదర్శన కొరకు చిరు వ్యాపారాలు, క్రీడలలో యువ వ్యవస్థాపకులు, మహిళలపై పెట్టుబడి పెట్టడం వంటివి."
"Solvent extraction-based processes are the most promising for the large-scale separation of 131 Cs from highly radioactive acidic solutions. Technologies for large scale applications of the process are also well established. In this process, an organic stream containing solvent, traces of selective extractant and the aqueous waste are kept in intimate contact by employing strong agitation.","ఈ ప్రక్రియలో, ద్రావణిని కలిగి ఉండే సేంద్రీయ ప్రవాహం, ఎంపిక చేసిన సంగ్రహకారిణి భాగాలు మరియు సజల వ్యర్థాలు బలమైన అల్లాటాన్ని ఉపయోగించి ఒకదాన్ని మరొకటి స్పృశిస్తూ ఉండేలా దగ్గరగా ఉంచబడతాయి."
"Special glass matrix has been developed and deployed for making cesium glass with activity up to 5 Ci/g. The bulk cesium rich glass is drained into a dispenser, which is a smaller capacity pot for cesium re-melting furnace. Cesium glass containing dispenser is assembled remotely to dedicated re-melting furnace for making Cs glass pencils with precise control of Cesium glass in each pencil.",ప్రతీ పెన్సిల్‌లో సీసియం గ్లాస్ తాలూకు ఖచ్చితమైన నియంత్రణ గల సీసియం గ్లాస్ పెన్సిల్‌లను తయారు చేయడానికి సీసియం గ్లాస్ గల అందించే పరికరాన్ని దూరం నుండి ప్రత్యేక తిరిగి కరిగించే కొలిమికి సమీకరిస్తారు.
"Substantial increase in crop production is possible by bringing additional land under cultivation (horizontal approach) and improved crop management (vertical approach) technologies such as use of high yielding input responsive, energy intensive and stress tolerant varieties, increased irrigation and integrated crop nutrition and protection. In addition, reliable and timely estimates and seasonal crop acreage and production estimates are important for formulation of marketing strategies such as export/import, price fixation, public distribution. Conventional techniques to provide this information are highly tedious, time consuming, more often subjective, whereas satellite remote sensing has the requisite potential to provide this information on a regular, synoptic, temporal, timely and in a more objective manner.","అదనంగా, నమ్మదగిన, సమయోచిత అంచనాలు, అలాగే కాలానుగుణ పంట విస్తీర్ణం మరియు దిగుబడి అంచనాలు అనేవి ఎగుమతి/దిగుమతి, ధర స్థిరీకరణ మరియు ప్రజా పంపిణీ వంటి మార్కెటింగ్ వ్యూహాలను రూపొందించుకోడానికి ముఖ్యమైనవి."
"Substantial increase in crop production is possible by bringing additional land under cultivation (horizontal approach) and improved crop management (vertical approach) technologies such as use of high yielding input responsive, energy intensive and stress-tolerant varieties, increased irrigation and integrated crop nutrition and protection. In addition, reliable and timely estimates and seasonal crop acreage and production estimates are important for formulation of marketing strategies such as export/import, price fixation, public distribution. Conventional techniques to provide this information are highly tedious, time consuming, more often subjective, whereas satellite remote sensing has the requisite potential to provide this information on a regular, synoptic, temporal, timely and in a more objective manner.","అదనపు భూమిని సాగుకు తెచ్చుకోవటం (సమాంతర విధానం) మరియు మెరుగైన వ్యవసాయ నిర్వహణ ( నిటారు విధానం), ఎక్కువ దిగుబడి ఇచ్చే, పెట్టుబడికి ప్రతిస్పందించే, శక్తి తీవ్రత కలిగి, మరియు వత్తిడిని తట్టుకోగల రకాలు, హెచ్చిన నీటి పారుదల మరియు సమీకృత సేద్య పోషణ మరియు రక్షణ వంటి సాంకేతికతలతో పంట దిగుబడిని గణనీయంగా పెంచటం సాధ్యం."
The gearshift lever is mounted on the center console between the two front seats. The gearshift pattern is as shown on the gear lever knob. Application of Gear shifting should always be done with clutch pedal pressed.,గేరు మార్చే లీవరు ముందు రెండు సీట్ల నడుమ కన్సోల్ నడిమధ్యన బిగించి ఉంటుంది.
"The playing field, the resources and the gameso much has changed with digital technology. But it would be inaccurate to attribute this change merely to technology. Sweeping economic changes, the onset of satellite television, increased access to more western sounds and production techniques, greater formal distribution and exhibition of Hindi cinema around the worldall these come into play significantly.",కానీ ఈ మార్పును కేవలం సాంకేతికతకు మాత్రమే ఆపాదించటం సరికాదు.
"The quality of AYUSH services was assessed based on a set of parameters covering infrastructure, human resources, supplies, record-keeping and other inputs. While the quality varied across states, in almost all, the quality of infrastructure, presence of human resources, supply of medicines, and records were found to be unsatisfactory. Combining indicators for all these parameters a qualitative grade was composed for the quality of facilities in each state.","ఈ అన్ని పారామితుల సూచికలను మిళితం చేస్తూ, ప్రతీ రాష్ట్రంలోని సౌకర్యాల నాణ్యత కోసం ఒక నాణ్యతా శ్రేణి రూపొందించబడింది."
"The simple calipers can be used in these situations. For measuring, the object is held between the ends, the object removed and the ends are placed on steel scale to determine the distance. These calipers can be used to calculate the length, outside, and inside diameters.","ఈ పరిమాణపటకారులను పొడవు, అంతర్వ్యాస బహిర్వ్యాసాలను కొలిచేందుకు ఉపయోగించవచ్చు."
"Their nominal size is considered as 201010cm. Generally,the first and second class bricks are used for brick work. Bricks should be tested for hardness and durability before they are used in masonry.",ఇటుకలు తాపీపనిలో వినియోగించే ముందు వాటి గట్టిదనం మరియు మన్నికను పరీక్షించాల్సి ఉంటుంది.
There are also upside risks to food prices. Cereal price pressure is spreading from wheat to rice due to the likely lower kharif paddy production. The lower sowing for kharif pulses could also cause some pressures.,బహుశః తక్కువ ఖరీఫ్ వరి పంట కారణంగా ఆహారధాన్యాల ధరల వత్తిడి గోధుమ నుండి వరికి వ్యాపిస్తూ ఉంది.
"There is re-emergence of the integrative approach to facilitate affordable, safe and equitable health to all. Due to the active initiatives taken up by the Government of India and other stake holders the reach of Ayurveda has expanded along with wide spread consumer acceptance. The efforts to co-locate Ayurveda centers along with bio-medical facilities across India through programs like National Rural Health Mission (NRHM are limited to the extent of only physical proximity between biomedicine and Ayurveda and far away from the possibility of functional integration granulated to the level of clinical service delivery together.",భారత ప్రభుత్వం మరియు మిగతా వాటాదారులు చేపట్టిన చురుకైన ప్రారంభ ప్రయత్నాల కారణంగా విస్తృతమైన వినియోగదారుల ఆమోదంతో పాటు ఆయుర్వేదం యొక్క పరిధి కూడా విస్తరించింది.
"Towards utilization of a radioisotope, first and foremost, it must be separated from HLLW in a radio-chemically pure form. The extent of purity, though application specific, should be in conformity with stringent regulatory limits. Further, excluding the therapeutic applications, the radioisotope is to be converted to a non-leachable form, so that no inadvertent release of radioactivity occurs during its use.","ఇంకా, చికిత్సాపరమైన ఉపయోగాలు కాకుండా, రేడియోఐసోటోప్‌ను దానిని వినియోగించే సమయంలో అనుకోకుండా రేడియోధార్మికత విడుదల కాకుండా ఉండడానికి దానిని చొచ్చుకుపోలేని రూపంలోకి మారుస్తారు."
"Towards utilization of a radioisotope, first and foremost, it must be separated from HLLW in a radio-chemically pure form. The extent of purity, though application specific, should be in conformity with stringent regulatory limits. Further, excluding the therapeutic applications, the radioisotope is to be converted to a non-leachable form, so that no inadvertent release of radioactivity occurs during its use.","రేడియో ఐసోటోప్‌ వినియోగానికి, మొట్టమొదటగా దానిని రేడియో- రసాయనికంగా స్వచ్ఛమైన రూపంలో హెచ్ఎల్ఎల్‌డబ్ల్యూ నుండి వేరుపరచాలి."
"While granting customer credit, the sales associate has to follow certain steps, which include creation of credit policy, obtaining credit application, checking customer references, getting a personal guarantee, run a credit check, setting limits of credit and payment terms. The credit requisition contains information on the desired products, details of possible vendors, delivery instructions, accounting details, contact information, etc. The sales associate has to follow the criteria in processing credit sale application.","ఋణ అభ్యర్ధనలో కావలసిన ఉత్పత్తుల గురించిన సమాచారం, సాధ్యయుత విక్రేతల వివరాలు, బట్వాడా సూచనలు, గణన వివరాలు, సంప్రదింపు సమాచారం మొదలైనవి ఉంటాయి."
"With the advancement in Information and Communication Technology (ICT), electronic retailing or e-retailing has become a reality. It is the sale of goods and services through the Internet. E-retailing can include business-to-business (B2B) and business- to-consumer (B2C) sales of products and services through subscriptions to website content, or through advertising, and selling products through TV channels for which payments can be made online through credit or debit cards.",అది ఇంటర్‌నెట్ ద్వారా వస్తువుల మరియు సేవల అమ్మకం.
"Accordingly, the report lodged was sent to the officials in Gujarat. So far as respondent No.6 is concerned sanction in terms of Section 196 of the Code was prayed for alleging that there was complete inaction and, therefore, the writ petition has been filed. It was pointed out by learned counsel for the petitioners that since undisputedly, the commission of cognizable offence is disclosed even on a bare reading of the FIR lodged, the authorities were not justified in not registering the FIR.","తదనుగుణంగా, దాఖలైన ఆ నివేదిక గుజరాత్ లోని అధికారులకి పంపబడింది."
"Although efforts have been made since long to ensure that marriages take place at proper age, the problem of early marriage and even child marriage is still continuing in many communities in India. The Child Marriage Restraint Act, 1978 stipulates legal age of marriage as 18 for girls and 21 for boys, but social customs encourage early marriage even now. You may have heard the word kanyadan.","బాల్య వివాహాల నిరోధక చట్టం, 1978 చట్టప్రకారం అమ్మాయిలకి వివాహ వయసు 18 గా మరియు అబ్బాయిలకి 21 గా నిర్దేశించింది, కానీ ఇప్పటికీ సామాజిక ఆచారాలు శీఘ్రపు వివాహాన్ని ప్రోత్సాహిస్తున్నాయి."
"DoT or the TRAI may exercise regulatory or police powers imposing a penalty or strict civil liability for violation of any of the terms and conditions of the license when public interest so requires. However, BSNL does not have any statutory, regulatory or police powers to impose strict civil liability. That, strict civil liability has been recognized and upheld where it is imposed by the State exercising legislative power in respect of violation of tax liabilities.","అయితే, కఠిన పౌర జవాబుదారీతనాన్ని అమలు చేయడానికి బిఎస్ఎన్ఎల్‌కు చట్టబద్ధమైన, నియంత్రణా లేదా పోలీసు అధికారాలు లేవు."
"For the aforesaid reasons, we are of the considered opinion that the Tribunal did not commit any error in coming to the conclusion that M/s. Kwality Ice Cream and BBLIL are not related persons. The transaction between them is of the nature of principal to principal and the price was the sole consideration for the sale of goods.","పూర్వోక్త కారణాల వలన, శ్రీయుతులు క్వాలిటీ ఐస్ క్రీం మరియు బి. బి. ఎల్. ఐ. ఎల్. సంబంధితులు కారని తుది నిర్ణయానికి రావడంలో ట్రిబ్యునల్ ఎటువంటి పొరపాటు చేయలేదన్నది పరిశీలించి ఏర్పరుచుకున్న మా అభిప్రాయం."
"For the aforesaid reasons, we are of the considered opinion that the Tribunal did not commit any error in coming to the conclusion that M/s. Kwality Ice Cream and BBLIL are not related persons. The transaction between them is of the nature of principal to principal and the price was the sole consideration for the sale of goods.",వారి మధ్య లావాదేవీ మూలధనం నుండి మూలధనానికి అన్న స్వభావం గలది మరియు సరుకుల అమ్మకానికి ధరయే ఏకైక పరిగణనగా ఉండేది.
"However, subsequently, petitioner No.2 and Shri Y. Jaganmohan Reddy filed petitions before the High Court of Andhra Pradesh for transfer of investigation to the CBI. It is submitted that thereafter the elections to the State Assembly were held on 11.04.2019 and Shri Y. Jaganmohan Reddy became the Chief Minister and took oath on 30.05.2019. Thereafter, the SIT was re-constituted twice, but there was no progress in the investigation and therefore petitioner No.1 was constrained to approach the High Court to transfer the investigation to the CBI.","ఆపిమ్మట రాష్ట్ర శాసన సభ ఎన్నికలు 11-04-2019 నాడు నిర్వహించబడి, శ్రీ వై. జగన్మోహన్ రెడ్డి ముఖ్యమంత్రి అయ్యి 30-05-2019 నాడు ప్రమాణ స్వీకారం చేశారని నివేదించబడింది."
"In Ramesh Kumaris case (supra) the basic issue did not relate to the methodology to be adopted which was expressly dealt with in All India Institute of Medical Sciencess case (supra), Gangadhars case (supra), Minu Kumaris case (supra) and Hari Singhs case (supra). The view expressed in Ramesh Kumaris case (supra) was reiterated in Lallan Chaudhary and Ors. V. State of Bihar (AIR 2006 SC 3376).","రమేష్ కుమారి కేసులో (మీద) వ్యక్తపరచబడిన అభిప్రాయం లల్లన్ చౌదరి మరియు ఇతరులు బీహార్ రాష్ట్రానికి ప్రతిగా కేసు జరిపినప్పుడు, సుప్రీం కోర్టు సర్వ భారత నివేదిక 3376 లో పునరుద్ఘాటించబడింది."
"In September, 2004, BSNL received several complaints from its subscribers in Gujarat that they were receiving ILD calls with local CLI Numbers. On the basis of these reports, BSNL made its own enquiries by calling the local CLI number, i.e., 0281-3041000. This was on 5th October, 2004, 6th October, 2004 and 7th October, 2004.","ఈ నివేదికల ఆధారంగా, బిఎస్ఎన్ఎల్ స్థానిక సి ఎల్ ఐ నంబరు, అనగా 0281-3041000 కి, ఫోన్ చేయడం ద్వారా స్వయంగా విచారణాలు జరిపింది."
"In the present case, the Mumbai Police has attempted to stretch the purview of Section 174 without drawing up any FIR and therefore, as it appears, no investigation pursuant to commission of a cognizable offence is being carried out by the Mumbai police. They are yet to register a FIR. Nor they have made a suitable determination, in terms of Section 175(2) CrPC.",వారు ఎఫ్ఐఆర్‌ను ఇంకా నమోదు చేయాల్సి ఉంది.
"Insofar as the definition of occupier in Section 2(e) of the 1971 Act is concerned, it must be immediately stated that the said definition is not exhaustive but inclusive. Clauses (i) to (iv) of Section 2(e) definitely do not embrace within itself a trespasser but Clause (v) that reads, `occupier includes any person who is liable to pay to the owner damages for the use and occupation of any land or building would surely take within its fold and sweep a trespasser since such person is not only liable for damages for an act of trespass but also liable to pay to the owner damages for the use and occupation of any land or building trespassed by him. It is immaterial whether damages for the use and occupation are in fact claimed or not by the owner in an action against the trespasser.",అతిక్రమణదారుడిపై యజమాని వాడుక మరియు నివాసానికై నష్ట పరిహారం కోసం నిజంగా దావా వేసినా వేయకున్నా అది అసంబద్ధం.
"It has entered into agreement with BBLIL for a period ending on March 21, 1997. Later an agreement was entered into with M/s. HLL with effect from March 22, 1997.","1997 మార్చి 21 సమయానికి ముగిసేలా, అది బిబిఎల్ఐఎల్‌తో ఒప్పందం కుదుర్చుకుంది."
"It has entered into agreement with BBLIL for a period ending on March 21, 1997. Later an agreement was entered into with M/s. HLL with effect from March 22, 1997.","తర్వాత, మార్చి 22, 1997 నుండి అమలులోకి వచ్చేలా శ్రీయుతులు.హెచ్ఎల్ఎల్‌తో ఒప్పందం కుదిరింది."
"It is contended that the partisan approach of the authorities in the State of Gujarat is writ large, which is evident from a bare reading of the counter affidavit filed. The role which is to be played by the investigating agency and finally the court has been assumed by the authorities who were not competent to deal with the matter. It is pointed out that in Ramesh Kumari v.","గుజరాత్ రాష్ట్ర అధికారుల పక్షవాది విధానం చాలా స్పష్టమైనదని సవాలు చేయబడింది, ఇది దాఖలైన కౌంటర్ అఫిడవిట్ ప్రాథమిక పఠనమే స్పష్టం చేస్తోంది."
"It is used when an author wants to give people the right to share, use and build upon a work that they have created. GPL is primarily designed for providing public licence to a software. GNU GPL is another free software license, which provides end users the freedom to run, study, share and modify the software, besides getting regular updates.",జిపిఎల్‌ను ప్రధానంగా ఏదైనా సాఫ్ట్‌వేర్‌కు బహిరంగ అనుమతి ఇవ్వడానికి రూపొందించారు.
"M/s. Kwality Ice Cream (respondent-assessee) is engaged in the manufacture of ice cream falling under the Schedule to the Central Excise Tariff Act, 1985 (for short the Act). It entered into an agreement for the sale of the entire production to BBLIL, which later merged with HLL, for marketing.","బిబిఎల్ఐఎల్‌ పూర్తి ఉత్పాదన విక్రయానికి ఒక ఒప్పందం చేసుకుంది, అది తరువాత మార్కెటింగ్ కొరకు హెచ్ఎల్ఎల్ తో విలీనమైయింది."
"M/s. Kwality Ice Cream (respondent-assessee) is engaged in the manufacture of ice cream falling under the Schedule to the Central Excise Tariff Act, 1985 (for short the Act). It entered into an agreement for the sale of the entire production to BBLIL, which later merged with HLL, for marketing.","క్వాలిటీ ఐస్ క్రీం (ప్రతివాదీ-పన్ను చెల్లింపుదారు) సెంట్రల్ ఎక్సైజ్ టారిఫ్ యాక్ట్, 1985 షెడ్యూల్ క్రింద (లఘువుగా, ఈ చట్టం) ఐస్ క్రీం తయారీలో నిమగ్నమయ్యి ఉంది."
"Moreover the Opposition Labour Party refused to take part in the Conference. The serious gap at this session, as at the first, was the absence of the Congress, for the Congress had in the meantime launched another campaign of civil disobedience. The important question considered at this short session was the composition of the federal legislature.",ఈ స్వల్పకాలిక సమావేశంలో యోచించిన ముఖ్యమైన ప్రశ్న సమాఖ్య శాసనసభ కూర్పు గురించి.
"Moreover, learned senior counsel submitted that it is technically impossible for BSNL to trace or block a call with a tampered (masked) CLI. That, on a given day a single POI handles millions of minutes of calls which are handed over to BSNL and in such a situation it is not commercially feasible to 7 decipher which call is genuine and which call is without CLI/tampered CLI. Thus, clause 6.4.6 should be interpreted against the background knowledge referred to above and, if so read, it becomes clear that the said clause is inserted in the Agreement for commercial prudence as a thumb rule and should as such be interpreted in that manner.","పైగా, చెడగొట్టబడ్డ (దాచబడ్డ ) సిఎల్ఐ తో బిఎస్ఎన్ఎల్ కు ఒక కాల్ జాడ పట్టడం లేదా బ్లాక్ చేయడం సాంకేతికంగా అసాధ్యమని విద్వత్తుగల సీనియర్ న్యాయవాది నివేదించారు."
"Moreover, learned senior counsel submitted that it is technically impossible for BSNL to trace or block a call with a tampered (masked) CLI. That, on a given day a single POI handles millions of minutes of calls which are handed over to BSNL and in such a situation it is not commercially feasible to 7 decipher which call is genuine and which call is without CLI/tampered CLI. Thus, clause 6.4.6 should be interpreted against the background knowledge referred to above and, if so read, it becomes clear that the said clause is inserted in the Agreement for commercial prudence as a thumb rule and should as such be interpreted in that manner.","ఇంకా, యే రోజైనా, బిఎస్ఎన్ఎల్‌ కి అప్పగించిన కోట్ల నిమిషాల కాల్స్ ను ఒక్క పిఓఐ నిర్వహణ చేపడుతుంది, ఇక అటువంటి పరిస్థితిలో, యే కాల్ యథార్థమైనది, యేది సి. ఎల్. ఐ. రహిత కాల్ లేక చెడగొట్టబడ్డ సిఎల్ఐ దో తెలుసుకొనుట వాణిజ్యపరంగా సాధ్యం కాదు."
"On the interpretation of clause 6.4.6, learned counsel submitted that the said clause carries a heavy penalty; that the said clause is attracted in cases of tampering/wrong routing of calls attributable to some fault on the part of the operator and not otherwise, and since in the present case the actions complained are attributable to an unscrupulous subscriber and not to Reliance, clause 6.4.6 cannot be invoked. In other words, according to the learned counsel, grey market operations of telecom are a reality affecting all telecom service operators and cannot become a ground for invoking clause 6.4.6 which is a unilateral clause regardless of the fault of the private operator. Learned senior counsel further submitted that the contention of BSNL regarding strict civil liability is entirely misplaced as BSNL does not possess any statutory power to impose such liability.","ఉపనిబంధన 6.4.6 వివరణ పిమ్మట, సదరు ఉపనిబంధన భారీ జరిమానా విధిస్తుందని; కాల్స్ లో జోక్యం చేసుకోవడం లేదా కాల్సును తప్పు దారి పట్టించడం ఆపరేటర్ వైపు తప్పిదం కారణంగానే తప్ప మరేమీ కాని సందర్భాలలో సదరు ఉపనిబంధన ఉపయుక్తిలోకి వస్తుందని; మరియు ప్రస్తుత కేసులో ఫిర్యాదు చేయబడ్డ కార్యకలాపాలకు కారణం ఒక విచక్షణారహిత చందాదారుడిదే కానీ రిలయన్స్ వారిది కాదని, ఉపనిబంధన 6.4.6 ని ఆశ్రయించలేరని విద్వత్తుగల న్యాయవాది సవినయంగా నివేదించారు."
Ransomware can get downloaded when the users visit any malicious or unsecure websites or download software from doubtful repositories. Some ransomware are sent as email attachments in spam mails. It can also reach our system when we click on a malicious advertisement on the Internet.,కొన్ని రాన్‌సమ్‌వేర్‌లు స్పామ్ మెయిల్‌లలో ఈమెయిల్ అటాచ్‌మెంట్‌లుగా పంపబడతాయి.
"That, what BSNL can recover is either consideration for services rendered by their interconnection or compensatory damages in case of breach of any of the clauses of the said Agreement. This is because the Contract Act does not contemplate any other amount being received by one contracting party (BSNL) from the other contracting party (Reliance). That, the consideration for services rendered by interconnection is regulated by TRAI it is not open to BSNL to charge what they like.",ఇది ఎందుకంటే కాంట్రాక్ట్ యాక్ట్ ఒప్పందం కుదుర్చుకున్న ఒక పక్షం (బి. ఎస్. ఎన్. ఎల్.) నుండి ఒప్పందం కుదుర్చుకున్న మరొక పక్షం (రిలయన్స్) ఇతర యే మొత్తాన్ని అందుకున్నట్లు భావించదు.
"The FIR according to the petitioner is contradictory and the Complaint fails to disclose how the alleged actions of the petitioner, led to the suicidal death of the actor. The petitioner projects that she has fully cooperated with the Mumbai Police in their inquiry but will have no objection if the investigation is conducted by the CBI. Mr. Shyam Divan the learned Senior Counsel submits that justice needs to be done in this case and powers under Article 142 of the Constitution can be invoked by the Court.",తాను ముంబై పోలీసువారికి విచారణలో పూర్తిగా సహకరించానని మరియు సి. బి. ఐ. దర్యాప్తు చేపట్టిన యెడల తనకు ఎటువంటి అభ్యంతరం ఉండబోదని ఫిర్యాది స్పష్టం చేసింది.
"The GNU General public license (GPL) and the Creative Commons (CC) are two popular categories of public licenses. CC is used for all kind of creative works like websites, music, film, literature, etc. CC enables the free distribution of an otherwise copyrighted work.",జి ఎన్ యు సాధారణ ప్రజా లైసెన్స్ (జి పి ఎల్) మరియు క్రియేటివ్ కామన్స్ (సి సి) అనేవి ప్రజా లైసెన్సులలో రెండు ప్రధాన వర్గాలు.
"The NGT has in the present case abdicated its jurisdiction and entrusted judicial functions to an administrative expert committee. An expert committee may be able to assist the NGT, for instance, by carrying out a fact-finding exercise, but the adjudication has to be by the NGT. This is not a delegable function.","ఎన్జిటి ప్రస్తుత కేసులో, తన అధికారాన్నిత్యజించి న్యాయబద్ధ కార్యాచరణను ఒక పరిపాలనా నిపుణుల సంఘానికి అప్పగించింది."
The appellant traversed the first respondents claim and set up the case in the written statement that the subject room was constructed by her in 1987 and she was holding a photopass for the said room. She denied that she was a trespasser. She set up a plea that subject room was situate in the slum area declared under the 1971 Act and the suit filed by the first respondent was not maintainable without written permission of the Competent Authority in view of the prohibition contained in Section 22(1)(a) of that Act.,ప్రస్తావిత గది 1971 యాక్టు క్రింద ప్రకటిత మురికివాడలో ఉందని మరియు మొదటి ప్రతివాది దాఖలు చేసిన దావా ఆ యాక్టులోని సెక్షన్ 22(1)లో నిషేధం దృష్ట్యా సమర్థాధికారి లిఖితపూర్వక అనుమతి లేకుండా నిర్వహించదగినది కాదని ఒక అభ్యర్థనను సమర్పించింది.
"The basic question is as to what course is to be adopted if the police does not do it. As was held in All India Institute of Medical Sciencess case (supra) and re-iterated in Gangadhars case (supra) the remedy available is as set out above by filing a complaint before the Magistrate. Though it was faintly suggested that there was conflict in the views in All India Institute of Medical Sciencess case (supra), Gangadhars case (supra), Hari Singhs case (supra), Minu Kumaris case (supra) and Ramesh Kumaris case (supra), we find that the view expressed in Ramesh Kumaris case (supra) related to the action required to be taken by the police when any cognizable offence is brought to its notice.","అఖిల భారత వైద్య విజ్ఞాన సంస్థ కేసులో జరిగినట్లు, మరియు గంగాధర్ కేసులో పునరుద్ఘాటించినట్లు, పూర్వోక్త విధంగా న్యాయాధిపతి సమక్షంలో ఫిర్యాదు దాఖలు చేయడమే అందుబాటులో ఉన్న పరిహారం."
"The basic question is as to what course is to be adopted if the police does not do it. As was held in All India Institute of Medical Sciencess case (supra) and re-iterated in Gangadhars case (supra) the remedy available is as set out above by filing a complaint before the Magistrate. Though it was faintly suggested that there was conflict in the views in All India Institute of Medical Sciencess case (supra), Gangadhars case (supra), Hari Singhs case (supra), Minu Kumaris case (supra) and Ramesh Kumaris case (supra), we find that the view expressed in Ramesh Kumaris case (supra) related to the action required to be taken by the police when any cognizable offence is brought to its notice.","అఖిల భారత వైద్య విద్యా సంస్థ కేసు, గంగాధర్ కేసు, హరి సింగ్ కేసు, మీను కుమారి కేసు మరియు రమేష్ కుమారి కేసులలోని సమీక్షలలో విభేదం ఉన్నదని ఆస్పష్టముగా సూచించబడినప్పటికీ, రమేష్ కుమారి కేసులో వ్యక్తమైన సమీక్ష ఏదైనా విచారించతగిన అపరాధం గురించి పోలీసువారి దృష్టికి వచ్చినప్పుడు వారు తీసుకోవలసిన చర్యకు సంబంధించినది అని మనకు తెలుస్తుంది."
"The course available, when the police does not carry out the statutory requirements under Section 154 was directly in issue in All India Institute of Medical Sciencess case (supra), Gangadhars case (supra), Hari Singhs case (supra) and Minu Kumaris case (supra). The correct position in law, therefore, is that the police officials ought to register the FIR whenever facts brought to its notice show that cognizable offence has been made out. In case the police officials fail to do so, the modalities to be adopted are as set out in Sections 190 read with Section 200 of the Code.","పోలీసువారు సెక్షన్ 154 క్రింద చట్టపరమైన చర్యలు తీసుకోని సందర్భంలో అందుబాటులోగల వ్యవాహార క్రమం అఖిల భారత వైద్య విజ్ఞాన సంస్థ కేసు, గంగాధర్ కేసు, హరి సింగ్ కేసు మరియు మీను కుమారి కేసులలో నేరుగా విరుద్ధంగా ఉన్నది."
"The decision was hence left to the expert agencies of the Union of India. However, having regard to the hardship which was faced by the petitioners and similarly placed persons, we left it open to them to submit a representation to the Union Government. Responding to the request, an extension of the cut-off date has been granted from 31 May 2022 to 31 July 2022.",అందువలన ఈ నిర్ణయాన్నియూనియన్ ఆఫ్ ఇండియా కి చెందిన నిపుణులైన సంస్థలకు వదిలివేసారు.
"The first respondent challenged the judgment and decree passed by the trial court in appeal before the District Court, Pune which was transferred to the court of the 8th Additional District Judge, Pune for hearing and final disposal. The first appellate court reversed the findings of the trial court on issue nos. 1 and 4 and held that the 4 suit filed by the first respondent was maintainable without the permission of the Competent Authority as she was a trespasser and in case of trespasser in occupation of slum area governed by the 1971 Act, the permission of the Competent Authority was not necessary.","మొదటి అప్పీలు న్యాయస్థానం సం. 1 మరియు 4 గల వాదాంశాలపై విచారణ న్యాయస్థానం ఇచ్చిన తీర్పులను తిప్పికొడుతూ మొదటి ప్రతివాది దాఖలు చేసిన ఈ 4 అభియోగాలు సమర్థాధికారి అనుమతి లేకుండా నిర్వహించదగినదని ఎందుకంటే ఆమె అతిక్రమణాదారు అని, మరియు 1971 యాక్టు క్రింద మురికివాడను ఒక అతిక్రమణాదారు ఆక్రమిస్తే, అందుకు సమర్థాధికారి అనుమతి అవసరం లేదని స్పష్టం చేసింది."
"The petitioner is a friend of the deceased, and she too is in the acting field since last many years. The petitioner and the deceased were in a live-in relationship but on 8.6.2020, a few days prior to the death of the actor, she had shifted to her own residence at Mumbai. According to the petitioner, the Mumbai Police is competent to undertake the investigation, even for the FIR lodged at Patna.","ఫిర్యాది మరియు మృతురాలు సహజీవన సాంగత్యంలో ఉండేవారు కానీ 8.6.2020 నాడు, నటి మృతికి కొద్ది రోజుల పూర్వం, ఆమె ముంబైలోని తన స్వగృహానికి మారింది."
The proceedings under Section 174 have a very limited scope. The object of the proceedings is merely to ascertain whether a person has died under suspicious circumstances or an unnatural death and if so what is the apparent cause of the death. The question regarding the details as to how the deceased was assaulted or who assaulted him or under what circumstances he was assaulted is foreign to the ambit and scope of the proceedings under Section 174 of the Code.,"ఈ చర్యల యొక్క లక్ష్యం కేవలం ఒక వ్యక్తి చనిపోవాడం అనుమానాస్పద పరిస్థితుల్లోనా లేక అసహజంగానా, అదే అయితే మృతికిగల అగుపడే కారణం ఏంటో నిర్ధారణ చేయడమే."
The proceedings under Section 174 have a very limited scope. The object of the proceedings is merely to ascertain whether a person has died under suspicious circumstances or an unnatural death and if so what is the apparent cause of the death. The question regarding the details as to how the deceased was assaulted or who assaulted him or under what circumstances he was assaulted is foreign to the ambit and scope of the proceedings under Section 174 of the Code.,"మృతుడిపై దాడి ఎలా జరిగింది, దాడి చేసింది ఎవరు లేదా ఎటువంటి పరిస్థితులలో దాడికి గురయ్యాడు వంటి వివరాలకు సంబంధించిన ప్రశ్న శిక్షాస్మృతిలోని సెక్షన్ 174 క్రింద చట్టపరమైన చర్యల పరిధి మరియు పరిమితికి అతీతం."
"The role of the Competent Authority under the 1971 Act is extremely important as the legislature has conferred power on him to carry out execution of works in improvement of the slum. Sub-Section (2) of Section 22 requires the person desiring to obtain the permission to make an application in writing to the Competent Authority. As per sub-section (3) on receipt of such application, the Competent Authority by an order in writing may either grant or refuse to grant such permission after giving an opportunity to the parties of being heard and after making such summary enquiries into the circumstances of the case as it thinks fit.","ఉప విభాగం(3) ప్రకారం, అటువంటి దరఖాస్తు స్వీకరించినప్పుడు, సమర్థాధికారి, లిఖితపూర్వక ఆదేశం ద్వారా, ఇరుపక్షాలకు వాదనలు వినిపించే అవకాశం కలిగించిన తరువాత, మరియు కేసు పరిస్థితులను బట్టి ఏది తగినదని భావిస్తే అందులో ఆ విధమైన సంక్షిప్త విచారణాలు జరిపిన తరువాత అటువంటి అనుమతి మంజూరు చేయవచ్చు లేదా తిరస్కరించనూవచ్చ."
"The role of the Competent Authority under the 1971 Act is extremely important as the legislature has conferred power on him to carry out execution of works in improvement of the slum. Sub-Section (2) of Section 22 requires the person desiring to obtain the permission to make an application in writing to the Competent Authority. As per sub-section (3) on receipt of such application, the Competent Authority by an order in writing may either grant or refuse to grant such permission after giving an opportunity to the parties of being heard and after making such summary enquiries into the circumstances of the case as it thinks fit.",సెక్షన్ 22 యొక్క సబ్-సెక్షన్ (2) ప్రకారం ఒక అనుమతి పొంద కోరే వ్యక్తి సమర్థాధికారికి లిఖితపూర్వతకంగా అర్జీని సమర్పించుకోవటం అవసరపరుస్తుంది.
"Trademark includes any visual symbol, word, name, design, slogan, label, etc., that distinguishes the brand or commercial enterprise, from other brands or commercial enterprises. For example, no company other than Nike can use the Nike brand to sell shoes or clothes. It also prevents others from using a confusingly similar mark, including words or phrases.","ట్రేడమార్కులో దాని బ్రాండ్ లేదా వాణిజ్యసంస్థను ఇతర బ్రాండ్లు లేదా వాణిజ్యసంస్థల నుండి వేరు చేసే ఎటువంటి దృశ్యప్రతీక, పదం, పేరు, రూపురేఖ, నినాదం, వివరణ చీటి, మొ. వి ఉంటాయి."
Whenever any information is received by the police about the alleged commission of offence which is a cognizable one there is a duty to register the FIR. There can be no dispute on that score. The only question is whether a writ can be issued to the police authorities to register the same.,"పోలీసువారు ఎప్పుడైనా గుర్తించదగిన అపరాధం జరిగినట్లు ఆరోపణ గురించి ఏదైనా సమాచారం అందుకుంటే, ఎఫ్. ఐ. ఆర్. నమోదు చేయాల్సిన బాధ్యత వారికి ఉంది."
"Where there are beachfront or bayfront houses, the owners will try to protect their property, through shoreline hardening for example. It is much easier to adapt to sea level rise if those properties are not built to begin with. Land use policies that discourage shoreline building will leave communities more flexibility to deal with sea level rise.",తీరప్రాంతం వెంట నిర్మాణాన్ని నిరోధించే భూమి వినియోగ విధానాలు ప్రజలకు సముద్ర మట్టం పెరుగుదలను ఎదుర్కొనేందుకు ఎక్కువ వశ్యతని ఇస్తాయి.
"Where there are beachfront or bayfront houses, the owners will try to protect their property, through shoreline hardening for example. It is much easier to adapt to sea level rise if those properties are not built to begin with. Land use policies that discourage shoreline building will leave communities more flexibility to deal with sea level rise.","సముద్రతీర లేదా అఖాతతీర ఇళ్ళు ఉన్నచోట, ఉదాహరణకు తీరప్రాంతాన్ని గట్టిపరిచడం ద్వారా, యజమానులు తమ ఆస్తిని కాపాడుకొనే ప్రయత్నం చేస్తారు."
"At that time the Ashram was in Kochrab, a small village near Ahmedabad. Plague broke out in this village, and I saw evident danger to the safety of the Ashram children. It was impossible to keep ourselves immune from the effects of the surrounding insanitation, however scrupulously we might observe the rules of cleanliness within the Ashram walls.","ఈ గ్రామంలో ప్లేగు చెలరేగింది, ఆశ్రమంలో ఉన్న పిల్లల భద్రతకు స్పష్టంగా ముప్పు ఉన్నట్లు నాకు కనబడింది."
"During the season, heat wave/severe heat wave conditions were observed in March and April. In the month of May, no significant heat wave conditions were observed. During March the heat wave conditions were observed at most places with Severe Heat wave conditions at isolated places occurred over West Rajasthan during 29-31 March, Heat wave conditions were also observed at a few places over east Rajasthan during 30-31 March, over Odisha and adjoining parts of Gangetic West Bengal, Coastal Andhra Pradesh and Tamil Nadu on 31 March.","ఈ బుతువులో, మార్చి, ఏప్రిల్‌లలో వడగాలి/తీవ్రమైన వడగాలుల పరిస్థితులు కనిపించాయి."
"During the season, heat wave/severe heat wave conditions were observed in March and April. In the month of May, no significant heat wave conditions were observed. During March the heat wave conditions were observed at most places with Severe Heat wave conditions at isolated places occurred over West Rajasthan during 29-31 March, Heat wave conditions were also observed at a few places over east Rajasthan during 30-31 March, over Odisha and adjoining parts of Gangetic West Bengal, Coastal Andhra Pradesh and Tamil Nadu on 31 March.","మే నెలలో, చెప్పుకోతగినంత వడగాలుల పరిస్థితులు కనిపించలేదు."
"Fatma Begum has lived a life away from the arc lights for several years now, so when this first lady of Indian cinema, whos never given a media interview, agreed to speak to me on 3 May 2013, I promptly made my way to her once-impressive but now crumbling residence in Dhanraj Mahal, where she lives with her daughter Zubeida. Clad in an olive- green chiffon saree, Fatma looked every bit the begum Id imagined her to be. After supping on the best Hyderabadi kebabs and qubani ka meetha Ive ever had, we settled down on huge, heavily-cushioned sofa chairs, sipping chai, to have a chat about her life and films.","అత్యుత్తమ హైదరాబాదీ కబాబ్‌లు, ఖుబానీ కా మీఠాను తిన్నాక, మేం పెద్ద కుషన్లతో ఉన్న భారీ సోఫా కుర్చీలలో కూర్చొని, ఆమె జీవితం, సినిమాల గురించి మాట్లాడుకోటానికి తేనీరు సేవిస్తూ కూర్చున్నాం."
"Fatma Begum has lived a life away from the arc lights for several years now, so when this first lady of Indian cinema, whos never given a media interview, agreed to speak to me on 3 May 2013, I promptly made my way to her once-impressive but now crumbling residence in Dhanraj Mahal, where she lives with her daughter Zubeida. Clad in an olive- green chiffon saree, Fatma looked every bit the begum Id imagined her to be. After supping on the best Hyderabadi kebabs and qubani ka meetha Ive ever had, we settled down on huge, heavily-cushioned sofa chairs, sipping chai, to have a chat about her life and films.","ఫాత్మా బేగం ఇప్పటికి చాలా ఏళ్లుగా ఆర్క్ లైట్లకు దూరంగా జీవితం గడుపుతున్నారు, ఎన్నడూ మీడియా ఇంటర్వ్యూ ఇవ్వని ఈ భారతీయ సినిమాకు చెందిన మొదటి మహిళ 2013 మే 3న నాతో మాట్లాడటానికి అంగీకరించడంతో, నేను వెంటనే ధన్‌రాజ్ మహల్‌లోని ఒకప్పడు ఆకట్టుకున్న, కాని ఇప్పుడు శిథిలమౌతున్న ఆమె ఇంటికి వెళ్ళాను, అక్కడ ఆవిడ తన కూతురు జుబేదాతో కలిసి నివసిస్తోంది."
"Friends, this pandemic has not yet come to an end. More dreadful variants of this virus are expected in coming days. Hence, we have to be ready for collective action and mutual cooperation to combat the pandemic and mobilise resources for a humanitarian response based on multilateralism.",రాబోయే రోజులలో ఈ వైరస్ తాలూకు మరిన్ని భయంకరమైన రూపాంతరాలు వస్తాయని అంచనా వేస్తున్నారు.
"Globally, antimicrobial resistance causes an estimated 700 000 deaths every year. Failing to tackle antimicrobial resistance could, by 2050, cause an estimated 10 million deaths a year and cost up to $100 trillion. The highest impact likely will be in Asia and Africa, which likely will account for an estimated 4.7 million and 4.2 million deaths, respectively.","అత్యధిక ప్రభావం ఆసియా ఇంకా ఆఫ్రికాలో ఉండే అవకాశం ఉంది, దీని కారణంగా వరుసగా 4.7 మిలియన్లు మరియు 4.2 మిలియన్ల మరణాలు సంభవించవచ్చు అని అంచనా."
"Here I found Abdul Gani Sheth expecting me, and he gave me a cordial greeting. He had a hearty laugh over the story of my experience at the hotel. 'However did you expect to be admitted to a hotel?' he said.","ఇక్కడ అబ్దుల్ గనీ షేత్ నా కోసం ఎదురుచూస్తూ కనబడ్డారు, ఆయన నన్ను హృదయపూర్వకంగా పలకరించారు."
"I saw the Manager and asked for a room. He eyed me for a moment, and politely saying, 'I am very sorry, we are full up,' bade me good- bye. So I asked the cabman to drive to Muhammad Kasam Kamruddin's shop.",దాంతో నేను క్యాబ్ అతడిని ముహమ్మద్ కసమ్ కమ్రుద్దీన్ దుకాణానికి తీసుకెళ్ళమని అడిగాను.
"Johannesburg was the stronghold of the Asiatic officers. I had been observing that, far from protecting the Indians, Chinese and others, these officers were grinding them down. Every day I had complaints like this: 'The rightful ones are not admitted, whilst those who have no right are smuggled in on payment of 100.","భారతీయులను, చైనీయులను, మిగతా వారిని కాపాడడం మాట అటుంచి, ఈ అధికారులు వారిని అణచివేస్తున్నారని నేను గమనిస్తూ ఉండేవాడిని."
"Mangal Panday was, then, tried before a court-martial. During the inquiry, attempts were made to compel him to reveal the names of other conspirators. But the valiant youth bluntly refused to do so.",ఆ విచారణ సమయంలో మిగతా కుట్రదారుల పేర్లను వెల్లడి చేయమని అతడిని ఒత్తిడి చేసే ప్రయత్నాలు జరిగాయి.
"Media is the most potent tool that connects the Parliament with its people. Given the sophistication and transformation brought in by the technological advancements that has further widened its reach, media has acquired a distinctive character of moulding public opinion today. In a vigilant society with growing population such as ours, it is but imperative that the institution of Parliament has its own independent channel to disseminate authentic information to its constituents.",మీడియా అనేది పార్లమెంట్‌ను దాని ప్రజలతో కలిపే అత్యంత శక్తివంతమైన సాధనం.
"On reaching Rajkot, I reported myself to the Medical officer the next morning. I was not unknown there. The Doctor felt ashamed and was angry with the inspector.",రాజ్‌కోట్‌కు చేరిన తర్వాత మరుసటి రోజు ఉదయం మెడికల్ ఆఫీసర్‌కు నన్ను నేను నివేదించుకున్నాను.
"Our country owes a deep debt of gratitude to our valiant ex-Servicemen. The Committee headed by the Cabinet Secretary on OROP has submitted its report and the recommendations of the Committee have been accepted. On the basis of these recommendations, the Government has decided to substantially improve the pension of pre 1 January 2006 defence pensioners below officer rank (PBOR) and bring pre 10 October 1997 pensioners on par with post 10 October 1997 pensioners.",శూరులైన మన మాజీ సైనికులకు మన దేశం చాలా రుణపడి ఉంటుంది.
Rashtriya Swasthya Bima Yojana (RSBY) was operationalised last year. The initial response has been very good. More than 46 lakh BPL families in eighteen States and UTs have been issued biometric smart cards.,ప్రారంభ స్పందన చాలా బాగుంది.
"She said that inequality is a sensitive challenge for all and is complex, representing inequality, discrimination, threat perception and violence. Women rights are indeed human rights. Women have a right to live with dignity and equality.",మహిళల హక్కులే నిజానికి మానవ హక్కులు.
"Since the centenary of Indian cinema is a milestone that cannot be ignored, our choice of theme for this issue was pretty much unavoidable. What we did take care to avoid, though, was treading the beaten path. We have slipped behind the scenes and sneaked towards the fringes, chosen the seedy over the glamorous, the fans over the superstar, the little- known over the celebrated, the background score over the hit song.","భారతీయ సినిమా శత జయంతి అనేది ఉపేక్షించలేని మైలురాయి కాబట్టి, ఈ అంశానికి మా నేపథ్య ఎంపిక దాదాపు అనివార్యమైంది."
"Some of the government initiatives like Swachh Bharat Abhiyan (to create mass awareness on cleanliness and environmental pollution, to eliminate open defecation and improve solid waste management) and Namami Gange (signifi cant reduction of pollution, conservation and resuscitation of the river Ganga) are worth mentioning here. During this phase the effective policy initiatives have started providing fruitful results. The total forest cover of India increased to 7,13,789 sq.","ఈ దశలో, ప్రభావంతమైన విధాన కార్యక్రమాలు ఫలవంతమైన ఫలితాలను అందించడం మొదలుపెట్టాయి."
"Some of the government initiatives like Swachh Bharat Abhiyan (to create mass awareness on cleanliness and environmental pollution, to eliminate open defecation and improve solid waste management) and Namami Gange (signifi cant reduction of pollution, conservation and resuscitation of the river Ganga) are worth mentioning here. During this phase the effective policy initiatives have started providing fruitful results. The total forest cover of India increased to 7,13,789 sq.","స్వఛ్ భారత్ అభియాన్ (శుభ్రత మరియు పర్యావరణ కాలుష్యం గురించి ప్రజలలో అవగాహన కల్పించడం, బహిరంగ మలవిసర్జనను నిర్మూలించడం, ఘన వ్యర్థ పదార్థాల నిర్వహణను మెరుగుపరచడం), నమామి గంగే (కాలుష్యాన్ని గణనీయంగా తగ్గించడం, గంగానదిని పునరుద్దరించడం) వంటి కొన్ని ప్రభుత్వ కార్యక్రమాలు ఇక్కడ ప్రస్తావించతగినవి."
"The Passport Seva Programme (PSP) has been further consolidated and strengthened during this period. Before 2014, 77 Passport Seva Kendras (PSK) were operational in the country. After 2014, 16 new PSK have been established by this Government to take the total number of PSK to 93, including all the States of the North East.","2014 కు ముందు, దేశంలో 77 పాస్‌పోర్ట్ సేవా కేంద్రా (పిఎస్‌కె)లు పనిచేస్తూ ఉండేవి."
The admission notice for the academic year 2020 was published on 08.12.2019 in all leading newspapers. Online Admission Procedure was adopted for the year 2020. Last date for applying online was 31.01.2020.,ఆన్‌లైన్‌లో దరఖాస్తు చేసుకోడానికి చివరి తేదీ 31.01.2020గా ఉండింది.
"The program concluded with a cultural event entitled 'Partition and Independence : Reflections in Literature & Cinema' organized by the employees of the Society. On this occasion a blood donation camp was also organized by the Society on 12th August, 2022. The staff members of the Society, the Council members and other members and well-wishers took active part in both organizing the program and also remaining present all through the day.","ఈ సందర్భంగా, ఈ సంఘం 2022 ఆగష్టు 12 న ఒక రక్తదాన శిబిరాన్ని కూడా నిర్వహించింది."
"The program concluded with a cultural event entitled 'Partition and Independence : Reflections in Literature & Cinema' organized by the employees of the Society. On this occasion a blood donation camp was also organized by the Society on 12th August, 2022. The staff members of the Society, the Council members and other members and well-wishers took active part in both organizing the program and also remaining present all through the day.",ఈ కార్యక్రమం సొసైటీ ఉద్యోగులు నిర్వహించిన 'విభజన మరియు స్వాత్రంత్యం: సాహిత్యం మరియు సినిమాలో ప్రతిబింబాలు' అనే పేరుగల సాంస్కృతిక కార్యక్రమంతో ముగిసింది.
"The program concluded with a cultural event entitled 'Partition and Independence : Reflections in Literature & Cinema' organized by the employees of the Society. On this occasion a blood donation camp was also organized by the Society on 12th August, 2022. The staff members of the Society, the Council members and other members and well-wishers took active part in both organizing the program and also remaining present all through the day.","సొసైటీ సిబ్బంది సభ్యులు, కౌన్సిల్ సభ్యులు మరియు మిగతా సభ్యులు, శ్రేయోభిలాషులు కార్యక్రమాన్ని నిర్వహించడంలో అలాగే రోజంతా హాజరై ఉండటంలో చురుకుగా పాల్గొన్నారు."
"The winter edition of Film Appreciation Course was launched on 23 rd November 2020. This course was also in coordination with National Film Archives of India, Pune and Ms Arunaraje Patil as course coordinator. A total of 41 participants from all over India participated in the course.",భారతదేశం నలుమూలలకు చెందిన మొత్తం 41 మంది వ్యక్తులు ఈ కోర్సులో పాల్గొన్నారు.
"There is macroeconomic stability. The financial system remains intact, with improved performance parameters. The country has withstood the shocks from COVID-19 and the conflict in Ukraine.",దేశం కోవిడ్-19 మరియు యుక్రెయిన్‌లో సంఘర్షణ వలన కలిగిన ఘాతాలను తట్టుకొని నిలబడింది.
"This year marks the Centenary year of Champaran Satyagraha, which gave a new direction to our freedom struggle and channelised janashakti in the fight against colonial power. Mahatma Gandhis ideals of Satyagraha instilled in every Indian an indomitable self-belief, and spirit of sacrifice for the larger good. This janashakti is today our greatest strength.","మహాత్మా గాంధీ సత్యాగ్రహ ఆదర్శాలు ప్రతీ భారతీయునిలో అచంచలమైన ఆత్మ విశ్వాసాన్ని, విస్తృతమైన బాగు కోసం త్యాగం చేయాలనే స్ఫూర్తిని నింపింది."
"Tourism 2020 vision is the World Tourism Organization long - term forecast and assessment of the development of tourism up to the first 20 years of the new millennium. An essential outcome of the Tourism 2020 vision is quantitative forecasts covering a 25 years period, with 1995 as base year and forecasts for 2000 and 2020. Tourism 2020 vision calls these motivating factors the three Es - Entertainment, Excitement and Education.",టూరిజం 2020 విజన్ అనేది ప్రపంచ పర్యాటక సంస్థ కొత్త సహస్రాబ్దిలోని మొదటి 20 సంవత్సరాల వరకు జరగగల పర్యాటక అభివృద్ధి గురించి చేసిన దీర్ఘకాలిక సూచన మరియు అంచనా.
"Until recently, no attempt had been made to prepare map showing different types of wastelands in India. The area reported by various government agencies under wastelands varies from 38 M ha, to 175M. ha.",బంజరుభూమిగా వివిధ ప్రభుత్వ సంస్థలు నివేదించిన విస్తీర్ణం 38 మిలియన్ హెక్టార్లు నుండి 175 మిలియన్ హెక్టార్లు వరకు ఉంటుంది.
"We are also going to organize a few important lectures including the programmed of observance of 'Azadi Ka Amrit Mahotsav'. Dr. Kalpana Kannabiran, eminent Sociologist and Social Activist delivered Indira Gandhi Memorial Lecture, 2021 on 20.07.2022. Professor Sudipta Sen received Sir William Jones Memorial Medal for 2021 and delivered a brief talk on William Jones and the Rule of Law in Late Eighteenth Century Calcutta on 22.07.2022.",'ఆజాదీ కా అమృత్ మహోత్సవ్'ను జరుపుకునే కార్యక్రమంతో సహా కొన్ని ముఖ్యమైన ఉపన్యాసాలను కూడా ఏర్పాటు చేయబోతున్నాం.
"We are also going to organize a few important lectures including the programmed of observance of 'Azadi Ka Amrit Mahotsav'. Dr. Kalpana Kannabiran, eminent Sociologist and Social Activist delivered Indira Gandhi Memorial Lecture, 2021 on 20.07.2022. Professor Sudipta Sen received the Sir William Jones Memorial Medal for 2021 and delivered a brief talk on William Jones and the Rule of Law in Late Eighteenth Century Calcutta on 22.07.2022.",2021కు గాను ప్రొఫెసర్ సుదీప్త సేన్ సర్ విలియం జోన్స్ మెమోరియల్ మెడల్ అందుకుని 22-07-2022 నాడు విలియం జోన్స్ మరియు ద రూల్ ఆఫ్ లా పై లేట్ ఐటీన్త్ సెంచరీ కలకత్తాపై సంక్షిప్త ప్రసంగం చేశారు.
"johannesburgwasthestrongholdoftheasiaticofficers.ihadbeenobservingthat,farfromprotectingtheindians,chineseandothers,theseofficersweregrindingthemdown.everydayihadcomplaintslikethis:'therightfulonesarenotadmitted,whilstthosewhohavenorightaresmuggledinonpaymentof100'.","ప్రతీ రోజు నాకు ఇలాంటి ఫిర్యాదులు అందేవి: 'హక్కు ఉన్న వారిని అనుమతించట్లేదు, పైగా యే హక్కు లేని వారిని 100 కడితే అక్రమంగా లోపలికి పంపిస్తున్నారు."
Another famous iron pillar is located at Mookambika temple in Kodachari Hill in a town near Mangalore. It also belongs to the same period. The iron beams lying in the Surya temple at Konark are still bigger in size.,కోణార్క్ లోని సూర్య దేవాలయంలో ఉన్న ఇనుప దూలాలు ఇంకా పెద్దవి.
Aparigraha is the first step towards advancement on the road of Dharma - Righteousness. An Aparigrahi is always above self. The Jain doctrine of non-acquisition could lead to more equitable distribution of wealth and resources in society.,అపరిగ్రహం అనే జైన సిద్ధాంతం సమాజంలో సంపదా సాధనాల మరింత నిష్పాక్షికమైన విభజనానికి దారి తీయగలదు.
"As is mentioned elsewhere in this work, Yima or King Jamshed and his father Vivanhusa are both mentioned in Chapter 32.8 as persons whose example Zarathustra does not wish to follow as they illumine the material aspects of life. Likewise, two particularly evil human beings, Grehma and Bendva, are mentioned in Chapters 32.12, 32.13, and 32.14 and Chapters 49.1 and 49.2 respectively. Fryana, said to be a Turanian, i.e. a Mongol, is also mentioned in Chapter 46.12 as being a person who has embraced the faith.","అలాగే, 32.12, 32.13, మరియు 32.14 అధ్యాయాలలో, అలాగే 49.1 మరియు 49.2 అధ్యాయాలలో వరుసగా, ఇద్దరు ప్రత్యేకమైన దుష్ట మానవులు గ్రెహ్మా మరియు బెండ్వాలపేర్కొనబడ్డారు."
"Buddhism advocates the middle path. Its goal is neither nihilism, for there is nothing permanent to annihilate nor eternal- ism, for there is no permanent soul to eternalize. The Buddhist goal can be achieved in this life itself.","దీని లక్ష్యం శూన్యవాదం కాదు, ఎందుకంటే నాశనం చేయగలగటానికి ఏదీ శాశ్వతము కాదు, అలాగే శాశ్వతవాదం కూడా కాదు ఎందుకంటే శాశ్వతంగా నిలిచిపోయే శాశ్వత ఆత్మ లేదు."
Great was his compassion for the two dear ones at this parting moment. Greater was his compassion for suffering humanity. He was not worried about the future worldly hap- piness and comfort of the mother and child as they had every thing in abundance and were well protected.,విడిపోయే ఈ క్షణాన ప్రియమైన ఆ ఇరువురి పట్ల ఆయనకు కలిగిన కరుణ గొప్పది.
Great was his compassion for the two dear ones at this parting moment. Greater was his compassion for suffering humanity. He was not worried about the future worldly hap- piness and comfort of the mother and child as they had every thing in abundance and were well protected.,"వారు ప్రతీదీ సమృద్ధిగా కలిగి ఉండి, బాగా పరిరక్షించబడి ఉన్నందున భవిష్యత్తులో ఆ తల్లీ, బిడ్డల ప్రాపంచిక ఆనందం మరియు సౌకర్యం గురించి ఆయన చింతించలేదు."
"I could not endure this. I must have stood there to hear them once only, but that was enough to dissuade me from repeating the experiment. About the same time, I heard of a well known Hindu having been converted to Christianity.","దాదాపు అదే సమయంలో, ఒక ప్రసిద్ధ హిందువు క్రైస్తవ మతానికి మార్చబడడం గురించి విన్నాను."
"In the following verses, we are told that God appoints Zarathustra as a teacher for mankind, to tell them of the path of truth and how to live in accordance with truth. The prophet invokes the embodiment of truth itself to fulfill his guardianship as planned. In a verse of great poignancy, he shows his humility by asking the Almighty to take pity on him when he is judged.","ఈ క్రింది చరణాలలో, భగవంతుడు జరతుష్ట్రను మానవజాతికి సత్య మార్గం గురించి మరియు సత్యానికి అనుగుణంగా ఎలా బ్రతకాలో తెలుపమని వారికి గురువుగా నియమించాడని మనకి తెలియజేయడం జరుగుతుంది."
"In the three worlds there is not, and there will never be, any to equal him in martial or spiritual prowess. When he was king he obtained from the gods mastery of all weapons. He beholds the past, the present and the future.","శౌర్యములోనూ ఆధ్యాత్మిక పరాక్రమములోనూ అతనికి సరిసమానులైన వారు ఈ ముల్లోకాలలో ఎవరూ లేరు, ఇక ఎప్పటికీ ఉండబోరు."
In those happy days when there were no political distur- bances the intellectuals of India were preoccupied with the study and exposition of some religious system or other. All facilities were provided for those more spiritually inclined to lead holy lives in solitude in accordance with their tempera- ments and most of these teachers had large followings of disci- ples. So it was not difficult for the ascetic Gotama to find another religious teacher who was more competent than the former.,"ఆధ్యాత్మిక ఆసక్తి గలవారికి తమ స్వభావమునకు అనుగుణంగా ఏకాంతములో తమ పవిత్ర జీవితాలను కొనసాగించేందుకు అన్ని సౌకర్యాలు అందించబడేవి, అలాగే ఈ గురువులను అనుసరించే శిష్యులు అధిక సంఖ్యలో ఉండేవారు."
In those happy days when there were no political distur- bances the intellectuals of India were preoccupied with the study and exposition of some religious system or other. All facilities were provided for those more spiritually inclined to lead holy lives in solitude in accordance with their tempera- ments and most of these teachers had large followings of disci- ples. So it was not difficult for the ascetic Gotama to find another religious teacher who was more competent than the former.,"కనుక, తపస్వి గోతమాకి గత ఆధ్యాత్మిక గురువుని మించిన సమర్ధతగల మరొక గురువును వెతికి పొందడం కష్టతరం కాలేదు."
Jainism has laid down and described in much detail these five great vows for the path of liberation. These are to be observed strictly and entirely by the monks and nuns. The partial observance is laid down for the householders with additional seven vows.,ఆ గృహస్థులకు అదనంగా ఏడు నియమాలతో కూడిన పాక్షిక అణుష్ఠానాన్ని నిర్దేశించారు.
"Likewise, the second grade, the Airyamna or friend, is attacked by those who slander him such persons should be kept away from him. And as far as the workers on the ground are concerned, since there will be opposition at home from members of the old faith, they should be protected. Further, the first two grades are exhorted to live according to the spiritual law received by them so that they can set a good example to the last grade, which is the worker.","అదే విధంగా, రెండవ శ్రేణి వాడైన, అయిర్యంనుడు, లేదా మిత్రుడు, తనని దూషించేవారి చేత దాడి చేయబడతాడు; అటువంటి వ్యక్తులను అతడికి దూరం పెట్టాలి."
"Meditation on Nam burns countless sins. Singing the glory of the Lord through the Divine Word, can redeem a repentant sinner and, thus, doctrine of Karma ceases to operate. Such is the splendor of Guru Nanak's doctrine of God's Grace and Compassion.","ఈశ్వరుడిని దివ్యస్తుతితో కీర్తిగానం చేయుట పశ్చాత్తప్తుడైన పాపాత్ముడిని విడిపించగలదు, మరియు ఆవిధముగా, కర్మ సిద్ధాంతం వర్తించటం నిలిచిపోతుంది."
"One very important aspect of spreading the revelation received from Almighty God is the instrument by which it is to be spread the Magha brotherhood. This brotherhood consists of three grades the highest is the Xvaitu, who is no longer in need of religious instruction but is self-reliant; the Airyamna or friend who befriends persons so that they do not go astray; and the Verezanah, or the worker who is the active field worker on the ground, who is to spread the faith. Thus, in a significant verse, those who are self-reliant in the first rung of the Magha brotherhood should beware of perverse thought the idea being that humility and not arrogance ought to be followed by persons who have reached the highest grade.","అత్యున్నతమమైనవాడు జ్వైతు, ఇతడు స్వయం సమృద్ధితో ఎటువంటి మతపరమైన బోధన అవసరం లేనటువంటివాడు; ఐర్యమ్న, లేదా మిత్రుడు, ప్రజలకు మిత్రుడై వారు తప్పుదారి పట్టకుండా కాపాడేవాడు; అలాగే వేరేజ్నా, లేదా శ్రామికుడు, ఇతడు భూమిపై విశ్వాసమును వ్యాప్తిచేయవలసిన క్రియాశీల క్షేత్ర కార్యకర్త ."
"The Buddha cites this illustration of fire and adds that the question is wrongly put. One may be confused. But, it is not surprising.","బుద్ధుడు అగ్ని తాలూకు ఈ ఉదాహరణను ఉటంకిస్తూ, ప్రశ్న సరిగా వేయబడలేదని చెప్తాడు."
"The Buddha says it is not right to state that an Arahant exists nor does not exist after death. If, for in- stance, a fire burns and is extinguished, one cannot say that it went to any of the four directions. When no more fuel is added, it ceases to burn.",మరణానంతరం ఒక అరహంతు ఉనికి ఉంటుందో ఉండదో అని వ్యక్తీకరించుట సరి కాదు అనేది బుద్ధుడి మాట.
"The Buddha was the first most active missionary in the world. He wandered from place to place for forty-five years preaching His doctrine to the masses and the intelligentsia. Till His last moment, He served humanity both by example and by precept.",అయన చివరి క్షణం వరకు మానవజాతికి ఉదాహరణతో మరియు ఆచరణతో సేవనందించారు.
"The basic intent of this vow is to conquer passion and to prevent the wastage of energy. Positively stated, the vow is meant to impart the sense of serenity to the soul. In this vow, the householder must not have a sensual relationship with anybody but his own lawfully wedded spouse.","ఈ ప్రతిజ్ఞ ప్రకారం, గృహస్థుడు తన చట్టబద్ధ సహధర్మచారిణితో తప్ప మరెవరితోనూ విషయాసక్త సంబంధము పెట్టుకొనరాదు."
"The battle rages for eighteen days and ends with the defeat of the Kauravas. All the Kauravas die; only the ve Pandava brothers and Krishna survive. The six set out for heaven together, but all die on the way, except Yudhishthira, who reaches the gates of heaven accompanied only by a small dog, who turns out to be an incarnation of the god Dharma.","అరుగురూ కలిసి స్వర్గానికి బయలుదేరుతారు కానీ మార్గము మధ్యలో యుధిష్ఠిరుడు తప్ప అందరూ గతిస్తారు, స్వర్గ ద్వారాల వద్దకు చేరిన ఆయన వెంట ఒక చిన్న శునకము ఉంటుంది, అది ధర్మదేవత యొక్క అవతారమని తెలుస్తుంది."
"The idealistic approach of Sikhism is that it recognizes the existence of the same heavenly Light in every human being, rich or poor, high or low irrespective of caste, creed, color, race, sex, religion or nationality. Therefore the doors of the Sikh temple called Gurdwara (House of the Guru) are open for all in this world without any prejudice or social discrimination. Every person in this world has equal right to enter and join the services in the Gurdwara.","సిక్కు ధర్మం యొక్క ఆదర్శమార్గం ఏదంటే పేద-ధనిక, ఉచ్ఛ-నీచ, కులం, జాతి, వర్ణ, లింగ, మత, జాతీయతకు అతీతంగా ప్రతి మానవుని లోను అదే దివ్య కాంతి యొక్క ఉనికిని గుర్తించేది."
"The idealistic approach of Sikhism is that it recognizes the existence of the same heavenly Light in every human being, rich or poor, high or low irrespective of caste, creed, color, race, sex, religion or nationality. Therefore the doors of the Sikh temple called Gurdwara (House of the Guru) are open for all in this world without any prejudice or social discrimination. Every person in this world has equal right to enter and join the services in the Gurdwara.",అందువల్ల గురుద్వారాగా (గురువు నివాసం) పిలువబడే సిక్కుల ఆలయ ద్వారాలు ఎటువంటి పక్షపాతం లేదా సామాజిక అంతరానికి అతీతంగా ఈ ప్రపంచంలో అందరికీ తెరవబడి ఉంటాయి.
The law of Karma or fatalism is repugnant to Sikh Religion as it does not reconcile with the merciful trait of the Almighty Lord. There is no such thing in Sikhism as eternal damnation or an everlasting pit of fire created by the revengeful God. Guru's grace erases the blot of thousands of evil deeds of the past and the present. It is also the savior of the future.,ఇది భవిష్యత్తులో కూడా రక్షిస్తుంది.
"The mode of revelation is pointed out in some of these verses, which is the Pure Mind entering Zarathustra and telling him what he should tell mankind. In an interesting verse, he lays down two important principles one, to fight evil to the extent that one is capable of so doing, and second, to pray to Fire being the physical embodiment of a spiritual being, namely Truth. In perhaps the most important verse in the Gathas, Chapter 45 Verse 8, Prophet Zarathustra finally gets to perceive Almighty God himself with his minds eye, pursuant to which the Holy Trinity of good thoughts, good words, and good deeds is laid down as the path of truth which mankind is to follow.","గాథలలోని 45వ ఆధ్యాయం, 8వ వాక్యంలో బహుశః అతి ముఖ్యమైన చరణంలో, జరతుష్ట్ర ప్రవక్త తుదకు తన మనోనేత్రముతో స్వయంగా సర్వశక్తిమంతుడగు భగవంతుడిని అవగాహన చేసుకోగలుగుతాడు, దీనిని అనుసరించి, సద్భావనలు, పరిశుద్ధ వాక్కు మరియు సత్కర్మలు అనే పవిత్ర మూర్తిత్రయాన్ని సత్యమార్గముగా మానవాళి అనుసరించుటకు విధించబడినది."
"The mode of revelation is pointed out in some of these verses, which is the Pure Mind entering Zarathustra and telling him what he should tell mankind. In an interesting verse, he lays down two important principles one, to fight evil to the extent that one is capable of so doing, and second, to pray to Fire being the physical embodiment of a spiritual being, namely Truth. In perhaps the most important verse in the Gathas, Chapter 45 Verse 8, Prophet Zarathustra finally gets to perceive Almighty God himself with his minds eye, pursuant to which the Holy Trinity of good thoughts, good words, and good deeds is laid down as the path of truth which mankind is to follow.","ఈ చరణాలలో కొన్నింటిలో ఈశ్వరాదేశం అందే విధానం స్పష్టంగా సూచించబడింది, అదే పవిత్రమైన బుద్ధి జరతుష్ట్రలోకి ప్రవేశించి ఆయన మానవాళికి ఏమి తెలుపాలో ఆయనకి చెబుతుంది."
"The other person mentioned by name is Grehma, who may well have been some evil priest or king. He is said to doom life to death, but once reformed by suffering will ask to be instructed correctly. The third person mentioned by name is Bendva, who again is said to be both a liar and duplicitous by nature, thus leading Zarathustra to forbid his flock from associating with such persons in general.","మరోసారి అబద్ధాలకోరు మరియు వంచక స్వభావంగల వానిగా చెప్పబడి, పేర్కొనబడిన మూడవ వ్యక్తి బెండ్వా, ఆ విధంగా జరతుష్ట్ర తన సమూహాన్ని అటువంటి వ్యక్తులతో సహవాసం సాధరణంగానే వలదనేందుకు దారి తీసింది."
"The rest of the Gita deepens and supplements the ideas presented before the epiphanythe importance of self-control and faith, of equanimity and unselshness, but above all, of bhakti, or devotion. Krishna explains to Arjuna how he can obtain immortality by transcending the properties which qualify not only primordial matter, but also human character and behavior. Krishna also emphasizes the importance of doing ones duty, declaring that it is better to do ones own duty without distinction than to do anothers duty well.","ఆత్మ నిగ్రహం మరియు విశ్వాసం, సమదృష్టి మరియు నిస్వార్థత, అన్నిటికీ మించి భక్తి లేదా ఆత్మసమర్పణ వంటి విశ్వరూప దర్శనానికి ముందు పేర్కొన్న భావాలను గీతలోని తక్కిన భాగము తీవ్రతరం మరియు అనుపూరణ పరుస్తుంది."
"The verses chosen below refer only to the holy spirit Angra Mainyu being spoken about in the two great sermons of Zarathustra which will be set out a little later. In these verses, Zarathustra chooses to be like Spenta Mainyu, who is equated with the highest that any human mind can achieve. This spirit speaks in accordance with the Pure Minds revelations and fulfills the tasks that any right-minded person must do, inspired by the fact that God alone is the Father of Truth.","ఈ చరణాలలో, జరతుష్ట్ర యే మానవ మేధస్సు అయినా సాధించగల అత్యున్నతమైనదానితో సరిపోలే స్పెంత మైన్యు వలె ఉండాలని కోరుకున్నాడు."
"Then he takes Arjuna on a tour of philosophical ideas and ways of salvation. He discusses the nature of theory and action, the importance of ritual, the ultimate principle, Brahman, all the while gradually disclosing his own nature as the highest god. This part of the Gita culminates in an overwhelming vision: Krishna allows Arjuna to see his supernal form, the Vishvarupa, which strikes terror into Arjunas heart.",అప్పుడు ఆయన అర్జునునికి తాత్విక ఆలోచనలు మరియు మోక్షానికి మార్గాల దర్శనం చేయించాడు.
"Then he takes Arjuna on a tour of philosophical ideas and ways of salvation. He discusses the nature of theory and action, the importance of ritual, the ultimate principle, Brahman, all the while gradually disclosing his own nature as the highest god. This part of the Gita culminates in an overwhelming vision: Krishna allows Arjuna to see his supernal form, the Vishvarupa, which strikes terror into Arjunas heart.","గీతలోని ఈ భాగము ఒక మహత్తర దృశ్యంలో పరాకాష్టకి చేరుతుంది: కృష్ణుడు అర్జునునికి తన దివ్య రూపమైన విశ్వరూపాన్ని సాక్షాత్కరిస్తాడు, ఆది అర్జునుని గుండెల్లో భయభ్రాంతులను పుట్టిస్తుంది."
"Then there was a bastard king, Darius Nothos; Nothos means the son of somebody who is illegitimate, like William the Conqueror. Then we have Artaxerxes II, the man who was thoughtful (Mnemon). We have the Great Battle of Cunaxa in 400 BC fought against his brother Cyrus the Younger where he defeats him, and then we have Artaxerxes III, Arsaces.","అప్పుడు డారియస్ నాథోస్ అను జారజ రాజు ఒకడు ఉండేవాడు, నాథోస్ అనగా విలియం ద కాంకరర్ వలె అక్రమమైన సంతానము అని అర్ధము."
"Then there was a bastard king, Darius Nothos; Nothos means the son of somebody who is illegitimate, like William the Conqueror. Then we have Artaxerxes II, the man who was thoughtful (Mnemon). We have the Great Battle of Cunaxa in 400 BC fought against his brother Cyrus the Younger where he defeats him, and then we have Artaxerxes III, Arsaces.","ఇక ఆపై రెండవ అర్టాక్సెర్క్స్ ఉన్నాడు, ఇతడు ఆలోచనాపరుడు."
"Three persons are singled out by name. The first is Yima, who is none other than the famous King Jamshed after whom the Navroz festival on 21st March of every year is named. He is said to have illumined the material side of this earth instead of the spiritual, and is thus condemned by Zarathustra.",అతడు ఈ ప్రపంచం యొక్క ఆధ్యాత్మికత కన్నా భౌతిక కోణాన్నే విశదపరిచాడని పేరు కనుక జారాతుష్ట్రచే ఖండించబడ్డాడు.
"Three persons are singled out by name. The first is Yima, who is none other than the famous King Jamshed after whom the Navroz festival on 21st March of every year is named. He is said to have illumined the material side of this earth instead of the spiritual, and is thus condemned by Zarathustra.","మొదటివాడు యీమా, ఇతను ఎవరో కాదు పేరుగాంచిన జంషేద్ మహారాజు, ఇతని పేరిట ప్రతీ యేడు మార్చ్ 21 న నవరోజ్ పండుగ జరుగుతుంది."
"To remove this delusion, one takes the vow of non-possession and realizes the perfection of the soul. One must impose a limit on one's needs, acquisitions and possessions such as land, real estate, goods, valuables, animals, money etc. All surplus should be used for the common good.","ఈ భ్రాంతిని తొలగించుటకు, అపరిగ్రహ ప్రతిజ్ఞ పూని పరిపూర్ణ ఆత్మ సాక్షాత్కారం పొందుతారు."
"Unlike the nagara temple, the Dravida temple is enclosed within a compound wall. The front wall has an entrance gateway in its centre, known as gopuram. The shape of the main temple tower known as Vimna is similar to a stepped pyramid that rises up geometrically rather than the curving ikhara of north India.","నగారా ఆలయానికి భిన్నంగా, ద్రవిడ ఆలయానికి చుట్టూ ఒక ప్రహరిగోడ ఉంటుంది."
"We have already seen how Mother Earth wanted a protector to be appointed and how Zarathustra was so appointed. In one verse, he describes himself as a Ratu, with characteristic humility. However, he is really a Soshyant who has come with a message from God to save mankind from evil.","ఏదేమైనప్పటికీ, అతడు మానవాళిని చెడు నుండి రక్షించుటకై దైవ సందేశంతో వచ్చిన ఒక సోష్యంతుడు."
"We have already seen how Mother Earth wanted a protector to be appointed and how Zarathustra was so appointed. In one verse, he describes himself as a Ratu, with characteristic humility. However, he is really a Soshyant who has come with a message from God to save mankind from evil.","నేల తల్లి ఒక రక్షకుడు నియమింపబడాలని ఎలా కోరుకుందో, అందువల్ల జరతుస్ట్ర ఎలా నియామితుడయ్యాడో మనం ఇప్పటికే చూశాం."
"When Arjuna refuses to ght, Krishna has no patience with him. Only when he realizes the extent of Arjunas despondency does Krishna change his attitude and start teaching the mysteries of dharmic action in this world. He introduces Arjuna to the structure of the universe, the concepts of prakriti, primordial nature, and the three gunas, the properties that are active in prakriti.","అర్జునుడు యుద్ధం చేయటానికి నిరకరించినప్పుడు, కృష్ణుడు అతని పట్ల సహనం కోల్పోతాడు."
"oneveryimportantaspectofspreadingtherevelationreceivedfromalmightygodistheinstrumentbywhichitistobespreadthemaghabrotherhood.thisbrotherhoodconsistsofthreegradesthehighestisthexvaitu,whoisnolongerinneedofreligiousinstructionbutisself-reliant;theairyamnaorfriendwhobefriendspersonssothattheydonotgoastray;andtheverezanah,ortheworkerwhoistheactivefieldworkerontheground,whoistospreadthefaith.thus,inasignificantverse,thosewhoareself-reliantinthefirstrungofthemaghabrotherhoodshouldbewareofperversethoughttheideabeingthathumilityandnotarroganceoughttobefollowedbypersonswhohavereachedthehighestgrade.","అలా, ఒక విశేషమైన చరణములో, మఘా వర్గానికి తొలి సోపానమున ఆత్మవిశ్వాసముగలవారు ప్రతికూల భావనతో జాగ్రత్తగా ఉండవలెను దీని భావమేమనగా అత్యున్నత స్థితికి చేరుకున్న వ్యక్తులు అహంకారమును కాక వినయమును అనుసరించవలెను."
"""During the Tokyo Olympic cycle, I would go to a psychologist, but I never made it a priority and didn't look after my body. Now I speak to psychologists regularly because it is draining. Training every day, you have stress from the outside and other people, and you still need to focus because you have goals in mind.""","టోక్యో ఒలింపిక్ క్రమములో, నేను మనస్తత్వవేత్త వద్దకు వెళ్ళేవాడిని కానీ, ఎన్నడూ దానికి ప్రాధాన్యతనివ్వలేదు, నా శరీరాన్ని జాగ్రత్తగా చూసుకోలేదు"
"""I still needed to train hard. I still needed to find funding. It's great to be an Olympian, but there is the stress and anxiety afterwards.",నేను ఇంకా కఠినంగా అభ్యాసం చేయవలసి ఉండింది.
"""I still needed to train hard. I still needed to find funding. It's great to be an Olympian, but there is the stress and anxiety afterwards.","ఒలింపియన్‌ అయి ఉండటం గొప్పగా ఉంటుంది, కాని ఆపైన ఒత్తిడి, ఆందోళన ఉంటాయి."
"""It is after the Olympic Games that it hit me the most. It felt like I was almost not at the Olympic Games. And yes, you are an Olympian, but what do you get for it?","అవును, నువ్వు ఒలింపియన్‌వే, కాని దాని నుండి నీకు ఏం వస్తుంది?"
"""That was for my grandad, Niall,"" Walsh said afterwards. ""I didnt achieve it before he died in 2014. I felt he was there with me watching over me tonight.""",2014లో ఆయన చనిపోయే లోపు నేను అది సాధించలేదు.
"""That was for my grandad, Niall,"" Walsh said afterwards. ""I didnt achieve it before he died in 2014. I felt he was there with me watching over me tonight.""",ఈ రాత్రి ఆయన నన్ను చూస్తూ నాతో ఉన్నట్లు అనిపించింది.
"A penalty kick is awarded for offences taking place in the penalty and goal areas. A nominated member of the team is allowed to strike at goal from the penalty spot, with only the goalkeeper to beat. The goalkeeper must remain on his line until the ball has been kicked, and all other players must be outside the penalty area behind the penalty spot.","అడ్డుకునేందుకు గోల్కీపర్ ని మాత్రమే ఉండనిచ్చి, నియమించబడ్డ ఒక సభ్యుడికి పెనాల్టీ స్పాట్ నుండి గోల్ చేయడానికి అనుమతిస్తారు."
"A penalty kick is awarded for offences taking place in the penalty and goal areas. A nominated member of the team is allowed to strike at goal from the penalty spot, with only the goalkeeper to beat. The goalkeeper must remain on his line until the ball has been kicked, and all other players must be outside the penalty area behind the penalty spot.","బంతిని తన్నే వరకు గోల్కీపర్ తన రేఖ మీదనే, అలాగే మిగతా ఆటగాళ్లు అందరూ పెనాల్టీ చోటు వెనక పెనాల్టీ ప్రాంతానికి వెలుపల ఉండాలి."
"A team game means organised physical activity with players working together towards a shared objective. In team games a group of individuals in the same team, work together to achieve the objective of being the winners of the game. Team members set points and scores, make decisions, communicate among themselves, manage conflicting situations, and solve problems in a supportive, trusting atmosphere in order to achieve their objectives.",టీం గేమ్ అంటే ఆటగాళ్ళు ఒక ఉమ్మడి లక్ష్యం దిశగా కలిసి పనిచేసే వ్యవస్థీకృతమైన శారీరక కార్యకలాపం.
"A team game means organised physical activity with players working together towards a shared objective. In team games a group of individuals in the same team, work together to achieve the objective of being the winners of the game. Team members set points and scores, make decisions, communicate among themselves, manage conflicting situations, and solve problems in a supportive, trusting atmosphere in order to achieve their objectives.","జట్టు క్రీడలలో, ఒకే జట్టులోని వ్యక్తుల బృందం ఆటలో విజేతలు అవటం అనే లక్ష్యం సాధించేందుకు కలిసి పని చేస్తారు."
"A team game means organised physical activity with players working together towards a shared objective. In team games a group of individuals in the same team, work together to achieve the objective of being the winners of the game. Team members set points and scores, make decisions, communicate among themselves, manage conflicting situations, and solve problems in a supportive, trusting atmosphere in order to achieve their objectives.","తమ లక్ష్యాలను సాధించటానికి, బృందం సభ్యులు ప్రోత్సాహకర, విశ్వసనీయమైన పరిస్థితుల మధ్య. పాయింట్లు, స్కోర్లు నిశ్చయించుకుంటారు, నిర్ణయాలు తీసుకుంటారు, తమలో తాము సంవదించుకుంటారు, విరుద్ధమైన పరిస్థితులను సంబాళించుకుంటారు మరియు సమస్యలు పరిష్కరించుకుంటారు."
"Although she had achieved almost everything she had dreamt about as a young girl, Whitebooi was left with a sense of discontent after Tokyo. The global pandemic has taken some shine off the experience of the Olympics. Whitebooi recovered from COVID-19 in the buildup to the showpiece, was knocked out in her first round, and left Tokyo with only a tiny taste of competing at the Games and life in the athlete's village.","వైట్‌బూయి తన చిన్నతనంలో కలలుగన్నవి దాదాపు అన్నిటినీ సాధించినప్పటికీ, టోక్యో తర్వాత ఆమెలో అసంతృప్తి భావన మిగిలిపోయింది."
"Although she had achieved almost everything she had dreamt about as a young girl, Whitebooi was left with a sense of discontent after Tokyo. The global pandemic has taken some shine off the experience of the Olympics. Whitebooi recovered from COVID-19 in the buildup to the showpiece, was knocked out in her first round, and left Tokyo with only a tiny taste of competing at the Games and life in the athlete's village.",ఈ ప్రపంచవ్యాప్త మహమ్మారి ఒలింపిక్స్ అనుభవం తాలూకు మెరుపును కొంత తగ్గించింది.
"During a demonstration game, someone remarked that the players seemed to be volleying the ball back and forth over the net, and perhaps volleyball would be a more descriptive name for the sport. The game of Volleyball was invented by William G. Morgan in the year 1895 in Holyoke, Massachusetts by YMCA (USA).","ఒక ప్రదర్శన ఆటలో, ఆటగాళ్లు నెట్ పై నుండి బంతిని అటుఇటు విసురుతున్నట్లు కనపడుతారు కనుక, ఈ క్రీడకు బహుశా వాలీబాల్ అన్న వివరణాత్మక నామం సరిపోతుందని ఎవరో వ్యాఖ్యానించారు."
"During a demonstration game, someone remarked that the players seemed to be volleying the ball back and forth over the net, and perhaps volleyball would be a more descriptive name for the sport. The game of Volleyball was invented by William G. Morgan in the year 1895 in Holyoke, Massachusetts by YMCA (USA).","1985 లో హోల్యోక్, మాసచ్యుసెట్స్ లోని వైఎంసిఏ (యు ఎస్ ఏ) లో విలియం జి మోర్గన్ వాలీబాల్ ఆటను కనిపెట్టారు."
"Field Hockey is a team game, in which a team of players attempt to score goals by hitting/Scooping, pushing or flicking a ball into an opposing teams goal using curved sticks. However, the name Field Hockey is used in countries in which the word Hockey is generally reserved for another form of hockey, such as ice hockey or street hockey. The players should learn and practice the basic skills of dribbling, passing, tapping and hitting.","ఫీల్డ్ హాకీ అనేది జట్టుగా ఆడే ఆట, దీనిలో ఆటగాళ్లు వంపు తిరిగిన కర్రలతో బంతిని కొడుతూ, లేపుతూ, నెడుతూ, లేదా విదిలిస్తూ ఎదుటి జట్టు గోల్ లోకి వేసి స్కోరు చేసేందుకు ప్రయత్నిస్తారు."
"Field Hockey is a team game, in which a team of players attempt to score goals by hitting/Scooping, pushing or flicking a ball into an opposing teams goal using curved sticks. However, the name Field Hockey is used in countries in which the word Hockey is generally reserved for another form of hockey, such as ice hockey or street hockey. The players should learn and practice the basic skills of dribbling, passing, tapping and hitting.","ఏమైనప్పటికీ, ""హాకీ"" అనే పదాన్ని సాధారణంగా ఐస్ హాకీ లేదా స్ట్రీట్ హాకీ వంటి హాకీ యొక్క వేరు రూపాలకోసం ప్రత్యేకించిన దేశాలలో ""ఫీల్డ్ హాకీ"" అనే పేరు వాడుకలో ఉంది."
"Field Hockey is a team game, in which a team of players attempt to score goals by hitting/Scooping, pushing or flicking a ball into an opposing teams goal using curved sticks. However, the name Field Hockey is used in countries in which the word Hockey is generally reserved for another form of hockey, such as ice hockey or street hockey. The players should learn and practice the basic skills of dribbling, passing, tapping and hitting.","ఆటగాళ్ళు బంతిని నెమ్మదిగా కదిలించుట, దాటించుట, తట్టుట, కొట్టుట గురించి ప్రాథమిక నైపుణ్యాలను నేర్చుకొని, సాధన చేయాలి."
"In the 21st century, a new limited over form, Twenty 20, has made an immediate impact. The first T-20 international match took place on August 5 2004, between the womens teams of England and New Zealand. The first T-20 international match between mens teams was played on February 17 2005, between Australia and New Zealand.","పురుషుల జట్ల మధ్య తొలి టి-20 అంతర్జాతీయ మ్యాచ్ 2005, ఫిబ్రవరి 17న ఆస్ట్రేలియా, న్యూజిలాండ్ల మధ్య ఆడబడింది."
"In the 21st century, a new limited over form, Twenty 20, has made an immediate impact. The first T-20 international match took place on August 5 2004, between the womens teams of England and New Zealand. The first T-20 international match between mens teams was played on February 17 2005, between Australia and New Zealand.","తొలి టి-20 అంతర్జాతీయ మ్యాచ్ 2004, ఆగస్టు 5 న ఇంగ్లాండ్, న్యూజిలాండ్ల మహిళల జట్ల మధ్య జరిగింది."
"It was superseded by the Marylebone Cricket Club (M.C.C) with its headquarters at Lords, London. Cricket became an international game with the formation of the Imperial Cricket Conference (I.C.C) in 1909. The name of Imperial Cricket Conference was changed to International Cricket Conference (later, Council) to enable countries outside the common wealth to become its members.","కామన్వెల్త్‌ బయటి దేశాలను ఇందులో సభ్యులు అయ్యేందుకు వీలు కలిపించేందుకు ఇంపీరియల్ క్రికెట్ కాన్ఫెరెన్స్ పేరును ఇంటర్నేషనల్ క్రికెట్ కాన్ఫెరెన్స్ గా (తరువాత, కౌన్సిల్ గా) మార్చడం జరిగింది."
"Originally named Mintonette, it was created as a gentle indoor sport for older players to be able to exert a bit of athletic effort by keeping the ball in the air. The idea of using a net was borrowed from tennis. It was raised to a height above the average mans height.","మొట్టమొదట మింటోనెట్ అనే పేరు కలిగిన ఈ ఆట, పెద్ద వయసుగల ఆటగాళ్లు బంతిని గాలిలో నిలుపటానికి కాస్త శారీరిక ప్రయాసకు యత్నించే సౌమ్య గృహాంతర్గత క్రీడగా రూపొందించబడింది."
"Originally named Mintonette, it was created as a gentle indoor sport for older players to be able to exert a bit of athletic effort by keeping the ball in the air. The idea of using a net was borrowed from tennis. It was raised to a height above the average mans height.",నెట్ వాడాలనే ఆలోచన టెన్నిస్ నుండి తీసుకోబడింది.
"Passing involves giving the ball to partners. Perfect decision making is required before a perfect pass. Before pass, see the target, approach the ball, and look at the ball holding the head steady.","విసిరే ముందు, లక్ష్యాన్ని చూసి, బంతిని చేరుకుని తలను స్థిరంగా ఉంచుతూ బంతిని చూడండి."
"That's where the confusion kicks in. The Titans players piled on Ajinkya and there was no room for him to escape. The referee, who was six yards away, pointed both his palms downwards to signal the defenders to ease out of the tackle.",ఆరు గజాల దూరంలో ఉన్న రెఫరీ డిఫెండర్లను స్పర్ధ నుండి ఉపసంహరించుకోమని సైగ చేసేందుకు తన రెండు అరచేతులను క్రిందివైపుకి చూపాడు.
"The game of cricket, as it is played today, has its origin in the south eastern part of England. Cricket became a generally adopted sport in the second half of the seventeenth century. The Hambeldon club which was founded in about 1750s had played a significant part in the evolution of the game.",పదిహేడవ శతాబ్ద ద్వితీయార్ధంలో క్రికెట్ విస్తృతంగా ప్రజాదరణ పొందిన క్రీడ అయింది.
"The game of cricket, as it is played today, has its origin in the south eastern part of England. Cricket became a generally adopted sport in the second half of the seventeenth century. The Hambeldon club which was founded in about 1750s had played a significant part in the evolution of the game.",1750లలో స్థాపించబడిన హాంబుల్డన్ క్లబ్ ఈ ఆట పరిణామం చెందడంలో ఒక ముఖ్య పాత్ర పోషించింది.
"The game of cricket, as it is played today, has its origin in the south eastern part of England. Cricket became a generally adopted sport in the second half of the seventeenth century. The Hambeldon club which was founded in about 1750s had played a significant part in the evolution of the game.",నేడు ఆడబడుతున్న విధమైన క్రికెట్ ఆటకు మూలాలు ఇంగ్లాండ్ ఆగ్నేయ భాగంలో కలవు.
"The objective of rebounding is to successfully gain possession of the basketball after a missed field point or free throw, as it rebounds from the ring or backboard. This plays a major role in the game, as most possessions end when a team misses a shot. There are two categories of rebounds: offensive rebounds, in which the ball is recovered by the offensive side and does not change possession, and defensive rebounds, in which the defending team gains possession of the loose ball.","రెండు రకాల రీబౌండ్లు ఉంటాయి: అఫెన్సివ్ రీబౌండ్లు, ఇందులో అఫెన్సివ్ పక్షం బంతిని తిరిగి పొంది పట్టు విడవదు, అలాగే డీఫెన్సివ్ రీబౌండ్లు, ఇందులో డిఫెండింగ్ జట్టు వదిలున్న బంతిని ఆధీనంలోకి తెచ్చుకుంటుంది."
"The objective of rebounding is to successfully gain possession of the basketball after a missed field point or free throw, as it rebounds from the ring or backboard. This plays a major role in the game, as most possessions end when a team misses a shot. There are two categories of rebounds: offensive rebounds, in which the ball is recovered by the offensive side and does not change possession, and defensive rebounds, in which the defending team gains possession of the loose ball.","ఈ ఆటలో ఇది ప్రధాన పాత్ర వహిస్తుంది, ఎందుకంటే జట్టు ఒక షాటు తప్పితే చాలా వరకు పట్టుని కోల్పోతుంది."
"The receiving team must not let the ball be grounded within their court. The rally continues, with each team allowed up to three consecutive touches, until either a team grounds the ball on the opponents court and wins the rally or a team commits a fault and loses the rally. The team that wins the rally is awarded a point, and serves the ball to start the next rally.","ప్రతీ జట్టుకి వరుసగా మూడు సార్లు తాకిడులు అనుమతించబడి, ఏదో ఒక జట్టు బంతిని అవతలి జట్టు కోర్టులో నేలమీద పెట్టి ర్యాలీని గెలిచేవరకు లేదా ఒక జట్టు ఒక తప్పిదం చేసి ర్యాలీని ఒడిపోయేవరకు, ఈ ర్యాలీ కొనసాగుతుంది."
"The receiving team must not let the ball be grounded within their court. The rally continues, with each team allowed up to three consecutive touches, until either a team grounds the ball on the opponents court and wins the rally or a team commits a fault and loses the rally. The team that wins the rally is awarded a point, and serves the ball to start the next rally.",అందుకునే జట్టు బంతిని తమ కోర్ట్‌ లోనే చిక్కుకొని ఉండిపోయేలా చేయకూడదు.
"They should learn how to attack and score goals and how to work with others to defend and stop goals from being scored. To do this they need to learn how to keep possession by dribbling effectively and moving the ball accurately and quickly between players. As they progress, skills should become more consistent and efficient, and the players should be introduced to set play situations.","ముందుకెళ్ళే కొద్దీ, నైపుణ్యాలు మరింత స్థిరంగా, సమర్థవంతంగా అయ్యి, ఆటగాళ్ళకు నిజ ఆట స్థితిగతులను పరిచయం చేయాలి."
"They should learn how to attack and score goals and how to work with others to defend and stop goals from being scored. To do this they need to learn how to keep possession by dribbling effectively and moving the ball accurately and quickly between players. As they progress, skills should become more consistent and efficient, and the players should be introduced to set play situations.","అలా చేసేందుకు, బంతిని సమర్థవంతంగా కదిలిస్తూ ఆటగాళ్ల మధ్య నిర్దిష్టంగా మరియు త్వరత్వరగా జరుపుకుంటూ తమ ఆధీనంలో ఎలా ఉంచుకోవాలో వారు నేర్చుకోవాల్సిన అవసరం ఉంది"
"This one could come down to a battle of the forwards. Will Harry Kane and Son Heung-min blow Milan away with their quality, or will former Chelsea and Arsenal forward Olivier Giroud return to haunt Spurs again? And does 41-year-old Zlatan Ibrahimovic still have one big goal in him?",41 ఏళ్ల జ్లాటాన్ ఇబ్రహిమోవిక్‌ లో ఇంకా ఒక పెద్ద గోల్ కి సామర్ధ్యం ఉందా?
"This one could come down to a battle of the forwards. Will Harry Kane and Son Heung-min blow Milan away with their quality, or will former Chelsea and Arsenal forward Olivier Giroud return to haunt Spurs again? And does 41-year-old Zlatan Ibrahimovic still have one big goal in him?",ఇది కేవలం ఫార్వర్డ్స్ మధ్య యుద్ధం అవ్వవచ్చు.
"This one could come down to a battle of the forwards. Will Harry Kane and Son Heung-min blow Milan away with their quality, or will former Chelsea and Arsenal forward Olivier Giroud return to haunt Spurs again? And does 41-year-old Zlatan Ibrahimovic still have one big goal in him?","హ్యారీ కేయిన్ మరియు సన్ హ్యూంగ్-మిన్ తమ సామర్థ్యంతో మిలాన్ను చిత్తుచేస్తారా, లేదా మాజీ చెల్సియా మరియు ఆర్సినల్ ఫార్వర్డ్ అయిన ఒలివర్ గిరౌడ్ స్పర్స్ ని వెంటాడేందుకు తిరిగి వస్తాడా?"
"Volleyball is a fast game played by two teams of 6 players each. It can be played indoors or outdoors. A player on one of the teams begins a rally by serving the ball from behind the back line of the court, over the net, and into the receiving teams court.",దాన్ని ఇంటిలోపల లేదా ఆరుబయట ఆడవచ్చు.
"Volleyball is a fast game played by two teams of 6 players each. It can be played indoors or outdoors. A player on one of the teams begins a rally by serving the ball from behind the back line of the court, over the net, and into the receiving teams court.",వాలీబాల్ అనేది ఒకొక్క దాంట్లో ఆరుగురు ఆటగాళ్ళతో కూడిన రెండు జట్లు ఆడే వేగమైన ఆట.
"itwassupersededbythemarylebonecricketclub(m.c.c)withitsheadquartersatlords,london.cricketbecameaninternationalgamewiththeformationoftheimperialcricketconference(i.c.c)in1909.thenameofimperialcricketconferencewaschangedtointernationalcricketconference(later,council)toenablecountriesoutsidethecommonwealthtobecomeitsmembers.","దీని స్థానంలో మేరిల్‌బోన్ క్రికెట్ క్లబ్ (ఎం.సి.సి.) వచ్చింది, దీని ప్రధాన కార్యాలయం లండన్‌లోని లార్డ్స్‌లో ఉంది."
A visa is a certificate prepared by the immigration officials of the foreign country with stamp marked on a passport after verifying the persons credentials. It gives the person the right to enter a country and stay for a temporary period. Applying for a visa to India must be submitted to the High Commission of India in the country of the person who wishes to travel to India.,"వీసా అనేది ఒక విదేశానికి చెందిన ప్రవాస అధికారులు, ఆ వ్యక్తి ప్రమాణపత్రాలు నిర్ధారించిన తర్వాత, పాస్ పోర్టు పై ఒక ముద్ర అచ్చువేయటంతో తయారు చేసే ఒక ధృవపత్రం."
A visa is a certificate prepared by the immigration officials of the foreign country with stamp marked on a passport after verifying the persons credentials. It gives the person the right to enter a country and stay for a temporary period. Applying for a visa to India must be submitted to the High Commission of India in the country of the person who wishes to travel to India.,ఇది ఒక వ్యక్తికి ఒక దేశంలోకి ప్రవేశించి తాత్కాలికంగా బసచేసేందుకు హక్కు ఇస్తుంది.
"As per the report of Sargent Committee, Tourist Traffic Committee was appointed in 1948. On the recommendation a Tourist Traffic Branch was setup in 1949 with regional offices at Kolkata and Chennai. The tourist traffic branch was further expanded in 1955-56 from one branch to four branches and hand over a function to them viz 1) Tourist Traffic 2) Tourist Administration 3) Tourist Advertisements 4) Distribution Section","సార్జెంట్ కమిటీ నివేదిక ప్రకారం, 1948లో టూరిస్ట్ ట్రాఫిక్ కమిటీ నియమించబడింది."
"Attraction, accommodation, supporting facilities, and infrastructure are the basic elements of tourism. For the better development of tourism, these facilities should be developed in respective areas and for this public as well as private sector should take a lead. The flow of domestic tourists will depend on the location of tourist spot and population density of an area.","ఆకర్షణలు, వసతిగృహాలు, అనుబంధ సౌకర్యాలు, మరియు మౌలిక సదుపాయాలు పర్యాటకానికి మూలాంశాలు."
"Attraction, accommodation, supporting facilities, and infrastructure are the basic elements of tourism. For the better development of tourism, these facilities should be developed in respective areas and for this public as well as private sector should take a lead. The flow of domestic tourists will depend on the location of tourist spot and population density of an area.","పర్యటన యొక్క మెరుగైన అభివృద్ధికి, సంబంధిత ప్రాంతాల లో ఈ సౌకర్యాలు అభివృద్ధి చేయాలి మరియు అందుకోసం ప్రభుత్వ అలాగే ప్రైవేట్ రంగం మార్గదర్శకత్వం చేయాలి."
"BACKWATERS of Kerala encompass a complex network of lagoons, lakes, & canals, that are best experienced aboard traditional thatch- roofed rice houseboat, known as 'Kettuvallam'. On display is life on the banks, lush green rice fields, and coconut groves with an occasional temple or church as you cruise through the backwaters. The houseboats come along with a chef on board, preparing authentic Kerala cuisine.","కేరళ బ్యాక్వాటర్స్ మడుగులు, సరస్సులు మరియు కాలువల సంక్లిష్ట అల్లికతో చుట్టుముట్టబడి ఉంటాయి, 'కెట్టువల్లం'గా పిలువబడే సాంప్రదాయక జమ్ముకప్పిన ధాన్యపు హౌస్ బోట్ పైనుండి వీటి ఉత్తమ అనుభూతిని పొందవచ్చు."
"BACKWATERS of Kerala encompass a complex network of lagoons, lakes, & canals, that are best experienced aboard traditional thatch- roofed rice houseboat, known as 'Kettuvallam'. On display is life on the banks, lush green rice fields, and coconut groves with an occasional temple or church as you cruise through the backwaters. The houseboats come along with a chef on board, preparing authentic Kerala cuisine.","మీరు బ్యాక్ వాటర్స్ గుండా జల ప్రయాణం చేస్తూ ఉంటే ఒడ్డుపై జీవనం, పచ్చని వరి పొలాలు మరియు కొబ్బరి తోటలు, అక్కడక్కడా ఒక గుడి లేదా చర్చి దర్శనమిస్తాయి."
"BODHGAYA (Bihar), was the place where Prince Siddhartha attained enlightenment and became Lord Buddha. It was here that Lord Buddha entered into meditation after being moved by the sufferings of mankind. Bodhgaya is often visited by the Dalai Lama and other Lamas (Buddhist religious heads).","యువరాజు సిద్ధార్థుడు జ్ఞానోదయం పొంది, బుద్ధ భాగవానుగా మారిన స్థలమే బోధగయ (బీహార్)."
"During the British period, tourism in India becomes more organized. They built Dak Bungalows on the road side for the convenience of dak traveler. The finest of Indias cuisines is as rich and diverse as its civilization.",వారు డాక్ యాత్రికుల సౌకర్యార్ధం రహదారి ప్రక్కన డాక్ బంగాళాలు నిర్మించారు.
"Golden Chariot inherits its name from the Stone Chariot in Hampi. Taking you on an enchanting and mesmerising journey through Karnataka, the Golden Chariot complements the rich culture of the state of Karnataka, and is a marvel in itself. The coach chambers of the train are steeped in history, under a sky of intricate craftsmanship that narrates timeless tales.",కర్నాటక గుండా మనోహరమైన మరియు మంత్రముగ్ధులను చేసే ఒక యాత్రకు మిమ్మల్ని తీసుకు వెళ్ళే బంగారు రధం కర్నాటక రాష్ట్రం యొక్క గొప్ప సంస్కృతిని పూరిస్తుంది మరియు దానికదే ఒక అద్భుతం.
"Golden Chariot inherits its name from the Stone Chariot in Hampi. Taking you on an enchanting and mesmerising journey through Karnataka, the Golden Chariot complements the rich culture of the state of Karnataka, and is a marvel in itself. The coach chambers of the train are steeped in history, under a sky of intricate craftsmanship that narrates timeless tales.",నిశితమైన హస్తకళా ప్రపంచంలో కాలాతీత గాథలను తెలిపే ఈ రైలు బోగీలు చరిత్ర లోతులలో మునిగి ఉన్నవి.
"In the heart of Rajasthan, lie a number of small towns and villages, which define the true essence of this land. A visit to these hidden gems, provides an opportunity to learn about the people, culture and lifestyle of rural India. Stay at erstwhile forts and palaces, which have now been converted to heritage hotels, and experience the intriguing traditions and customs of tribal Rajasthan.","రాజస్థాన్ నడిబొడ్డులో, ఈ ప్రదేశం ముఖ్యాంశాన్ని నిర్వచించే ఎన్నో చిన్న పట్టణాలు మరియు గ్రామాలు ఉన్నాయి."
"India is a land of great variety and contrast. Its unique cultural mystique, exotic heritage, aesthetic environment and outstanding natural resources have attracted international tourists. Tourism has emerged as one of Indias important industry.",భారతదేశం గొప్ప వైవిధ్య-వ్యత్యాసభరిత భూమి.
"India is a land of great variety and contrast. Its unique cultural mystique, exotic heritage, aesthetic environment and outstanding natural resources have attracted international tourists. Tourism has emerged as one of Indias important industry.",భారతదేశంలోని ప్రధాన పరిశ్రమలలో ఒకటిగా పర్యాటకం ఉద్భవించింది.
"Indias glorious traditions and rich cultural heritage are closely related with the development of tourism. Its magnificent monuments attract a large number of tourists from all over the world. The natural surroundings, the architectural masterpieces, the music, dance, paintings, customs and languages all these go to make India as tourist paradise.","సహజమైన పరిసరాలు, దివ్యమైన భవననిర్మాణ కళాఖండాలు, సంగీతం, నాట్యం, చిత్రకళలు, ఆచారాలు మరియు భాషలు అన్ని కలిసి భారతదేశాన్ని ఒక పర్యాటక స్వర్గంగా తయారుచేస్తున్నాయి."
Interaction with tourists creates the path for receiving new ideas and values. It also improves the confidence and social values of the host communities. Interaction with the tourists helps to develop hospitable conduct amongst the workers associated to tourism industry in local areas.,పర్యాటకులతో సంకర్షణ స్థానిక ప్రదేశాలలోని పర్యాటక పరిశ్రమకు చెందిన కార్మికులలో ఆతిథ్య ప్రవర్తన పెంపొందించడంలో సహాయపడుతుంది.
"KOCHI , the most cosmopolitan city of Kerala, is also known as ' Queen of the Arabian Sea'. The distinctive architecture seen in Dutch mansions, Portuguese churches, Jewish synagogue, British store houses and 14th century Chinese fishing nets, reflects Kochi's long history as an important sea port and trading centre. Kochi is renowned for its spectacular Kathakali performance, one of the oldest theatre forms in India.","డచ్ భవనాలలో, పోర్చుగీయుల చర్చిలలో, యూదుల ప్రార్థనా మందిరాలలో, బ్రిటిష్ వారి గోదాముల్లో మరియు 14వ శతాబ్దానికి చెందిన చైనీయుల చేపల వలల్లో కనిపించే విలక్షణమైన వాస్తుశిల్పం, ఒక ముఖ్యమైన ఓడరేవు మరియు వాణిజ్య కేంద్రంగా కోచి యొక్క సుదీర్ఘమైన చరిత్రను ప్రతిబింబిస్తుంది."
"Located along south western coast of India, Kerala resembles a banana leaf clinging between the Western Ghats and beaches of Arabian sea. Kerala has been included in the top 50 tourist destinations for once in a life time visit by National Geographic Channel. The beauty of Kerala lies in its placid nature encompassing serene backwaters, beaches, hill stations, spice plantations, flora and fauna, Ayurveda, boat races, natural harbours and more.",జీవితంలో ఒక్కసారైనా సందర్శించాల్సిన ఉత్తమ 50 పర్యాటక గమ్యస్థానాలలోకి కేరళను నేషనల్ జియోగ్రాఫిక్ చానెల్ చేర్చింది.
"Located along south western coast of India, Kerala resembles a banana leaf clinging between the Western Ghats and beaches of Arabian sea. Kerala has been included in the top 50 tourist destinations for once in a life time visit by National Geographic Channel. The beauty of Kerala lies in its placid nature encompassing serene backwaters, beaches, hill stations, spice plantations, flora and fauna, Ayurveda, boat races, natural harbours and more.","కేరళ యొక్క అందం దాని ప్రశాంత ప్రకృతిలో ఉంది, నిశ్చలమైన బ్యాక్ వాటర్స్, సముద్ర తీరాలు, హిల్ స్టేషన్ లు, మసాలా దినుసుల తోటలు, వృక్ష జంతు సంపద, ఆయుర్వేదం, నావల పోటీలు, సహజ నౌకాశ్రయాలు మరియు ఎన్నో."
"MUNNAR , a famous hill resort in east Kerala, had long fascinated Europeans and became the southern summer resort of British India. Munnar valley was developed by Scottish planters in the early 20th century. Munnar is carpeted by thick forests and tea estates.",మున్నార్ దట్టమైన అడవులు మరియు తేయాకు తోటలు పరచబడి ఉంటుంది.
"Maharashtra contains a number of sites of historical importance. Of these, some monuments also figure in the list of World Heritage Sites recognized by UNESCO. These sites are Ajanta, Ellora and Elephanta, providing support to the states tourism initiatives; the Central Government has promised ` 50 crore worth of aid in Vidarbha for developing ecotourism and ` 25 crore to develop the tourism sector in Aurangabad.","వీటిలో, కొన్ని స్మారక కట్టడాలు యునెస్కో చేత గుర్తింపు పొందిన ప్రపంచ వారసత్వ ప్రదేశాల జాబితాలో కూడా లెక్కించబడ్డాయి."
"Maharashtra has recognized tourism as a major thrust area for economic growth in the state because Sahyadri Mountain is the backbone of Maharashtra. Maharashtra is a land of rich culture, tradition and festivals and is a major trade and tourist destination of India, attracting thousands of tourists from across the world every year. As a result Maharashtra is the first state to declare Tourism District for the tourism development.",సహ్యాద్రి పర్వతం మహారాష్ట్రకు వెన్నెముక లాంటిది అయినందున రాష్ట్రంలో ఆర్థికాభివృద్ధికి పర్యాటకం ప్రధానంగా విస్తరించాల్సిన రంగంగా మహారాష్ట్ర గుర్తించింది.
"Meet and Greet Service at the airport is an important service for tourists as well as for the company, since it helps the tourists in fast-track clearance through arrivals or departures, helping with transfers, baggage and family travel and ensures a swift, smooth and safe passage through the airport. The Customer Service Executives (Meet and Greet Officers) help in dealing with any issues that might arise due to cultural differences or language difficulties. Travel companies even have their own lounges, reserved exclusively for the tourists or their customers.","విమానాశ్రయాల వద్ద కలిసి పలకరించడం పర్యాటకులకు అలాగే కంపనీకి ఒక ప్రధాన సేవ, ఎందుకంటే ఇది పర్యాటకుల ఆగమనాలు లేదా నిష్క్రమణలకు అనుమతులను వేగవంతం చేయటానికి, బదిలీలకు, సమానుకు, కుటుంబ ప్రయాణానికి సహాయ పడుతుంది, మరియు విమానాశ్రయం గుండా వేగవంతమైన, సులభమైన మరియు సురక్షితమైన మార్గాన్ని నిశ్చయపరుస్తుంది."
"On a 720 kms long strip between the Western Ghats and the Arabian Sea, lie a host of hidden beaches and creeks. Only a few of them are known to the regular beach hopper. These solitary beaches, alongside the wild and verdant Western Ghats, are a quiet alternative to the more boisterous goan counterpart.","పశ్చిమ కనుమల మరియు అరేబియా సముద్రం మధ్యన 720 కిమి ల పొడవాటి కంఠభూమిపై మరుగున ఉన్న అనేక సముద్రతీరాలు, కేయలు ఉన్నాయి."
"On a 720 kms long strip between the Western Ghats and the Arabian Sea, lie a host of hidden beaches and creeks. Only a few of them are known to the regular beach hopper. These solitary beaches, alongside the wild and verdant Western Ghats, are a quiet alternative to the more boisterous goan counterpart.","పచ్చని అనియంత్రిత పశ్చిమ కనుమల వెంట ఉండే ఈ ఏకాంత సముద్రతీరాలు, కోలాహలంగా ఉండే గోవాకు వారి నిశ్చల ప్రత్యామ్నాయ ప్రతిరూపం."
"PERIYAR , the hub of spice plantations in Kerala, is also famous for its wildlife park which is best experienced aboard a boat cruise on Lake Periyar. The wildlife sanctuary is home to elephants, deer, wild boars, bears, flying squirrels, and a variety of bird and reptile species. The town is fragranced with the spicy aromas of pepper, cardamom, cinnamon, cloves, ginger and nutmeg.","కేరళలోని మసాలా సాగుకు కేంద్రబిందువైన పెరియార్, దాని వన్యప్రాణుల అభయారణ్యానికి కూడా ప్రఖ్యాతిగాంచింది, పెరియార్ సరస్సుపై పడవలో దీని ఉత్తమ అనుభూతిని పొందవచ్చు."
"Regional offices are located in all capital cities in India. Besides, there are several other offices at focal point of international tourist interest. Tourist destination in the country are improved and provided more facilities to attract the foreign tourists.","ఇవేగాక, అంతర్జాతీయ పర్యాటక కేంద్రాల ప్రధాన ఆకర్షణల వద్ద అనేక ఇతర కార్యాలయాలు ఉన్నాయి."
"SRINAGAR , set along the banks of River Jhelum in Kashmir valley, was aptly named by the Mughals as 'Paradise on Earth'. Set like a jeweled crown on the map of India, Kashmir changes its hues with seasons - in winter, when snow carpets the mountains, there is skiing and sledge riding along the gentle slopes; in spring and summer, the honey-dewed orchards, rippling lakes make the valley breathtakingly beautiful. Drifting down the serene lakes in Shikaras and living in wooden houseboats are unique experiences offered by Srinagar.",ప్రశాంతమైన సరస్సులో షికారాలలో అనాయాసంగా తేలుతూ వెళ్ళడం అలాగే చెక్క పడవ ఇళ్ళలో నివాసం ఉండటం శ్రీనగర్ అందించే అరుదైన అనుభూతులు.
"SRINAGAR , set along the banks of River Jhelum in Kashmir valley, was aptly named by the Mughals as 'Paradise on Earth'. Set like a jeweled crown on the map of India, Kashmir changes its hues with seasons - in winter, when snow carpets the mountains, there is skiing and sledge riding along the gentle slopes; in spring and summer, the honey-dewed orchards, rippling lakes make the valley breathtakingly beautiful. Drifting down the serene lakes in Shikaras and living in wooden houseboats are unique experiences offered by Srinagar.","భారతదేశ పఠం పై రత్న కిరీటంలా అమర్చి ఉన్న కాశ్మీరు కాలాలతో దాని రంగులు మార్చుకుంటుంది, శీతాకాలంలో కొండలపైన మంచు తివాచీలు కప్పినప్పుడు, స్కీయింగ్ మరియు స్లెడ్జ్ పైన స్వారీ, వసంతకాలంలో మరియు వేసవిలో తేనె-మంచు పండ్ల తోటలు, అలల సరస్సులు ఈ లోయను అద్భుత అందంగల దానిగా చేస్తాయి."
"So, foreign tourists are the best means of bringing in foreign currency to the host nation. In 2015, Foreign Exchange Earnings for India from the industry were 16.94 billion dollars. This was 1 per cent more than the previous year.","2015 లో, ఈ పరిశ్రమ నుండి భారతదేశానికి వచ్చిన విదేశీ మారక సంపాదన 16.94 బిలియన్ డాలర్లు."
"The Bagh Caves, consisting of Buddhist mural paintings, are located 97 km from Dhar district of Madhya Pradesh. These rock-cut cave monuments are not natural but were carved over a period of time during the Satvahana period. The Bagh caves, like those at Ajanta, were excavated on a perpendicular sandstone rock face of a hill across the seasonal stream of Baghani.",అజంతాలో గుహల వలె బాఘ్ గుహలు కాలానుగుణ వాగు బాఘినికి ఎదురుగా గల కొండ యొక్క లంబంగా ఉన్న ఒక ఇసకరాయి రాతి ముఖంపై తవ్వబడినవి.
"The state has a separate department for tourism, set up in 1969, but the Maharashtra State Tourism Development Corporation (MTDC), a government body to promote tourism was established in 1975. The offices of the MTDCs are located in most of the major cities of the state, and also outside state as in New Delhi, Goa and other places. There is opportunity to develop tourism industry on large scale in Maharashtra.","రాష్ట్రంలో పర్యాటకం కొరకు 1969 లో ఏర్పాటైన ఒక ప్రత్యేక విభాగం ఉన్నది, కానీ పర్యాటకాన్ని ప్రోత్సహించే ప్రభుత్వ సంస్థ మహారాష్ట్ర స్టేట్ టూరిజం డెవలప్మెంట్ కార్పొరేషన్ (ఎంటిడిసీ) 1975 లో స్థాపితమైంది."
"Tourism emerged as the largest global industry of the 20 th century and is projected to grow even faster in the 21 st century. India has immense possibilities of growth in the tourism sector with vast cultural and religious heritage, varied natural attractions, but comparatively small role in the world tourism scenario. The government of India announced the first tourism policy in November 1982, but new initiatives towards making tourism as the catalysts in employment generation, environmental re-generation.","విస్తారమైన సంస్కృతిక మరియు మత వారసత్వంతో మరియు వైవిధ్యమైన ప్రాకృతిక ఆకర్షణలతో ఉన్న భారత దేశానికి పర్యాటక రంగంలో అభివృద్ధికి గొప్ప అవకాశాలు ఉన్నాయి, అయినా ప్రపంచ పర్యాటక దృష్టాంతంలో సపేక్షంగా చిన్న పాత్ర కలిగి ఉంది."
"Tourism emerged as the largest global industry of the 20 th century and is projected to grow even faster in the 21 st century. India has immense possibilities of growth in the tourism sector with vast cultural and religious heritage, varied natural attractions, but comparatively small role in the world tourism scenario. The government of India announced the first tourism policy in November 1982, but new initiatives towards making tourism as the catalysts in employment generation, environmental re-generation.",20 వ శతాబ్ధంలో పర్యాటకం ప్రపంచవ్యాప్తంగా అతి పెద్ద పరిశ్రమగా ఆవిర్భవించింది మరియు 21వ శతాబ్ధంలో మరింత వేగంగా ఎదుగుతుందని అంచనా వేయబడింది.
"Tourism is our business, but each tour is a travellers' memory. We take responsibility to ensure these memories are cherished forever. We understand the significance of meticulous planning, cross checks, and follow ups to ensure seamless service.","పర్యాటకం మాకు వ్యాపారం, కానీ పర్యాటకుడికి ప్రతీ పర్యటన ఒక జ్ఞాపకం."
"Travel agents are authorised to process the necessary documents on behalf of the money exchangers, foreign consulate offices, passport offices, income tax office, insurance office, etc. Travel documentations are processed for clients and customers before their confirmation for purchasing a tour package. Travel documents include passport, visa, currency certificate or endorsement of currency in the passport, travel insurance, income tax statements, health certificates, etc.","ప్రయాణ పత్రాలలో పాస్పోర్ట్, వీసా, ద్రవ్య ధ్రువపత్రం, లేదా పాస్పోర్ట్ లో ద్రవ్య ఆమోదం, ప్రయాణ బీమా, ఆదాయ పన్ను నివేదికలు, ఆరోగ్య ధ్రువపత్రాలు, మొ. వి. ఉంటాయి."
"Under the aegis of the corporation a number of tourist homes, resorts, and hotels operate from several tourist sites to accommodate visitors and provide information and also arrange guided tours. The corporation also organizes numerous festivals at some of the well-known tourist places like the culture and traditional performances, dance, and music providing visitors an opportunity to experience the land, its heritage, its people and their customs. Some of these festivals are the Ellora festival, The Pune Ganesh festival, The Gharapuri festival, Paryatan Mahotsav in Murud (Raigad) and others.","ఎల్లోరా ఉత్సవం, పూణే గణేష్ ఉత్సవం, ఘారాపురీ ఉత్సవం, మురూడ్ (రాయిగడ్) లో పర్యాటక మహోత్సవం తదితరాలు ఈ ఉత్సవాలలో కొన్ని."
"Under the aegis of the corporation a number of tourist homes, resorts, and hotels operate from several tourist sites to accommodate visitors and provide information and also arrange guided tours. The corporation also organizes numerous festivals at some of the well-known tourist places like the culture and traditional performances, dance, and music providing visitors an opportunity to experience the land, its heritage, its people and their customs. Some of these festivals are the Ellora festival, The Pune Ganesh festival, The Gharapuri festival, Paryatan Mahotsav in Murud (Raigad) and others.","ఈ సంస్థ సంరక్షణలో, అనేక పర్యాటక నివాసాలు, రిసార్టులు మరియు హోటల్స్ పర్యాటకులకు వసతి కల్పించటానికి మరియు సమాచారం అందించటానికి, మార్గదర్శకుడితో సహా పర్యటనలను ఏర్పాటు చేయటానికి కూడా అనేక పర్యాటక స్థలాల నుండి పనిచేస్తాయి."
"Without planning and controlling mechanism the development of tourism may end by having social cultural and economic distortions, which will be reflected in the relationship between tourists and local people. As soon as tourism grows and expands, it brings the social and economic changes in the respective region. This can be positive as well as negative.",ఇది సానుకూలమైనది అలాగే వ్యతిరేకమైనది కూడా కావచ్చు.
"withoutplanningandcontrollingmechanismthedevelopmentoftourismmayendbyhavingsocialculturalandeconomicdistortions,whichwillbereflectedintherelationshipbetweentouristsandlocalpeople.assoonastourismgrowsandexpands,itbringsthesocialandeconomicchangesintherespectiveregion.thiscanbepositiveaswellasnegative.","ప్రణాళిక వేసే మరియు కట్టుదిట్టం చేసే యంత్రాంగం లేకపోతే, సామాజిక, సాంస్కృతిక మరియు ఆర్ధిక వక్రీకరణలతో పర్యాటక అభివృద్ధి అంతమవవచ్చు, ఇవి పర్యాటకులు మరియు స్థానిక ప్రజల మధ్యలో బాంధవ్యాలలో ప్రతిబింబించవచ్చు."
"According to Nepali mythology, eight is a lucky number. The pleats or Kallis signify the Pancha Buddha or Pancha Ratna. The closed neck of the Daura signifies the snake around the Lord Shivas neck.",ఆ మడతలు లేక కల్లీలు పంచ బుద్ధుడిని లేక పంచ రత్నాన్ని సూచిస్తాయి.
"Apatani also live among the Nyishi, but are distinct. In the centre, one finds predominantly Galo people, with the major sub-groups of Karka, Lodu, Bogum, Lare and Pugo among others, extending to the Ramo and Pailibo areas (which are close in many ways to Galo). In the east, one finds the Adi with many subtribes including Padam, Pasi, Minyong and Bokar, among others.","తూర్పు వైపు, ఇతరాలలో, పదం, పసి, మిన్యోంగ్ మరియు బోకర్ తో సహా అనేక ఉప తెగలతో ఈ ఆది కానవస్తుంది."
"As with the Mughals, under European colonial rule, architecture became an emblem of power, designed to endorse the occupying power. Numerous European countries invaded India and created architectural styles reflective of their ancestral and adopted homes. The European colonizers created architecture that symbolized their mission of conquest, dedicated to the state or religion.","యూరోపు వలసపాలకులు, ఆ రాష్ట్రానికి లేదా మతానికి అంకితం చేయబడిన, తమ విజయ ప్రణాళికను ప్రతిబింబించే, నిర్మాణాత్మక శైలిని సృష్టించారు."
"Bhajan, Janan, Oriya songs based on ragas, Rangila Chaupadi etc. are grouped under Light classical music, which forms an important segment of Oriya music. Sri Geetagovinda, Anirjukta Pravadha, Divya Manusi Prabandha, Chautisa, Chhanda, Chaupadi (now known as Odissi), Champu, Malasri, Sariman, nVyanjani, Chaturang, Tribhang, Kuduka Geeta, Laxana and Swaramalika are the various sub-forms, which individually or collectively constitute the traditional Odissi music.","భజన్, జనన్, మరియు రాగాలపై ఆధారితమైన ఒరియా పాటలు, రంగీలా చౌపడి వంటివి, లలిత శాస్త్రీయ సంగీతం కింద వర్గీకరించబడ్డాయి, ఇది ఒరియా సంగీతంలో ఒక ముఖ్యమైన అంశం."
"During his final years, and especially after the death of Hephaestion, Alexander began to exhibit signs of megalomania and paranoia. His extraordinary achievements, coupled with his own ineffable sense of destiny and the flattery of his companions, may have combined to produce this effect. His delusions of grandeur are readily visible in his will and in his desire to conquer the world, in as much as he is by various sources described as having boundless ambition, an epithet, the meaning of which has descended into a historical clich.",విధి గురించి ఆయనకు స్వయంగా ఉన్న అనిర్వచనీయమైన భావన మరియు ఆయన సహాచరుల ముఖస్తుతికి తోడు ఆయన అసమాన విజయాలు కలిసి ఈ ప్రభావాన్ని కలుగజేసి ఉండవచ్చు.
"Ganga has been revered in Cambodia since the Khmer empire. In Shiva's iconographical form Uma-Gangapatisvarar (Khmer: ), Shiva is depicted with Ganga and his wife Uma (Parvati). Ganga's images are located in Bakong, Lintel in Thommanon and exhibit in International Council of Museums.",ఖ్మెర్‌ సామ్రాజ్య కాలం నుండి కంబోడియాలో గంగను ఆరాధిస్తూ ఉన్నారు.
"Having been a Portuguese territory for over 450 years, Goan culture is an amalgamation of both Eastern and Western styles, with the latter having a more dominant role. The tableau of Goa showcases religious harmony by focusing on the Deepastambha, the Cross, and Ghode Modni followed by a chariot. European royal attire of kings is as much part of Goa's cultural heritage as are regional dances performed depicting a unique blend of different religions and cultures of this State.","గోవా యొక్క చిహ్న ప్రదర్శన, దీప స్థంభం, శిలువ, మరియు ఒక రథం వెంట వస్తున్న ఘోడే మోద్ని పై దృష్టి కేంద్రీకరించి మతపరమైన సామరస్యాన్ని ప్రదర్శిస్తోంది."
"He wrote the book, Mizo Nge Israel? (""Mizo or Israeli?"") (2004), exploring this issue. He does not think the people have a legitimate claim to Jewish descent.","ఆయన ఈ విషయాన్ని అన్వేషిస్తూ మిజో ఙే ఇస్రేల్? (""మిజో లేదా ఇస్రేలీ?"") (2004) అనే పుస్తకాన్ని రాసారు."
"Historical linguists broadly estimate that a continuum of Indo-Iranian languages probably began to diverge by 2000 BCE, if not earlier,:3839 preceding both the Vedic and Iranian cultures. The earliest recorded forms of these languages, Vedic Sanskrit and Gathic Avestan, are remarkably similar, descended from the common Proto-Indo-Iranian language. The origin and earliest relationship between the Nuristani languages and that of the Iranian and Indo-Aryan groups is not completely clear.","ఈ భాషలలో నమోదు చేయబడిన రూపాలలో అత్యంత ప్రాచీనమైన వైదిక సంస్కృతం మరియు గాటిక అవెస్త, గణనీయమైన పోలికలు కలిగి ఉన్నాయి, ఉమ్మడి ఆదిమ ఇండో ఇరానియన్ భాష నుండి వచ్చినవి."
"In Southern India, the Pallava period beginning with Simhavishnu (575 CE 900 CE) was a transitional stage in southern Indian society with monument building, establishment of (bhakti) sects of Alvars and Nayanars, flowering of rural Brahmanical institutions of Sanskrit learning, and the establishment of Chakravartin model of kingship over a territory of diverse people; which ended the pre-Pallavan era of territorially segmented people, each with their culture, under a tribal chieftain. The Pallava period extolled ranked relationships based on ritual purity as enjoined by the shastras. Burton distinguishes between the Chakravatin model and the Kshatriya model, and likens kshatriyas to locally based warriors with ritual status sufficiently high enough to share with Brahmins; and states that in south India the kshatriya model did not emerge.","దక్షిణ భారతంలో, సింహవిష్ణు (క్రీశ 575 - క్రీశ 900)తో ఆరంభమైన పల్లవుల యుగం దక్షిణ భారత సమాజంలో స్మారక కట్టడాల నిర్మాణం, ఆళ్వార్లు మరియు నాయనార్ల (భక్తిమార్గ) శాఖల స్థాపన, సంస్కృత అధ్యయనం కొరకు గ్రామీణ బ్రాహ్మణ విద్యా కేంద్రాల వికాసం, మరియు భిన్నజాతుల ప్రజలున్న భూభాగంపై చక్రవర్తిత్వం తరహా రాచరిక స్థాపనకు పరివర్తన దశగా ఉండి, భూభాగంగా విభజించబడిన ప్రజలతో గిరిజన నాయకత్వంలో ఒక్కొక్కటి తనదంటూ సంస్కృతి కలిగిన పల్లవులకు పూర్వ యుగానికి ముగింపు పలికింది."
"In the 19th century, Swabhab Kavi Gangadhar Meher (1862-1924), Fakir Mohan Senapati (18431918), Gouri Shankar Ray, Gopal Chandra Praharaj, Pandit Nilmani Vidyaratna, Kabibar Radhanath Ray were few of the prominent figures in prose and poetry writings of Odia literature. In the 20th century Godabarish Mohapatra, Kalindi Charana Panigrahi, Kanhu Charan Mohanty (19061994), Godabarish Mishra, Gopinath Mohanty (19141991), Sachidananda Routray (19162004), Sitakant Mahapatra (born 17 September 1937), Surendra Mohanty, Manoj Das, Kishori Charan Das, Ramakanta Rath (born 13 December 1934), Binapani Mohanty, Jagadish Mohanty, Sarojini Sahoo, Rajendra Kishore Panda, Padmaj Pal, Ramchandra Behera, Pratibha Satpathy, Nandini Sahu, Debaraj Samantray are few names who created Odia literature. Recently the Government of India accorded classical status to Odia in 2014.","20 వ శతాబ్దంలో ఒడియా సాహిత్యాన్ని రూపొందించిన వారిలో గోదాబరీష్ మోహాపాత్ర, కాళింది చరణ పాణిగ్రాహి, కాన్హు చరణ్ మొహంతీ (1906-1994), గోదాబరీష్ మిశ్రా, గోపీనాథ్ మొహంతీ (1914-1991), సచిదానంద రౌత్రే (1916-2004), సీతాకాంత్ మహాపాత్ర (17 సెప్టెంబర్ 1937న జననం), సురేంద్ర మొహంతీ, మనోజ్ దాస్, కిషోరీ చరణ్ దాస్, రమాకాంత రథ్ (13 డిసెంబర్ 1934న జననం), బినాపాణి మొహంతీ, జగదీష్ మొహంతీ, సరోజినీ సాహు, రాజేంద్ర కిషోర్ పాండా, పద్మజ్ పాల్, రాంచంద్ర బెహరా, ప్రతిభా సత్పతి, నందినీ సాహు, దేబరాజ్ సామంత్రే కొందరు."
"Islamic Bengal was noted for its production of the finest cotton fabrics and saris, notably the Jamdani, which received warrants from the Mughal court. The Bengal School of painting flourished in Kolkata and Shantiniketan in the British Raj during the early 20th century. Its practitioners were among the harbingers of modern painting in India.","ఇస్లామిక్ బెంగాల్ దాని ఉత్తమ నూలు వస్త్రాలు మరియు చీరల తయారీ, ముఖ్యంగా జాందాని, కి ప్రసిద్ధి చెందింది, వీటికై ముఘల్ ఆస్థానం నుండి ఉత్తరువులు లభించేవి."
"Islamic civilization is credited with further advancing the accuracy of clocks with elaborate engineering. In 797 AD (or possibly 801 AD), the Abbasid caliph of Baghdad, Harun al-Rashid, presented Charlemagne with an Asian elephant named Abul-Abbas together with a ""particularly elaborate example"" of a water clock. Pope Sylvester II introduced clocks to northern and western Europe around 1000 AD.","క్రీశ 797 లో(లేక బహుశా క్రీశ 801), బాగ్దాద్ కి చెందిన అబ్బాసిద్ కాలిఫ్, హారూన్ అల్ రషీద్, షార్లమెయిన్ కు అబుల్-అబ్బాస్ పేరు గల ఒక ఆసియా గజాన్ని, దానితోబాటు ""ప్రత్యేకమైన సవివర ఉదాహరణ"" అనదగ్గ ఒక నీటి గడియారాన్ని సమర్పించాడు."
"Many children were born to unofficial partnerships: 54% of the children baptised at St. John's, Calcutta between 1767 and 1782 were Anglo-Indian and illegitimate. British women of good social standing were scarce; in 1785 surgeon John Stewart wrote to his brother from Cawnpore: ""Many of the women here are mere adventuresses from Milliners shops on Ludgate Hill and some even from Covent Garden and Old Drury [well known areas of prostitution in late 18th century London]. They possess neither sentiment nor education, and are so intoxicated by their sudden elevation, that a sensible man can only regard them with indignation and outrage.""","ఉన్నత సామాజిక స్థితిగల బ్రిటిష్ స్త్రీలు అరుదుగా ఉండేవారు; జాన్ స్టూవర్ట్ 1785లో కాన్పూర్ నుండి తన సోదరుడికి ఇలా వ్రాశాడు: ""ఇక్కడున్న చాలా వరకు స్త్రీలు లుడ్గేట్ హిల్లోని మిల్లినర్స్ దుకాణాలునుండి, అలాగ ఇంకొంతమంది కోవెంట్ గార్డెన్ మరియు ఓల్డ్ డ్రూరీ [18వ శతాబ్దంనాటి లండన్లో వ్యభిచారగృహాలకు పేరుగాంచిన ప్రదేశాలు] కి చెందిన అసభ్య మహిళలు."
"No place along her banks is more longed for at the moment of death by Hindus than Varanasi, the Great Cremation Ground, or Mahashmshana. Those who are lucky enough to die in Varanasi, are cremated on the banks of the Ganges, and are granted instant salvation. If the death has occurred elsewhere, salvation can be achieved by immersing the ashes in the Ganges.","మరణం మరి ఎక్కడైనా సంభవిస్తే, ఆ భస్మాన్ని గంగలో కలపడం ద్వారా మోక్షాన్ని పొందవచ్చు."
"On 18 August 2017, following an ""instruction"" from a Chinese import agency, Cambridge University Press used the functionality that had been built into Cambridge Core to temporarily delete politically sensitive articles from The China Quarterly on its Chinese website. The articles focused on topics China regards as taboo, including the 1989 Tiananmen massacre, Chairman Mao Zedong's Cultural Revolution, Hong Kong's fight for democracy and ethnic tensions in Xinjiang and Tibet. On 21 August 2017, in the face of growing international protests, Cambridge University Press announced it would immediately repost the articles to uphold the principle of academic freedom on which the university's work is founded.","చైనా నిషిద్ధంగా భావించే విషయాలపై కేంద్రీకృతమైన ఈ వ్యాసాలలో, 1989 తియానాన్మెన్ స్క్వేర్ నరమేధం, ఛైర్మన్ మావో జెడాంగ్ కల్చరల్ రెవల్యూషన్, ప్రజాస్వామ్యంకై హాంగ్ కాంగ్ పోరాటం, మరియు జింగ్షాంగ్, టిబెట్లలో జాతిపరమైన ఉద్రిక్తతలు ఉన్నాయి."
"On 26 January 1950, India became a sovereign republic. This series was introduced on 15 August 1950 and represented the first coinage of Republic India. The British monarch's portrait was replaced by the Lion Capital of Ashoka.",బ్రిటిష్ చక్రవర్తి చిత్రపటం స్థానంలో అశోకుని సింహ స్థంభ శీర్షం స్థాపించబడింది.
"Pausanias writes that Alexander wanted to dig through the Mimas mountain (in today's Karaburun area), but didn't succeed. He says this was Alexander's only unsuccessful project. Pliny the Elder adds that the planned distance was 12 kilometres (7.5mi), and the purpose was to cut a canal through the isthmus to connect the Caystrian and Hermaean bays.","ప్రణాళిక వేయబడ్డ దూరం 12 కిలోమీటర్లు (7.5 మై) అని మరియు కాస్త్రియన్ మరియు హీర్మియన్ అఖాతాలను కలపటానికి ఈ కంఠభూమి గుండా ఒక కాలువను తోలచటం వారి ఉద్దేశ్యం అని, ప్లీనీ ది ఎల్డర్ అదనంగా చెప్తారు."
"Quarter svarna coins have been excavated from gandhara. Besides svarna being a term for gold coins (called Svarna Rupa), it was also a weight standard which replaced Purana or Dharana in ancient India. According to Arthashastra one svarna or karsha was equal to 80 rattis (based on 1 masha = 5 ratti standard)","అర్థశాస్త్రం ప్రకారం, ఒక స్వర్ణ లేక కర్ష 80 రట్టిలకు సమానం(1మాషా = 5 రట్టిలు అనే ప్రమాణం ప్రకారం)"
"Recent C14 datings and stylistic comparisons with Amri II-B period pottery shows the first two phases should be termed Pre-Harappan Dholaviran Culture and re-dated as follows: Stage I (c. 3500-3200 BCE), and Stage II (c. 3200-2600 BCE).",అంరీ 2-బి. కాలం నాటి కుండలతో ఇటీవలి సి14 తేదీలు శైలుల పొంతనలు మొదటి రెండు దశలను హరప్పా కంటే పూర్వపు ధోలవిరా సంస్కృతికి చెందినవిగా పేర్కొనాలని సూచించి క్రింది తేదిగల విధంగా పునఃపేర్కొనబడినవి: 1వ దశ (సుమారు క్రీ పూ3500 - 3200) మరియు 2వ దశ (సుమారు క్రీపూ3200 - 2600).
"Russian historian Lev Gumilev wrote that Xiongnu, Mongols (Mongol Empire, Zunghar Khanate) and Turkic peoples (First Turkic Khaganate, Uyghur Khaganate) played a role to stop Chinese aggression to the north. The Turkic Khaganate had special policy against Chinese assimilation policy. Another interesting theoretical analysis on the historical-geopolitics of the Central Asia was made through the reinterpretation of Orkhun Inscripts.","జిఒంగ్ను, మొంగోలులు (మంగోల్ సామ్రాజ్యం, ఝూంఘర్ ఖానత్) మరియు తుర్కిక్ జనులు (మొదటి తుర్కిక్ ఖగనత్, ఉయ్ఘుర్ ఖగనత్) ఉత్తరం వైపుకు చైనీయుల దాడిని ఆపడంలో పాత్ర వహించాయని రష్యా కి చెందిన చరిత్రకారుడు లేవ్ ఘుమిలేవ్ వ్రాసారు."
"Sandansa/Sandamsa (hell of pincers): The Bhagavata Purana and the Devi Bhagavata Purana state that a person who robs a Brahmin or steals jewels or gold from someone, when not in dire need, is confined to this hell. However, the Vishnu Purana tells the violators of vows or rules endure pain here. His body is torn by red-hot iron balls and tongs.","సందన్శ/సందంశ (దోచేవారి నరకం): ఒక బ్రాహ్మణుని దోచినా, లేదా అత్యావశ్యకత లేకుండా ఎవరినుండైనా ఆభరణాలు లేదా బంగారం దొంగిలించిన వ్యక్తి ఈ నరకంలో నిర్బంధితుడవుతాడని భాగవత పురాణం మరియు దేవీ భాగవత పురాణాలు తెలియజేస్తున్నాయి."
"The Aparokshanubhuti and Atma bodha are also attributed to Shankara, as his original philosophical treatises, but this is doubtful. Paul Hacker has also expressed some reservations that the compendium Sarva-darsana-siddhanta Sangraha was completely authored by Shankara, because of difference in style and thematic inconsistencies in parts. Similarly, Gayatri-bhasya is doubtful to be Shankara's work.","కొన్ని భాగాలలో దాని శైలి మరియు నేపథ్య విరుద్ధతల వల్ల, సర్వ-దర్శన-సిద్ధాంత సంగ్రహ అనే సంకలనం పూర్తిగా శంకరునిచే వ్రాయబడినదనడానికి పాల్ హాకెర్ కూడా కొన్ని అనుమానాలు వ్యక్తంచేశారు,"
"The Bengali New Year is observed as a public holiday in Bangladesh. It is celebrated across religious boundaries by its Muslim majority and Hindu minority. According to Willem van Schendel and Henk Schulte Nordholt, the festival became a popular means of expressing cultural pride and heritage among the Bangladeshi as they resisted Pakistani rule in the 1950s and 1960s.","విల్లెం వ్యాన్ షెన్డల్ మరియు హెంక్ షల్టీ నోర్డ్‌హోల్ట్ ప్రకారం, ఈ పండగ బంగ్లాదేశీయులలో, 1950లు, 1960లలో పాకిస్థానీ పాలనను ప్రతిఘటించినందుకు వారికి సాంస్కృతిక ఆత్మగౌరవం మరియు వారసత్వాన్ని వ్యక్తపరిచే లోకప్రియ సాధనంగా మారింది."
"The Ghurids initially ruled as vassals of the Ghaznawids and later of the Seljuks. However, the long-standing rivalry between the Seljuks and Ghaznawids created a power vaccum in Khurasan to which the Ghurids cashed in and began their territorial expansion, during the early twelfth century. Ala al-Din Husayn launched a devastating raid in the Ghaznavid territory and sacked their capital, although he was defeated by the Seljuks which for briefly halted the rapid Ghurid expansion.","అల అల్-దీన్ హుసేన్ గజ్నావిద్ పై ఒక విధ్వంసకర దాడి చేసి వారి రాజధానిని కొల్లగొట్టాడు, అయినప్పటికీ సల్జూకులు అతడిని ఓడించారు, అందువల్ల గురీద్ యొక్క వేగవంతమైన విస్తరణను కొంతకాలం నిలిపివేసింది."
"The Pallavas were instrumental in the transition from rock-cut architecture to stone temples. The earliest examples of Pallava constructions are rock-cut temples dating from 610 CE to 690 CE and structural temples between 690 CE and 900 CE. A number of rock-cut cave temples bear the inscription of the Pallava king, Mahendravarman I and his successors.","పల్లవుల కట్టడాల తొట్ట తొలి ఉదాహరణలు క్రీ. శ. 610 నుండి 690 వరకు నాటి రాతిని చెక్కి నిర్మించబడిన ఆలయాలు, మరియు క్రీ. శ. 690 మరియు 900 మధ్య నాటి నిర్మాణాత్మక ఆలయాలు."
"The Salankayanas were an ancient dynasty that ruled the Andhra region between Godavari and Krishna with their capital at Vengi (modern Pedavegi) from 300 to 440CE. The Eastern Chalukyas of Vengi, whose dynasty lasted for around five hundred years from the 7th century until 1130CE, eventually merged with the Chola dynasty. They continued to rule under the protection of the Chola dynasty until 1189CE when the kingdom succumbed to the Hoysalas and the Yadavas.",శాలంకాయనులు గోదావరి మరియు కృష్ణ మధ్యనున్న ఆంధ్ర ప్రాంతాన్ని క్రీశ 300 నుండి 440 వరకు వేంగి(ఆధునిక పెదవేగి) ని తమ రాజధానిగా చేసుకొని పాలించిన ఒక ప్రాచీన వంశస్థులు.
"The Standard Cross-Cultural Sample described the occurrence of extramarital sex by gender in over 50 pre-industrial cultures. The occurrence of extramarital sex by men is described as ""universal"" in 6 cultures, ""moderate"" in 29 cultures, ""occasional"" in 6 cultures, and ""uncommon"" in 10 cultures. The occurrence of extramarital sex by women is described as ""universal"" in 6 cultures, ""moderate"" in 23 cultures, ""occasional"" in 9 cultures, and ""uncommon"" in 15 cultures.","మగవారిలో వివాహేతర సంభోగం సంఘటనలు 6 సంస్కృతులలో ""సార్వత్రికం"" అని, 29 సంస్కృతులలో ""మోస్తరు"" అని, 6 సంస్కృతులలో ""అప్పుడప్పుడు జరిగేది"" అని, 10 సంస్కృతులలో ""అసాధారణం"" అని వర్ణించబడింది."
"The biggest prize that galvanised English trade was the seizure of a large Portuguese carrack, the Madre de Deus by Sir Walter Raleigh and the Earl of Cumberland at the Battle of Flores on 13 August 1592. When she was brought in to Dartmouth she was the largest vessel ever seen in England and she carried chests of jewels, pearls, gold, silver coins, ambergris, cloth, tapestries, pepper, cloves, cinnamon, nutmeg, benjamin (a tree that produces frankincense), red dye, cochineal and ebony. Equally valuable was the ship's rutter (mariner's handbook) containing vital information on the China, India, and Japan trade routes.","ఓడ యొక్క రట్టర్ (నావికుడికి సూచనలు గల చిన్న పుస్తకము) అంతే విలువైనదిగా ఉండేది, ఇది చైనా, భారత్, మరియు జపాన్ వాణిజ్య మార్గాల గురించి ముఖ్యమైన సమాచారం కలిగి ఉండేది."
"The modern art movement in Bangladesh took shape during the 1950s, particularly with the pioneering works of Zainul Abedin. East Bengal developed its own modernist painting and sculpture traditions, which were distinct from the art movements in West Bengal. The Art Institute Dhaka has been an important centre for visual art in the region.",ఆర్ట్ ఇన్స్టిట్యూట్ ఢాకా ఈ ప్రాంతంలో దృశ్య కళలకు ప్రధాన కేంద్రంగా ఉంది.
"The possibility of different interpretations of the Vedic literature, states Arvind Sharma, was recognized by ancient Indian scholars. The Brahmasutra (also called Vednta Sutra, composed in 1st millennium BCE) accepted this in verse 1.1.4 and asserts the need for the Upanishadic teachings to be understood not in piecemeal cherrypicked basis, rather in a unified way wherein the ideas in the Vedic texts are harmonized with other means of knowledge such as perception, inference and remaining pramanas. This theme has been central to the Advaita school, making the Brahmasutra as a common reference and a consolidated textual authority for Advaita.","దీనిని బ్రహ్మసూత్ర (ఇది క్రీపూ మొదటి సహస్రాబ్దిలో రచించబడిన వేదాంత సూత్రగా కూడా పేరు కలిగినది) 1.1.4వ పద్యంలో అంగీకరిస్తూ ఉపనిషత్తుల బోధనలను ఒక్కొక్కటిగా, ఏర్చి కూర్చి అర్ధంచేసుకోవడం కాకుండా, అందుకు భిన్నంగా వైదిక వచనములలోని భావాలను ఇతర జ్ఞాన సాధనాలైన గ్రాహ్యత, అవగాహన, మరియు మిగిలిన ప్రమాణాలతో ఏకీకృత విధానంగా తెలుసుకోవాల్సిన అనవసరాన్ని వక్కాణిస్తుంది."
"The roles and guises recommended for Vyanjana (appearance) agents by the Arthashastra include ascetics, forest hermits, mendicants, cooks, merchants, doctors, astrologers, householders, entertainers, dancers, female agents and others. It suggests that members from these professions should be sought to serve for the secret service. A prudent state, states the text, must expect that its enemies seek information and are spying inside its territory and spreading propaganda, and therefore it must train and reward double agents to gain identity about such hostile intelligence operations.",ఈ వృత్తుల లోంచి సభ్యులను అంతరంగ సేవలో పని చేయటానికి వెతికి పొందాలని ఇది సూచిస్తుంది.
"The section concludes by listing the names of actions or deeds possible with various weapons, including 32 positions to be taken with sword and shield (khagacarmavidhau); 11 techniques for using a rope in fighting, 5 acts in the rope operation, lists of deeds pertaining to the chakram (war-quoit), the spear, the tomara (iron club), the gada (mace), the axe, the hammer, the bhindipla or laguda, the vajra, the dagger, the slingshot, and a bludgeon or cudgel. A short passage near the end addresses larger concerns of warfare and explains the various uses of war elephants and men. The text concludes with a description of how to appropriately send the well-trained fighter off to war.",ముగింపుకు దగ్గరలో ఒక చిన్న విభాగం యుద్ధరీతి గురించిన అతి ముఖ్యమైన విషయాలను ప్రస్తావిస్తుంది మరియు యుద్ధ గజాలు మరియు మనుషుల వివిధ ప్రయోగాలను వివరిస్తుంది.
"The text consists of 1,430 angs (pages) and 5,894 shabads (line compositions), which are poetically rendered and set to a rhythmic ancient north Indian classical form of music. The bulk of the scripture is divided into 31 main ragas, with each Granth raga subdivided according to length and author. The hymns in the scripture are arranged primarily by the rgas in which they are read.","ఈ గ్రంధంలో ప్రధాన భాగం 31 ముఖ్యమైన రాగాలుగా భాగించబడినది, ప్రతి గ్రంధ రాగాన్ని దాని నిడివి మరియు రచయిత ప్రకారం ఉపవిభజన చేయబడింది."
"The text is a prose style Upanishad, with a motley collection of different sized paragraphs. The first section has four paragraphs, the second has seven, the third presents five paragraphs, while the fourth section contains six. As appendices, the fifth lesson has two paragraphs, while the sixth Prapathaka is the longest section with thirty eight paragraphs.","ఈ వచనం ఒక గద్యశైలి గల ఉపనిషత్తు, వివిధ పరిమాణాలు కలిగిన ఖండాలు కలగలిసిన సంకలనం."
"These are also called the Astika (theistic) philosophical traditions and are those that accept the Vedas as an authoritative, important source of knowledge. Ancient and medieval India was also the source of philosophies that share philosophical concepts but rejected the Vedas, and these have been called nstika (heterodox or non-orthodox) Indian philosophies. Nastika Indian philosophies include Buddhism, Jainism, Charvaka, Ajivika, and others.","బౌద్ధ మతం, జైన మతం, చర్వక, అజీవిక మరియు ఇతరాలు నాస్తిక భారత తత్వ శాస్త్రాలలో ఉన్నాయి."
"Trickster tales played a major role in the Winnebago tribe. These stories were passed down orally and depicted humorous lessons through animals, nature and trickery. For example, ""The Trickster and Talking Bulb"" tells the story of ""The Old Man"", who disregards the warnings of a bulb and, in turn, gets punished for his defiance.","ఉదాహరణకు, ""ద ట్రిక్స్టర్ అండ్ ద టాకింగ్ బల్బ్"" ఒక బల్బు ఇచ్చే హెచ్చరికలను అలక్ష్యపెట్టే, అతని ధిక్కారానికి ప్రతిగా శిక్షింపబడే ""ముసలి మనిషి"" కధ చెప్తుంది."
"Uniscribed die struck coins appeared around 4th century BC in Taxila and Ujjain. These coins were mostly in copper and rarely in silver, the metal dies were cast carefully with the required designs. These coins had some symbols similar to Punch marked coins.","ఈ నాణేలు సాధారణంగా రాగితో మరియు అరుదుగా వెండితో తయారై ఉండేవి, ఈ లోహపు అచ్చులలో అవసరమైన నమూనాలను జాగ్రత్తగా పోత పోసేవారు."
"katha upanishad's fifth valli is an eschatological treatise. it begins by stating that human body is like a pura (sanskrit: , town, city) with eleven gates that connect him to the universe. the individual, asserts katha upanishad, who understands and reveres this town of eternal, non-changing spirit, is never crooked-minded, is always free.","వక్రమైన దానిని కాకుండా, ఈ నిత్యమైన దాని గురించి అలోచించే వ్యక్తి, స్వేచ్ఛను పొంది ఎన్నడూ దుఃఖం అనుభవించకుండా ఉంటాడని కఠోపనిషత్తు వక్కాణిస్తున్నది."
"the section concludes by listing the names of actions or deeds possible with various weapons, including 32 positions to be taken with sword and shield (khagacarmavidhau); 11 techniques for using a rope in fighting, 5 acts in the rope operation, lists of deeds pertaining to the chakram (war-quoit), the spear, the tomara (iron club), the gada (mace), the axe, the hammer, the bhindipla or laguda, the vajra, the dagger, the slingshot, and a bludgeon or cudgel. a short passage near the end addresses larger concerns of warfare and explains the various uses of war elephants and men. the text concludes with a description of how to appropriately send the well-trained fighter off to war.","అనేక ఆయుద్ధాలతో సాధ్యపడగల క్రియలు లేదా కృత్యాల పేర్లను పొందుపరచడంతో ఈ విభాగం ముగుస్తుంది, వీటిలో ఖడ్గం మరియు డాలుతో చేపట్టగలిగిన 32 భంగిమలు (ఖగకర్మవిధౌ); పోరాటంలో తాడును ఉపయోగించేందుకు 11 మెళకువలు; తాడు వాడకంలో 5 క్రియలు; చక్రాయుధానికి సంబంధించిన క్రియల జాబితా( వార్-కోయిట్), బల్లెము, తోమర (ఇనుప గడ), గద, గొడ్డలి, సమ్మెట, భిన్దిప్ల లేదా లాగుడా, వజ్రాయుధం, బాకు, ఉండేలు, మరియు దండము లేదా దుడ్డుకర్ర ఉంటాయి."
"After the fall of Socialist Yugoslavia, the economy experienced several shocks that damaged the local economy. Starting with the Western embargo on the Yugoslavian common market, and ending with the Greek embargo on North Macedonia over the country's former name, Republic of Macedonia. The economy began to recover in 1995 and experienced a full recovery after the 2001 insurgency by ethnic Albanians.","యుగోస్లావీయా సాధారణ విపణిపై పాశ్చాత్య నిషేధాలతో మొదలయి, ఉత్తర మాసడోనియాపై గ్రీకు నిషేధాల వరకు, దేశానికి పూర్వపు పేరు అయిన రిపబ్లిక్ ఆఫ్ మాసడోనియా పేరు గురించి."
"After the sharp devaluation in 1991 and transition to current account convertibility in 1994, the value of the rupee has been largely determined by market forces. The rupee has been fairly stable during the decade 20002010. In October 2018, rupee touched an all-time low 74.90 to US dollar.","1991 లో తీవ్రమైన అపమూల్యనం మరియు 1994 లో వర్తమాన ఖాతా పరివర్తనీయతకు మార్పిడి తరువాత, రూపాయి విలువ ఎక్కువగా మార్కెట్ శక్తులచే నిశ్చయించబడుతోంది."
"Anuthin is heir to a major construction company fortune. His family's company, Sino-Thai Engineering and Construction PCL, built several government mega-projects such as Bangkoks Suvarnabhumi Airport. An engineer, Anuthin served as president of Sino-Thai.","అతని కుటుంబ వ్యాపారసంస్థ, సినో-థాయి ఇంజనీరింగ్ అండ్ కంస్ట్రక్షన్ పిసిఎల్, బ్యాంకాక్లోని సువర్ణభూమి ఎయిర్ పోర్ట్ వంటి అనేక భారీ ప్రభుత్వ ప్రాజెక్టులను నిర్మించింది."
"Apple evangelists were actively engaged by the company at one time, but this was after the phenomenon had already been firmly established. Apple evangelist Guy Kawasaki has called the brand fanaticism ""something that was stumbled upon,"" while Ive explained in 2014 that ""People have an incredibly personal relationship"" with Apple's products. Apple Store openings and new product releases can draw crowds of hundreds, with some waiting in line as much as a day before the opening.","యాపిల్ స్టోర్ ప్రారంభాలు మరియు నూతన ఉత్పత్తుల విడుదలలు వందలాది జనసమూహాలను ఆకర్షించగలవు, కొంతమందయితే ప్రారంభానికి దాదాపుగా ఒక రోజు ముందే వరుసలో వేచి ఉంటారు."
"Apple evangelists were actively engaged by the company at one time, but this was after the phenomenon had already been firmly established. Apple evangelist Guy Kawasaki has called the brand fanaticism ""something that was stumbled upon,"" while Ive explained in 2014 that ""People have an incredibly personal relationship"" with Apple's products. Apple Store openings and new product releases can draw crowds of hundreds, with some waiting in line as much as a day before the opening.","యాపిల్ సువిశేషవక్త గయ్ కవాసాకి బ్రాండు పట్ల మూర్ఖాభిమానాన్ని ""అనుకోని విధంగా ఏర్పడినది"" గాపేర్కొని, యాపిల్ ఉత్పత్తులతో ""ప్రజలకు అత్యంత సన్నిహిత బాంధవ్యం ఉంది"" అని 2014 లో నేను వివరించాను."
"Bloomberg Television is a 24-hour financial news television network. It was introduced in 1994 as a subscription service transmitted on satellite television provider DirecTV, 13 hours a day, 7 days a week. In 1995, the network entered the cable television market and by 2000, Bloomberg's 24-hour news programming was being aired to 200 million households.","శాటిలైట్ టెలివిజన్ అందించే డైరెక్ టీవీ దీనిని 1994లో ఒక సభ్యత్వ సేవగా రోజుకి 13 గంటలు, వారానికి ఏడు రోజులు ప్రసారం చేయడం ప్రారంభించింది."
"By 2019, Zee Entertainment Enterprises Ltd (ZEEL) was Essel Group's only profit-generating company; the group had accumulated an overall debt of around 20,000 crore (equivalent to 210 billion or US $2.6billion in 2020). During the next year, Essel Group sold off part of its pledged shares in ZEEL for the repayment of some of its debt. Invesco Oppenheimer acquired an 11% stake in the company, while Essel Group's decreased to 22.37%.","2019 నాటికి, జీ ఎంటర్టైన్మెంట్ ఎంటర్ప్రైసెస్ లిమిటెడ్ (జీల్) ఎస్సెల్ వాణిజ్య సంస్థకి లాభాలు గడించే ఏకైక కంపెనీగా ఉండింది; ఆ సంస్థకి పేరుకుపోయిన ఋణ మొత్తం దాదాపు 20,000 కోట్లు (ఇది 2020 లో 210 బిలియన్ లేదా యూఎస్ $2.6 బిలియన్ కు సమానం)."
"EDS eventually shed hundreds of jobs at A.T. Kearney, reduced compensation, consolidated back-office functions, and eventually relocated A.T. Kearney's headquarters from Chicago to Plano, Texas. By mid-2005, A.T. Kearney had experienced 11 straight quarters of shrinking revenues, including being unprofitable the final three quarters. In 2006, A.T. Kearney CEO Henner Klein and the consultancy's management struck a deal with EDS CEO Michael Jordan to buy the firm back, and A.T. Kearney was once again an independent firm.","ఈడిఎస్ క్రమంగా ఏటి కీయర్నీలో వందలాది ఉద్యోగాలను నిర్మూలించి, జీతాలలో కోతలు విధించి, అనుబంధ కార్యకలాపాలను సమగ్రపరిచి, తుదకు ఏటి కీయర్నీ ప్రధాన కార్యాలయాన్ని చికాగో నుండి ప్లేనో, టెక్సాస్‌కి మార్చింది."
"Eventually admitting that adoption of the socialist model of economic centralization and state control was a mistake, the Ratsiraka regime in 1980 initiated a return to a more classic liberal economic model that the Zafy regime wholeheartedly adopted following its inauguration in 1993. The post-1980 Ratsiraka and Zafy regimes have overseen the privatization of parastatals, the disbanding of agricultural marketing boards, the ratification of more liberal investment codes favoring foreign investment, the privatization of the banking industry, diversification of traditional, primary-product exports, and greater investment in food production. The Zafy regime has made reinvigoration of the Malagasy economy its number-one priority.","1980 తరువాతి రాత్శిరక మరియు జాఫీ హయాంలు పరోక్ష పాలకుల ప్రైవేటీకరణను, వ్యవసాయ మార్కెటింగ్ బోర్డులను రద్దుచేయడాన్ని, విదేశీ పెట్టుబడులకు అనువుగా విరివిగా పెట్టుబడి విధానలను ధృవీకరించడాన్ని, బ్యాంకింగ్ రంగ ప్రైవేటీకరణను, సాంప్రదాయ ప్రధాన ఉత్పత్తి ఎగుమతుల విధీకరణను, మరియు ఆహారం ఉత్పత్తిలో మరింత హెచ్చు పెట్టుబడిని పర్యవేక్షించాయి."
"External commercial borrowing (ECBs) are loans in India made by non-resident lenders in foreign currency to Indian borrowers. They are used widely in India to facilitate access to foreign money by Indian corporations and PSUs (public sector undertakings). ECBs include commercial bank loans, buyers' credit, suppliers' credit, securitised instruments such as floating rate notes and fixed rate bonds etc., credit from official export credit agencies and commercial borrowings from the private sector window of multilateral financial Institutions such as International Finance Corporation (Washington), ADB, AFIC, CDC, etc.","ఈసిబి ల క్రింద వాణిజ్య బ్యాంకు ఋణాలు, కొనుగోలుదారులకు పెట్టుబడి, సరఫరాదారులకు పెట్టుబడి, ఫ్లోటింగ్ రేట్ నోట్ లు మరియు ఫిక్స్డ్ రేట్ బాండ్లు మొ భద్రత కల్పించబడిన సాధనాలు, అధికారిక ఎగుమతులకి అప్పు ఇచ్చే సంస్థల నుండి అరువు, ఇంటర్నేషనల్ ఫైనాన్స్ కార్పొరేషన్ (వాషింగ్టన్), ఏడిబి, ఏఎఫ్ఐసి, సిడిసి మొ. బహుపాక్షిక ఆర్థిక సంస్థల ప్రైవేటు విభాగం నుండి వ్యాపారసంబంధ ఋణాలు ఉంటాయి."
"Following a merger process, the merger of the 5 remaining associate banks, (viz. State Bank of Bikaner and Jaipur, State Bank of Hyderabad, State Bank of Mysore, State Bank of Patiala, State Bank of Travancore); and the Bharatiya Mahila Bank) with the SBI was given an in-principle approval by the Union Cabinet on 15 June 2016. This came a month after the SBI board had, on 17 May 2016, cleared a proposal to merge its five associate banks and Bharatiya Mahila Bank with itself.","ఎస్‌బీఐ బోర్డు 17 మే 2016 నాడు, తమ ఐదు అనుబంధ బ్యాంకులు మరియు భారతీయ మహిళా బ్యాంకును తమలోకి విలీనం చేయాలన్న ప్రతిపాదనను విడుదల చేసిన నెలకి ఇది జరిగింది."
"For the fiscal year 2017, American Express reported earnings of US$2.634billion, with an annual revenue of US$35.583billion, an increase of 5.2% over the previous fiscal cycle. Its shares traded at over $83 per share, and its market capitalization was valued at over US$86.5billion in October 2018. American Express ranked #86 in the 2018 Fortune 500 list of the largest United States corporations by total revenue.",మొత్తం రాబడి పరంగా సంయుక్త రాష్ట్రాల కార్పొరేషన్ లలో అతిపెద్ద వాటి 2018 ఫార్చ్యూన్ 500 జాబితాలో అమెరికన్ ఎక్స్ప్రెస్ 86వ స్థానం లో ఉంది.
"Foreign investment in Bolivia was buoyed in 1995 by privatization. Investment in mining and natural gas extraction increased, as did investment in the banking sector. However, the economic decline of the late 1990s, along with political unrest, caused foreign investors to pull out of Bolivia once again.","గనుల తవ్వకం మరియు సహజ వాయువు ను వెలికితీయటంలో పెట్టుబడి పెరిగింది, అలాగే బ్యాంకింగ్ రంగంలో కూడా."
"Honduras's international economic activity surged in the early 20th century. Between 1913 and 1929, its agricultural exports rose from $3million ($2million from bananas) to $25million ($21million from bananas). These ""golden"" exports were supported by more than $40million of specialized banana company investment in the Honduran infrastructure and were safeguarded by US pressure on the national government when the companies felt threatened.",1913 మరియు 1929 మధ్యలో దాని వ్యవసాయ ఉత్పత్తులు $3 మిలియన్లు (అరటి పండ్ల నుండి $2 మిలియన్) నుండి $25 మిలియన్లు (అరటి పండ్ల నుండి $21 మిలియన్) కి పెరిగాయి.
"However, the economic fluctuations of the business cycle did affect Poland's unemployment rate, which by early 2013 reached almost 11%. This level was still below European average and has begun falling subsequently. As of October 2017, Poland's unemployment rate stood at 4.6% according to Eurostat.","అయినప్పటికీ, వ్యాపార వలయంలో ఆర్థిక హెచ్చుతగ్గులు పోలాండ్ యొక్క నిరుద్యోగ సూచీని ప్రభావితం చేసింది, 2013 ఆదిలో అది దాదాపు 11% కి చేరింది."
"In 1986, the BSE developed the S&P BSE SENSEX index, giving the BSE a means to measure the overall performance of the exchange. In 2000, the BSE used this index to open its derivatives market, trading S&P BSE SENSEX futures contracts. The development of S&P BSE SENSEX options along with equity derivatives followed in 2001 and 2002, expanding the BSE's trading platform.","2000లో బిఎస్ఈ ఈ సూచికను ఉపయోగించి, ఎస్&పి బిఎస్ఈ సెన్సెక్స్ భవిష్య కాంట్రాక్టుల వాణిజ్యమార్పిడి జరిపి, తన ఉత్పన్నాల విపణిని ఆరంభించింది."
"In 1986, the BSE developed the S&P BSE SENSEX index, giving the BSE a means to measure the overall performance of the exchange. In 2000, the BSE used this index to open its derivatives market, trading S&P BSE SENSEX futures contracts. The development of S&P BSE SENSEX options along with equity derivatives followed in 2001 and 2002, expanding the BSE's trading platform.","2001 మరియు 2002లో ఉత్పన్నాల వాటాతోబాటు ఎస్&పి బిఎస్ఈ సెన్సెక్స్ ఎంపికల వృద్ధికి దారి తీసి, బిఎస్ఈ వర్తక వేదికని విస్తృతం చేసింది."
"In 1997, FAO launched TeleFood, a campaign of concerts, sporting events and other activities to harness the power of media, celebrities and concerned citizens to help fighting hunger. Since its start, the campaign has generated close to US$28 million, 15 million in donations. Money raised through TeleFood pays for small, sustainable projects that help small-scale farmers produce more food for their families and communities.","1997 లో, ఎఫ్ఏఓ టెలీఫూడ్ ను ప్రారంభించింది, ఇది సంగీత సమ్మేళనాలు, క్రీడా కార్యక్రమాలు, మరియు ఇతర కార్యక్రమాల ద్వారా, ప్రసార వ్యవస్థ, ప్రముఖులు, మరియు సంబంధిత పౌరుల శక్తిని ఉపయోగించుకొని ఆకలిని తరిమికొట్టేందుకు ఉద్దేశించిన ఉద్యమం."
"In 2006 the main sectoral data are: for trade there are 1,600,000 enterprises, equal to 26% of the Italian entrepreneurial fabric, and over 3,500,000 work units. Transport, communications, tourism and consumption outside the home, over 582,000 businesses, equal to 9.5% of the entrepreneurial fabric, almost 3,500,000 work units. Business services: 630,000 registered companies, equal to 10.3% of the entrepreneurial fabric, over 2,800,000 work units.","వ్యాపార సేవలు: 2,800,000కు పైగా పని విభాగాలతో పారిశ్రామిక సేవలలో 10.3% కి సమానంగా 630,000 నమోదైన కంపెనీలు."
"In 2016, Shayne Elliott became CEO. In April ANZ partnered with Apple to bring Apple Pay to its customers. In 2017, ANZ acquired REALas property price predictor start-up.",2017లో ఆస్తుల విలువలను ముందస్తు అంచనా వేసే అంకుర సంస్థ రియల్ఆస్ ను ఏఎన్ జెడ్ స్వాధీనం చేసుకున్నారు.
"In 2020, Finance Minister Nirmala Sitaraman introduced a bill to amend the Act. The bill sought to bring all cooperative banks under the Reserve Bank of India. It brought 1,482 urban and 58 multi-state cooperative banks under the supervision of the RBI. The bill granted the RBI ability to reconstruct or merge banks without moratoriums.","అది 1,482 పట్టణ మరియు 58 బహుళ-రాష్ట్ర సహకార బ్యాంకులను ఆర్‌బీఐ పర్యవేక్షణ లోకి తెచ్చింది."
"In August 2000, Barclays took over the recently de-mutualised Woolwich PLC, formerly the Woolwich Building Society, in a 5.4 billion acquisition. Woolwich thus joined the Barclays group of companies, and the Woolwich name was retained after the acquisition. The company's head office remained in Bexleyheath, south-east London, four miles (6km) from the original head office in Woolwich.","ఈ విధంగా వూల్విచ్ బార్క్లేస్ సంస్థతో చేరింది, మరియు సముపార్జన తర్వాత వూల్విచ్ పేరు కొనసాగించబడింది."
"In August 2011, AMD announced that former Lenovo executive Rory Read would be joining the company as CEO, replacing Meyer. In November 2011, AMD announced plans to lay off more than 10% (1,400) of its employees from across all divisions worldwide. In October 2012, it announced plans to lay off an additional 15% of its workforce to reduce costs in the face of declining sales revenue.","అక్టోబర్ 2012లో, అమ్మకాలనుండి క్షీణిస్తున్న ఆదాయం దృష్ట్యా ఇది అదనంగా 15% ఉద్యోగులను తొలగించే ప్రణాళికను ప్రకటించింది."
"In October 1908, at the International Conference on Electric Units and Standards in London, so-called ""international"" definitions were established for practical electrical units. Siemens' definition was adopted as the ""international"" watt. (Also used: 1A2 1.) The watt was defined as equal to 107 units of power in the ""practical system"" of units.","సీమెన్ యొక్క నిర్వచనం ""అంతర్జాతీయ"" వాట్ గా స్వీకరించబడింది."
"In addition, the Bajaj Group has also undertaken several educational activities. They not only focus on mainstream education through the maintenance and running of Bal Sanskar Kendras, Balwadis and conducting study tours, but also on vocational education through tailoring classes, literacy and hobby classes, training programmes for self-employment, and so on. Jamnalal Bajaj Award was established in 1978 by the Jamnalal Bajaj Foundation.","అదనంగా, బజాజ్ సంస్థ అనేక విద్యా కార్యకలాపాలను కూడా చేపట్టింది."
"India's GDP growth during JanuaryMarch period of 2015 was at 7.5% compared to China's 7%, making it the fastest growing MAJOR economy. During 201415, India's GDP growth recovered marginally to 7.3% from 6.9% in the previous fiscal. During 201415, India's services sector grew by 10.1%, manufacturing sector by 7.1% & agriculture by 0.2%.",2015 లో జనవరి-మార్చి కాలంలో చైనా యొక్క 7% తో పోలిస్తే భారత జీడీపీ పెరుగుదల 7.5% వద్ద నిలిచి అత్యంత వేగంగా ఎదుగుతున్న బృహత్ ఆర్థికవ్యవస్థ అయింది.
"Often referred to simply as ""investments"". Long-term investments are to be held for many years and are not intended to be disposed of in the near future. This group usually consists of three types of investments:","దీర్ఘకాలిక పెట్టుబడులు ఎన్నో ఏళ్ల వరకు ఉంచుకోవలసినవి, సమీప భవిష్యత్తులో విక్రయించేందుకు ఉద్ధేశింపబడనివి."
"On 28 December 2010, the non-governmental organisation, Coalition to Uproot Ragging from Education (CURE) co-founder Harsh Agarwal wrote a letter to the Raghavan Committee, a panel headed by former HRD Ministry R. K. Raghavan, explaining distress over a particular scene, where the lead actors gets ragged by seniors. The organisation asked the committee to write a letter to the censor board to revisit and re-examine the particular scene.","28 డిసెంబర్ 2010 నాడు, కోలిషన్ టు అప్రూట్ ర్యాగింగ్ ఫ్రమ్ ఎడ్యుకేషన్ (క్యూర్) అనే ప్రభుత్వేతర సంస్థ సహవ్యవస్థాపకుడు హర్ష అగర్వాల్, ప్రధాన పాత్రలు సీనియర్ల చేత ర్యాగ్ చేయబడే ఒక ప్రత్యేక సన్నివేశం గురించి బాధను వ్యక్తం చేస్తూ, మానవ వనరుల మంత్రిత్వ శాఖ ఆర్‌కే రాఘవన్ నేతృత్వంలోని సభ్యమండలి, రాఘవన్ కమిటీకి లేఖ వ్రాశారు."
"Revival efforts also included appointing Jean-Charles de Castelbajac as artistic director and re-appointing photographer Oliviero Toscani. As of 2020, United Colors of Benetton has 1,500 employees and uses 25,000 workers through subcontractors. In March 2020, Massimo Renon was named CEO of the company.","పునరుద్ధరణకు చేసిన కృషిలో భాగంగా జా-షాల్ డి కాస్టెలబజాక్‌ను కళా దర్శకుడిగా నియమించి, ఛాయాగ్రాహకుడు ఒలివ్యారో టొస్కానీని తిరిగి నియమించడం ఉన్నాయి."
"Semex was founded as a joint venture between Sharp and Mexican investors which acts as an autonomous independent company which Sharp only maintains partial control over. The company manufactures whole products such televisions and designs individual components on behalf of Sharp such as LCD modules and in return Semex is granted access to Sharp capital, technology, research capacity and branding. Notable foreign companies which have set up joint venture entities in Mexico include Samsung which formed Samex, a local designer and manufacturer of finished televisions, white goods and individual electronic components like printed circuit boards, LCD panels and semiconductors, Toshiba, who formed Toshiba de Mxico, S.A. de C.V., an administratively autonomous subsidiary which produces electronics parts, televisions and heavy industrial equipment.","మెక్సికోలో సంయుక్త వెంచర్ ఏర్పాటు చేసిన ప్రముఖ విదేశీ సంస్థలలో, తయారైన టెలివిజన్లు, విద్యుత్ ఉపకరణాలు, మరియు ముద్రించబడిన సర్క్యూట్ బోర్డులు, ఎల్‌సీడి ప్యానెళ్ళు, మరియు సెమీకండక్టర్ల స్థానిక రూపకర్త మరియు తయారీదారైన స్యామెక్స్ గా ఏర్పడిన స్యామ్సంగ్; మరియు ఎలక్ట్రానిక్ భాగాలు, టెలివిజన్లు, మరియు భారీ పారిశ్రామిక యంత్రాంగాలు తయారుచేసే, నిర్వహణాపరంగా స్వయం ప్రతిపత్తి గల అనుబంధ సంస్థ తోషిబా డి మెక్సికో, ఎస్‌ఏడిసివి గా ఏర్పడిన తోషిబా ఉన్నాయి."
"The Government of India has amended FDI policy to increase FDI inflow. In 2014, the government increased foreign investment upper limit from 26% to 49% in insurance sector. It also launched Make in India initiative in September 2014 under which FDI policy for 25 sectors was liberalised further.","2014లో, ప్రభుత్వం బీమా రంగంలో విదేశీ పెట్టుబడుల గరిష్ట పరిమితిని 26% నుండి 49%కు పెంచింది."
"The Indian banking sector is broadly classified into scheduled and non-scheduled banks. The scheduled banks are those included under the 2nd Schedule of the Reserve Bank of India Act, 1934. The scheduled banks are further classified into: nationalised banks; State Bank of India and its associates; Regional Rural Banks (RRBs); foreign banks; and other Indian private sector banks.","రిజర్వు బ్యాంకు అఫ్ ఇండియా ఆక్ట్, 1934 యొక్క రెండవ షెడ్యూల్ లో చేర్చబడినవి షెడ్యూల్ చేయబడిన బ్యాంకులు."
"The Residence accommodates one or two people, in a space of 125 square feet (11.6m2). It features a private living room, bedroom, and bathroom. It features a 60.6-inch (154cm)-wide two-seater reclining sofa and 32-inch (81cm) TV monitor in the lounge; an ensuite bathroom with shower, an 82-inch (210cm)-long, 47.5-inch (121cm)-wide double bed in the bedroom which also includes a 27-inch (69cm) TV monitor, and a personal butler.","ఈ విశ్రాంతి గదిలో 60.6-అంగుళాల (154 సె.మి.ల)-వెడల్పుగల టూ సీటర్ రిక్లైనింగ్ సోఫా మరియు 32-అంగుళాల (81 సె.మి.ల)టీవీ మానిటర్; ప్రక్కనే షవర్తో కూడిన స్నానాలగది; పడక గదిలో 82 అంగుళాలు (210 సె. మి.) పొడవు, 47.5 (121 సె. మి.) వెడల్పు గల జత మంచం, దీనితోపాటు 27 అంగుళాలు (69 సె. మి.) టి. వి., మరియు ఒక వ్యక్తిగత పరిచారకుడు ఉంటారు."
"The World State in Aldous Huxley's Brave New World (1932) and Airstrip One in George Orwell's Nineteen Eighty-Four (1949) provide fictional depictions of command economies, albeit with diametrically opposed aims. The former is a consumer economy designed to engender productivity while the latter is a shortage economy designed as an agent of totalitarian social control. Airstrip One is organized by the euphemistically named Ministry of Plenty.","మొదటిది ఉత్పాదకత కలగచేసేందుకు రూపుదిద్దబడిన వినియోగదారుల ఆర్థిక వ్యవస్థ కాగా, రెండవది సర్వాధికార సామాజిక నియంత్రణ కారకంగా రూపుదిద్దబడిన కొరత ఆర్థిక వ్యవస్థ."
"The initial public offering (IPO) market in India has been small compared to NYSE and NASDAQ, raising US$300million in 2013 and US$1.4billion in 2012. Ernst & Young stated that the low IPO activity reflects market conditions, slow government approval processes, and complex regulations. Before 2013, Indian companies were not allowed to list their securities internationally without first completing an IPO in India.","2013కి పూర్వం, భారతీయ కంపెనీలు భారతదేశంలో ముందుగా ఒక ఐపిఓ పూర్తి చేయకుండా తమ సెక్యూరిటీలను అంతర్జాతీయంగా జాబితా చేసేందుకు అనుమతి ఉండేది కాదు."
"The opening of New York City's Apple Fifth Avenue store in 2006 was highly attended, and had visitors from Europe who flew in for the event. In June 2017, a newlywed couple took their wedding photos inside the then-recently opened Orchard Road Apple Store in Singapore. The high level of brand loyalty has been criticized and ridiculed, applying the epithet ""Apple fanboy"" and mocking the lengthy lines before a product launch.","""యాపిల్ ఫ్యాన్‌బోయ్"" అనే అధిక్షేపాన్ని అనువర్తించటం, ఉత్పత్తి ప్రవేశపెట్టడానికి మునుపే ఏర్పడే పొడవాటి వరుసలను అవహేళన చేయడం ద్వారా బ్రాండు పట్లగల అధిక స్థాయి విధేయత విమర్శించబడి, పరిహాసం చేయబడింది."
"The opening of New York City's Apple Fifth Avenue store in 2006 was highly attended, and had visitors from Europe who flew in for the event. In June 2017, a newlywed couple took their wedding photos inside the then-recently opened Orchard Road Apple Store in Singapore. The high level of brand loyalty has been criticized and ridiculed, applying the epithet ""Apple fanboy"" and mocking the lengthy lines before a product launch.","2006 లో న్యూ యార్క్ నగరంలోని యాపిల్ ఫిఫ్త్ అవెన్యూ దుకాణం ప్రారంభోత్సవానికి అధిక సంఖ్యలో హాజరయ్యారు, ఇంకా యూరోప్ నుండి సందర్శకులు ఈ కార్యక్రమానికి హాజరయ్యారు."
"To achieve the target of an average of 5.6% per annum, investment of 23.2% of the gross domestic product was required. The incremental capital ratio is 4.1. The saving for investment was to come from domestic sources and foreign sources, with the rate of domestic saving at 21.6% of gross domestic production and of foreign saving at 1.6% of gross domestic production.","స్థూల దేశీయోత్పత్తిలోంచి దేశీయ మూలధనం 21.6% చొప్పున మరియు (స్థూల దేశీయోత్పత్తిలోంచి) విదేశీ మూలధనం 1.6% చొప్పున, పెట్టుబడి కోసం మూలధనం దేశీయ మరియు విదేశీ ఆధారాల నుండి రావలసి ఉండెను."
"another motivation is speed to market. to make this work, a new process was developed: ""outsource the outsourcing process"". details of managing dupont's chief information officer cinda hallman's $4 billion 10-year outsourcing contract with computer sciences corporation and accenture were outsourced, thus avoiding ""inventing a process if we'd done it in-house"".","కంప్యూటర్ సైన్సెస్ కార్పొరేషన్ మరియు యాక్సెంచర్తో డుపాంట్ కార్యనిర్వాహక ప్రధాన సమాచారశాఖాధికారి సిండా హాల్మన్ యొక్క యుఎస్ $4 బిలియన్ల, 10 ఏళ్ల పాటు వారి నుండి వస్తువులు లేదా సేవలను పొందే ఒప్పందం ద్వారా దానిని నిర్వహించే వివరాలను వారికి కేటాయించి, ""మనమే అంతర్గతంగా చేస్తే దానికి ఒక విధానాన్ని కనిపెట్టవలసిన"" పరిస్థితిని తప్పించింది."
"the robert b. atwood building in anchorage, alaska, was at one time named the bank of america center, renamed in conjunction with the bank's acquisition of building tenant security pacific bank. this particular branch was later acquired by alaska-based northrim bank and moved across the street to the linny pacillo parking garage.",అలాస్కాలోని యాంకరేజ్ లో ఒకప్పుడు బ్యాంక్ ఆఫ్ అమెరికా సెంటర్ పేరు కలిగిన రాబర్ట్ బీ యాట్వుడ్ బిల్డింగుకు ఇందులో అద్దెకున్న సెక్యూరిటీ పసిఫిక్ బ్యాంకును ఈ బ్యాంకు అధిగ్రహణంలోకి తీసుకున్నాక దాన్ని కలుపుకుని పేరు మార్చడం జరిగినది.
"A braincomputer interface (BCI), is a direct communication pathway between an enhanced or wired brain and an external device. BCI differs from neuromodulation in that it allows for bidirectional information flow. BCIs are often directed at researching, mapping, assisting, augmenting, or repairing human cognitive or sensory-motor functions.",ద్విముఖ సమాచార ప్రవాహాన్ని అనుమతించడంలో న్యూరోమాడ్యూలేషన్ బిసిఐకు భిన్నంగా ఉంటుంది.
"A chaotic system may have sequences of values for the evolving variable that exactly repeat themselves, giving periodic behavior starting from any point in that sequence. However, such periodic sequences are repelling rather than attracting, meaning that if the evolving variable is outside the sequence, however close, it will not enter the sequence and in fact, will diverge from it. Thus for almost all initial conditions, the variable evolves chaotically with non-periodic behavior.","అయినా, అలాంటి ఆవర్తన క్రమాలు ఆకర్షకాల కంటే వికర్షకాలుగా ఉంటాయి, అంటే ఎంత దగ్గరగా ఉన్నా, పరిణామం చెందుతున్న చరరాశి క్రమానికి వెలుపల ఉంటే, అది క్రమంలోకి ప్రవేశించదు, మరియు నిజానికి, అది వేరు దిశలో వెళ్తుంది."
"A leap second is a one-second adjustment that is occasionally applied to Coordinated Universal Time (UTC), to accommodate the difference between precise time (International Atomic Time (TAI), as measured by atomic clocks) and imprecise observed solar time (UT1), which varies due to irregularities and long-term slowdown in the Earth's rotation. The UTC time standard, widely used for international timekeeping and as the reference for civil time in most countries, uses TAI and consequently would run ahead of observed solar time unless it is reset to UT1 as needed. The leap second facility exists to provide this adjustment.","లీప్ సెకండ్ అనబడేది, ఖచ్చితమైన సమయం (ఇంటర్నేషనల్ అటామిక్ టైమ్(టీఏఐ) పరమాణు గడియారాలు కొలిచే విధంగా) ,మరియు ఖచ్చితం కాని సౌరమాన సమయం(యూటీఐ) అక్రమముల వల్ల మరియు దీర్ఘకాల భూభ్రమణ వేగం తగ్గటం వల్ల వచ్చే తేడాని సర్దటానికి కోఆర్డినేటెడ్ యూనివర్సల్ టైమ్ (యూటీసీ)కి అప్పుడపుడు కలిపే ఒక క్షణం సర్దుబాటు."
"A study on teachers by Kremer etc. found out that 25% of private sector teachers and 40% of public sector medical workers were absent during the survey. Among teachers who were paid to teach, absence rates ranged from 14.6% in Maharashtra to 41.9% in Jharkhand.","ఉపాధ్యాయుల పై క్రెమర్ మరియు ఇతరుల అధ్యయనంలో ప్రైవేటు రంగ ఉపాధ్యాయులలో 25%, మరియు ప్రభుత్వ రంగ వైద్య కార్మికులలో 40% మంది ఆ తనిఖీ సమయంలో హాజరు కాలేదని కనుగొన్నారు."
"Albert Einstein in 1905 explained of the photoelectric effect; a particle description of light as photons. In 1916, Sommerfeld explains fine structure; the splitting of the spectral lines of atoms due to first order relativistic corrections. The Compton effect of 1923 provided more evidence that special relativity does apply; in this case to a particle description of photonelectron scattering.","ఫోటాన్-ఎలక్ట్రాన్ పరిక్షేపం చెందడాన్ని, ఈ విషయంలో, ఒక కణ వర్ణనలో,1923 నాటి క్రాంప్టన్ ప్రభావం ప్రత్యేక సాపేక్షత వర్తిస్తుందనడానికి మరింత ఆధారం అందించింది."
"An electromagnetic field very far from currents and charges (sources) is called electromagnetic radiation (EMR) since it radiates from the charges and currents in the source, and has no ""feedback"" effect on them, and is also not affected directly by them in the present time (rather, it is indirectly produced by a sequences of changes in fields radiating out from them in the past). EMR consists of the radiations in the electromagnetic spectrum, including radio waves, microwave, infrared, visible light, ultraviolet light, X-rays, and gamma rays. The many commercial applications of these radiations are discussed in the named and linked articles.","విద్యుత్ ప్రవాహాలు మరియు ఛార్జ్ ల(మూలాల) నుండి చాలా దూరంగా ఉన్న విద్యుత్-ఆయస్కాంత పరిధిని విద్యుత్-ఆయస్కాంత ప్రసరణ అంటారు(ఈఎంఆర్), ఎందుకంటే అది మూలాలలోని విద్యుత్ ఛార్జ్ లు మరియు ప్రవాహాల నుండి ప్రసరిస్తుంది, వాటిపై ""ప్రతిస్పందన"" ప్రభావం కలిగి ఉండదు, మరియు ప్రస్తుత కాలంలో వాటిచే నేరుగా ప్రభావితమవదు (ప్రతిగా వాటినుండి గతంలో ప్రసరించబడిన క్షేత్రాలలో క్రమమైన మార్పుల వల్ల అది పరోక్షంగా ఉత్పత్తి అవుతుంది)."
"As noted above, most DNA molecules are actually two polymer strands, bound together in a helical fashion by noncovalent bonds; this double-stranded (dsDNA) structure is maintained largely by the intrastrand base stacking interactions, which are strongest for G,C stacks. The two strands can come aparta process known as meltingto form two single-stranded DNA (ssDNA) molecules. Melting occurs at high temperatures, low salt and high pH (low pH also melts DNA, but since DNA is unstable due to acid depurination, low pH is rarely used).","పైన గమనించినట్టుగా, చాలా వరకు డీఎన్ఏ అణువులు రెండు పాలిమర్ తంతువుల అసమయోజనీయ కట్టుబడిలో మరలు తిరిగే విధంగా కలిపి చుట్టబడి ఉన్నవి; ఈ ఇరు తంత్రుల నిర్మాణం ప్రధానంగా తంత్రుల అంతర్తంత్రి దొంతర పరస్పర చర్యలచే నిర్వహించబడుతుంది, ఇవి జీ మరియు సీ దొంతరలకు అత్యంత బలమైనవి."
"By his delineation (in 1817) of isothermal lines, he at once suggested the idea and devised the means of comparing the climatic conditions of various countries. He first investigated the rate of decrease in mean temperature with the increase in elevation above sea level, and afforded, by his inquiries regarding the origin of tropical storms, the earliest clue to the detection of the more complicated law governing atmospheric disturbances in higher latitudes. This was a major contribution to climatology.","ఆయన మొదట సముద్రమట్టం నుండి ఎత్తు పెరగటంతో సగటు ఉష్ణోగ్రత తగ్గుదల నిష్పత్తిని పరిశోధించారు, దీనితో అధిక అక్షాంశాలలో వాతావరణ కల్లోలతకు మరింత సంక్లిష్టమైన నియమాన్ని గుర్తించటానికి మొట్టమొదటి సూచన ఉష్ణమండల తుఫానుల మూలాల గురించిన ఆయన విచారణల వల్ల వీలు కలిగింది."
"Carbon clusters were first detected by Eric A. Rohlfing, Donald M. Cox, and Andrew Kaldor in 1984, in experiments where graphite was vaporized by laser and the vapor was quenched by a helium atmosphere.","కర్బన సమూహాలని మొదట 1984లో ఎరిక్ ఏ రోల్ఫింగ్, డొనాల్డ్ ఎం కాక్స్ మరియు ఆండ్రూ కాల్డోర్, గ్రాఫైట్ ని లేజర్ తో బాష్పీభవించి, ఆ ఆవిరిని హీలియం పర్యావరణంలో చల్లార్చిన ప్రయోగాలలో గుర్తించారు."
"Determining the complexity of an algorithm means finding upper bounds or estimates of how many elementary operations such as additions and multiplications of scalars are necessary to perform some algorithm, for example, multiplication of matrices. Calculating the matrix product of two n-by-n matrices using the definition given above needs n3 multiplications, since for any of the n2 entries of the product, n multiplications are necessary. The Strassen algorithm outperforms this ""naive"" algorithm; it needs only n2.807 multiplications.","ఒక క్రమసూత్రం యొక్క సంక్లిష్టతను గణించడం అంటే, ఒక క్రమసూత్రాన్ని, ఉదాహరణకు మాత్రికల హెచ్చవేతను నడుపుటకు స్కేలార్‌ల కూడికలు మరియు హెచ్చవేతలు వంటి ప్రాథమిక లెక్కలు ఎన్ని అవసరం ఉంటాయో పై హద్దుల అంచనా లేదా ప్రాధమిక క్రియలను కనుక్కోవడం."
"During this time the British came into conflict with Bengal's Mughal governors. In 1652, the British had been exempted from customs payments in exchange for giving yearly sums to the nawab. But the nawab foisted fees upon them, which the British opposed.","ఈ సమయంలో, బ్రిటిష్ వారు బెంగాల్ ముఘల్ రాజ్యపాలకులతో యుద్ధానికి దిగారు."
"Early AM radio transmitters relied on carbon microphones for voice modulation of the radio signal. In the first long-distance audio transmissions by Reginald Fessenden in 1906, a continuous wave from an Alexanderson alternator was fed directly to the transmitting antenna through a water-cooled carbon microphone. Later systems using vacuum tube oscillators often used the output from a carbon microphone to modulate the grid bias of the oscillator or output tube to achieve modulation.","రెజినాల్డ్ ఫెసెండెన్ 1906 లో చేసిన మొదటి సుదూర శబ్ద ప్రసారంలో, ఒక అలెక్సాండర్సన్ ఆల్టర్నేటర్ నుండి ఒక నిరంతరాయ తరంగాన్ని, నీటితో చల్లబరచబడ్డ ఒక శబ్ద ప్రసారిణి ద్వారా, ప్రసారం చేస్తున్న ఆంటెన్నాలోకి నేరుగా సరఫరా చేయబడింది."
Educational assessment with technology may be either formative assessment or summative assessment. Instructors use both types of assessments to understand student progress and learning in the classroom. Technology has helped teachers create better assessments to help understand where students who are having trouble with the material are having issues.,"విషయాన్ని అర్ధం చేసుకోడంలో ఇబ్బంది పడుతున్న విద్యార్ధులు ఎక్కడ ఇబ్బందులను ఎదుర్కొంటున్నారో అర్ధం చేసుకోటానికి, మెరుగైన మూల్యాంకనాలను రూపొందించటానికి ఉపాధ్యాయులకు సాంకేతికత సహాయపడింది."
Endocrine signaling occurs through molecules secreted into the bloodstream. Paracrine signaling uses molecules diffusing between two cells to communicate. Autocrine is a cell sending a signal to itself by secreting a molecule that binds to a receptor on its surface.,"ఆటోక్రైన్ అనేది, దాని ఉపరితలంపైనున్న గ్రాహకాన్ని గట్టిగా పట్టుకొనే ఒక అణువును స్రవించడం ద్వారా దానికదే ఒక సంకేతాన్ని పంపుకొనే ఒక కణం."
"Following the rebellions in the Poonch and Mirpur area and the Pakistan-backed Pashtun tribal intervention from the Khyber Pakhtunkhwa, the Maharaja asked for Indian military assistance. India set the condition that Kashmir must accede to India for it to receive assistance. The Maharaja complied, and the Government of India recognised the accession of the princely state to India.","పూంచ్ మరియు మీర్పూర్ ప్రాంతాలలో తిరుగుబాటులను మరియు ఖైబర్ పఖ్తుంఖ్వా నుండి పాకిస్తాన్ చే బలపరచబడిన పష్టున్ తెగల జోక్యాన్ని అనుసరించి, ఆ మహారాజు భారత సైనిక సహాయాన్ని కోరారు."
"Have you carefully read the help pages and thoroughly fixed the problem? Or have you made a considered decision that the template is not, or is no longer, applicable? Great!",లేక ఆ నమూనా మీకు వర్తించదని లేక ఇకపై వర్తించబోదని మీరు జాగ్రత్తగా ఆలోచించి నిర్ణయం తీస్కున్నారా?
"If a wheat crop is destroyed by a pest we may plant a hardier variety of wheat the next year, relying on intraspecific diversity. We may forgo wheat production in that area and plant a different species altogether, relying on interspecific diversity. Even an agricultural society that primarily grows monocultures relies on biodiversity at some point.","ఒక గోధుమ పంటను ఒక చీడపురుగు నాశనం చేస్తే, మనం ఆ తరువాత సంవత్సరం జాత్యంతర్గత వైవిధ్యం ఆధారంగా మరింత ధృఢమైన రకం గోధుమను నాటవచ్చు."
"In 1967, Manuel Blum formulated a set of axioms (now known as Blum axioms) specifying desirable properties of complexity measures on the set of computable functions and proved an important result, the so-called speed-up theorem. The field began to flourish in 1971 when Stephen Cook and Leonid Levin proved the existence of practically relevant problems that are NP-complete. In 1972, Richard Karp took this idea a leap forward with his landmark paper, ""Reducibility Among Combinatorial Problems"", in which he showed that 21 diverse combinatorial and graph theoretical problems, each infamous for its computational intractability, are NP-complete.","స్టీఫెన్ కుక్ మరియు లియోనిడ్ లెవిన్, ఎన్పీ పూరితమైన ఆచరణాత్మకంగా ఔచిత్యం కలిగిన సమస్యల ఉనికిని 1971లో నిరూపించినప్పుడు, ఈ రంగం అభివృద్ధి చెందసాగింది."
"In the early medieval Alpine upland, a simpler central heating system where heat travelled through underfloor channels from the furnace room replaced the Roman hypocaust at some places. In Reichenau Abbey a network of interconnected underfloor channels heated the 300 m large assembly room of the monks during the winter months. The degree of efficiency of the system has been calculated at 90%.","ప్రాచీన మధ్యయుగపు ఆల్పైన్ పీఠభూమిలో, కొలిమి నుండి ఉష్ణం భూమి కిందనుండి ప్రవహించే ఒక సరళమైన కేంద్రీయ తాపన వ్యవస్థ రోమన్ హైపోకాస్ట్ బదులుగా కొన్ని చోట్ల భర్తీ చేయబడింది."
"LDMOS are power MOSFETs with a lateral structure. They are mainly used in high-end audio power amplifiers, and RF power amplifiers in wireless cellular networks, such as 2G, 3G, and 4G. Their advantage is a better behaviour in the saturated region (corresponding to the linear region of a bipolar junction transistor) than the vertical MOSFETs. Vertical MOSFETs are designed for switching applications, so they are only used in On or Off states.","ఇవి ప్రధానంగా 2జీ, 3జీ, మరియు 4జీ వైర్లెస్ సెల్యులార్ నెట్వర్క్లలో ఉన్నత స్థాయి ధ్వనివర్థకాలలో మరియు ఆర్ఎఫ్ ధ్వనివర్థకాలలో వాడబడతాయి."
"Mains filter capacitors are usually encapsulated wound-plastic-film types, since these deliver high voltage rating at low cost, and may be made self-healing and fusible. Mains filter capacitors are often ceramic RFI/EMI suppression capacitors. The additional safety requirements for mains filtering are:","మెయిన్స్ ఫిల్టర్ కెపాసిటర్లు సాధారణంగా ప్లాస్టిక్ పొరలవంటి వాటితో కప్పుబడి ఉంటాయి, ఎందుకంటే ఇవి హెచ్చు వోల్టేజ్ విలువలను తక్కువ ధరకు అందిస్తాయి మరియు వీటిని వాటంతట అవి బాగుచేసుకునేలా మరియు కరిగిపోయేలా చేయవచ్చు."
"Many applications of reinforcement learning do not involve just a single agent, but rather a collection of agents that learn together and co-adapt. These agents may be competitive, as in many games, or cooperative as in many real-world multi-agent systems. Multi-agent reinforcement learning studies the problems introduced in this setting.",బహుళ ప్రతినిధి బలపరుచు అధ్యాయనం ఈ స్థితిలో ప్రవేశించే సమస్యలను పరిశీలిస్తుంది.
"National Institute of Electronics & Information Technology Aurangabad (NIELIT Aurangabad) is located inside the Dr. B.A.M. University campus. It is a central government engineering institute under the Ministry of Communication & Information Technology Government of India. It offers DEPM, B.TECH (Electronics Engineering), M.tech (Electronics Design Technology), Ph.D., and short-term courses.","ఇది డీపీఈఎం, బీటెక్ (ఎలక్ట్రానిక్స్ ఇంజనీరింగ్), ఎంటెక్ (ఎలక్ట్రానిక్స్ డిజైన్ టెక్నాలజీ), పీఎచ్డీ మరియు స్వల్పకాలిక కోర్సులని అందిస్తుంది."
"Other definitions are used by other authors. For example, what John Polkinghorne terms 'conceptual' or 'epistemological' reductionism is the definition provided by Simon Blackburn and by Jaegwon Kim: that form of reductionism which concerns a program of replacing the facts or entities involved in one type of discourse with other facts or entities from another type, thereby providing a relationship between them. Richard Jones distinguishes ontological and epistemological reductionism, arguing that many ontological and epistemological reductionists affirm the need for different concepts for different degrees of complexity while affirming a reduction of theories.","ఉదాహరణకు, జాన్ పోల్కింగ్హోర్న్ 'భావాధారిత' లేక 'జ్ఞానాధారిత' తగ్గింపువాదంగా పేర్కొన్నది, సిమోన్ బ్లాక్బర్న్ మరియు జెగ్వోన్ కిమ్ ఇచ్చిన నిర్వచనం: ఒక విధమైన చర్చకు చెందిన వాస్తవాలను లేక నిజాలను, మరొక విధంతో మార్పిడి చేసి, తద్వారా ఆ రెండిటి మధ్యలో సంబంధాన్ని ఏర్పాటు చేయటం తగ్గింపువాదం యొక్క ఒక రూపం."
"Primary and secondary education is compulsory, and is financed by the state and free of charge in public schools. Bangladesh has a literacy rate of 74.7% percent as of 2019: 77.4% for males and 71.9% for females. The country's educational system is three-tiered and heavily subsidised, with the government operating many schools at the primary, secondary and higher secondary levels and subsidising many private schools.",2019 నాటికి బంగ్లాదేశ్ అక్షరాశ్యత 74.7%గా ఉంది: పురుషులలో 77.4%గా మరియు స్త్రీలలో 71.9%గా ఉంది.
"The Indian numbering system corresponds to the Western system for the zeroth through fourth powers of ten: one (100), ten (101), one hundred (102), one thousand (103), and ten thousand (104). For higher powers of ten, the names no longer correspond. In the Indian system, the next powers of ten are called one lakh, ten lakh, one crore, ten crore, one arab (or one hundred crore), and so on; there are new words for every second power of ten (105 + 2n): lakh (105), crore (107), arab (109),","పదికి సున్నా నుండి నాలుగవ ఘాతాంకాలకు భారత అంకగణిత వ్యవస్థ పాశ్చాత్య వ్యవస్థకు అనుగుణంగా ఉంటుంది: ఒకటి, పది, వంద, ఒక వెయ్యి, మరియు పది వేలు."
"The SI derived unit for measuring the catalytic activity of a catalyst is the katal, which is quantified in moles per second. The productivity of a catalyst can be described by the turnover number (or TON) and the catalytic activity by the turn over frequency (TOF), which is the TON per time unit. The biochemical equivalent is the enzyme unit.","ఉత్ప్రేరకం యొక్క ఉత్ప్రేరక చర్య కొలమానానికి వాడే కటల్, ఎస్‌ఐ నుండి తీసుకోబడిన యూనిట్, దీనిని క్షణానికి మోల్స్ చొప్పున లెక్కిస్తారు."
"The endonym (Rmana ""the land of the Romans, i.e. the Eastern Roman Empire"") was understood as another name for the province by the invading Seljuq Turks, who founded a Sultanate of Rm in 1077. Thus (land of the) Rm became another name for Anatolia. By the 12th century Europeans had started referring to Anatolia as Turchia.","దండెత్తిన సెల్జుక్ టర్కులు ఈ స్థానిక నామాన్ని (రుమానా, ""రోమన్ల భూమి"", అనగా తూర్పు రోమన్ సామ్రాజ్యం)ఈ రాజ్యభాగానికి మరో పేరుగా అర్ధం చేసుకున్నారు, వీరు 1077లో సల్టెనత్ ఆఫ్ రూమ్ ని స్థాపించారు."
"The first observation of gravitational waves on 14 September 2015 was announced by the LIGO and Virgo interferometer collaborations on 11 February 2016. However, the Virgo interferometer in Italy was not operating at the time, and the GEO600 was in engineering mode and is not sensitive enough, and so could not confirm the signal. The GEO600 began taking data simultaneously with Advanced LIGO on September 18, 2015.","ఏదేమైనప్పటికీ, ఆ సమయంలో ఇటలీ లోని వర్గో కాంతి తరంగదైర్ఘ్య మాపకం పనిచేస్తూ లేదు, అలాగే జి. ఈ. ఓ. 600 యంత్రసాధక పద్ధతిలో ఉండి, తగువిధమైన సూక్ష్మగ్రాహకంగా లేకపోవడం తో అది సంకేతాన్ని రూఢిపరచలేకపోయింది."
"The migration of Hindus from East Pakistan to India continued unabated after partition. The 1951 census in India recorded that 2.5 million refugees arrived from East Pakistan, of which 2.1 million migrated to West Bengal while the rest migrated to Assam, Tripura, and other states. These refugees arrived in waves and did not come solely at partition.",విభజన సమయంలో మాత్రమే కాకుండా ఈ శరణార్థులు అంచెలంచెలుగా చేరుకున్నారు.
"The one-hybrid variation of this technique is designed to investigate proteinDNA interactions and uses a single fusion protein in which the AD is linked directly to the binding domain. The binding domain in this case however is not necessarily of fixed sequence as in two-hybrid proteinprotein analysis but may be constituted by a library. This library can be selected against the desired target sequence, which is inserted in the promoter region of the reporter gene construct.","ఈ కేంద్రకాన్ని కోరుకున్న లక్ష్య క్రమం ప్రకారం ఎంచుకోవచ్చు, దీనిని నివేదించే జన్యు నిర్మాణం యొక్క ప్రోత్సాహక ప్రాంతంలో చొప్పిస్తారు."
"The open-chain form is thermodynamically unstable, and it spontaneously isomerizes to the cyclic forms. (Although the ring closure reaction could in theory create four- or three-atom rings, these would be highly strained, and are not observed in practice.) In solutions at room temperature, the four cyclic isomers interconvert over a time scale of hours, in a process called mutarotation. Starting from any proportions, the mixture converges to a stable ratio of : 36:64.","గది ఉష్ణోగ్రతలో ఉన్న ద్రావణాలలో, ఈ నాలుగు చక్రీయ సాదృశ్యాలు మ్యూటారొటేషన్ అనే ప్రక్రియలో గంటల కాలక్రమంలో పరస్పర మార్పిడి చెందుతాయి."
"The sense coil (6) is a differential current transformer which surrounds (but is not electrically connected to) the live and neutral conductors. In normal operation, all the current down the live conductor returns up the neutral conductor. The currents in the two conductors are therefore equal and opposite and cancel each other out.","గ్రాహక కాయిల్, విద్యుత్తును సరఫరా చేసే మరియు తటస్థ కండక్టర్లను పరివేష్టించే (కానీ విద్యుత్ పరంగా అనుసంధానం అవని) ఒక భేధాత్మక విద్యుచ్ఛాలక పరికరం."
"The shape of parenchyma cells varies with their function. In the spongy mesophyll of a leaf, parenchyma cells range from near-spherical and loosely arranged with large intercellular spaces, to branched or stellate, mutually interconnected with their neighbours at the ends of their arms to form a three-dimensional network, like in the red kidney bean Phaseolus vulgaris and other mesophytes. These cells, along with the epidermal guard cells of the stoma, form a system of air spaces and chambers that regulate the exchange of gases.","ఆకు యొక్క మెత్తటి పత్రాంతర్భాగంలో, మృదుకణజాలం కాస్త గుండ్రం మరియు పెద్ద కణాంతరతావకాశములు నుండి శాఖలుగా లేదా తారాకృతిలో రకరకాలుగా ఉండి, పక్కవాటి బాహువుల అంచులతో పరస్పరం అనుసంధానమై త్రిమితీయ పరిమాణాత్మక జాలాకార వ్యవస్థగా, ఎర్ర చిక్కుడు గింజ ఫేజియోలస్ వల్గారిస్ మరియు ఇతర సాధారణ వృక్షములలో వలె ఏర్పడతాయి."
"Thomas precession is a kinematic effect in the flat spacetime of special relativity. In the curved spacetime of general relativity, Thomas precession combines with a geometric effect to produce de Sitter precession. Although Thomas precession (net rotation after a trajectory that returns to its initial velocity) is a purely kinematic effect, it only occurs in curvilinear motion and therefore cannot be observed independently of some external force causing the curvilinear motion such as that caused by an electromagnetic field, a gravitational field or a mechanical force, so Thomas precession is usually accompanied by dynamical effects.","థోమస్ చలనం (దాని ప్రారంభ వేగానికి తిరిగి వచ్చిన ఒక పథం యొక్క నికర భ్రమణం) పూర్తిగా చలన సంబంధమైన ప్రభావమయినా కానీ, అది కేవలం వక్ర రేఖలో చలనంలో జరుగుతుంది, అందువల్ల దాన్ని ఒక విద్యుత్ ఆస్కాంత క్షేత్రం, ఒక గురుత్వాకర్షణ క్షేత్రం, లేక ఒక యాంత్రిక శక్తి, వంటి ఒక బాహ్య శక్తి నియంత్రణ లేకుండా గమనించటం కుదరదు, అందువల్ల థోమస్ చలనం సాధారణంగా యంత్రగతి ప్రభావాలతో కలిసి ఉంటుంది."
"Unlike a traditional incandescent lamp, an LED will light only when voltage is applied in the forward direction of the diode. No current flows and no light is emitted if voltage is applied in the reverse direction. If the reverse voltage exceeds the breakdown voltage, a large current flows and the LED will be damaged.","ఒక సాంప్రదాయ ప్రకాశ దీపంలా కాకుండా, ఒక ఎల్ఈడీ కేవలం డయోడ్‌ యొక్క ఎదురువైపు నుండి వోల్టేజ్ని ఉపయోగించినప్పుడే వెలుగుతుంది."
"Using Polaroid filters meant an entirely new form of projection, however. Two prints, each carrying either the right or left eye view, had to be synced up in projection using an external selsyn motor. Furthermore, polarized light would be largely depolarized by a matte white screen, and only a silver screen or screen made of other reflective material would correctly reflect the separate images.","రెండు ముద్రణలు, ఒకొక్కటి కుడి లేదా ఎడమ కంటి దృశ్యాన్ని కలిగి, ఒక బాహ్య సెల్సైన్ మోటారు వాడటం ద్వారా రేఖాగణిత రూపకల్పనలో సమకాలీకరించబడ వలసి ఉండినది."
"When machine learning techniques are initially used in new applications or industries, there is often not enough training data available to apply traditional processes. Some industries have the benefit of decades' worth of training data readily available; those that do not are at a significant disadvantage. In such cases, obtaining training data may be impractical, expensive, or impossible without waiting years for its accumulation.","యంత్ర అభ్యాస సాంకేతికతలను మొదట్లో కొత్త అప్లికేషన్లలో లేక పరిశ్రమల్లో వాడినప్పుడు, సాంప్రదాయిక ప్రక్రియలను వాడటానికి తరచుగా సరిపడా శిక్షణా సమాచారం అందుబాటులో ఉండదు."
"Word2vec is a technique for natural language processing published in 2013. The word2vec algorithm uses a neural network model to learn word associations from a large corpus of text. Once trained, such a model can detect synonymous words or suggest additional words for a partial sentence.","ఒక సారి శిక్షణ పొందిన తర్వాత, అలాంటి నమూనా, పర్యాయపదాలను గుర్తించగలదు లేకపోతే ఒక అసంపూర్ణ వాక్యానికి అదనపు పదాలను సూచించగలదు."
"the encyclopdia britannica (latin for ""british encyclopaedia"") is a general knowledge english-language encyclopaedia. it is published by encyclopdia britannica, inc.; the company has existed since the 18th century, although it has changed ownership various times through the centuries. the encyclopaedia is maintained by about 100full-time editors and more than 4,000contributors.","ఇది ఎన్సైక్లోపీడియా బ్రిటానికా, ఇంక్; చే ప్రచురించబడింది, శతాబ్దాలుగా అనేకమార్లు యాజమాన్యం మారినప్పటికీ, ఈ కంపనీ 18వ శతాబ్దం నుండి ఉన్నది."
"10 years after the film's release, Arbaaz Khan had stated in an interview that the film's budget was hiked from 30 crore (equivalent to 57crore or US$7.2million in 2020) to 49 crore (equivalent to 93crore or US$12million in 2020), leading to few losses for him, but after the monumental success, he paid the salary for Salman Khan. In January 2022, the official merchandise of the film featuring movie clips, posters, and stills, among other collectables were released through non-fungible tokens (NFT). It was headlined by Salman Khan-backed BollyCoin in collaboration with the technology-backed marketplace creator NFTically.","చిత్రం విడుదలైన పదేళ్ళ తరువాత, అర్బాజ్ ఖాన్ ఒక ఇంటర్వ్యూలో, ఆ చిత్రం వ్యయం 30 కోట్లు (2020 లో 57 కోట్లు లేదా యుఎస్ $7.2 మిలియన్ కు సమానం) నుండి 49 కోట్లు (2020 లో 93 కోట్లు లేదా యుఎస్ $12 మిలియన్ కు సమానం) వరకు పెరిగిందని, తద్వారా అతనికి కొన్ని నష్టాలు కలిగాయని, కానీ దాని భారీ విజయం తరువాత, అతను సల్మాన్ ఖాన్కు వేతనం చెల్లించానని తెలిపాడు."
"A Battle-Hardened and an Rebellious Indian Army Officer goes in search of his ex-girlfriends Child who is mysteriously kidnapped. Neha reaches out to the only person who can help her with her plight Ronnie. He goes deep into the underbelly of Goa, facing off aganist drug lords, menacing Russian henchmen, and blood-thirsty animals.","యుద్ధంలో రాటుతేలిన ఒక విప్లవాత్మక భారతీయ సైన్యాధికారి, అనూహ్యంగా అపహారణకు గురైన తన మాజీ ప్రేయసి బిడ్డను వెతికెందుకు బయలుదేరుతాడు."
"About one thousand and thirty Gujarati films were made between 1932 and 2011 but very few are archived. At the National Film Archive of India (NFAI), only twenty Gujarati films including two Parsi-Gujarati films, Pestoneei (1987) directed by Vijaya Mehta and Percy (1989) directed by Pervez Merwanji, are archived. No silent films or talkies of 1930s and 1940s survived.","1932, 2011 మధ్యలో ఒక వెయ్యిన్నూ ముప్పై గుజరాతీ సినిమాలు తయారయాయి, కానీ అతి కొద్ది సంఖ్య మాత్రమే ఆర్కైవ్ చేయబడ్డాయి."
"Amiya Chakravarty (30 November 1912 6 March 1957) was an Indian film director, screenwriter and producer, who was leading film director in Hindi cinema of the 1940s and 1950s. He is noted for films like Daag (1952), Patita (1953), and Seema (1955) for which he won the 4th Filmfare Award for Best Story. Chakravarty is also credited along with Devika Rani for discovering Dilip Kumar, whom he gave his first break in 1944 film Jwar Bhata (1944 film).Chakravarty also produced and directed Daag (1952 film) in 1952 for which Dilip Kumar won his first ever Filmfare Award for Best Actor.","అమియా చక్రవర్తి (30 నవంబర్ 1912-6 మార్చ్ 1957) ఒక భారతీయ చిత్ర దర్శకుడు, స్క్రీన్ ప్లే రచయిత మరియు నిర్మాత, మరియు 1940లు మరియు 1950లలోని హిందీ సినిమాలకు ప్రధాన దర్శకుడు."
"As a director, Rakesh is known for making films with his son Hrithik Roshan and having music directed by his brother Rajesh Roshan. Other actors he has frequently collaborated with include Rekha, Madhuri Dixit, Anil Kapoor, Shah Rukh Khan, and Amrish Puri. As a director, his every film's name have starting with 'K'.","ఆయన తరచుగా కలిసి పనిచేసిన ఇతర నటులు రేఖ, మాధురీ దీక్షిత్, అనిల్ కపూర్, షారుఖ్ ఖాన్ మరియు అమ్రీష్ పూరి."
"Baahubali is simply spectacular."" In her review for The Hindu, Sangeetha Devi Dundoo wrote, ""The war formations that form a chunk of the latter portions of the film are the best we've seen in Indian cinema so far. These portions are spectacular and show the technical finesse of the cinematographer (K.K. Senthil Kumar) and the visual effects teams. The waterfall, the mystical forests and water bodies above the cliffs and the lead pair escaping an avalanche all add to the spectacle.","ఆ జలపాతం, కొండకొమ్మపై ఆ మార్మిక అడవులు మరియు జలాశయాలు మరియు నాయికానాయకులు మంచుతుఫాను నుంచి తప్పించుకోవడం అన్నీ ఆ దృశ్యాన్ని మరింత ఆకర్షణీయం చేస్తాయి."
"Babli then arrives with his gang and later reveals that he hid the diamonds in the urn Somnath was carrying as he returned to India. Pandurang, an assassin previously sent by Babli as an undercover servant, later joins Gopal's side on hearing about Sameer's truth and fights the gangsters off, with the fight finally ending with Gopal being accidentally stabbed by Babli in his butt with a knife, and falling unconscious soon after, but not before warning Madhav, Lucky and Laxman to not touch the knife, leaving the three friends in laughter. Babli also falls unconscious after seeing blood flowing from Gopal's butt.","పనివాడి వేషంలో గతంలో బాబ్లీ పంపిన హంతకుడు పాండురంగ్ , తరువాత సమీర్ గురించిన నిజాన్ని తెలుసుకుని గోపాల్ పక్షాన చేరి దుండగులను ఓడిస్తాడు, ఆ పోరాటంలో అనుకోకుండా గోపాల్ ను బాబ్లీ పృష్టభాగంలో కత్తిపోటు పొడవగా అతను స్పృహ కోల్పోవడంతో చివరకు ఆ జగడం ముగుస్తుంది, అయితే అంతకు ముందే మాధవ్, లక్కీ, మరియు లక్ష్మణ్లను ఆ కత్తిని తాకవద్దని హెచ్చరించి ఉండడంతో ముగ్గురు మిత్రులు నవ్వుకుంటూ ఉండిపోతారు."
"Badri helps Vaidehi's elder sister, Kritika find a husband in local singer Bhushan Mishra and even resolves a dowry crisis with Bhushan's father Jitendra Mishra, after which Vaidehi agrees to marry him. On their wedding day, however, Vaidehi does not show up is revealed to have run away to Mumbai. Furious, Ambar commands a heartbroken Badri to find Vaidehi and bring her back so they can punish her.","అయితే, వాళ్ళ పెళ్లి జరిగే రోజున వైదేహీ కనిపించక, ముంబైకి పారిపోయినట్లు తెలియవస్తుంది."
"Bantu then manages to enter Ramachandra's house, named ""Vaikuntapuram"". ARK is fond of Bantu for saving Ramachandra. Bantu begins to address the issues plaguing the house by patching up Ramachandra's broken relationship with Yasu (which was fragile, as Ramachandra had an affair once with a woman 7 years ago), settling the dispute with Paidathalli, and reforming the corrupt family members, Kashiram and Sitaram.","యశుతో చెడిన రామచంద్ర యొక్క బంధాన్ని (రామచంద్రకు ఒక స్త్రీతో ఏడేళ్ళ క్రితం ఉండిన వివాహేతర సంబంధం వల్ల దుర్బలంగా మారిన బంధాన్ని) కలపడంతో, పైడితల్లితో గొడవను సద్దుమణిగించటంతో, భ్రష్టుపట్టిన కుటుంబ సభ్యులు కాశీరామ్, సీతారాంలను దారిలో పెట్టడంతో బంటు ఆ ఇంటిని చుట్టుముడుతున్న సమస్యలని పరిష్కరించడం మొదలు పెడతాడు."
"Because a single channel was catering to an ever-growing audience, television programming quickly reached saturation. Hence the government started another channel that had part of national programming and part regional. This channel was known as DD 2 (later DD Metro).",నిత్యం పెరుగుతున్న ప్రేక్షకులకు ఒకే ఛానల్ సేవలు అందిస్తూ ఉండటం వల్ల టెలివిజన్ ప్రోగ్రామింగ్ త్వరగా సంతృప్తతకు చేరుకుంది.
"Beta (Translation: Son) is a 1992 Indian Hindi drama film, directed by Indra Kumar and written by Naushir Khatau and Kamlesh Pandey. It featured Anil Kapoor, Madhuri Dixit and Aruna Irani in lead roles. The soundtrack was composed by Anand-Milind.","బేటా(అనువాదం: కుమారుడు) 1992 లోని ఒక భారతీయ హిందీ నాటకీయ చిత్రం, దీనికి ఇంద్ర కుమార్ దర్శకత్వం వహించారు మరియు నౌషీర్ ఖాతౌ మరియు కమలేష్ పాండే కధను వ్రాసారు."
"Broadcasters in one country have several reasons to reach out to an audience in other countries. Commercial broadcasters may simply see a business opportunity to sell advertising or subscriptions to a broader audience. This is more efficient than broadcasting to a single country, because domestic entertainment programs and information gathered by domestic news staff can be cheaply repackaged for non-domestic audiences.","ఇది ఒక దేశానికి మాత్రమే ప్రసారంచేయడం కంటే ఎంతో సమర్థవంతంగా ఉంటుంది, ఎందుకంటే స్వదేశీ వినోద కార్యక్రమాలు మరియు స్వదేశీ వార్తా సిబ్బంది సేకరించిన సమాచారాన్ని దేశీయులు కాని ప్రేక్షకులకు అనువుగా మార్చి ఏర్పరిచి చవుకగా అందించవచ్చు కనుక."
"Dhinendra, who becomes angered by Chitti's victory, releases Pakshi's spirit from the synthesizer. Pakshi possesses Vaseegaran and attacks the public again, but Chitti refuses to attack his creator. Nila gets the red chip and reprograms Chitti to his evil 2.0 alter ego, after altering it to not harm the innocent and commanding him only to fight Pakshi.",చిట్టి యొక్క విజయంతో ఆగ్రహించిన దినేంద్ర సింథసైజర్ నుండి పక్షి ఆత్మను విడుదల చేస్తాడు.
"Director and film critic Sudhish Kamath called Enthiran ""a superhero film, a sci-fi adventure, a triangular love story with a hint of the Ramayana"", while remarking that Enthiran's similarities to The Terminator (1984) were ""more than obvious. Not just visuallywhere we see the Superstar with one human eye and one scarred metallic eye but also intentionally spelt out when the bad robot announces that he has created ""Terminators"". Kamath compared two of the film's robots to C-3PO and R2-D2, droids from the Star Wars film series, which was referenced in Enthiran when Vaseegaran refers to one of his creations as ""R2"". The film was noted to have similarities with the 2002 Kannada film Hollywood which had its lead actor playing three roles one of which was a scientist and another was a humanoid robot invented by that scientist which falls in love with the girlfriend of his creator.","ఆ సూపర్ స్టార్ ని అలా ఒక మానవ నేత్రం మరియు ఒక గాయపుమచ్చగల లోహ నేత్రంతో చూసిన చోట దృశ్యపరంగానే కాక, తాను 'టర్మినేటర్లలను"" సృష్టించాను అని ఆ చెడ్డ రోబో ప్రకటించినప్పుడు అది ఉద్దేశ్యపూర్వకమని స్పష్టం అవుతుంది."
"Following its success, the film was screened in the East Asian markets; the film was released in Taiwan on 17 December 2010, followed by Hong Kong on 1 September 2011. In China, it was released as San Ge Shagua (""Three Idiots""), on 15 December 2011. In South Korea, it was released on 29 December 2011.","ఈ విజయం సాధించిన తర్వాత ఈ చిత్రం తూర్పు ఆసియా మార్కెట్లలో ప్రదర్శించబడి, తైవాన్లో 2010, డిసెంబర్ 17 న విడుదలయి, ఆ తరువాత హాంగ్ కాంగ్లో 2011, సెప్టెంబర్ 1న విడుదలయింది."
"Greece participated in the Eurovision Song Contest 35 times after its debut at the 1974 Contest. In 2005, Greece won with the song ""My Number One"", performed by Greek-Swedish singer Elena Paparizou. The song received 230 points with 10 sets of 12 points from Belgium, Bulgaria, Hungary, the United Kingdom, Turkey, Albania, Cyprus, Serbia & Montenegro, Sweden and Germany and also became a smash hit in different countries and especially in Greece.","ఈ పాట 230 పాయింట్లు అందుకున్నది, అందులో 12 పాయింట్ల చొప్పున 10 సెట్లు బెల్జియం, బల్గేరియా, హంగేరీ, యునైటెడ్ కింగ్డమ్, టర్కీ, అల్బేనియా, సిప్రస్, సర్బియా మరియు మోంటెనెగ్రో, స్వీడెన్, మరియు జర్మనీ నుండి పొంది వివిధ దేశాలలో, ముఖ్యంగా గ్రీసులో పెద్ద విజయం సాధించింది."
"He is best known for directing the critically acclaimed Gharaonda (1977) starring Amol Palekar and Zarina Wahab, and Dooriyaan (1979) starring Sharmila Tagore and Uttam Kumar. He is also known for creating the animation short film Ek Anek Aur Ekta (1974) which aired on Doordarshan in the 70s. Bhimsain has also directed India's largest animation series Vartmaan (1994).","అమోల్ పాలేకర్ మరియు జరీనా వహాబ్ నటించిన, ఘరోందా(1977) మరియు షర్మిల టాగూర్ మరియు ఉత్తమ్ కుమార్ నటించిన దూరియాన్(1979) వంటి విమర్శకుల ప్రశంసలందుకొన్నచిత్రాల దర్శకత్వానికి ఆయన కీర్తి గడించారు."
"In 1912, a biographical silent film titled The Victoria Cross, starring Julia Swayne Gordon as Nightingale, was released, followed in 1915 by another silent film, Florence Nightingale, featuring Elisabeth Risdon. In 1936, Kay Francis played Nightingale in the film titled The White Angel. In 1951, The Lady with a Lamp starred Anna Neagle.","1951లో, ""ది లేడీ విత్ ఎ లాంప్""లో అన్నా నీగల్ నటించింది."
"In 192728, the Dhaka Nawab Family produced a short film named Sukumary (The Good Girl). After the success of Sukumary, the Nawab's family went for a bigger venture. To make a full-length silent film, a temporary studio was made in the gardens of the family's estate, and they produced a full-length silent film titled The Last Kiss, released in 1931.","ఒక పూర్తి నిడివిగల మూకీ చిత్రాన్ని నిర్మించేందుకు, ఆ కుటుంబానికి చెందిన భూప్రదేశంలోని తోటలలో ఒక తాత్కాలిక స్టూడియోను తయారుచేసి, వారు ది లాస్ట్ కిస్ పేరుతో పూర్తి నిడివిగల ఒక మూకీ చిత్రాన్ని నిర్మించి, 1931 లో విడుదల చేశారు."
"In 1991, Pacino starred in Frankie and Johnny with Michelle Pfeiffer, who co-starred with Pacino in Scarface. Pacino portrays a recently paroled cook who begins a relationship with a waitress (Pfeiffer) in the diner where they work. It was adapted by Terrence McNally from his own off-Broadway play Frankie and Johnny in the Clair de Lune (1987), that featured Kenneth Welsh and Kathy Bates.",కెనెత్ వాల్ష్ మరియు క్యాథీ బేట్స్ నటించిన క్లేర్ డి లూన్ గా (1987) టెరన్స్ మెక్ నెలీచే తన స్వంత బ్రాడ్ వే వెలుపలి నాటకం ఫ్రాంకీ అండ్ జానీ నుండి ఇది రూపాంతరణ పొందినది .
"In 2011, Kashyap directed That Girl in Yellow Boots, a thriller starring Kalki Koechlin who also co-wrote the film with him. The film was screened at many festivals including 2010 Toronto International Film Festival, 67th Venice International Film Festival, Indian Film Festival of Los Angeles and the London Indian Film Festival. Shot in thirteen days, the film was released in September 2011.","2011లో,దట్ గర్ల్ ఇన్ ఎల్లో బూట్స్ అనే ఉత్కంఠభరిత చిత్రానికి కాశ్యప్ దర్శకత్వం వహించారు, ఇందులో నటించిన కల్కి కొచ్లిన్ ఈ చిత్రానికి అతనితోబాటు కథను వ్రాసారు."
"In 2013, she acted in the Tamil-language action film Ameerin Aadhi-Bhagavan alongside Jayam Ravi. She has completed filming for a Greek film Home Sweet Home, in which she plays an Indian girl. She had to learn Greek for the film and also dubbed herself.",ఆ సినిమా కోసం ఆమె గ్రీకు నేర్చుకోవలసి వచ్చింది మరియు డబ్బింగు కూడా ఆమే చెప్పుకుంది.
"In 2016, Kashyap co-wrote and directed Raman Raghav 2.0, a thriller inspired by the notorious serial killer Raman Raghav. It starred Nawazuddin Siddiqui as the title character along with Vicky Kaushal. The film premiered at the 2016 Sydney Film Festival and the 2016 Cannes Film Festival, in the Director's Fortnight section to a positive response.","ఈ చిత్రం 2016 సిడ్ని ఫిల్మ్ ఫెస్టివల్ మరియు 2016 కాన్స్ ఫిల్మ్ ఫెస్టివల్లో, డైరెక్టర్స్ ఫోర్ట్ నైట్ విభాగంలో ప్రదర్శించబడి సానుకూల స్పందనని అందుకుంది."
"In China, it was nominated for the Best Foreign Film prize at the first Beijing International Film Festival in 2011. In Japan, it was nominated in the Best Outstanding Foreign Language Film category at the 37th Japan Academy Awards in 2014; the award was eventually won by Les Miserables. In addition, 3 Idiots won the Grand Prize at the 4th Videoyasan Awards, held by a Japanese organisation of home video retailers in 2014; 3 Idiots was selected as 2013's best video release, beating thousands of films, anime and television shows, including domestic Japanese and foreign Hollywood productions.","అదనంగా,జపానుకు చెందిన గృహ వీడియో దుకాణాల సంస్థ 2014లో నిర్వహించిన 4వ వీడియోయాసన్ అవార్డ్స్ లో 3 ఇడియట్స్ గ్రాండ్ ప్రైజ్ అందుకున్నది; దేశ విదేశీయ హాలీవుడ్ నిర్మాణాలతో సహా వేలాది చిత్రాలు, యానిమే, మరియు టెలివిజన్ కార్యక్రమాలను వెనుకకి నెడుతూ 2013 లో విడుదలైన ఉత్తమ వీడియోగా 3 ఇడియట్స్ ఎన్నికయ్యింది."
"In his 2017 autobiography Khullam Khulla: Rishi Kapoor Uncensored, Rishi Kapoor revealed that he paid someone 30,000 (equivalent to 760,000 or US$9,600 in 2020) to win him an award for Best Actor. Although it is inferred as Filmfare Award, he said in an interview that ""I did not write a Filmfare Award [in the book]. I have not said any names.","అది ఒక ఫిల్మ్ఫేర్ పురస్కారంగానే భావించబడినా, ఆయన ఒక ఇంటర్వ్యూ లో ""నేను ఒక ఫిల్మ్ఫేర్ పురస్కారం రాయలేదు"" అని చెప్పారు."
"In the Jordan Peele film Us, Addy as a little girl in 1986 walks up to and into the Shaman's Vision Quest attraction, the entrance of which is topped by a Native American man with a headdress on and his right hand pointing at potential questers. Underneath him, just above the entrance, light bulbs form the words ""FIND YOURSELF"" and an arrow slowly flashing on and off. Although difficult to hear, closed captioning makes clear that a recorded narration on the speaker system for the attraction is recounting aspects of the Hopi creation story:","జోర్డన్ పీలే తీసిన అస్ చిత్రంలో, 1986 లో యాడి అనే ఒక చిన్న పాప షామన్ యొక్క విజన్ క్వెస్ట్ అనే ఆకర్షణస్థలం వరకు వెళ్లి లోపలికి వెళ్తుంది, దాని ముఖద్వారంపైన స్థానిక అమెరికా పురుషుడొకడు తలపై పాగాతో తన కుడి చేతిని సంభావ్య అన్వేషకులవైపు చూపుతుంటాడు."
"Indian cinema is a global enterprise and its films have wide viewership and fanbase throughout South Asia and have spread internationally. Modern film releases are dubbed into many languages, forming a Pan-India films movement. Millions of Indians overseas watch Indian films, accounting for 12% of revenue.",విడుదలైన ఆధునిక సినిమాలను అనేక భాషలలో డబ్ చేయడంతో పాన్-ఇండియన్ సినిమా ఉద్యమం రూపొందింది.
"It was rumoured earlier that the film was titled Kajri. It is a remake of the Tamil film, Ghajini (2005). Aamir Khan, who had never before made a remake film in his career, was initially hesitant to do the film, but was convinced by Suriya, the original star of the Tamil Ghajini, who told him he was ""the only one who could do justice to the character."" Suriya was a fan of Khan, and had some involvement in the film's development, discussing minute details with Khan for two years during the film's development.","తన వృత్తిజీవితంలో మునుపు ఎన్నడూ పునర్నిర్మాణ చిత్రంలో నటించని ఆమిర్ ఖాన్, ఈ చిత్రంలో నటించేందుకు మొదట సంకోచించాడు కాని తమిళ గజిని మాతృక చిత్రంలో నటించిన సూరియా అతనికి ""మీరు ఒక్కరే ఈ పాత్రకి న్యాయం చేయగలరని"" చెప్పగా అతను ఒప్పుకున్నాడు."
"Legendary Grateful Dead frontman Jerry Garcia joined guitarist Sanjay Mishra on his classic CD ""Blue Incantation"" (1995). Mishra also wrote an original score for French Director Eric Heumann for his film Port Djema (1996) which won best score at Hamptons film festival and The Golden Bear at Berlin. in 2000 he recorded Rescue with drummer Dennis Chambers (Carlos Santana, John McLaughlin et al.) and in 2006 Chateau Benares with guests DJ Logic and Keller Williams (guitar and bass).","2000లో, అతను డ్రమ్స్ వాదకుడు డెన్నిస్ చేంబర్స్ (కార్లోస్ సాంటానా, జాన్ మెక్ లాఫ్లిన్, తదితరులు) తో కలిసి రెస్క్యు ని రికార్డు చేసాడు, మరియు 2006లో, అతిథులు డిజె లాజిక్ మరియు కెల్లర్ విలియమ్స్ (గిటార్ అండ్ బాస్) తో కలిసి చాటౌ బెనారస్ విడుదల చేసారు."
Most programmes are available for four weeks after broadcast as streaming audio from Radio 4's listen again page and via BBC Sounds. A selection of programmes is also available as podcasts or downloadable audio files. Many comedy and drama programmes from the Radio 4 archives are broadcast on BBC Radio 4 Extra.,"రేడియో 4 ఆర్కైవ్‌లలోని అనేక హాస్య, నాటకీయ కార్యక్రమాలు బిబిసి రేడియో 4 ఎక్స్ట్రాలో ప్రసారం అవుతాయి."
National Film Awards are also given to the best films in the regional languages of India. Awards for the regional languages are categorised as per their mention in the Eighth schedule of the Constitution of India. Awardees included producers and directors of the film.,ప్రాంతీయ భాషలలో అత్యుత్తమమైన చిత్రాలకు కూడా జాతీయ చిత్ర పురస్కారాలు ఇస్తారు.
"Neha's in-laws think Nikita has died, and Nikita realizes that a way out of her problems is to impersonate Neha. Her plan works and she becomes well-adjusted to Neha's new family, except Sameer and the twins' cousin cause trouble for her, believing that she is Neha. Nikita slowly transforms to the dutiful wife Neha was and develops feelings for Rajive.","నేహా అత్తమామలు నికిత చనిపోయిందనుకుంటారు, మరియు నికిత తన సమస్యల లోంచి బయట పడటానికి నేహాలా నటించటం ఒక మార్గం అని గ్రహిస్తుంది."
"Popular Telugu actor Kota Srinivasa Rao lent his vocals for a song in the film. Lyrics for the two songs were penned by Sahithi and remaining songs were written by Ramajogayya Sastry, Chandrabose, Devi Sri Prasad and Bhaskarabhatla. Devi Sri Prasad had written the lyrics for the song ""Pilla"".","ఈ రెండు పాటలకు సాహిత్యం సాహితీ రాసారు, మిగిలిన పాటలను రామ జోగయ్య శాస్త్రి, చంద్రబోస్, దేవి శ్రీప్రసాద్ మరియు భాస్కరభట్ల రాసారు."
"Sonia Chopra from Sify also scored the film 3 out of 5, noting that the characters were ""written with an over-the-top quirky edge which adds to the fun."" She also praised the lead pair's performance writing that ""Chopra maintains her cool, effortless acting style and her comic timing is a revelation. Kapoor is suitably restrained and, at times, in keeping with his reticent character, often overshadowed by Chopra's exuberance. Together, the pair is eminently watchable, balancing each other's dispositions nicely."" Shubhra Gupta of The Indian Express gave the film 2.5 out of 5, complimenting the lead performers who ""play well together"", but are forced to ""boost a limp story."" India Today also scored it 2.5 out of 5, calling it ""a pastiche of a pastiche ...","ది ఇండియన్ ఎక్స్ప్రెస్ కి చెందిన శుభ్రా గుప్తా ఈ చిత్రంలోని ప్రధాన పాత్రధారులు ""కలిసి బాగా నటించారు"" అని అభినందించి, కానీ ""పేలవమైన కథని పైకెత్తటానికి"" ఒత్తిడి చేయబడ్డారని చిత్రానికి 5 కి 2.5 ఇచ్చారు."
"The 52nd International Film Festival of India opened on 20 November 2021 with The King of All the World (El Rey de Todo El Mundo) by Carlos Saura in Goa. Like 51st edition this edition was also held in hybrid format, that combined online and face-to-face participation. BRICS Film Festival is being held alongside main festival, in which films from BRICS nations, namely Brazil, Russia, South Africa, China and India are showcased. These five countries are 'country of focus' in the 52nd edition of the festival.","51వ ప్రతికృతి వలె, ఈ ప్రతికృతి కూడా హైబ్రిడ్ విధానంలో జరిగింది, ఇందులో ఆన్లైన్ లో మరియు ముఖాముఖీగా కలిసి పాల్గొన్నారు."
"The film was extensively shot in India and Thailand. Soma Kerala Palace, Kochi was shown in the movie as the KARMA Institute (school of Guruswamy). Song Sab Tera was shot in the exotic Poda Island.",కొచ్చిలోని సోమ కేరళ పాలస్‌ను ఈ సినిమాలో కర్మ ఇన్స్టిట్యూట్ (గురుస్వామి పాఠశాల)గా చూపించారు.
"The soundtrack was composed by the duo VishalShekhar and consists of nine compositions seven original, and a remix and an unplugged version of 2 original songs. The lyrics are written by: Neelesh Misra, Vishal Dadlani, Shekhar Ravjiani, Amitabh Bhattacharya, Anvita Dutt Guptan, Kumaar, Kausar Munir and Irshad Kamil. The vocals were performed by: Nikhil D'Souza, Monali Thakur, Lucky Ali, Rahat Fateh Ali Khan, Shekhar Ravjiani, Caralisa Monteiro, Mohit Chauhan, Shruti Pathak, Vishal Dadlani, Shilpa Rao and Abhijit Vaghani.","నిఖిల్ డీసూజా, మోనాలి ఠాకూర్, లక్కీ అలీ, రాహత్ ఫతెహ్ అలీ ఖాన్ , శేఖర్ రజ్వియాని, కారలీసా మోంటెరో, మోహిత్ చౌహాన్, శృతి పాఠక్, విశాల్ దాద్లాని, శిల్పా రావు మరియు అభిజిత్ వాఘాని గాత్రాలని అందించారు."
"Unaware of this, Yasu remarks that Bantu is equal to Raj as he saved Nandu and the family, thereby giving Bantu 50% of its shares. Yasu then asks Valmiki to train Raj for five years to be as competent as Bantu and become the CEO. After arriving at Valmiki's house, Raj, however, feels that Valmiki, with a nurse's help, should have switched the babies 25 years ago so he could've ended up at Valmiki's house and Bantu at Ramachandra's, much to the dismay of Valmiki.","యాశు ఆ తర్వాత, బాంటు అంత సమర్థుడై, సీఈఓ అవటానికి, వాల్మీకిని రాజ్ కి ఐదేళ్ళ పాటు శిక్షణ ఇమ్మంటాడు."
"When they follow each other in their cars, Raj saves Meera from dying and tells to never see him again. Meera declares her love for Raj, who forgives her and they renew their relationship. Raj and Meera reveal their relationship to Randhir and Dev, who agree.","వాళ్ళు తమ కార్లలో ఒకరినొకరు వెంబడించినప్పుడు, రాజ్ మీరాను చావునుండి రక్షించి తనని ఇంకెన్నడూ కలవద్దని వాళ్ళకి చెబుతాడు."
"anupama chopra from hindustan times gave 4.5 stars out of 5, terming it ""soaring, searing and visually sumptuous"", and writing, ""bajirao mastani plays out a like an operatic, swooning, feverish love poem."" she felt that singh wasn't ""instantly convincing"", but nonetheless praised him (as the film progressed) for ""combin[ing] towering strength with aching vulnerability and helplessness"", chopra for having the ""maximum impact"" despite fewer scenes, and called padukone ""riveting"". however, she criticized azmi's acting. the times of india also gave 4 stars out of 5, pointing out its ""outstanding"" cinematography and writing, ""every visual resembles a grand painting courts with shadows and chandeliers, courtiers with tilaks and teers, chambers gleaming with mirrors, skies blushing with passion.""","హిందుస్థాన్ టైమ్స్ నుండి అనుపమ చోప్రా దీనికి 5కి 4.5 నక్షత్రాలు ఇచ్చి, దీనిని ""ఎత్తుకెగిసే, దహించే, మరియు దృశ్యపరంగా విలాసవంతమైనది"" గా అభివర్ణించి, ""బాజీరావ్ మస్తానీ ఒక సంగీతపర, మోహాలస్య, భావోద్వేగ ప్రేమ కావ్యం""లా నడుస్తుంది అని వ్రాశారు."
About 44 million tonnes of cargo is moved annually through the country's major rivers and waterways. Groundwater supplies 40% of water in India's irrigation canals. 56% of the land is arable and used for agriculture.,ఏటా దాదాపు 4.4 కోట్ల మెట్రిక్ టన్నుల సరుకు దేశ ప్రధాన నదులు మరియు జలమార్గాల ద్వారా రవాణా అవుతుంది.
"According to a 2010 report, only about 2.1% (or 1,350,000 ha) of Afghanistan is forested. Some steps have been taken in recent years in planting trees in the urban areas across Afghanistan. Even the Taliban spiritual leader has recently called for planting more trees.","2010 నివేదిక ప్రకారం, అఫ్ఘానిస్థాన్ లో సుమారు 2.1% (లేదా 1,350,000 హెక్టార్లు) మాత్రమే అటవీప్రాంతంగా ఉంది."
"All continental crust is ultimately derived from mantle-derived melts (mainly basalt) through fractional differentiation of basaltic melt and the assimilation (remelting) of pre-existing continental crust. The relative contributions of these two processes in creating continental crust are debated, but fractional differentiation is thought to play the dominant role. These processes occur primarily at magmatic arcs associated with subduction.",ఖండాంతర ఉపరితలంపై బాహ్య పొర మొత్తం పైపొర కరుగులోని (ముఖ్యంగా బసాల్టుశిల) బసాల్టు కరుగు అంశ భేదం ద్వారా కొంత భాగం మరియు అప్పటికే ఉన్న ఖండాంతర ఉపరితల బాహ్య పొర సమీకరణ నుండి వచ్చినది .
"Although Japan is usually self-sufficient in rice (except for its use in making rice crackers and processed foods) and wheat, the country must import about 50% of its requirements of other grain and fodder crops and relies on imports for half of its supply of meat. Japan imports large quantities of wheat and soybeans. Japan is the 5th largest market for the European Union's agricultural exports.","గోధుమ మరియు వరి సాగులో జపాన్ సాధారణంగా స్వయంసమృద్ధి కలిగి ఉన్నప్పటికీ (బియ్యపు పిండి చెక్కలు మరియు ప్రక్రియపరచబడిన ఆహారాల తయారీలో వినియోగం మినహా), ఈ దేశం ఇతర ధాన్యాలు మరియు పశువుల మేత అవసరాలలో 50% వరకు దిగుమతి చేసుకోవలసి వస్తుంది, అలాగే మాంసం అవసరంలో సగానికి పైగా దిగుమతులపై ఆధారపడుతుంది."
American geologist Grove Karl Gilbert first argued in 1885 that the barrier sediments came from longshore sources. He proposed that sediment moving in the breaker zone through agitation by waves in longshore drift would construct spits extending from headlands parallel to the coast. The subsequent breaching of spits by storm waves would form barrier islands.,అమెరికా భూగర్భ శాస్త్రవేత్త గ్రోవ్ కార్ల్ గిల్బర్ట్ 1882 లో తొలిసారి ప్రతిభంధక అవక్షేపాలు సముద్రతీరంలోని వనరుల నుండి వచ్చాయని వాదించాడు.
Asansol has hot and dry summers and mild winters. In summers temperatures soar above 45C with dry hot air blowing known as 'loo' while in winter temperatures go below 10C. Monsoon lasts from June to September.,"ఆసన్సోల్లో వేసవికాలం వేడిగాను, పొడిగాను మరియు శీతాకాలం మోస్తరుగాను ఉంటుంది."
"Asansol is a cosmopolitan city located on the lower Chota Nagpur Plateau, which occupies most of Jharkhand, between the Damodar and Ajay rivers. Another river, the Barakar, joins the Damodar near Dishergarh. Two small rivulets, Nunia and Garui flows past Asansol.",అసన్సోల్ ప్రక్క నుండి నునియా మరియు గౌరి అనే రెండు చిన్న ఏరులు ప్రవహిస్తాయి.
"At the Earth's surface, earthquakes manifest themselves by shaking and displacing or disrupting the ground. When the epicenter of a large earthquake is located offshore, the seabed may be displaced sufficiently to cause a tsunami. Earthquakes can also trigger landslides.","భారీ భూకంప అధికేంద్రం తీరం నుండి కొంత దూరంలో సముద్రంలో ఏర్పడితే, సునామీ ఏర్పడేంతగా సముద్రగర్భం స్థానచలనం జరుగవచ్చు."
"Autumn temperatures average around 1617C (6163F). Winter starts in December and continues until late February. Snow and sleet are common during the winter in upper Dharamshala (including McLeodganj, Bhagsu Nag and Naddi).","ఎగువ ధరమ్ శాలలో(మెక్లోడ్గంజ్, భాగ్సు నాగ్, మరియు నడ్డితో సహా) శీతాకాలంలో మంచు మరియు హిమపాతం సర్వసాధారణం."
"Cocoa is grown throughout Jamaica and local sales absorb about 1/3 of the output to be made into instant drinks and confectionery. Citrus fruit is mainly grown in the central parts of Jamaica, particularly between the elevations of 1,000-2,500 feet. The picking season lasts from November to April.","జమైకా కేంద్ర ప్రాంతాలలో ఎక్కువగా నిమ్మజాతి పండ్లు పెంచుతారు, ముఖ్యంగా 1,000 -2,500 అడుగుల మధ్య ఎత్తులలో."
"Dehradun city receives potable water from two primary sources- surface water and groundwater to meet its supply needs. The sources of water were mainly from Kaulu khet Spring, Maussifall, Bindal River, Bijapur canal and more than 100 tubewells. It suffers from lack of sufficient ground water recharge and depleting ground water tables.",డెహ్రాడూన్ నగరపు త్రాగునీటి సరఫరా అవసరాలు రెండు ప్రధాన మూలాల నుండి తీరతాయి: ఉపరితల జలం మరియు భూగర్భ జలం.
"Different kinds of fruits such as mango, sapota, orange, banana, papaya, pineapple and root crops are grown on hilly land owned by farmers. Spices such as pepper, clove, nutmeg, and cinnamon are grown under a multi-tier cropping system. Rubber, red oil, palm, noni and cashew are grown on a limited scale in these islands.","మామిడి, సపోటా, నారింజ, అరటి, బొప్పాయి, అనాస వంటి వివిధ రకాల పండ్లు మరియు దుంపల పంటలు రైతుల సొంతమైన కొండ ప్రాంతపు భూముల్లో సాగు చేయబడతాయి."
"Fishing is a flourishing but minor industry. Fish caught are principally sardines, bonito, mackerel, smelt and sprats. Fresh fish are exported to France, dried and preserved fish to Spain and Italy.","తాజా చేపలు ఫ్రాన్స్ కి మరియు ఎండబెట్టి, నిలవచేసిన చేపలు స్పేయిన్, ఇటలీలకు ఎగుమతి అవుతాయి."
"Haddhunmathi Atoll ( 'Haddummati' in the Admiralty Chart) is regular in shape and 48 kilometres (30 miles) in length. Excepting for the projection of the reef at its NE corner (Isdh Muli), it closely resembles Kolhumadulhu. Its reefs are generally of little breadth, with no signs of vilu, except for its eastern fringes which are covered with islands that are quite large by Maldive standards.","దీని గుట్టలు సాధారణంగా తక్కువ వెడల్పుతో, కేవలం తూర్పు అంచులలో తప్ప ఎటువంటి విలుల ఆనవాళ్ళు లేకుండా, మాల్దీవుల ప్రమాణాలతో చూస్తే చాలా పెద్దవైన ద్వీపాలతో కప్పబడి ఉంటాయి."
"High water and pesticide use in cotton cultivation has prompted sustainability concerns and created a market for natural fiber alternatives. Other cellulose fibers, such as hemp, are seen as more sustainable options because of higher yields per acre with less water and pesticide use than cotton. Cellulose fiber alternatives have similar characteristics but are not perfect substitutes for cotton textiles with differences in properties like tensile strength and thermal regulation.",తనావ సామర్థ్యం మరియు ఉష్ణనియంత్రణ వంటి గుణాలలో తేడాల కారణంగా సెల్యులోజ్ నార ప్రత్యామ్నాయాలు అటువంటి లక్షణాలే కలిగి ఉన్నా కూడా నూలు వస్త్రాలకు ఖచ్ఛితమైన ప్రతిక్షేపణలు కావు.
"High water and pesticide use in cotton cultivation has prompted sustainability concerns and created a market for natural fiber alternatives. Other cellulose fibers, such as hemp, are seen as more sustainable options because of higher yields per acre with less water and pesticide use than cotton. Cellulose fiber alternatives have similar characteristics but are not perfect substitutes for cotton textiles with differences in properties like tensile strength and thermal regulation.","పత్తి సాగులో అధికంగా నీరు మరియు క్రిమిసంహారకాల వినియోగించటం, నిర్వహణా సంబంధ ఆందోళనలు లేవనెత్తి, సహజ నార ప్రత్యామ్నాయాలకు విపణిని సృష్టించింది."
"In warm, clear tropical waters corals are more abundant than towards the poles where the waters are cold. Calcium carbonate contributors, including plankton (such as coccoliths and planktic foraminifera), coralline algae, sponges, brachiopods, echinoderms, bryozoa and mollusks, are typically found in shallow water environments where sunlight and filterable food are more abundant. Cold-water carbonates do exist at higher latitudes but have a very slow growth rate.","శీతలజలాలు గల ధృవాల వైపున కంటే వెచ్చని, స్పష్టమైన ఉష్ణజలాలలో పగడాలు మరింత పుష్కలంగా ఉంటాయి."
"India has 7,516 kilometres (4,670mi) of marine coastline, 3,827 fishing villages and 1,914 traditional fish landing centers. India's fresh water resources consist of 195,210 kilometres (121,300mi) of rivers and canals, 2.9million hectares of minor and major reservoirs, 2.4million hectares of ponds and lakes, and about 0.8million hectares of flood plain wetlands and water bodies. As of 2010, the marine and freshwater resources offered a combined sustainable catch fishing potential of over 4million metric tonnes of fish.","భారతదేశానికి 7,516 కిలోమీటర్ల (4,670 మై) సముద్ర కొస్తారేఖ, 3,827 చేపలు పట్టే గ్రామాలు, మరియు 1,914 చేపలను పట్టి తెచ్చి అప్పగించే సాంప్రదాయక కేంద్రాలున్నాయి."
"Manipur's climate and soil conditions make it ideally suited for horticultural crops. Growing there are rare and exotic medicinal and aromatic plants. Some cash crops suited for Manipur include Lychee, Cashew, Walnut, Orange, Lemon, Pineapple, Papaya, Passion Fruit, Peach, Pear and Plum.","మణిపూర్కి సరిపడే వాణిజ్యపంటలలో లిచీ, జీడి, అక్రోటు, నారింజ, నిమ్మ, అనాస, బొప్పాయి, ప్యాషన్ పండు, పీచ్, బేరిపండు మరియు రేగు వంటివి కొన్ని."
"Modern habitat exhibits attempt to display a diversity of species of different animal classes within one enclosure to represent ecosystem concepts. Groups of enclosures are organized by themes, relating to, for example, zoogeography and bioclimatic zones, rather than taxonomy. The shift in exhibit arrangements is changing the scope of work for animal keepers, as they become habitat keepers, with a necessary working knowledge of living environment care, including landscape maintenance, plant care, climate control, and expanded knowledge of animals husbandry for many more species across taxonomic classes.","ప్రదర్శన ఏర్పాట్లలో మార్పు జంతు సంరక్షకులు నివాసస్థాన పరిరక్షకులుగా మారడం, సహజారణ్య భూభాగ సంరక్షణతో కూడిన ప్రకృతి, పరిసరాల నిర్వహణ, వృక్ష సంరక్షణ, వాతావరణ నియంత్రణ, మరియు శాస్త్రీయంగా వర్గీకరించిన అనేకానేక జంతులాల గురించి విస్తరించిన పశుసంవర్ధన జ్ఞానం అవసరపడటం, వారి కార్యపరిధిని మార్చుతోంది."
"Notable mammals which became or are presumed extinct within the country itself include the Indian / Asiatic cheetah, Javan rhinoceros and Sumatran rhinoceros. While some of these large mammal species are confirmed extinct, there have been many smaller animal and plant species whose status is harder to determine. Many species have not been seen since their description.","దేశం లోపలే అంతరించిపోయిన లేదా అంతరించిపోయినట్టుగా భావిస్తున్న ప్రముఖ క్షీరదాలలో భారతీయ లేదా ఆసియా చిరుత, జావా ఖడ్గమృగం, మరియు సుమాత్రా ఖడ్గమృగం ఉన్నాయి."
"Rice is the main food crop, and pulses (legume), Ragi (Finger Millet), and other food crops are also grown. Main cash crops are arecanut, coconut, cashew nut, sugar cane, and fruits like banana, mango, and pineapple. Goa's state animal is the Gaur, the state bird is the Flame-throated Bulbul, and the state tree is the Indian Laurel.","గోవా రాష్ట్ర జంతువు గౌర్, రాష్ట్ర పక్షి ఫ్లేమ్-థ్రోటెడ్ బుల్బుల్, మరియు రాష్ట్ర వృక్షం ఇండియన్ లారెల్."
"Rice is the main food crop, and pulses (legume), Ragi (Finger Millet), and other food crops are also grown. Main cash crops are arecanut, coconut, cashew nut, sugar cane, and fruits like banana, mango, and pineapple. Goa's state animal is the Gaur, the state bird is the Flame-throated Bulbul, and the state tree is the Indian Laurel.","వరి ప్రధాన ఆహారపంట కాగా, పప్పు దినుసులు (కాయధాన్యాలు), రాగి (రాగులు), మరియు ఇతర ఆహారపంటలు కూడా పెంచబడతాయి."
"Summer is exceedingly hot; temperatures in low-lying areas may exceed 50C (122F) during May, leading to heat waves that can each kill hundreds of Indians. The rainy season lasts from June to September; annual rainfall averages between 7501,500mm (3059in) across the region. Once the dry northeast monsoon begins in September, most significant precipitation in India falls on Tamil Nadu and Puducherry leaving other states comparatively dry.","వేసవి కాలంలో మితిమీరిన వేడిమి ఉంటుంది; లోతట్టు ప్రాంతాలలో ఉష్ణోగ్రతలు 50° సీ (122° ఎఫ్) దాటవచ్చు, ఇవి వందలాది భారతీయుల ప్రాణాలు హరించగల వేడి గాల్పులకు దారి తీస్తాయి."
"Temperate deciduous forest biomes are plant communities distributed in North and South America, Asia, Southern slopes of the Himalayas, Europe and for cultivation purposes in Oceania. They have formed under climatic conditions which have great seasonable temperature variability with growth occurring during warm summers and leaf drop in autumn and dormancy during cold winters. These seasonally distinctive communities have diverse life forms that are impacted greatly by the seasonality of their climate, mainly temperature and precipitation rates.","సమశీతోష్ణ ఆకురాల్చే అటవీ జీవపరిణామాలు అనేవి ఉత్తర, దక్షిణ అమెరికా, ఆసియా, హిమాలయాల దక్షిణ వాలులు, ఐరోపా, మరియు సాగుబడి ఉద్దేశ్యాలకై ఒషీనియాలో వ్యాపించి ఉన్న వృక్ష సమూహలు."
"Temperate deciduous forest biomes are plant communities distributed in North and South America, Asia, Southern slopes of the Himalayas, Europe and for cultivation purposes in Oceania. They have formed under climatic conditions which have great seasonable temperature variability with growth occurring during warm summers and leaf drop in autumn and dormancy during cold winters. These seasonally distinctive communities have diverse life forms that are impacted greatly by the seasonality of their climate, mainly temperature and precipitation rates.","ఈ కాలానుగుణ విలక్షణమైన జాతులలో వాటి వాతావరణ పరిస్థితులు వలన, ముఖ్యంగా ఉష్ణోగ్రత మరియు అవక్షేపణ నిష్పత్తులు వలన హెచ్చుగా ప్రభావితమయే విభిన్న జీవరూపాలు ఉన్నాయి."
"The Arabian Sea has been crossed by many important marine trade routes since the 3rd or 2nd millennium BCE. Major seaports include Kandla Port, Mundra Port, Pipavav Port, Dahej Port, Hazira Port, Mumbai Port, Nhava Sheva Port (Navi Mumbai), Mormugo Port (Goa), New Mangalore Port and Kochi Port in India, the Port of Karachi, Port Qasim, and the Gwadar Port in Pakistan, Chabahar Port in Iran and the Port of Salalah in Salalah, Oman. The largest islands in the Arabian Sea include Socotra (Yemen), Masirah Island (Oman), Lakshadweep (India) and Astola Island (Pakistan).","ప్రధాన ఒడరేవులలో భారత్ లోని కాండ్లా రేవు, ముంద్రా రేవు, పీపవావ్ రేవు, దాహేజ్ రేవు, హజీర రేవు, ముంబై రేవు, న్హవా షేవ రేవు(నవీ ముంబై), మొర్ముగో రేవు (గోవా), న్యూ మంగళూరు రేవు, మరియు కొచ్చి రేవు; పాకిస్థాన్ లోని కరాచీ రేవు, కాశిం రేవు, మరియు గ్వాదర్ రేవు; ఇరాన్ లోని ఛాబహార్ రేవు; మరియు ఒమాన్, సలాలహ్ లోని సలాలహ్ రేవు ఉన్నాయి."
"The Gondwana and Vindhyan include within its fold parts of Madhya Pradesh, Chhattisgarh, Odisha, Bihar, Jharkhand, West Bengal, Andhra Pradesh, Maharashtra, Jammu and Kashmir, Punjab, Himachal Pradesh, Rajasthan and Uttarakhand. The Gondwana sediments form a unique sequence of fluviatile rocks deposited in Permo-Carboniferous time. The Damodar and Sone river valleys and Rajmahal hills in eastern India contain a record of the Gondwana rocks.","గోండ్వానా మరియు వింధ్య పర్వతావళులు వాటి నడుమన మధ్య ప్రదేశ్, ఛత్తీస్గఢ్, ఒడిషా, బీహార్, జార్ఖండ్, పశ్చిమ బెంగాల్, ఆంధ్ర ప్రదేశ్, మహారాష్ట్ర, జమ్ము కాశ్మీర్, పంజాబ్, హిమాచాల్ ప్రదేశ్, రాజస్థాన్, మరియు ఉత్తరాఖండ్ లలోని భాగాలను చేర్చుకుని ఉన్నాయి."
"The chemistry of xenoliths and seismic tomography both favor the two accretional models over the plume model. However, other geochemical evidence favors mantle plumes. Tomography shows two layers in the craton roots beneath North America.",ఉత్తర అమెరికా అడుగున గల అడుగు మట్టములో టోమోగ్రఫీ రెండు పొరలను చూపిస్తుంది.
"The climate is maritime temperate with significant precipitation in all seasons (Kppen climate classification: Cfb), like most of northwest Europe. The average temperature is lowest in January at 3C (37.4F) and highest in July at 18C (64.4F). The average precipitation per month varies between 54mm (2.1in) for February and April, to 78mm (3.1in) for July.","ప్రతీ నెల అవక్షేపం ఫిబ్రవరి మరియు ఏప్రిల్లో సగటున 54 ఎంఎం (2.1 అంగుళాలు), ఇంకా జులైలో 78 ఎంఎం (3.1 అంగుళాలు)మధ్య మారుతూ ఉంటుంది."
"The difficulty of accessing social services and infrastructure in the outer atolls has meant that geography is a key reason for poverty and income disparity in Maldives. In islands far from the capital, there tends to be lack of production, inadequate use of fishery resources, low value chain development and insufficient credit for small-scale producers and entrepreneurs. The scarcity of land and water, the underdeveloped farming practices and absence of support services in atolls has meant low production and thus low incomes in these regions.","భూ, నీటి కొరత, అభివృద్ధి చెందని సాగు విధానాలు , మరియు దిబ్బలపై సహాయక సేవల కొరత ఈ ప్రాంతాలలో తక్కువ దిగుబడి, అలాగే, ఆ విధంగా తక్కువ రాబడికి కారణాలైనాయి."
"The important forest products are bamboo canes, Maratha barks, chillar barks, and the bhirand. Coconut palm trees are common throughout Goa barring the elevated regions. A variety of deciduous trees, such as teak, Sal tree, cashew, and mango trees are present.","వెదురు గడలు, మరాఠా బెరడులు, చిల్లర్ బెరడులు, మరియు భిరాండ్ ఇక్కడి ప్రధాన అటవీ ఉత్పత్తులు."
"The largest grown crop is wheat. Other important crops are rice, cotton, sugarcane, pearl millet, finger millet, sorghum, maize, barley and fruits. Among the fodder crops are bajra and jowar.","వరి, పత్తి, చెరుకు, సజ్జలు, రాగులు, జొన్న, మొక్కజొన్న, బార్లీ మరియు పండ్లు ఇతర ప్రధాన పంటలు."
"The rare and threatened animal species identified are green sea turtle (EN), dugong (VU), Irrawaddy dolphin (EN), blackbuck (NT), Spoon billed sandpiper (CR), Chilika limbless skink (CR) and fishing cat (VU). 24 mammalian species were reported. 37 species of reptiles and amphibians are also reported.",37 జాతుల సరీసృపాలు మరియు ఉభయచరాలు ఉన్నట్లు సమాచారం.
"The second choice for a Central American canal was a Panama canal. The De Lessups company, which ran the Suez Canal, first attempted to build a Panama Canal in the 1880s. The difficulty of the terrain and weather (rain) encountered caused the company to go bankrupt.","స్విస్ కెనాల్ ని నిర్వహించిన దే లెసెప్స్ కంపనీ, పనామా కెనాల్ ని నిర్మించేందుకు 1880 లలో తొలిగా ప్రయత్నం చేసింది."
"Three waterways cross the municipality: the Weespertrekvaart from west to south, the Amsterdam-Rhine Canal from north to east, and the river Diem from south to north. The river is the namesake of Diemen. The town can be divided into three neighbourhoods: Diemen Noord, Diemen Centrum, and Diemen Zuid.","ఈ పట్టణ గుండా మూడు జలమార్గాలు ప్రయాణిస్తాయి: పశ్చిమం నుండి దక్షిణానికి, వీస్పెరట్రేక్ర్వార్ట్, ఉత్తరం నుండి తూర్పుకి అంస్టర్డ్యామ్-రైన్ కనాల్, మరియు దక్షిణం నుండి ఉత్తరానికి డీమెల్ నది."
Two types of agricultural management practices include organic agriculture and conventional agriculture. The former encourages soil fertility using local resources to maximize efficiency. Organic agriculture avoids synthetic agrochemicals.,రెండు రకాల వ్యవసాయ నిర్వహణా పద్ధతులలో సేంద్రియ వ్యవసాయం మరియు సంప్రదాయ వ్యవసాయం ఉన్నాయి.
"Volcanic gases can reach the stratosphere, where they form sulfuric acid aerosols that can reflect solar radiation and lower surface temperatures significantly. Sulfur dioxide from the eruption of Huaynaputina may have caused the Russian famine of 16011603. Chemical reactions of sulfate aerosols in the stratosphere can also damage the ozone layer, and acids such as hydrogen chloride (HCl) and hydrogen fluoride (HF) can fall to the ground as acid rain.","స్ట్రాటోస్పియర్ లో సల్ఫేట్ కలిగిన ద్రవ తుంపరల రసాయన చర్యలు ఓజోన్ పొరను దెబ్బతీయవచ్చు, అలాగే హైడ్రోజన్ క్లోరైడ్ (హెచ్ సీ ఎల్) మరియు హైడ్రోజన్ ఫ్లోరైడ్ (హెచ్ ఎఫ్) వంటి ఆమ్లములు నేల మీదకు ఆమ్లవర్షంగా పడగలవు."
"With the tropical monsoon climate, Assam is temperate (summer max. at 95° - 100° F or 35° - 38° C and winter min. at 43° - 46° F or 6° - 8° C) and experiences heavy rainfall and high humidity. The climate is characterised by heavy monsoon downpours reducing summer temperatures and affecting foggy nights and mornings in winters, which are also frequent during the afternoons. Spring (March–April) and autumn (September–October) are usually pleasant with moderate rainfall and temperature.","ఉష్ణమండలీయ వర్ష వాతావరణంతో, అస్సాం సమశీతోష్ణంగా (వేసవిలో గరి. 95° - 100° ఫా. లేదా 35° - 38° సెం. మరియు శీతాకాలంలో కని. 43° - 46° ఫా. లేదా 6° - 8° సెం.) ఉండి, అధిక వర్షపాతం పొందుతూ, అధిక తేమ కలిగి ఉంటుంది."
"the region is covered by the mighty brahmaputra-barak river systems and their tributaries. geographically, apart from the brahmaputra, barak and imphal valleys and some flatlands in between the hills of meghalaya and tripura, the remaining two-thirds of the area is hilly terrain interspersed with valleys and plains; the altitude varies from almost sea-level to over 7,000 metres (23,000ft) above msl. the region's high rainfall, averaging around 10,000 millimetres (390in) and above creates problems of the ecosystem, high seismic activity, and floods.","ఈ ప్రాంతంలో సగటున దాదాపు 10,000 మిల్లీమీటర్లు (390 అంగుళాలు), అంతకు మించిన అధిక వర్షపాతం, పర్యావరణ వ్యవస్థకి అధిక భూకంప చర్యలు, మరియు వరదల వంటి సమస్యలను కలిగిస్తుంది."
"As of 2021, India has 28 states each with own government elected separately from the national government (also called union or federal government), and 8 union territories which are administered by the union government. Each state can find and fund own state level technical education institutes and it can also approve such institutes in the private sector, both of these legally remained confined to the specific state within and by which they were created. All these institutes must also obtain AICTE approval for conformation to the engineering and technology education teaching infrastructure and minimum standards.","2021 నాటికి, భారతదేశంలో (కేంద్ర లేదా సమాఖ్య ప్రభుత్వం అని కూడా పిలువబడే) జాతీయ ప్రభుత్వం కంటే వేరుగా ఎన్నుకోబడిన, ప్రతి ఒకటి దాని సొంత ప్రభుత్వం కల 28 రాష్ట్రాలు, మరియు కేంద్ర ప్రభుత్వం ద్వారా పాలించబడే 8 కేంద్రపాలిత ప్రాంతాలు ఉన్నాయి."
"At the Battle of Pulo Aura, which was probably the company's most notable naval victory, Nathaniel Dance, Commodore of a convoy of Indiamen and sailing aboard the Warley, led several Indiamen in a skirmish with a French squadron, driving them off. Some six years earlier, on 28 January 1797, five Indiamen, Woodford, under Captain Charles Lennox, Taunton-Castle, Captain Edward Studd, Canton, Captain Abel Vyvyan, Boddam, Captain George Palmer, and Ocean, Captain John Christian Lochner, had encountered Admiral de Sercey and his squadron of frigates. On this occasion the Indiamen succeeded in bluffing their way to safety, and without any shots even being fired.","ఈ సందర్భంగా, యే కాల్పులు కూడా జరగకుండానే బుకాయింపు ద్వారా సురక్షితంగా బయటపడడంలో ఆ భారతీయులు విజయం సాధించారు."
"Country-wide rail services in India, are provided by the state-run Indian Railways under the supervision of the Ministry of Railways. IR is divided into eighteen zones including the Kolkata Metro Railway. The IR are further sub-divided into sixty seven divisions, each having a divisional headquarters.","ఐఆర్‌ను ఇంకా ఒక్కోదానికి ఒక డివిజనల్ ప్రధాన కేంద్రంతో, అరవై ఏడు డివిజన్‌లుగా ఉపవిభజన చేసారు."
"Fleeing before the advancing Red Army, large numbers of the inhabitants of the German provinces of East Prussia, Silesia, and Pomerania died during the evacuations, some from cold and starvation, some during combat operations. A significant percentage of this death toll, however, occurred when evacuation columns encountered units of the Red Army. Civilians were run over by tanks, shot, or otherwise murdered.","ముందుకు సాగుతున్న ఎర్ర సైన్యం కంటే ముందుగా పారిపోతున్న తూర్పు ప్రషియా, సిలేసియా మరియు పోమెరేనియాలోని జర్మన్ ప్రావిన్సులకు చెందిన నివాసితులు తరలింపు సమయంలో పెద్ద సంఖ్యలలో, కొందరు చలి మరియు ఆకలి కారణంగా, కొందరు పోరాట కార్యకలాపాలలో, మరణించారు."
"If the variation of STV used allows transfers to candidates already elected, when a candidate is eliminated and the next preference on the ballot shows preference for a candidate already elected, votes are transferred to already victorious candidate, forming a new surplus. The new surplus votes for the victorious candidate (transferred from the eliminated candidate) are then transferred to the next preference of the victorious candidate, as happened with their initial surplus, but just using the recently transferred votes as guide. Vote transfers from the victorious candidate to a candidate who has been eliminated are impossible, and reference must be made to the next marked preference, if any.","గెలుపొందిన అభ్యర్థి నుండి తొలగించబడిన అభ్యర్థికి ఓట్లను బదిలీ చేయడం అసాధ్యం, మరియు తర్వాతి ప్రాధ్యానత ఏదైనా గుర్తించబడి ఉంటే దానిని సూచించాలి."
"In 1927, the British government, to promote the market in India for British films over American ones, formed the Indian Cinematograph Enquiry Committee. The ICC consisted of three British and three Indians, led by T. Rangachari, a Madras lawyer.","టి రంగాచారి అనే మద్రాస్‌కు చెందిన ఒక న్యాయవాది నాయకత్వంలో ముగ్గురు బ్రిటిష్ వారు, ముగ్గురు భారతీయులు ఐసిసిలో ఉండినారు."
"In 2020, Finance Minister Nirmala Sitaraman introduced a bill to amend the Act. The bill sought to bring all cooperative banks under the Reserve Bank of India. It brought 1,482 urban and 58 multi-state cooperative banks under the supervision of the RBI. The bill granted the RBI ability to reconstruct or merge banks without moratoriums.","2020లో, ఈ చట్టాన్ని సవరించడానికి ఆర్థికమంత్రి నిర్మలా సీతారామన్ ఒక బిల్లును ప్రవేశపెట్టారు."
"In December 2012, a tiger was shot by the Kerala Forest Department on a coffee plantation on the fringes of the Wayanad Wildlife Sanctuary. Chief Wildlife Warden of Kerala ordered the hunt for the animal after mass protests erupted as the tiger had been carrying away livestock. The Forest Department had constituted a special task force to capture the animal with the assistance of a 10-member Special Tiger Protection Force and two trained Indian elephants from the Bandipur Tiger Reserve in Karnataka.","డిసెంబర్ 2012లో, వయనాడ్ వన్యప్రాణి అభయారణ్యపు అంచులలోని ఒక కాఫీ తోటలో కేరళ అటవీశాఖ ఒక పులిని కాల్చిచంపింది."
"In December 2012, a tiger was shot by the Kerala Forest Department on a coffee plantation on the fringes of the Wayanad Wildlife Sanctuary. Chief Wildlife Warden of Kerala ordered the hunt for the animal after mass protests erupted as the tiger had been carrying away livestock. The Forest Department had constituted a special task force to capture the animal with the assistance of a 10-member Special Tiger Protection Force and two trained Indian elephants from the Bandipur Tiger Reserve in Karnataka.",పశువులను పులి ఎత్తుకెళ్ళిపోతూ ఉండడంతో పెద్ద ఎత్తున నిరసనలు వెల్లువెత్తిన నేపథ్యంలో కేరళ ప్రధాన వన్యప్రాణి సంరక్షకుడు ఆ జంతువును వేటాడమని ఆదేశించారు.
"In December 2019, he introduced the Citizenship (Amendment) Act, 2019, which grants Indian citizenship to religiously persecuted minority communities who migrated to the country before 2015 from the Muslim-majority countries of Pakistan, Bangladesh and Afghanistan. In Northeast India, the act raised concerns about the impact of immigration on local culture and politics, which caused people to protest against the Act. Elsewhere, the opposition parties criticised the Act's exclusion of Muslims as detrimental to India's pluralism. Shah insisted the bill was not anti-Muslim, because it did not change their existing path to citizenship.",ఆ బిల్లు పౌరసత్వానికి వారి ప్రస్తుత మార్గాన్ని మార్చనందున అది ముస్లింలకు వ్యతిరేకం కాదని షా దృఢంగా చెప్పారు.
"In January 1992, the Union government sanctioned the induction of women into non-combatant branches of the Army while holding short-service commissions. On 28 November 1992, the Indian Navy became the first armed force to commission women on short-service commissions in non-medical streams (Education, Logistics and Naval Law). The Air Force approved the induction of women officers for ground duties in 1992, with those officers receiving their commissions on 1 June 1993, and opened the flying (non-fighter) and technical branches to women the same year, commissioning its first seven female pilots on 17 December 1994.","1992 జనవరిలో, షార్ట్-సర్వీస్ కమీషన్‌లలో ఉండగానే మహిళలను సైన్యంలోని పోరాట రహిత శాఖలలో నియమించటానికి కేంద్ర ప్రభుత్వం అనుమతినిచ్చింది."
"In response to the recession, U.S. president Barack Obama launched the SelectUSA program in 2011. In January 2012, Obama issued a Call to Action to Invest in America at the White House ""Insourcing American Jobs"" Forum. Obama met with representatives of Otis Elevator, Apple, DuPont, Master Lock, and others which had recently brought jobs back or made significant investments in the U.S.","జనవరి 2012లో,శ్వేతసౌధంలో నిర్వహించబడిన ""ఇన్‌సోర్సింగ్ అమెరికన్ జాబ్స్"" ఫోరమ్‌లో అమెరికాలో పెట్టుబడులు పెట్టే చర్యకు ఒబామా పిలుపునిచ్చారు."
"Jhelum in Punjab saw a mutiny of native troops against the British. Here 35 British soldiers of Her Majesty's 24th Regiment of Foot (South Wales Borderers) were killed by mutineers on 7 July 1857. Among the dead was Captain Francis Spring, the eldest son of Colonel William Spring.",ఇక్కడ రాణిగారి 24వ పదాతి దళం (సౌత్ వేల్స్ సరిహద్దుదారులు)కి చెందిన 35 మంది బ్రిటిష్ సైనికులు 1857 జూలై 7న తిరుగుబాటుదారులచే చంపబడ్డారు.
"Kumar was appointed Sheriff of Mumbai (an honorary position) for 1980. The Government of India honoured Kumar with the Padma Bhushan in 1991, the Dadasaheb Phalke Award in 1994 and the Padma Vibhushan in 2015. The Government of Andhra Pradesh honoured Kumar with NTR National Award in 1997.",1997లో కుమార్‌ను ఆంధ్రప్రదేశ్ ప్రభుత్వం ఎన్‌‌‌టిఆర్ జాతీయ అవార్డుతో సత్కరించింది.
"Large iron ore deposits exist in central Iran, near Bafq, Yazd and Kerman. The government owns 90% of all mines and related industries and is seeking foreign investment. The sector accounts for 3% of exports.","మొత్తం గనులు మరియు సంబంధిత పరిశ్రమలలో 90% ప్రభుత్వ యాజమాన్యంలో ఉన్నాయి, ఇంకా విదేశీ పెట్టుబడుల కోసం ప్రయత్నిస్తోంది."
"Like NASA funded Jet Propulsion Laboratory (JPL) managed by California Institute of Technology (Caltech), ISRO with Indian Institute of Space Science and Technology (IIST) implemented a joint working framework in 2021 in which an Empowered Overseeing Committee (EOC) under Capacity Building Programme Office (CBPO) of ISRO located in Bengaluru will approve all short, medium and long term space research projects of common interest. In return, an Advance Space Research Group (ASRG) formed at IIST under the guidance of EOC will have full access to ISRO facilities. The primary aim is to transform IIST into a premier space research and engineering institute by 20282030 that can lead future space exploration missions of ISRO.","క్యాలిఫోర్నియా ఇన్‌స్టిట్యూట్ ఆఫ్ టెక్నాలజీ(కాల్టెక్) ఆధ్వర్యంలో నాసా ఆర్ధిక సహకారం పొందిన జెట్ ప్రొపల్షన్ లాబోరేటరీ (జెపిఎల్) కి మాదరిగానే, 2021లో ఇస్రో మరియు ఇండియన్ ఇన్‌స్టిట్యూట్ ఆఫ్ స్పేస్ సైన్స్ అండ్ టెక్నాలజీ (ఐఐఎస్‌టి) సంయుక్తంగా ఒక కార్యక్రమాన్ని అమలుపరిచాయి, ఇందులో భాగంగా సాధికారితగల పర్యవేక్షణ సమితి (ఇఒసి) బెంగళూరులో ఇస్రోకి చెందిన కెపాసిటీ బిల్డింగ్ ప్రోగ్రాం ఆఫీసు ఆధీనంలో (సిబిపిఓ) సామాన్య ప్రయోజనాలకు అన్ని స్వల్ప, మధ్యమ, మరియు దీర్ఘ కాలిక అంతరిక్ష పరిశోధనా ప్రాజెక్టులను ఆమోదిస్తుంది."
"Most Indian states had granted general consent to the CBI to investigate crimes within their territory. However, as of 2020, several states have withdrawn their 'general consent' for the CBI to operate, and require a special consent to be granted on a case to case basis. In November 2018, Andhra Pradesh and West Bengal governments withdrew general consents for the CBI to investigate, and accused the Central Government of using federal agencies to destabilise state politics.",చాలా వరకు భారతీయ రాష్ట్రాలు వారి భూభాగాలలో నేరాలను విచారించడానికి సిబిఐకు సాధరణ సమ్మతిని మంజూరు చేసి ఉండాయి.
"Open market operation is the activity of buying and selling of government securities in open market to control the supply of money in banking system. When there is excess supply of money, central bank sells government securities thereby sucking out excess liquidity. Similarly, when liquidity is tight, RBI will buy government securities and thereby inject money supply into the economy.","అలాగే, ద్రవ్యత పరిమితంగా ఉన్నప్పుడు, ఆర్‌బిఐ ప్రభుత్వ సెక్యూరిటీలను కొని, తద్వారా ఆర్థిక వ్యవస్థలోకి ద్రవ్య సరఫరాను ప్రవేశపెడుతుంది."
"Ratan Tirkey, a former BJP politician and activist, said that Murmu had not done enough to make sure that the self-governance rights granted to tribal communities were properly implemented. These rights were granted under the Fifth Schedule and the Panchayats (Extension to Scheduled Areas) Act, 1996 or PESA. Tirkey said, ""Despite several requests, the then governor never exercised her powers to implement the Fifth Schedule provisions and Pesa in letter and spirit"".","ఆదివాసీ సంఘాలకు మంజూరు చేయబడిన స్వయం పాలన హక్కులు సరిగ్గా అమలుచేయబడేలా చూడడానికి ముర్ము తగినంతగా కృషి చేయలేదని మాజీ బిజెపి రాజకీయ నాయకుడు, కార్యకర్త అయిన రతన్ టిర్కీ అన్నారు."
"Relations with neighbouring Myanmar have been severely strained since 20162017, after over 700,000 Rohingya refugees illegally entered Bangladesh fleeing persecution, ethnic cleansing, genocide, and other atrocities in their native state. The parliament, government, and civil society of Bangladesh have been at the forefront of international criticism against Myanmar for military operations against the Rohingya, and have demanded their right of return to Arakan. In 2021, Bangladesh provided a US$200 million loan to Sri Lanka and a US$7.7 million donation to Sudan as economic assistance.","2021లో, బంగ్లాదేశ్ శ్రీలంకకు యూఎస్$ 200 మిలియన్ లను ఆర్థిక సాయంగాను, సుడాన్‌కు యూఎస్$ 7.7 మిలియన్ లను విరాళంగాను అందించింది."
"Some navies operate ocean-going hospital ships to lend medical assistance in high casualty situations like wars or natural disasters. These hospital ships fulfill the criteria of an ambulance (transporting the sick or injured), although the capabilities of a hospital ship are more on par with a Mobile Army Surgical Hospital. In line with the laws of war, these ships can display a prominent Red Cross or Red Crescent to confer protection under the appropriate Geneva Convention.",యుద్ధాలు లేదా ప్రకృతి వైపరీత్యాల వంటి అధిక ప్రాణనష్ట పరిస్థితులలో వైద్య సహాయం అందించడానికి కొన్ని నౌకాదళాలు సముద్రాలలోకి వెళ్ళే ఆసుపత్రి నౌకలను నడుపుతాయి.
"The ASEAN Framework Agreement on Trade in Services (AFAS) was adopted at the ASEAN Summit in Bangkok in December 1995. Under the agreement, member states enter into successive rounds of negotiations to liberalise trade in services with the aim of submitting increasingly higher levels of commitment. ASEAN has concluded seven packages of commitments under AFAS.","ఈ ఒప్పందం ప్రకారం, సేవలలో వాణిజ్యాన్ని సరళీకృతం చేయడానికి మరింత హెచ్చు స్థాయిలలో నిబద్ధతను పాటించే లక్ష్యంతో సభ్య రాష్ట్రాలు వరుసగా చర్చలు జరుపుతాయి."
"The ASEAN Socio-Cultural Community (ASCC) was also adopted during the 14th ASEAN Summit. It envisions an ""ASEAN Community that is people-centered and socially responsible with a view to achieving enduring solidarity and unity among the countries and peoples of ASEAN by forging a common identity and building a caring and sharing society which is inclusive and harmonious where the well-being, livelihood, and welfare of the peoples are enhanced"". Among its focus areas include human development, social welfare and protection, social justice and rights, environmental sustainability, building the ASEAN identity, and narrowing the development gap.","ఇది ""ఆసియాన్ దేశాల మరియు ప్రజల మధ్య సుస్థిర సంఘీభావం మరియు ఐకమత్యము సాధించే దిశగా బలమైన సామాన్య గుర్తింపు మరియు ప్రజల సంక్షేమాన్ని, జీవనోపాయమును పెంపొందించే సమగ్ర, ప్రజాహిత మరియు సామాజికంగా బాధ్యతగల ఆసియాన్ సంఘ నిర్మాణాన్ని "" ఊహించుతుంది."
"The Biotechnology Regulatory Authority of India (BRAI) is a proposed regulatory body in India for uses of biotechnology products including genetically modified organisms (GMOs). The institute was first suggested under the Biotechnology Regulatory Authority of India (BRAI) draft bill prepared by the Department of Biotechnology in 2008. Since then, it has undergone several revisions.",బయోటెక్నాలజీ రెగ్యులేటరి అథారిటీ ఆఫ్ ఇండియా (బిఆర్ఎఐ) అనేది జన్యుపరంగా సవరించబడిన ప్రాణులు (జిఎంఒలు)తో సహా జీవసాంకేతిక ఉత్పత్తుల వినియోగం కోసం భారతదేశంలో ప్రతిపాదించబడిన నియంత్రణా సంస్థ.
"The Indian National Congress (INC), the Praja Socialist Party and the Krishi Lok Party were the major parties in the 1950s. Later the Communist Party of India (CPI) became the dominant opposition party. In the 1967 state assembly elections, all socialist parties were eliminated and the CPI lost opposition party status.","1967 రాష్ట్ర శాసనసభ ఎన్నికలలో, అన్ని సాంఘికవాద పార్టీలు తొలగింపబడ్డాయి, సిపిఐ దాని విపక్ష పార్టీ హోదాను కోల్పోయింది."
"The Modi government, in view of the coronavirus pandemic, suspended Members of Parliament Local Area Development Scheme (MPLADS) for two years. This action has been called problematic in many ways, including causing a centralisation of power, being anti-federal in nature, and having an effect on local level development and MP influence at micro levels of the society to handle distress. There have been calls for halting the 20,000 crore (US$2.5billion) redevelopment of the central vista project in Delhi instead.","అధికార కేంద్రీకరణకు కారణమవడం, సమాఖ్య వ్యతిరేక స్వభావం కలిగి ఉండటం, స్థానిక-స్థాయి అభివృద్ది మీద ప్రభావం కలిగి ఉండటం, విపత్తులను సంభాళించేందుకు సమాజపు సూక్ష్మ స్థాయిలలో ఎంపి ప్రభావం కలిగి ఉండటం వంటి వాటితో సహా చాలా రకాలుగా ఈ చర్య సమస్యాత్మకమైనదిగా పిలువబడింది."
"The current MLA from Angul (Odisha Vidhan Sabha constituency) is Rajanikant Singh of BJD who is elected in 2019 Odisha Legislative Assembly election and subsequently elected unopposed as the deputy speaker of the assembly. He won the seat in State elections of 2004, 2009, and 2014. His father Adwait Prasad Singh had won this seat in 2000 as a BJD candidate, in 1990 as JD candidate and in 1977 as JNP candidate.","ఆయన తండ్రైన అద్వైత్ ప్రసాద్ సింగ్ ఈ సీటును 2000లో బిజెడీ అభ్యర్థిగా, 1990లో జెడి అభ్యర్థిగా, 1977లో జెఎన్‌పి అభ్యర్థిగా గెలుచుకున్నారు."
"The current MLA from Angul (Odisha Vidhan Sabha constituency) is Rajanikant Singh of BJD who is elected in 2019 Odisha Legislative Assembly election and subsequently elected unopposed as the deputy speaker of the assembly. He won the seat in State elections of 2004, 2009, and 2014. His father Adwait Prasad Singh had won this seat in 2000 as a BJD candidate, in 1990 as JD candidate and in 1977 as JNP candidate.","అంగుల్ (ఒడిశా విధాన సభ నియోజకవర్గం)నుండి ప్రస్తుత ఎంఎల్ఎ బిజెడికి చెందిన రజనికాంత్ సింగ్, ఆయన 2019 ఒడిశా శాసనసభ ఎన్నికలలో ఎన్నికై, ఆపై డిప్యూటీ స్పీకర్‌గా ఏకగ్రీవంగా ఎన్నికయ్యారు."
"The issuance of PAN, verification, delivery and maintenance works on public-private partnership (PPP) model like Passport Seva Kendra (PSK) for reasons of economy, efficiency, and effectiveness. The reputed entities like NSDL e-Governance Infrastructure Limited (formerly National Securities Depository Limited) and UTI Infrastructure Technology Services Limited (UTIITSL) has been entrusted by Income Tax Department as managed service providers for processing of applications, collecting, handling and verifying personal documents like proof of ID, age and address, clarification with the applicants, printing the card and the letter and then mailing it. The processing agencies obtain the new PAN number online from the server of the income tax department after successful processing of the application documents.","ఎన్‌ఎస్డిఎల్ ఈ-గవర్నెన్స్ ఇన్ఫ్రాస్ట్రక్చర్ లిమిటెడ్ (గతంలో నేషనల్ సెక్యూరిటీస్ డిపాజిటరీ లిమిటెడ్) మరియు యుటిఐ ఇన్ఫ్రాస్ట్రక్చర్ టెక్నాలజీ సర్వీసెస్ లిమిటెడ్ (యుటిఐఐటిఎస్ఎల్) వంటి ప్రఖ్యాత సంస్థలకు నిర్వహించే సేవా ప్రదాతలుగా దరఖాస్తులను విశ్లేషించడం, గుర్తింపు, వయసు, చిరునామా రుజువు వంటి వ్యక్తిగత పత్రాలను సేకరించడం, నిర్వహించడం, ధృవీకరించడం, దరఖాస్తుదారుల విషయంలో స్పష్టత ఇవ్వడం, కార్డు మరియు లేఖను ముద్రించి, ఆపై దాన్ని మెయిల్ చేయడం వంటి పనులను ఆదాయపన్ను శాఖ అప్పగించింది."
"The perimeter of the building is circular, with 144 columns on the outside. At the centre of the building is the circular Central Chamber, and surrounding this Chamber are three semicircular halls that were constructed for the sessions of the Chamber of Princes (now used as the Library Hall), the State Council (now used for the Rajya Sabha), and the Central Legislative Assembly (now used for the Lok Sabha). The parliament is surrounded by large gardens and the perimeter is fenced off by sandstone railings (jali).","భవనం నడిమధ్యన గుండ్రటి సెంట్రల్ ఛాంబర్, దాని చుట్టూతా మూడు అర్ధచంద్రాకార హాళ్లు ఉంటాయి, అవి ఛాంబర్ ఆఫ్ ప్రిన్సెస్ (ప్రస్తుతం లైబ్రరీ హాల్ గా ఉపయోగంలో ఉంది), స్టేట్ కౌన్సిల్ (ప్రస్తుతం రాజ్య సభ కోసం ఉపయోగించబడుతోంది), మరియు సెంట్రల్ లెజిస్లేటివ్ అసెంబ్లీ (ప్రస్తుతం లోక్ సభ కోసం ఉపయోగించబడుతోంది) సమావేశాలకై నిర్మితమైనాయి."
"The slow but momentous reform movement developed gradually into the Indian independence movement. During the First World War, the hitherto bourgeois ""home-rule"" movement was transformed into a popular mass movement by Mahatma Gandhi, a pacifist lawyer. Revolutionaries such as Bagha Jatin, Khudiram Bose, Bhagat Singh, Chandrashekar Azad, Surya Sen, Subhas Chandra Bose differed from Gandhi in their use of violence during their campaigns against British rule.","బాఘా జతిన్, ఖుదీరాం బోస్, భగత్ సింగ్, చంద్రశేఖర్ ఆజాద్, సూర్య సేన్, సుభాష్ చంద్ర బోస్ వంటి విప్లవకారులు బ్రిటిష్ పాలనకు వ్యతిరేకంగా చేసే తమ ఉద్యమాలలో హింసను ఉపయోగించడంలో వారు గాంధీతో విభేదించారు."
"There also exists a unicameral Cocos (Keeling) Islands Shire Council with seven seats. A full term lasts four years, though elections are held every two years; approximately half the members retire each two years. As of March 2022 the president of the shire is Aindil Minkom.",ఇక్కడ ఏడు సీట్లు గల ఏకసభ కోకోస్ (కీలింగ్) ఐలాండ్స్ షైర్ కౌన్సిల్ కూడా ఉంది.
"There were international concerns related to how the support being sent to India is being used. By 5 May, India had received 5,769,442 items in aid. Support between 27 April and 14 May included ""10,796 oxygen concentrators, 12,269 oxygen cylinders; 19 oxygen generation plants; 6,497 ventilators, more than 4.2 lakh Remdesivir vials"".","మే 5 నాటికి, భారత్ 5,769,442 వస్తువులను సహాయంగా అందుకున్నది."
"There were lapses on implementing official procedures. Antrix/ISRO had allocated the capacity of the above two satellites exclusively to Devas Multimedia, while the rules said it should always be non-exclusive. The Cabinet was misinformed in November 2005 that several service providers were interested in using satellite capacity, while the Devas deal was already signed.","దేవాస్ ఒప్పందం మీద అప్పటికే సంతకం చేయబడినప్పటికీ, అనేక సేవా ప్రదాతలు ఉపగ్రహ సామర్థ్యాన్ని ఉపయోగించుకునే ఆసక్తి కలిగి ఉన్నట్లు 2005 నవంబర్‌లో కాబినెట్‌కు తప్పుడు సమాచారం ఇవ్వబడింది."
"Today, the Russian government engages in historical negationism. Russian media refers to the crimes against humanity and war crimes as a ""Western myth"", in Russian history textbooks, the atrocities are either altered to portray the Soviets positively or omitted entirely. In 2017, Russian President Vladimir Putin acknowledged the ""horrors of Stalinism"", but he also criticized the ""excessive demonization of Stalin"" by ""Russia's enemies"".","2017లో, రష్యా అధ్యక్షుడు వ్లాదిమిర్ పుతిన్ ""స్టాలిన్ వాదం యొక్క భయానకత""ను అంగీకరించాడు, కాని రష్యా శత్రువులచే ""స్టాలిన్‌‌ పట్ల మితిమీరిన రాక్షసీకరణ""ను కూడా విమర్శించాడు."
"U.S. minister to Britain Charles Francis Adams proved particularly adept and convinced Britain not to openly challenge the Union blockade. The Confederacy purchased several warships from commercial shipbuilders in Britain (CSSAlabama, CSSShenandoah, CSSTennessee, CSSTallahassee, CSSFlorida, and some others). The most famous, the CSSAlabama, did considerable damage and led to serious postwar disputes.","ఈ సమాఖ్య బ్రిటన్‌లోని వాణిజ్య నౌకానిర్మాణదారుల నుండి అనేక యుద్ధ నౌకలు (సిఎస్ఎస్ అలబామా, సిఎస్ఎస్ షెనాండో, సిఎస్ఎస్ టెన్నెస్సీ, సిఎస్ఎస్ తల్లహస్సీ, సిఎస్ఎస్ ఫ్లోరిడా మరియు ఇంకొన్నిటిని) కొనుగోలు చేసింది."
"Under the new approach communities are being consulted and trained, and users agree up-front to pay a tariff that is set at a level sufficiently high to cover operation and maintenance costs. It also includes measures to promote sanitation and to improve hygiene behaviour. The national program follows a pilot program launched in 1999.","ఈ కొత్త విధానం ప్రకారం, ప్రజలను సంప్రదిస్తూ, శిక్షణ ఇస్తారు, ఇంకా పనితీరు మరియు నిర్వహణ ఖర్చులకు సరిపోయే స్థాయిలో నిశ్చయించబడిన పన్నుని ముందుగానే చెల్లించడానికి వినియోగదారులు ఒప్పుకుంటారు."
"Vere Bird was prime minister from 1981 to 1994 and chief minister of Antigua from 1960 to 1981, except for the 19711976 period when the Progressive Labour Movement (PLM) defeated his party. Bird, the nation's first prime minister, is credited with having brought Antigua and Barbuda and the Caribbean into a new era of independence. Prime Minister Lester Bryant Bird succeeded the elder Bird in 1994.","ప్రోగేసివ్ లేబర్ మూవ్మెంట్ (పిఎల్ఎం) ఆయన పార్టీని ఓడించిన 1971-1976 సమయంలో మినహా, వెరే బర్డ్ 1981 నుండి 1994 వరకు ప్రధాన మంత్రిగా మరియు 1960 నుండి 1981 వరకు ఆంటిగ్వా ముఖ్యమంత్రిగా ఉన్నారు."
"With the departure of foreign troops and the long sought demise of Kabul's leftist government, The Islamic State of Afghanistan finally came into being in April 1992. This represented a distinct break with Afghan history, for religious specialists had never before exercised state power. But the new government failed to establish its legitimacy and, as much of its financial support dissipated, local and middle range commanders and their militia not only fought among themselves but resorted to a host of unacceptable practices in their protracted scrambles for power and profit.","కాని నూతన ప్రభుత్వం దాని చట్టబద్ధతని స్థాపించుకోవడంలో విఫలమయింది, మరియు దాని ఆర్థిక మద్దత్తు చెదరగొట్టబడడంతో, స్థానిక మరియు మధ్య శ్రేణి కమాండర్లు, మరియు వారి సైన్యము పరస్పరం కలహించుకోవటమే కాక, బలం మరియు లాభం కొరకు బాహుదినాల పోరాటంలో అనేక ఆమోదయోగ్యం కాని విధానాలను ఆశ్రయించారు."
"all state administrative services officers in india are state civil servants posted as assistant collector cum subdistrict magistrate in various sub districts of india, ward officer in various municipal corporations, notified area councils, municipal councils, district parishads, block parishads and village panchayats and under secretary in various state secretariats. they belong to group 'b' rank and part of state civil services of india. the officers of following state civil services cadre are later promoted to indian administrative service.","భారత్ లోని రాష్ట్ర పరిపాలక సేవా అధికారులందరూ భారత్ లోని వివిధ జిల్లాల్లో అసిస్టెంట్ కలెక్టర్స్ గా లేదా సబ్ డిస్ట్రిక్ట్ మెజిస్ట్రేట్ గా, వార్డ్ ఆఫీసర్ గా వివిధ నగరపాలక సంస్థలలో, నోటిఫైడ్ ఏరియా కౌన్సిల్స్ లో, మున్సిపల్ కౌన్సిల్ లో, జిల్లా పరిషత్ లలో, బ్లాక్ పరిషత్ లలో, మరియు గ్రామ పంచాయత్ లలో, మరియు వివిధ రాష్ట్ర సచివాలయాలలో అండర్ సెక్రెటరీలు గా నీయుక్తులైన రాష్ట్ర పౌర సేవకులే."
"A 2017 review found evidence that a Mediterranean-style diet could reduce the risk of cardiovascular diseases, overall cancer incidence, neurodegenerative diseases, diabetes, and mortality rate. A 2018 review showed that a Mediterranean-like diet may improve overall health status, such as reduced risk of non-communicable diseases. It also may reduce the social and economic costs of diet-related illnesses.","2018 తాలూకు ఒక సమీక్ష మెడిటరేనియన్ తరహా ఆహారం మొత్తం మీది ఆరోగ్య స్థితిని మెరుగుపరచవచ్చు, అంటుకోని వ్యాధుల ప్రమాదాన్ని తగ్గించడం వంటివి."
"A blood test is generally performed for cardiac troponins twelve hours after onset of the pain. If this is positive, coronary angiography is typically performed on an urgent basis, as this is highly predictive of a heart attack in the near-future. If the troponin is negative, a treadmill exercise test or a thallium scintigram may be requested.",నొప్పి మొదలైన పన్నెండు గంటల తర్వాత కార్డియాక్ ట్రోపోనిన్ల కోసం సాధారణంగా ఒక రక్త పరీక్ష చేయబడుతుంది.
"A circadian rhythm (), or circadian cycle, is a natural, internal process that regulates the sleepwake cycle and repeats roughly every 24 hours. It can refer to any process that originates within an organism (i.e., endogenous) and responds to the environment (entrained by the environment). These 24-hour rhythms are driven by a circadian clock, and they have been widely observed in animals, plants, fungi and cyanobacteria.","అది ఒక ప్రాణిలోపల ఉద్భవించి (అనగా ఎండోజెనస్), (పర్యావరణం ద్వారా ప్రవేశించి) పర్యావరణానికి ప్రతిస్పందించే ఏదైనా ప్రక్రియను సూచించవచ్చు."
"Agonism of the 5-HT2A receptor is an antitarget because 5-HT2A receptor agonists are associated with hallucinogenic effects. According to David E. Nichols, ""Discussions over the years with many colleagues working in the pharmaceutical industry have informed me that if upon screening a potential new drug is found to have serotonin 5-HT2A agonist activity, it nearly always signals the end to any further development of that molecule."" There are some exceptions however, for instance efavirenz and lorcaserin, which can activate the 5-HT2A receptor and cause psychedelic effects at high doses.","డేవిడ్ ఈ. నికోల్స్ ప్రకారం, ""ఏళ్లతరబడి ఔషధీయ పరిశ్రమలో పని చేస్తున్న ఎందరో సహోద్యోగులతో చర్చలు నాకు తెలియజేసింది ఏమనగా, సంభావ్య నూతన ఔషధం పరీక్షించినప్పుడు సెరోటోనిన్ 5-హెచ్. టి.2 ఏ. ప్రతిస్పందన చర్య కనిపిస్తే, అది దాదాపు ఎల్లప్పుడూ ఆ అణువుకి జరిగే తదుపరి వృద్ధికి ముగింపుని సూచిస్తుంది."""
"Allergy testing may help in determining the trigger. Skin allergy testing is available for certain foods and venoms. Blood testing for specific IgE can be useful to confirm milk, egg, peanut, tree nut and fish allergies.","నిర్దిష్ట ఐజిఇ కోసం చేసే రక్త పరీక్ష, పాలు, గుడ్డు, వేరుశనగ, చెట్ల గింజలు, చేపలకు సంబంధించిన ఎలర్జీలను నిర్దారించడానికి ఉపయోగకరం అవ వచ్చు."
"Bangalore's rapid growth has created several administrative problems relating to traffic congestion and degrading infrastructure. The unplanned nature of growth in the city resulted in massive traffic gridlocks; a flyover system and one-way traffic systems were introduced, which were only moderately successful. A 2003Battelle Environmental Evaluation System (BEES) evaluation of Bangalore's physical, biological and socioeconomic parameters indicated that Bangalore's water quality and terrestrial and aquatic ecosystems were close to ideal, while the city's socioeconomic parameters (traffic, quality of life) air quality and noise pollution were poor.","బెంగుళూరు భౌతిక, జీవ, సామాజిక ఆర్థిక పారామితుల తాలూకు 2003 బాటెల్లె ఎన్విరాన్‌మెంటల్ ఎవాల్యుయేషన్ సిస్టమ్ (బీఈఈఎస్) మూల్యాంకనం బెంగుళూరు లోని నీటి నాణ్యత, భూ మరియు జల జీవావరణ వ్యవస్థలు అభిలషణీయ విలువకు దగ్గరగా ఉండగా, నగర సామాజికఆర్థిక పారామితులు (ట్రాఫిక్, జీవన నాణ్యత) వాయు నాణ్యత మరియు శబ్ద కాలుష్యం పేలవంగా ఉన్నాయని సూచించింది."
"Before the baby merges from the womb, an injection for pain control during childbirth may be administered through the vaginal wall and near the pudendal nerve. Because the pudendal nerve carries motor and sensory fibers that innervate the pelvic muscles, a pudendal nerve block relieves birth pain. The medicine does not harm the child, and is without significant complications.","పుడెండల్ నాడి అనేది కటి కండరాలను ఉత్తేజితం చేసే కదలికను, జ్ఞాన తంతువులను కలిగి ఉంటుంది కాబట్టి, పుడెండల్ నాడి అడ్డగింపు ప్రసవ వేదనను తగ్గిస్తుంది."
"Camphor is commonly applied as a topical medication as a skin cream or ointment to relieve itching from insect bites, minor skin irritation, or joint pain. It is absorbed in the skin epidermis, where it stimulates nerve endings sensitive to heat and cold, producing a warm sensation when vigorously applied, or a cool sensation when applied gently, indicating its properties as a counterirritant. The action on nerve endings also induces a slight local analgesia.","అది చర్మపు బాహ్యచర్మంలో గ్రహించబడుతుంది, అక్కడ అది వేడిమికి, చల్లదనానికి ప్రతిస్పందించే నాడి చివరలను ఉత్తేజపరుస్తుంది, చిరాకు ప్రతిరోధకంగా దాని లక్షణాలను సూచిస్తూ బలంగా పూసినప్పుడు వెచ్చని అనుభూతిని లేదా సున్నితంగా పూసినప్పుడు చల్లటి అనుభూతిని ఉత్పత్తి చేస్తుంది."
"Cholera reached the southern tips of the Ural Mountains in 1829. On 26 August 1829, the first cholera case was recorded in Orenburg with reports of outbreaks in Bugulma (7 November), Buguruslan (5 December), Menzelinsk (2 January 1830), and Belebey (6 January). With 3500 cases including 865 fatal ones in Orenburg province, the epidemic stopped by February 1830.",1829లో కలరా ఉరల్ పర్వతాల దక్షిణ కొనలకు చేరుకొంది.
Collagen as haemostat: When collagen interacts with platelets it causes a rapid coagulation of blood. This rapid coagulation produces a temporary framework so the fibrous stroma can be regenerated by host cells. Collagen based haemostat reduces blood loss in tissues and helps manage bleeding in cellular organs like the liver and spleen.,"రక్తస్రావాన్ని నిలిపే సాధనంగా కొలాజెన్ : కొలాజెన్ ప్లేట్‌లెట్స్‌తో సంకర్షణ చెందినప్పుడు, అది రక్తం వేగంగా గడ్డకట్టేట్టు చేస్తుంది."
"Currently administered human anthrax vaccines include acellular (USA, UK) and live spore (Russia) varieties. All currently used anthrax vaccines show considerable local and general reactogenicity (erythema, induration, soreness, fever) and serious adverse reactions occur in about 1% of recipients. New third-generation vaccines being researched include recombinant live vaccines and recombinant sub-unit vaccines.","ప్రస్తుతం ఉపయోగించబడే అన్ని ఆంథ్రాక్స్ టీకాలు గణనీయమైన స్థానిక మరియు అస్థానిక ప్రతికూల ప్రతిచర్యలు (చర్మం ఎర్రబడటం, గట్టిపడటం, నొప్పి మరియు జ్వరం) చూపిస్తాయి, మరియు గ్రహీతలలో దాదాపు 1% మందిలో తీవ్రమైన ప్రతికూల ప్రతిచర్యలు కనిపిస్తాయి."
"Depending on the diagnosis, severity and individual, and the job itself, personality disorders can be associated with difficulty coping with work or the workplacepotentially leading to problems with others by interfering with interpersonal relationships. Indirect effects also play a role; for example, impaired educational progress or complications outside of work, such as substance abuse and co-morbid mental disorders, can be problematic. However, personality disorders can also bring about above-average work abilities by increasing competitive drive or causing the individual with the condition to exploit his or her co-workers.","రోగ నిర్ధారణ, తీవ్రత, మరియు వ్యక్తిని బట్టి, అలాగే ఉద్యోగాన్ని బట్టి, వ్యక్తిత్వ రుగ్మతలను ఉద్యోగం లేదా కార్యాలయం నిర్వహించుకోవడంలో ఇబ్బంది, వ్యక్తుల మధ్య సంబంధాలలో ప్రవేశించటం వల్ల ఇతరులతో సమస్యలకు దారితీసే అవకాశం ఉండటం వంటి వాటితో ముడిపెట్టవచ్చు."
"Exhaled respiratory particles can build-up within enclosed spaces with inadequate ventilation. The risk of COVID19 infection increases especially in spaces where people engage in physical exertion or raise their voice (e.g., exercising, shouting, singing) as this increases exhalation of respiratory droplets. Prolonged exposure to these conditions, typically more than 15 minutes, leads to higher risk of infection.",నిశ్వాసిత శ్వాసలోని కణాలు తగినంత గాలి ప్రసరణ లేని మూసిఉండే ప్రదేశాలలో క్రమంగా పేరుకుపోగలవు.
"Generic version of Tamiflu (Oseltamivir) was made available in Indian market, after several months of swine flu attack. Natco Pharma and Strides Arcolabs have launched their generic version of Oseltamivir, Natflu and Starflu. These drugs were made available to the customers directly under prescription.",స్వైన్ ఫ్లూ దాడుల తర్వాత అనేక నెలలకు టామిఫ్లూ (ఒసెల్టామివిర్) యొక్క సాధారణ రూపాంతరం భారతీయ మార్కెట్లో అందుబాటులోకి వచ్చింది.
"Health-enhancing intestinal bacteria of the gut flora serve to prevent the overgrowth of potentially harmful bacteria in the gut. These two types of bacteria compete for space and ""food"", as there are limited resources within the intestinal tract. A ratio of 80-85% beneficial bacteria to 15-20% potentially harmful bacteria generally is considered normal within the intestines, and maintains homeostasis.","ప్రయోజనకర బాక్టీరియా 80–85% , హానికరం కాగల బాక్టీరియా 15–20% అనే నిష్పత్తిని ప్రేగుల లోపల మామూలుగా సాధారణమైనదిగా పరిగణిస్తారు, అది సమానావస్థ స్థితిని కొనసాగిస్తుంది."
"However, a cholera epidemic reduced the population to 400 families by 1812. When the British finally usurped the area on 13 July 1829, it was almost deserted; efforts at that time to populate the place by inducting cultivators with an incentive of Rs 1260 to develop the lands at that time also failed. In 1879, a few Bhil and Naikda tribes resided there, but over the next few years, it became well known in India for its rulers and the monuments left behind by them","చివరకు 1829 జూలై 13న బ్రిటిష్ వారు ఆ ప్రాంతాన్ని ఆక్రమించుకున్నప్పుడు, అది దాదాపు నిర్మానుష్యమై ఉండింది; ఆ సమయంలో భూములను అభివృద్ధి చేయడానికి 1260 రూపాయల ప్రోత్సాహకంతో సాగుదారులను ప్రవేశపెట్టడం ద్వారా ఆ ప్రదేశానికి జనాభాని తేవడానికి చేసిన ప్రయత్నాలు కూడా విఫలమయ్యాయి."
"In 2007, the Indian Psychiatric Society had 3000 registered psychiatrists on its rolls. In 2020, the society had over 7200 specialists enlisted. Mental health professionals such as psychiatrists acquire their qualification following completing an MD in Psychiatry, a Diploma in Psychiatric Medicine (DPM) or Diplomate of National Board (DNB) in Psychiatry; following an MBBS from a Medical Council of India center.","మానసిక వైద్యుల వంటి మానసిక ఆరోగ్య నిపుణులు మెడికల్ కౌన్సిల్ ఆఫ్ ఇండియా కేంద్రం నుండి ఎంబిబిఎస్ తర్వాత, మనోరోగచికిత్సాశాస్త్రంలో ఎండి, సైకియాట్రిక్ మెడిసిన్‌లో డిప్లొమా (డిపిఎం), లేదా మనోరోగచికిత్సాశాస్త్రంలో నేషనల్ బోర్డ్ (డిఎన్‌బి) డిప్లొమేట్ పూర్తి చేయడం ద్వారా వారి విద్యార్హతలను పొందుతారు."
"In Canada, after 6.6 million doses of vaccine had been distributed between 21 October and 7 November, there were reports of mild adverse events in 598 people vaccinated including: nausea, dizziness, headache, fever, vomiting, and swelling or soreness at the injection site. There were reports of tingling lips or tongue, difficulty breathing, hives, and skin rashes. Thirty six people had serious adverse events, including anaphylaxis and febrile convulsions.","కెనడాలో, 21 అక్టోబర్ నుండి 7 నవంబర్ వరకు, 6.6 మిలియన్ డోసుల టీకాలను పంపిణీ చేసిన తర్వాత, టీకా వేయించుకున్న 598 మందిలో వికారం, తల తిరగడం, తలనొప్పి, జ్వరం, వాంతులు, ఇంజక్షన్ వేసిన చోట వాపు లేదా నొప్పి వంటి వాటితో సహా తేలికపాటి ప్రతికూల సంఘటనలు జరిగినట్లు తెలిసింది."
"Live-attenuated vaccines are safe and stimulate a strong and effective immune response that is long-lasting. Given pathogens are attenuated, it is extremely rare for pathogens to revert to their pathogenic form and subsequently cause disease. Additionally, within the five WHO-recommended live attenuated vaccines (tuberculosis, oral polio, measles, rotavirus, and yellow fever), severe adverse reactions are extremely rare.","ఆ వ్యాధికారక క్రిములు క్షీణింపజేయబడతాయి కాబట్టి, అవి వాటి వ్యాధికారక రూపానికి తిరిగి వెళ్లి, తదనంతరం రోగాన్ని కలిగించడం అనేది చాలా అరుదు."
"Live-attenuated vaccines are safe and stimulate a strong and effective immune response that is long-lasting. Given pathogens are attenuated, it is extremely rare for pathogens to revert to their pathogenic form and subsequently cause disease. Additionally, within the five WHO-recommended live attenuated vaccines (tuberculosis, oral polio, measles, rotavirus, and yellow fever), severe adverse reactions are extremely rare.","బలహీనపరచబడిన సజీవ టీకాలు సురక్షితమైనవి, ఇంకా దీర్ఘకాలం పాటు నిలిచే బలమైన, సమర్థవంతమైన రోగనిరోధక ప్రతిస్పందనను ప్రేరేపిస్తాయి."
"Malnutrition refers to deficiencies, excesses or imbalances in a person's intake of energy and/or nutrients. The term malnutrition covers 2 broad groups of conditions. One is undernutrition which includes stunting (low height for age), wasting (low weight for height), underweight (low weight for age) and micronutrient deficiencies or insufficiencies (a lack of important vitamins and minerals).","ఒకటి పోషకాహార లోపం, దీనిలో గిటకబారడం (వయసుకు తగ్గ ఎత్తు లేకపోవడం), బలహీన పడటం (ఎత్తుకు తగ్గ బరువు లేకపోవడం), తక్కువ బరువు ఉండటం (వయసుకు తగ్గ బరువు లేకపోవడం) మరియు సూక్ష్మపోషక లోపాలు లేదా కొరతలు (ముఖ్యమైన విటమిన్లు మరియు ఖనిజాల కొరత) వంటివి ఉంటాయి."
"Meditation lowers heart rate, oxygen consumption, breathing frequency, stress hormones, lactate levels, and sympathetic nervous system activity (associated with the fight-or-flight response), along with a modest decline in blood pressure. However, those who have meditated for two or three years were found to already have low blood pressure. During meditation, the oxygen consumption decrease averages 10 to 20 percent over the first three minutes.","అయితే, రెండు లేదా మూడు ఏళ్ల పాటు ధ్యానం చేసి ఉన్న వారికి అప్పటికే తక్కువ రక్తపోటు ఉన్నట్లు గుర్తించబడింది."
"NCDs include many environmental diseases covering a broad category of avoidable and unavoidable human health conditions caused by external factors, such as sunlight, nutrition, pollution, and lifestyle choices. The diseases of affluence are non-infectious diseases with environmental causes. Examples include:","సూర్యరశ్మి, ఆహారం, కాలుష్యం మరియు జీవన శైలి ఎంపికలు వంటి బాహ్య కారకాల కారణంగా ఏర్పడే నివారించగల, మరియు నివారించలేని మానవ ఆరోగ్య పరిస్థితులు గల విస్తృత వర్గాలను కూడిన అనేక పర్యావరణ సంబంధ వ్యాధులు ఎన్‌సిడిలలో ఉంటాయి."
"Non-immunologic mechanisms involve substances that directly cause the degranulation of mast cells and basophils. These include agents such as contrast medium, opioids, temperature (hot or cold), and vibration. Sulfites may cause reactions by both immunologic and non-immunologic mechanisms.","సల్ఫైట్‌లు రోగనిరోధక మరియు రోగనిరోధకం కాని విధానాలు, రెండింటి ద్వారా ప్రతిచర్యలను కలిగించవచ్చు."
"On 2 April 2020, Dagens Eko reported that significant spread of COVID-19 had occurred in retirement homes in at least 90 municipalities. Previously, the government and the public health authorities had strongly advised against external visits to retirement homes, with several municipalities outright banning them. A nationwide ban on external visits to retirement homes came into force on 1 April.","2020 ఏప్రిల్ 2న, కనీసం 90 మునిసిపాలిటీలలోని రిటైర్మెంట్ హోమ్‌లలో కోవిడ్-19 గణనీయంగా వ్యాపించిందని డాగెన్స్ ఎకో నివేదించింది."
"Once a virus genome becomes operational in a host cell, it then generates messenger RNA (mRNA) molecules that direct the synthesis of viral proteins. Production of mRNA is initiated by proteins known as transcription factors. Several antivirals are now being designed to block attachment of transcription factors to viral DNA.","ఆతిథేయ కణంలో వైరస్ జన్యువు పని చేయడం మొదలుపెట్టాక, అది వైరల్ ప్రోటీన్ల సృష్టిని నిర్దేశించే మెసెంజర్ ఆర్ఎన్ఎ (ఎంఆర్ఎన్ఎ) అణువులను ఉత్పత్తి చేస్తుంది."
"Otherwise, being very elastic, it may return to its normal position. Additionally, the hymen may be lacerated by disease, injury, medical examination, masturbation or physical exercise. For these reasons, virginity cannot be definitively determined by examining the hymen.",ఈ కారణాల వలన కన్నెపొరను పరీక్షించడం ద్వారా కన్యత్వాన్ని ఖచ్చితంగా నిర్ణయించడం సాధ్యం కాదు.
"Personality disorders are associated with considerable stigma in popular and clinical discourse alike. Despite various methodological schemas designed to categorize personality disorders, many issues occur with classifying a personality disorder because the theory and diagnosis of such disorders occur within prevailing cultural expectations; thus, their validity is contested by some experts on the basis of inevitable subjectivity. They argue that the theory and diagnosis of personality disorders are based strictly on social, or even sociopolitical and economic considerations.",వ్యక్తిత్వ రుగ్మతల తాలూకు సిద్ధాంతం మరియు రోగ నిర్ధారణ అనేవి ఖచ్చితంగా సాంఘిక లేదా సామాజిక-రాజకీయ మరియు ఆర్థిక పరిగణనల మీద సహితం ఆధారపడి ఉంటాయని వారు వాదిస్తారు.
"Socioeconomic status (SES) has been viewed as a risk factor for eating disorders, presuming that possessing more resources allows for an individual to actively choose to diet and reduce body weight. Some studies have also shown a relationship between increasing body dissatisfaction with increasing SES. However, once high socioeconomic status has been achieved, this relationship weakens and, in some cases, no longer exists.","పెరిగే శారీరక అసంతృప్తి, ఇంకా పెరిగే ఎస్ఇఎస్ మధ్య సంబంధం ఉన్నట్లు కూడా కొన్ని అధ్యయనాలు చూపించాయి."
"The 2009 swine flu pandemic vaccines were influenza vaccines developed to protect against the pandemic H1N1/09 virus. These vaccines either contained inactivated (killed) influenza virus, or weakened live virus that could not cause influenza. The killed virus was injected, while the live virus was given as a nasal spray.",ఈ టీకాలలో నిష్క్రియం చేయబడిన (చంపబడిన) ఇన్‌ఫ్లుఎంజా వైరస్ లేదా ఇన్‌ఫ్లుఎంజాను కలుగజేయలేని బలహీనపరచిన సజీవ వైరస్ ఉండేవి.
"The Africa CDC has played a role in responding to the global 201920 COVID-19 pandemic, which has affected Africa. In early April 2020, Director Dr John Nkengasong condemned remarks by two French scientists Professors, Jean-Paul Mira and Camille Locht suggesting that a potential tuberculosis vaccine for the coronavirus be test in Africa as ""disgusting and racist"". Dr Mira has since apologized for his remarks.","2020 ఏప్రిల్ మొదట్లో, ఇద్దరు ఫ్రెంచ్ శాస్త్రవేత్తలైన ప్రొఫెసర్లు జీన్-పాల్ మీరా, కామిల్ లోచ్ట్, క్షయపై పనిచేయగల ఒక టీకాని ఆఫ్రికాలో కరోనావైరస్ కోసం పరీక్షించాలని సూచిస్తూ చేసిన వ్యాఖ్యలను డైరెక్టర్ డాక్టర్. జాన్ కెన్‌గాసోంగ్ , ""జుగుప్సాకరమైనవి మరియు జాత్యహంకారమైనవి"" గా ఖండించారు."
"The Africa CDC is based at the Africa CDC Coordinating Centre in Addis Ababa, Ethiopia, which also contains the agency's Emergency Operations Centre. The agency is led by Director Dr John Nkengasong and Deputy Director Ahmed Ogwell Ouma. Besides its Executive Office and a Science and Programme Office, the agency also has several divisions dealing with ""policy, health diplomacy, and communication,"" ""management and administration,"" ""surveillance and disease intelligence,"" ""laboratory systems and networks,"" ""emergency preparedness and response,"" and "" public health institutes and research.""","దాని కార్యనిర్వాహక కార్యాలయం మరియు ఒక సైన్స్ అండ్ ప్రోగ్రామ్ కార్యాలయంతో పాటు, ""విధానం, ఆరోగ్య దౌత్యం మరియు సమాచార మార్పిడి,"" ""నిర్వహణ మరియు పరిపాలన,"" ""పర్యవేక్షణ మరియు వ్యాధి సమాచారం,"" ""ప్రయోగశాల వ్యవస్థలు మరియు నెట్‌వర్క్‌లు,"" ""అత్యవసర పరిస్థితికి సంసిద్ధత మరియు ప్రతిస్పందన,"" మరియు ""ప్రజారోగ్య సంస్థలు మరియు పరిశోధన"" వంటి వాటిని నిర్వహించే అనేక విభాగాలు ఆ సంస్థలో ఉన్నాయి."
"The Africa CDC is based at the Africa CDC Coordinating Centre in Addis Ababa, Ethiopia, which also contains the agency's Emergency Operations Centre. The agency is led by Director Dr John Nkengasong and Deputy Director Ahmed Ogwell Ouma. Besides its Executive Office and a Science and Programme Office, the agency also has several divisions dealing with ""policy, health diplomacy, and communication,"" ""management and administration,"" ""surveillance and disease intelligence,"" ""laboratory systems and networks,"" ""emergency preparedness and response,"" and "" public health institutes and research.""","ఆఫ్రికా సిడిసి ఇథియోపియాలోని అడ్డిస్ అబాబాలోని ఆఫ్రికా సిడిసి కోఆర్డినేటింగ్ సెంటర్‌లో ఆధారితమై ఉంది, ఇందులోనే ఈ ఏజెన్సీ యొక్క అత్యవసర కార్యకలాపాల కేంద్రం కూడా ఉంది."
"The NCD Alliance is a global partnership founded in May 2009 by four international federations representing cardiovascular disease, diabetes, cancer, and chronic respiratory disease. The NCD Alliance brings together roughly 900 national member associations to fight non-communicable disease. Long-term aims of the Alliance include:",ఎన్‌సిడి కూటమి అంటుకోని వ్యాధులతో పోరాడటానికి దాదాపు 900 జాతీయ సభ్య సంఘాలను కలుపుతుంది.
"The gastrointestinal tract (GI tract, digestive tract, alimentary canal) is the tract or passageway of the digestive system that leads from the mouth to the anus. The GI tract contains all the major organs of the digestive system, in humans and other animals, including the esophagus, stomach, and intestines. Food taken in through the mouth is digested to extract nutrients and absorb energy, and the waste expelled at the anus as feces.","మానవులలో ఇంకా మిగతా జంతువులలో జీర్ణ నాళం, అన్నవాహిక, కడుపు, ప్రేగులతో సహా జీర్ణ వ్యవస్థలోని అన్ని ప్రధాన అవయవాలను కలిగి ఉంటుంది."
"The gastrointestinal tract (GI tract, digestive tract, alimentary canal) is the tract or passageway of the digestive system that leads from the mouth to the anus. The GI tract contains all the major organs of the digestive system, in humans and other animals, including the esophagus, stomach, and intestines. Food taken in through the mouth is digested to extract nutrients and absorb energy, and the waste expelled at the anus as feces.","జీర్ణ వాహిక (జిఐ ట్రాక్ట్, జీర్ణాశయం, ఆహార నాళం) అనేది నోటి నుండి మలద్వారం వరకు ఉండే జీర్ణాశయ వ్యవస్థ యొక్క వాహిక లేదా మార్గం."
"There are additional factors contributing to protection from pathogen invasion. For example, low pH (ranging from 1 to 4) of the stomach is fatal for many microorganisms that enter it. Similarly, mucus (containing IgA antibodies) neutralizes many pathogenic microorganisms.","ఉదాహరణకు, ఉదరంలో ఉండే తక్కువ పిహెచ్ (1 నుండి 4 వరకు స్థాయిలలో), దాన్లోకి ప్రవేశించే అనేక సూక్ష్మక్రిములకు ప్రాణాంతకమైనది."
"Treatment for personality disorders is primarily psychotherapeutic. Evidence-based psychotherapies for personality disorders include cognitive behavioral therapy, and dialectical behavior therapy especially for borderline personality disorder. A variety of psychoanalytic approaches are also used.","వ్యక్తిత్వ రుగ్మతలు, ముఖ్యంగా రోగలక్షణము తెలియరాని వ్యక్తిత్వ రుగ్మత కోసం ఉద్దేశించబడిన రుజువు-ఆధారిత మానసిక చికిత్సలలో అభిజ్ఞా ప్రవర్తనా చికిత్స, తార్కిక ప్రవర్తనా చికిత్స ఉన్నాయి."
"WHO described increasing capacity and adapting healthcare as a fundamental mitigation. The ECDC and WHO's European regional office issued guidelines for hospitals and primary healthcare services for shifting resources at multiple levels, including focusing laboratory services towards testing, cancelling elective procedures, separating and isolating patients, and increasing intensive care capabilities by training personnel and increasing ventilators and beds. The pandemic drove widespread adoption of telehealth.","ప్రయోగశాల సేవలను పరీక్ష దిశగా కేంద్రీకరించడం, ఐచ్ఛిక ప్రక్రియలను రద్దు చేయడం, రోగులను వేరు చేసి, ఒంటరిగా ఉంచడం, సిబ్బందికి శిక్షణ ఇవ్వడం మరియు వెంటిలేటర్లు, పడకలను పెంచడం ద్వారా ఇంటెన్సివ్ కేర్ సామర్థ్యాలను పెంచడం వంటి వాటితో సహా వనరులను బహుళ స్థాయిలలో బదిలీ చేయడానికి ఇసిడిసి మరియు డబ్ల్యూహెచ్ఒ యూరోపియన్ ప్రాంతీయ కార్యాలయం ఆసుపత్రులకు మరియు ప్రాథమిక ఆరోగ్య సంరక్షణ సేవలకు మార్గదర్శకాలను జారీ చేసింది."
"serious health problems often result from physical, emotional, and sexual forms of domestic violence. physical health outcomes include: injury (from lacerations to fractures and internal organs injury), unwanted pregnancy, gynaecological problems, stds including hiv, miscarriage, pelvic inflammatory disease, chronic pelvic pain, headaches, permanent disabilities, asthma, irritable bowel syndrome, self-injurious behaviours (smoking, unprotected sex) mental health effects can include depression, fear, anxiety, low self-esteem, sexual dysfunction, eating disorders, obsessive-compulsive disorder, or post traumatic stress disorder. fatal effects can include suicide, homicide, maternal mortality, or hiv/aids.","శారీరక ఆరోగ్య ఫలితాలలో గాయాలు (ఎముకలు విరుగుట కారణంగా ఏర్పడిన కోతలు మరియు అంతర్గత అవయవాల గాయాలు), అవాంఛిత గర్భధారణ, స్త్రీ జననేంద్రియ సమస్యలు, హెచ్ఐవితో సహా ఎస్‌టిడిలు, గర్భస్రావం, కటి వాపు వ్యాధి, దీర్ఘకాలిక కటి నొప్పి, తలనొప్పులు, శాశ్వత వైకల్యాలు, ఉబ్బసం, ఇరిటబుల్ బోవెల్ సిండ్రోమ్, స్వీయ-హాని కలిగించే ప్రవర్తనలు (ధూమపానం, అసురక్షిత శృంగారం) వంటివి ఉంటాయి; మానసిక ఆరోగ్య ప్రభావాలలో నిస్పృహ, భయం, ఆందోళన, ఆత్మ న్యూనత, లైంగిక అసమర్థత, ఆహారం తీసుకోవడంలో రుగ్మతలు, అబ్సెసివ్-కంపల్సివ్ డిజార్డర్, లేదా పోస్ట్ ట్రామాటిక్ స్ట్రెస్ డిజార్డర్ వంటివి ఉండొచ్చు."
"A 2009 Cochrane review concluded that thiazide antihypertensive drugs reduce the risk of death (RR 0.89), stroke (RR 0.63), coronary heart disease (RR 0.84), and cardiovascular events (RR 0.70) in people with high blood pressure. In the ensuring years other classes of antihypertensive drug were developed and found wide acceptance in combination therapy, including loop diuretics (Lasix/furosemide, Hoechst Pharmaceuticals, 1963), beta blockers (ICI Pharmaceuticals, 1964) ACE inhibitors, and angiotensin receptor blockers. ACE inhibitors reduce the risk of new onset kidney disease [RR 0.71] and death [RR 0.84] in diabetic patients, irrespective of whether they have hypertension.","తరువాతి సంవత్సరాలలో, రక్తపోటును తగ్గించే మందులో ఇతర వర్గాలు, లూప్ డైయూరిటిక్స్ (లాసిక్స్/ఫ్యూరోసెమైడ్, హోచ్స్ట్ ఫార్మాస్యూటికల్స్, 1963), బీటా-బ్లాకర్స్ (ఐసిఐ ఫార్మాస్యూటికల్స్, 1964) ఎ.సి.ఇ ఇన్హిబిటర్స్, యాంజియోటెన్సిన్ రిసెప్టర్ బ్లాకర్స్‌తో సహా, అభివృద్ధి చేయబడి, సంయోగ చికిత్సలో మంచి ఆదరణ పొందాయి."
"A total of 48,675 hectares (120,280 acres) of land is used for agriculture purposes. Paddy, the main food crop, is mostly cultivated in Andaman group of islands, whereas coconut and arecanut are the cash crops of Nicobar group of islands. Field crops, namely, pulses, oilseeds and vegetables are grown, followed by paddy during Rabi season.","ప్రధాన ఆహార పంట అయిన వరి అండమాన్ దీవుల సమూహంలో ఎక్కువగా సాగు చేయబడుతుండగా, కొబ్బరి, పోక చెట్లు నికోబార్ దీవుల సమూహంలోని వాణిజ్య పంటలు."
"ATI entered the mobile computing sector by introducing 3D-graphics acceleration to laptops in 1996. The Mobility product line had to meet requirements different from those of desktop PCs, such as minimized power usage, reduced heat output, TMDS output capabilities for laptop screens, and maximized integration. In 1997, ATI acquired Tseng Labs's graphics assets, which included 40 engineers.",1996లో ల్యాప్‌టాప్‌లకు 3డి-గ్రాఫిక్స్ యాక్సిలరేషన్‌ను ప్రవేశ పెట్టడం ద్వారా ఎటిఐ మొబైల్ కంప్యూటింగ్ రంగంలోకి ప్రవేశించింది.
According to Greenpeace the largest coal belt in India is at Jharia. Before coal mining Jharia had forests inhabited by tribes. In 1971 the coal mines were nationalised.,"బొగ్గు తవ్వకాల ముందు, ఝరియాలో గిరిజనులు నివసిస్తుండే అడవులు ఉండేవి."
"An international cargo hub project, the Multi-modal International Cargo Hub and Airport at Nagpur, (MIHAN), has been developed. MIHAN will be used for handling heavy cargo coming from South-East Asia and Middle-East Asia. The project will also include a 100 billion (US$1.3billion) Special Economic Zone (SEZ) for information-technology companies.",నాగపూర్‌లో మల్టీ-మోడల్ ఇంటర్నేషనల్ కార్గో హబ్ అండ్ ఎయిర్‌పోర్ట్ (మిహాన్) అనే ఒక అంతర్జాతీయ సరుకు రవాణా కేంద్ర వ్యవస్థ అభివృద్ధి చేయబడింది.
"Ashok Leyland Defence Systems Ltd. (ALDS) also leverages Ashok Leyland's in-house R&D base, its collaboration with global technology leaders and Ashok Leyland's state-of-the-art plants in India. Ashok Leyland Defence Systems Ltd.","అశోక్ లేల్యాండ్ డిఫెన్స్ సిస్టమ్స్ లిమిటెడ్ (ఎఎల్‌డిఎస్) అనేది అశోక్ లేల్యాండ్ తాలూకు సంస్థాంతర్గత ఆర్&డి స్థావరాన్ని, అంతర్జాతీయ టెక్నాలజీ దిగ్గజాలతో దాని సహయోగాన్ని, అలాగే భారతదేశంలోని అశోక్ లేల్యాండ్ తాలూకు అత్యాధునిక ప్లాంట్‌లను కూడా సమీకరిస్తుంది."
"At SID's Display Week 2019 in May, Tianma and PlayNitride demonstrated their co-developed 7.56-inch (19.2cm) microLED display with over 60% transparency. China Star Optoelectronics Technology (CSoT) demonstrated a 3.3-inch (8.4cm) transparent microLED display with around 45% transparency, also co-developed with PlayNitride. Plessey Semiconductors Ltd demonstrated a monolithic monochrome blue GaN-on-silicon wafer bonded to a Jasper Display CMOS backplane 0.7-inch (18mm) active-matrix microLED display with an 8m pixel pitch.",ప్లెసీ సెమీకండక్టర్స్ లిమిటెడ్ 8మీ పిక్సెల్ పిచ్ గల జాస్పర్ డిస్ప్లే సిఎంఒఎస్ బ్యాక్‌ప్లేన్ 0.7-అంగుళాల (18 మిమీ) ఆక్టివ్-మాట్రిక్స్ మైక్రోఎల్‌ఈడీ డిస్ప్లే తో బాండ్ చేయబడిన మోనోలిథిక్ మోనోక్రోమ్ బ్లూ జిఎఎన్-ఆన్-సిలికాన్ వేఫర్‌ను ప్రదర్శించింది.
"Bangalore's rapid growth has created several administrative problems relating to traffic congestion and degrading infrastructure. The unplanned nature of growth in the city resulted in massive traffic gridlocks; a flyover system and one-way traffic systems were introduced, which were only moderately successful. A 2003Battelle Environmental Evaluation System (BEES) evaluation of Bangalore's physical, biological and socioeconomic parameters indicated that Bangalore's water quality and terrestrial and aquatic ecosystems were close to ideal, while the city's socioeconomic parameters (traffic, quality of life) air quality and noise pollution were poor.","నగరంలో అభివృద్ధి యొక్క నియమరహిత స్వభావం భారీ ట్రాఫిక్ ప్రతిష్ఠంభనలకు దారితీసింది; ఒక ఫ్లైఓవర్ వ్యవస్థను మరియు ఏక-దిశ ట్రాఫిక్ వ్యవస్థలను ప్రవేశపెట్టారు, అవి మోస్తరుగా మాత్రమే విజయవంతమయ్యాయి."
"Constraints imposed by time zones can complicate communication; near-sourcing or nearshoring offers a solution. English language skills are the cornerstone of Nearshore and IT services. Collaboration by universities, industry, and government has slowly produced improvements.",నియర్‌షోర్ మరియు ఐటి సేవలకు ఆంగ్ల భాషా నైపుణ్యం మూలస్తంభం.
"Counter Measures Dispensing System (CMDS) is chaff and flare dispensing system. CMDS is an airborne defensive system providing self-protection to the aircraft by passive ECM against radar guided & IR seeking, air & ground launched missiles. Protection to the aircraft is achieved by misguiding the missiles by dispensing of chaff and/or flare payloads.","సిఎండిఎస్ అనేది వాయుమార్గ రక్షణ వ్యవస్థ, ఇది రాడార్‌చే నిర్దేశిత, ఐఆర్‌ని శోధించే, గాలిలో మరియు నేల మీద నుండి ప్రయోగించే క్షిపణుల నుండి విమానానికి క్రియారహిత ఇసిఎంతో స్వీయ-రక్షణను అందిస్తుంది."
"Egypt produced 691,000bbl/d of oil and 2,141.05Tcf of natural gas in 2013, making the country the largest non-OPEC producer of oil and the second-largest dry natural gas producer in Africa. In 2013, Egypt was the largest consumer of oil and natural gas in Africa, as more than 20% of total oil consumption and more than 40% of total dry natural gas consumption in Africa. Also, Egypt possesses the largest oil refinery capacity in Africa 726,000bbl/d (in 2012).","2013లో ఆఫ్రికా మొత్తంలో చమురు వినియోగంలో 20% పైగా వినియోగంతో, పొడి సహజ వాయువు వినియోగంలో 40% పైగా వినియోగంతో ఆఫ్రికాలో చమురు, సహజ వాయువు యొక్క అతిపెద్ద వినియోగదారుగా ఈజిప్ట్ ఉండింది."
"Following a merger process, the merger of the 5 remaining associate banks, (viz. State Bank of Bikaner and Jaipur, State Bank of Hyderabad, State Bank of Mysore, State Bank of Patiala, State Bank of Travancore); and the Bharatiya Mahila Bank) with the SBI was given an in-principle approval by the Union Cabinet on 15 June 2016. This came a month after the SBI board had, on 17 May 2016, cleared a proposal to merge its five associate banks and Bharatiya Mahila Bank with itself.","ఒక విలీన ప్రక్రియను అనుసరించి, మిగిలిన 5 అనుబంధ బ్యాంకులు (అనగా స్టేట్ బ్యాంక్ ఆఫ్ బికనేర్ అండ్ జైపూర్, స్టేట్ బ్యాంక్ ఆఫ్ హైదరాబాద్, స్టేట్ బ్యాంక్ ఆఫ్ మైసూర్, స్టేట్ బ్యాంక్ ఆఫ్ పాటియాలా,మరియు స్టేట్ బ్యాంక్ ఆఫ్ ట్రావెన్‌కోర్)ను మరియు భారతీయ మహిళా బ్యాంక్‌ను ఎస్‌బిఐతో విలీనం చేయడానికి 2016 జూన్ 15న కేంద్ర క్యాబినెట్ సూత్రప్రాయంగా ఆమోదం తెలిపింది."
"GAIL is also an equity partner in two retail gas companies in Egypt, namely Fayum Gas Company (FGC) and National Gas Company (Natgas). Besides, GAIL is an equity partner in a retail gas company involved in city gas and CNG business in China China Gas Holdings Limited (China Gas). Further, GAIL and China Gas have formed an equally owned joint venture company GAIL China Gas Global Energy Holdings Limited for pursuing gas sector opportunities primarily in China.","అలాగే గెయిల్ ఈజిప్ట్‌లోని రెండు రిటైల్ గ్యాస్ కంపెనీలు, ఫాయుం గ్యాస్ కంపెనీ (ఎఫ్‌జిసి) మరియు నేషనల్ గ్యాస్ కంపెనీ (నాట్‌గ్యాస్) లలో కూడా యాజమాన్య వాటాదారు భాగస్వామి."
"In 1824, Hamilton was introduced at Edgeworthstown to the novelist Maria Edgeworth, by the Rev. Richard Butler, the vicar of Trim, County Meath to whom his uncle James Hamilton was curate.:5,34 During the same period, his uncle introduced him to the Disney family at Summerhill, County Meath. The Disney sons attended Trinity College, and Hamilton had friends among them. At Summerhill, he met Catherine Disney, their sister.:37","1824లో హామిల్టన్‌ను, ఎడ్జ్‌వర్త్స్‌టౌన్‌లో నవలా రచయిత్రి మరియా ఎడ్జ్‌వర్త్స్‌కు మీత్ కౌంటీలోని ట్రిమ్‌కు చెందిన మతగురువైన రెవ.రిచర్డ్ బట్లర్ పరిచయం చేసారు, ఈయనకి ఆయన తండ్రికి సోదరుడైన జేమ్స్ హామిల్టన్‌ సహాయకుడిగా పనిచేసాడు."
"In India, the first pharmaceutical company set up was Bengal Chemicals and Pharmaceutical. Bengal Chemicals and Pharmaceutical was set up by P.C Ray, professor of chemistry at Calcutta University. After 9 years of settlement of this company, one more company called Alembic Chemical works at Baroda (Now as Vadodara) in Gujarat was set up.",బెంగాల్ కెమికల్స్ అండ్ ఫర్మాస్యూటికల్స్‌ను కలకత్తా విశ్వవిద్యాలయంలో రసాయనశాస్త్ర ప్రొఫెసర్ అయిన పి.సి. రే ఏర్పాటు చేసారు.
"In March 1953, the Indian Parliament passed the Air Corporations Act. India's airline industry was nationalised and the eight domestic airlines operating independently at that time Deccan Airways, Airways India, Bharat Airways, Himalayan Aviation, Kalinga Airlines, Indian National Airways, Air India and Air Services of India were merged into two government-owned entities. Indian Airlines focussed on domestic routes and Air India International on international services. The International Airports Authority of India (IAAI) was constituted in 1972 while the National Airports Authority was constituted in 1986.",ఇండియన్ ఎయిర్‌లైన్స్ దేశీయ మార్గాల మీద మరియు ఎయిర్ ఇండియా ఇంటర్నేషనల్ అంతర్జాతీయ సేవల మీద దృష్టి పెట్టాయి.
"In other cases the helicopter has been used solely for sensing and rocket delivered torpedoes used as the weapon. Surface ships continue to be an important ASW platform because of their endurance, now having towed array sonars. Submarines are the main ASW platform because of their ability to change depth and their quietness, which aids detection.","మిగతా సందర్భాలలో, హెలికాప్టర్‌ను కేవలం అవగాహన కోసం ఉపయోగించి, రాకెట్ ద్వారా పంపబడే టార్పెడోలను ఆయుధంగా ఉపయోగించారు."
"In the 1980s the Spanish firm Esperanza y Cia developed a 120mm caliber mortar bomb which contained 21 anti-armor submunitions. What made the 120mm ""Espin"" unique was the electrical impact fusing system which totally eliminated dangerous duds. The system operates on a capacitor in each submunition which is charged by a wind generator in the nose of the projectile after being fired.","1980లలో, స్పానిష్ సంస్థ అయిన ఎస్పెరాన్జా వై సియా 21 యాంటీ-ఆర్మర్ సబ్‌మ్యూనిషన్‌లు కల ఒక 120-మిమీ మోర్టార్ బాంబును రూపొందించింది."
"India's geothermal energy installed capacity is experimental, and commercial use is insignificant. According to some estimates, India has 10,600 MW of geothermal energy available. The resource map for India has been grouped into six geothermal provinces:","కొన్ని అంచనాల ప్రకారం, భారతదేశంలో 10,600 ఎండబ్ల్యూల భూఉష్ణశక్తి అందుబాటులో ఉంది."
"NRE Accounts are repatriable. Credits permitted to NRE account are inward remittance from outside India, interest accruing on the account, interest on investment, transfer from other NRE/ FCNR(B) accounts, maturity proceeds of investments (if such investments were made from this account or through inward remittance). Inward remittances from outside India, legitimate dues in India and transfers from other NRO accounts are permissible credits to NRO account.","భారతదేశం వెలుపలి నుండి లోపలికి వచ్చే చెల్లింపులు, భారతదేశంలోని చట్టబద్ధమైన బకాయిలు, మరియు ఇతర ఎన్ఆర్ఒ ఖాతాల నుండి చేసే బదిలీలు, ఎన్ఆర్ఒ ఖాతాలకు అనుమతించబడే జమలు."
"Nashik has a textile industry. National Bank for Agriculture and Rural Development has selected Yeola Block for development of Paithani Cluster. To facilitate exports, a container freight station was started at MIDC Ambad by the Central Government.","ఎగుమతులను సులభతరం చేయడానికి, అంబాడ్ ఎంఐడిసి వద్ద కేంద్ర ప్రభుత్వం ఒక కంటైనర్ సరుకు కేంద్రాన్ని ప్రారంభించింది."
"On 8 August 1984 a patent, US4575330, assigned to UVP, Inc., later assigned to Chuck Hull of 3D Systems Corporation was filed, his own patent for a stereolithography fabrication system, in which individual laminae or layers are added by curing photopolymers with impinging radiation, particle bombardment, chemical reaction or just ultraviolet light lasers. Hull defined the process as a ""system for generating three-dimensional objects by creating a cross-sectional pattern of the object to be formed,"". Hull's contribution was the STL (Stereolithography) file format and the digital slicing and infill strategies common to many processes today.","1984 ఆగష్టు 8న స్టీరియో లితోగ్రఫి ఫాబ్రికేషన్ సిస్టమ్ కోసం యు.వి.పి, ఇంక్‌కు, ఆ తర్వాత 3డి సిస్టమ్స్‌కు చెందిన చక్ హల్ కు కేటాయించిబడిన యూ.ఎస్. 4575330 అనే పేటెంట్ ఫైల్ చేయబడింది, అందులో అవరోధాలను దాటే రేడియేషన్, నిరంతర అణు దాడి, రసాయన ప్రతిచర్య లేదా కేవలం అతినీలలోహిత కాంతి లేజర్‌లతో ఫోటోపాలిమర్‌లను మెరుగుపరచడం ద్వారా విడి రేకులు లేదా పొరలు జోడించబడతాయి."
"Other major industries include the manufacturing of scientific instruments, agricultural goods, electrical goods, machine tools, textiles, sewing machines, sports goods, starch, fertilisers, bicycles, garments, and the processing of pine oil and sugar. Minerals and energy resources also contribute to Punjab's economy to a much lesser extent. Punjab has the largest number of steel rolling mill plants in India, which are in ""Steel Town""Mandi Gobindgarh in the Fatehgarh Sahib district.","ఇతర ప్రధాన పరిశ్రమలలో శాస్త్రీయ పరికరాలు, వ్యవసాయ సామాగ్రి, ఎలక్ట్రికల్ సామాగ్రి, యంత్ర సామాగ్రి, వస్త్రాలు, కుట్టు మెషీన్లు, క్రీడా పరికరాలు, పిండి పదార్థం, ఎరువులు, సైకిళ్ళు, దుస్తులు, పైన్ నూనె, పంచదార ప్రరావర్తనాలు ఉంటాయి."
Power efficiency is another important measurement in modern computers. A higher power efficiency can often be traded for lower speed or higher cost. The typical measurement when referring to power consumption in computer architecture is MIPS/W (millions of instructions per second per watt).,కంప్యూటర్ నిర్మాణానికి సంబంధించి విద్యుత్ వినియోగాన్ని సూచించేటప్పుడు ఉపయోగించే సాధారణ కొలమానం ఎంఐపిఎస్/డబ్ల్యూ (ప్రతి వాట్‌కు ప్రతి క్షణానికి మిలియన్ల ఆదేశాలు)‌.
"Research Centre Imarat (RCI) and Terminal Ballistics Research Laboratory (TBRL) developed product called Aerosol Containment Box for enclosure of intubation procedure made with Poly(methyl methacrylate). It is cubical in shape designed for both adults and minors that covers the COVID-19 infected patients during medical examination and treatment from head to chest to stop the transmission of droplets containing the virus to others. Employees' State Insurance Corporation Medical College, Hyderabad helped RCI in prototype development while Postgraduate Institute of Medical Education and Research helped in testing, validation and acceptance of product for medical use.","ఆర్‌సిఐకు,హైదరాబాదులోని ఉద్యోగుల స్టేట్ ఇన్స్యూరెన్స్ కార్పొరేషన్ మెడికల్ కాలేజీ ప్రోటోటైప్ రూపకల్పనలో సహాయం చేయగా, పోస్ట్‌గ్రాడ్యుయేట్ ఇన్స్టిట్యూట్ ఆఫ్ మెడికల్ ఎడ్యుకేషన్ అండ్ రీసెర్చ్ వైద్య వినియోగం కోసం ఉత్పత్తులను పరీక్షించడం, ధృవీకరించడం మరియు ఆమోదంలో సహాయం చేసింది."
"Strange and exotic weapons are a recurring feature or theme in science fiction. In some cases, weapons first introduced in science fiction have now been made a reality. Other science fiction weapons remain purely fictional, and are often beyond the realms of known physical possibility.","కొన్ని సందర్భాలలో, వైజ్ఞానిక కల్పిత కధలలో మొదట పరిచయం చేయబడిన ఆయుధాలు ఇప్పుడు నిజం చేయబడ్డాయి."
"Tamil Nadu is facing largest power shortage since 2009 (34.1% deficit), the highest in the country, due to industrialization over the last decade. India's leading steel producer SAIL has a steel plant in Salem, Tamil Nadu. Tamil Nadu ranks first nationwide in diesel-based thermal electricity generation with national market share of over 34%.",భారతదేశపు ప్రధాన ఉక్కు ఉత్పత్తిదారు అయిన సెయిల్‌కు తమిళనాడులోని సేలంలో ఒక ఉక్కు ప్లాంట్ ఉంది.
"Tantalum electrolytic capacitors with PPy polymer electrolyte cathode followed three years later. In 1993 NEC introduced its SMD polymer Ta-e-caps called ""NeoCap"". In 1997 Sanyo followed with the ""POSCAP"" polymer tantalum chips.","1997లో సాన్యో ""పిఒఎస్‌సిఎపి"" పాలిమర్ టాంటలుం చిప్స్‌తో అనుసరించింది."
"The cockpit of an aircraft is a typical location for avionic equipment, including control, monitoring, communication, navigation, weather, and anti-collision systems. The majority of aircraft power their avionics using 14- or 28volt DC electrical systems; however, larger, more sophisticated aircraft (such as airliners or military combat aircraft) have AC systems operating at 400Hz, 115 volts AC. There are several major vendors of flight avionics, including The Boeing Company, Panasonic Avionics Corporation, Honeywell (which now owns Bendix/King), Universal Avionics Systems Corporation, Rockwell Collins (now Collins Aerospace), Thales Group, GE Aviation Systems, Garmin, Raytheon, Parker Hannifin, UTC Aerospace Systems (now Collins Aerospace), Selex ES (now Leonardo S.p.A.), Shadin Avionics, and Avidyne Corporation.","నియంత్రణ, పర్యవేక్షణ, సమాచార మార్పిడి, గమనం, వాతావరణం మరియు తాకిడి నిరోధక వ్యవస్థలతో సహా వైమానిక పరికరాలు ఉండే విలక్షణ ప్రదేశం విమానపు కాక్‌పిట్."
"The development will be adjacent to the Larvotto district and also will include a small marina. There were four main proposals, and the final mix of use will be finalised as the development progresses. The name for the new district is Anse du Portier.","నాలుగు ప్రధాన ప్రతిపాదనలు ఉండినవి, అభివృద్ధి పురోగమిస్తూ ఉన్న కొద్దీ ఉపయోగాల తుది మిశ్రమాన్ని ఖరారు చేస్తారు."
"The financial services industry contributed $809billion (37% of GDP) and employed 1.4 crore (14.17million) people (3% of the workforce) in 2016, and the banking sector contributed $407billion (19% of GDP) and employed 55 lakh (5.5million) people (1% of the workforce) in 2016. The Indian money market is classified into the organised sector, comprising private, public and foreign-owned commercial banks and cooperative banks, together known as 'scheduled banks'; and the unorganised sector, which includes individual or family-owned indigenous bankers or money lenders and non-banking financial companies. The unorganised sector and microcredit are preferred over traditional banks in rural and sub-urban areas, especially for non-productive purposes such as short-term loans for ceremonies.","భారతీయ ద్రవ్య మార్కెట్‌ను ప్రైవేటు, పబ్లిక్, మరియు విదేశీ యాజమాన్య వాణిజ్య బ్యాంకులు, సహకార బ్యాంకులతో కలిపి ""షెడ్యూల్డ్ బ్యాంకులు"" అని పిలవబడే సంఘటిత రంగంగా, మరియు వ్యక్తిగత లేదా కుటుంబ-యాజమాన్య దేశీయ బ్యాంకర్లు లేదా అప్పులిచ్చేవారు మరియు బ్యాంకింగేతర ఆర్థిక సంస్థలతో కూడిన అసంఘటిత రంగంగా వర్గీకరించబడింది."
"The first interconnection of regional grids was established in October 1991 when the North Eastern and Eastern grids were interconnected. The Western Grid was interconnected with these grids in March 2003. The Northern grid was also interconnected in August 2006, forming a Central Grid that was synchronously connected and operating at one frequency.","2006 ఆగష్టులో ఉత్తర గ్రిడ్‌ను కూడా అనుసంధానించి ఒక సెంట్రల్ గ్రిడ్‌ను ఏర్పాటు చేసారు, అది సమకాలికంగా అనుసంధానించబడి, ఒక పౌనఃపున్యంలో పనిచేసేది."
"The first interconnection of regional grids was established in October 1991 when the North Eastern and Eastern grids were interconnected. The Western Grid was interconnected with these grids in March 2003. The Northern grid was also interconnected in August 2006, forming a Central Grid that was synchronously connected and operating at one frequency.","ఈశాన్య మరియు తూర్పు గ్రిడ్‌లను పరస్పరం అనుసంధానించినప్పుడు, 1991 అక్టోబరులో ప్రాంతీయ గ్రిడ్‌ల మధ్య మొదటి పరస్పర అనుసంధానం ఏర్పరచబడింది."
"The retail prices of petrol and diesel are high enough in India to make electricity driven vehicles relatively economical. The retail price of diesel was 101.00 Rs/litre in 202122, and the retail price of petrol was 110.00 Rs/litre. The affordable retail electricity price to replace diesel would be up to 19 Rs/Kwh (860 Kcal/Kwh at 75% input electricity to shaft power efficiency versus diesel's net calorific value of 8572 Kcal/liter at 40% fuel energy to crankshaft power efficiency), and the comparable number to replace petrol would be up to 28 Rs/Kwh (860 Kcal/Kwh at 75% input electricity to shaft power efficiency versus petrol's net calorific value at 7693 Kcal/litre at 33% fuel energy to crankshaft power efficiency).","డీజిల్ స్థానంలో విద్యుత్తుని ఉపయోగించటానికి సరసమైన రిటైల్ విద్యుత్ ధర 19 రూ/కిలోవాట్ వరకు ఉంటుంది (క్రాంక్‌షాఫ్ట్ శక్తి సామర్థ్యాన్ని ప్రేరేపించేందుకు 40% ఇంధన శక్తినిచ్చే డీజిల్ నికర తాపజనక విలువ అయిన 8572 కిలోకాల్/లీటరుకు ప్రతిగా క్రాంక్‌షాఫ్ట్ శక్తి సామర్థ్యాన్ని ప్రేరేపించే 75% ఉత్పాదక విద్యుచ్చక్తి విలువ 860 కిలోకాల్/కిలోవాట్-గంట), పెట్రోల్ స్థానంలో విద్యుత్తుని ఉపయోగించటానికి పోల్చదగిన సంఖ్య 28రూ/కిలోవాట్ వరకు ఉంటుంది (క్రాంక్‌షాఫ్ట్ శక్తి సామర్థ్యాన్ని ప్రేరేపించేందుకు 33% ఇంధన శక్తినిచ్చే పెట్రోల్ యొక్క నికర తాపజనక విలువ అయిన 7693 కిలోకాల్/లీటరుకు ప్రతిగా షాఫ్ట్ సామర్థ్యాన్ని ప్రేరేపించే 75% ఉత్పాదక విద్యుచ్చక్తి విలువ 860 కిలోకాల్/కిలోవాట్)."
"There are hundreds of handsets in the market and they differ by screen size and supported technologies (e.g. MMS, WAP 2.0). For color images, formats such as PNG, JPEG, GIF and BMP are typically supported, along with the monochrome WBMP format. The following gives an overview of various handset screen sizes and a recommended image size for each type.","విపణిలో వందల కొద్దీ హ్యాండ్‌సెట్‌లు ఉన్నాయి, అవి స్క్రీన్ పరిమాణం మరియు మద్దతిచ్చే సాంకేతికతలను (ఉదా. ఎంఎంఎస్, డబ్ల్యూఎపి 2.0) బట్టి భిన్నంగా ఉంటాయి."
This is a requirement of an immense magnitude. Budgetary sources cannot raise this much resources. Public Private Partnerships (PPP) approach is best suited for finding the resources.,వనరులను వెతకడం కొరకు ఒక పబ్లిక్-ప్రైవేట్ భాగస్వామ్యం (పిపిపి) విధానం ఉత్తమంగా సరిపోతుంది.
"To ensure that workers in the prioritised industries in Calcutta would be fed, the authorities seized rice stocks from wholesale dealers, breaking any trust the rice traders had in the government. ""From that moment"", the 1945 report stated, ""the ordinary trade machinery could not be relied upon to feed Calcutta. The [food security] crisis had begun"".","1945 నివేదిక ఇలా పేర్కొంది, ""ఆ క్షణం నుండి సాధారణ వాణిజ్య యంత్రాంగం కలకత్తాకు ఆహారం అందించడానికి దానిపై ఆధారపడలేనిది అయిపోయింది."""
"University printing began in Cambridge when the first practising University Printer, Thomas Thomas, set up a printing house in 1584. The first publication was a book, ""Two Treatises of the Lord His Holie Supper"". In 1591 the first Cambridge Bible was printed by John Legate and in 1629 Cambridge folio edition of the King James Bible is printed by Thomas and John Buck.","1591లో జాన్ లెగేట్ మొదటి కేంబ్రిడ్జ్ బైబిల్‌ను ప్రచురించారు, ఇంకా 1629లో థామస్ మరియు జాన్ బక్‌లు కింగ్ జేమ్స్ బైబిల్ కేంబ్రిడ్జ్ ఫోలియో ప్రతిని ప్రచురించారు."
"Wind power costs in India are decreasing rapidly. The levelised tariff of wind power reached a record low of ₹2.43 ($0.03 US) per kWh (without any direct or indirect subsidies) during auctions for wind projects in December 2017. However, the levelised tariff increased to ₹2.77 ($0.035 US) per kWh in March 2021.",2017 డిసెంబర్లో పవన ప్రాజెక్టుల వేలం సమయంలో పవన విద్యుత్ యొక్క సమం చేయబడిన సుంకం(యే ప్రత్యక్ష లేక పరోక్ష రాయితీలు లేకుండా) రికార్డు స్థాయిలో కేడబల్యూఎచ్ ₹2.43 ($0.03యుఎస్) కనిష్టానికి చేరుకుంది.
"between 1957 and 1967, aluminium one-, two-, three-, five- and ten-paise coins were introduced. in 1968 nickel-brass 20-paise coins were introduced, and replaced by aluminium coins in 1982. between 1972 and 1975, cupro-nickel replaced nickel in the 25 paise, 50 paise and the 1 rupee coins in 1982, cupro-nickel two rupee coins were introduced.","1972 నుండి 1975 మధ్య, 25 పైసలు, 50 పైసలు, 1 రూపాయి నాణేలలో నికెల్‌కు బదులు తామ్రనికెల్‌ వాడబడేది;1982లో రెండు రూపాయల తామ్రనికెల్ నాణేలను ప్రవేశపెట్టారు."
"A controversial study by social scientist Hans Dembowski concluded that PILs had been successful in making official authorities accountable to NGOs. While Dembowski also found some effect at the grassroots level, PIL cases dealing with major environmental grievances in the Kolkata urban agglomeration did not tackle underlying problems (such as inadequate town planning). Dembowsk wrote about it in his book, Taking the State to Supreme Court - Public Interest Litigation and the Public Sphere in Metropolitan India which was originally published by Oxford University Press in 2001. The publisher, however, discontinued distribution because of contempt of court proceedings initiated by the Calcutta High Court.","డెంబోవ్స్కీ దీని గురించి మొదటగా 2001లో ఆక్స్‌ఫర్డ్ యూనివర్సిటీ ప్రెస్ వారు ప్రచురించబడ్డ తన పుస్తకం ""టేకింగ్ ది స్టేట్ టు ది సుప్రీమ్ కోర్ట్: పబ్లిక్ ఇంట్రెస్ట్ లిటిగేషన్ అండ్ ది పబ్లిక్ స్పియర్ ఇన్ మెట్రోపాలిటన్ ఇండియా"" లో రాసారు."
"A protected person may not have anything done ""of such a character as to cause physical suffering or extermination... the physical suffering or extermination of protected persons in their hands. This prohibition applies to murder, torture, corporal punishments, mutilation and medical or scientific experiments not necessitated by the medical treatment.","ఒక రక్షిత వ్యక్తి పై ""శారీరిక వేదన లేదా తొలగింపు కలిగించేంత తీవ్రమైనది"" ఏమీ చేయరాదు."
"Article 28 states that even when a village is captured through war, pillaging is not allowed by any party. That is repeated in Article 47, Section III. The articles above were reaffirmed by Convention IV of the 1907 Convention.","యుద్ధం ద్వారా ఒక గ్రామం స్వాధీనపరుచుకోబడినా కూడా, యే పక్షముచేత కూడా దోపిడి అనుమతించబడదు అని నిబంధన 28 తెలియజేస్తున్నది."
"Article 8 of the Convention stresses parties' commitment to awareness raising to foster respect for rights and dignity to counter disability discrimination. Parties commit to raise disability awareness throughout society, including at the family level, to combat stereotypes, prejudices and harmful practices relating to persons with disabilities, including those aggravated by sex and age discrimination. They commit to effective public awareness campaigns to foster positive perceptions in the labour market, the media, and elsewhere.",వైకల్యం విచక్షణకు విరుద్ధంగా హక్కులు మరియు ఆత్మగౌరవం పట్ల గౌరవాన్ని పెంపొందించే వైపుగా అవగాహన కల్పించేందుకు భాగస్వాముల నిబద్ధతను కన్వెన్షన్ యొక్క నిబంధన 8 నొక్కి చెప్తుంది.
"Articles 73 to 79 of the Federal Constitution specifies the subject in which the federal and state government may legislate. Parliament has the exclusive power to make laws over matters falling under the Federal List (such as citizenship, defence, internal security, civil and criminal law, finance, trade, commerce and industry, education, labour, and tourism) whereas each State, through its Legislative Assembly, has legislative power over matters under the State List (such as land, local government, Syariah law and Syariah courts, State holidays and State public works). Parliament and State legislatures share the power to make laws over matters under the Concurrent List (such as water supplies and housing) but Article 75 provides that in the event of conflict, Federal law will prevail over State law.","కేవలం శాసన సభకు మాత్రమే సమాఖ్య జాబితా క్రిందకి వచ్చే (పౌరసత్వం, దేశరక్షణ, అంతర్గత భద్రత, పౌర మరియు దండన్యాయము, విత్తం, వాణిజ్యం, వర్తకం మరియు పరిశ్రమలు, విద్య, ఉపాధి, పర్యాటకం వంటి) విషయాలపై చట్టాలు చేసే అధికారం ఉంది, అయితే ప్రతీ రాష్ట్రానికి, దాని శాసనసభ ద్వారా రాష్ట్ర జాబితా క్రిందకి వచ్చే (భూమి, స్థానిక ప్రభుత్వం, షరియా చట్టం మరియు షరియా న్యాయస్థానాలు, రాష్ట్ర సెలవుదినాలు మరియు రాష్ట్ర ప్రజా పనులు వంటి) విషయాలపై శాసనం చేసే అధికారం ఉంది."
"Den Bosch, Sittard-Geleen, Stein and Capelle aan den IJssel issued an emergency decree for the upcoming night. Beek and Echt-Susteren will have an emergency decree until the 10th of February, which will allow the police to do stop-and-frisk without reason. Zwolle declared an emergency order, which is one step below an emergency decree in Dutch law.","ఫిబ్రవరి 10 వరకు బీక్, ఎచ్ట్-సస్టెరెన్‌లలో అత్యవసర ఉత్తర్వులు అమలులో ఉంటాయి, ఇందుచే పోలీసులకు కారణమేమీ లేకుండా ఆపి సోదా చేసేందుకు వీలు కల్పిస్తుంది."
"Each state has a Bar Council of its own whose function is to enroll the barristers willing to practise predominantly within the territorial confines of that state and to perform the functions of the Bar Council of India within the territory assigned to them. Therefore, each law degree holder must be enrolled with a (single) State Bar Council to practise in India. However, enrollment with any State Bar Council does not restrict the Barrister from appearing before any court in India, even though it is beyond the territorial jurisdiction of the State Bar Council which they are enrolled in.","అయితే, ఏ రాష్ట్ర బార్ కౌన్సిల్‌లోనైనా నమోదు చేసుకోవడం అనేది న్యాయవాది నమోదు చేసుకున్న రాష్ట్ర బార్ కౌన్సిల్ ప్రాదేశిక అధికార పరిధికి మించినప్పటికీ భారతదేశంలోని ఏ కోర్టులోనైనా హాజరుకాకుండా వారిని నియంత్రించదు."
"Egyptians had lived under emergency law from 1967 until 31 May 2012 (with one 18-month break starting in 1980). Emergency laws have been extended every three years since 1981. These laws sharply circumscribed any non-governmental political activity: street demonstrations, non-approved political organizations, and unregistered financial donations were formally banned.","ఈ చట్టాలు ఎటువంటి ప్రభుత్వేతర రాజకీయ కార్యకలాపాలకి నిర్దిష్టంగా సరిహద్దులు గీశాయి: వీధి ప్రదర్శనలు, ఆమోదించబడని రాజకీయ సంస్థలు, మరియు నమోదు కాని ఆర్థిక విరాళాలు అధికారికంగా నిషేధించబడ్డాయి."
"For various reasons, most couples who marry do so with the expectation of fidelity. Adultery is often seen as a breach of trust and of the commitment that had been made during the act of marriage. Adultery can be emotionally traumatic for both spouses and often results in divorce.",అక్రమ సంబంధాన్ని సాధారణంగా విశ్వాసం యొక్క మరియు వివాహ ప్రక్రియ సమయంలో చేసుకున్న నిబద్ధత యొక్క ఉల్లంఘనగా పరిగణిస్తారు.
"Have you carefully read the help pages and thoroughly fixed the problem? Or have you made a considered decision that the template is not, or is no longer, applicable? Great!",మీరు సహాయక పేజీలను జాగ్రత్తగా చదివి సమస్యని పూర్తిగా పరిష్కరించారా?
"In February 2006, Belgium announced its decision to ban the weapon by law. Then Norway announced a national moratorium in June and Austria announced its decision in July to work for an international instrument on the weapon. The international controversy over the use and impact of cluster munitions during the war between Lebanon and Israel in July and August 2006 added weight to the global campaign for a ban treaty.","జూలై, ఆగష్టు 2006లో లెబనాన్ మరియు ఇజ్రాయెల్ మధ్య జరిగిన యుద్ధ సమయంలో సామూహిక సైనిక ఆయుధాల వినియోగం మరియు ప్రభావం గురించిన అంతర్జాతీయ వివాదం అనేది నిషేధ ఒప్పందం కొరకు చేస్తున్న ప్రపంచవ్యాప్త ప్రచారానికి బలం చేకూర్చింది."
"In Taiwan, polls and research have consistently shown strong support for the death penalty at 80%. This includes a survey conducted by the National Development Council of Taiwan in 2016, showing that 88% of Taiwanese people disagree with abolishing the death penalty. Its continuation of the practice drew criticism from local rights groups.",తైవాన్ లో ప్రజాభిప్రాయ విచారణలు మరియు పరిశోధన మరణ దండనకు ఏకరీతిగా 80% బలమైన మద్దత్తు తెలిపాయి.
"In addition, former chief prosecutor of the Nuremberg Trials Benjamin Ferencz has called the invasion of Iraq a ""clear breach of law"", and as such it constitutes a crime against peace. On November 14, 2006, invoking universal jurisdiction, legal proceedings were started in Germany for their alleged involvement of prisoner abuse against Donald Rumsfeld, Alberto Gonzales, John Yoo, George Tenet and others. This allegedly prompted recently retired Donald Rumsfeld to cancel a planned visit to Germany.","అదనంగా, న్యూరేమ్‌బెర్గ్ విచారణల మాజీ ప్రధాన న్యాయవాది అయిన బెంజమిన్ ఫెరెన్జ్ ఇరాక్ మీద జరిగిన దాడిని ""స్పష్టంగా ఒక చట్ట ఉల్లంఘన"" అని, ఇది శాంతికి వ్యతిరేక నేరంగా పరిగణించబడుతుందని పేర్కొన్నారు."
"Kamara, Kanu, and Bangura were also tried in June 2012. In September 2012, they were convicted of contempt of court. Kanu and Bangura were convicted of two counts of ""interfering with the administration of justice by offering a bribe to a witness"" and for attempting to induce a witness who had given testimony before the special court to recant.","2012 సెప్టెంబర్‌‌లో, వారు కోర్టు ధిక్కరణకై దోషులుగా నిర్దారించబడ్డారు."
"Many other cases go unreported for fear of reprisals and exposure to public shame. In some cases police let the offenders go, after public humiliation through the murga punishment. In 2008, a Delhi court ordered a 19-year-old caught making lewd remarks to passing females to distribute 500 handbills to youngsters outside schools and colleges detailing the consequences of indecent conduct.","2008 లో, అటుగా వెళ్తున్న ఆడవాళ్ళపై అశ్లీల వ్యాఖ్యలు చేస్తూ పట్టబడ్డ ఒక 19 ఏళ్ల వానిని, అనుచిత ప్రవర్తనకు పర్యావసానాల గురించి వివరించే 500 కరపత్రాలను బడులు మరియు కళాశాలలు వెలుపల పంచిపెట్టమని ఒక ఢిల్లీ న్యాయస్థానం ఆదేశించింది."
"On 11 March 2015, Special CBI judge took cognizance of the offence under Sections 120-B and 409 of Indian Penal Code, 1860 and Sections 13(1)(c), 13(1)(d)(iii) of Prevention of Corruption Act, 1988 against Dr. Manmohan Singh and five other accused namely M/s. HINDALCO, Subendhu Amitabh, D. Bhattacharya, Kumar Mangalam Birla, P.C. Parakh.","2015 మార్చి 11న, ఒక ప్రత్యేక సిబిఐ న్యాయమూర్తి డా మన్మోహన్ సింగ్, మరియు శ్రీయుతులు హిండాల్కో, సూబేండు అమితాభ్, డి. భట్టాచార్య, కుమార మంగళం బిర్లా, మరియు పి. సి. పరాఖ అను ఐదుగురు ఇతర నిందితులుపై భారతీయ శిక్షా స్మృతి 1860 లోని 120-బి మరియు 409 సెక్షన్లు, మరియు అవినీతి నివర్ధక చట్టం యొక్క 13(1)(సి), 13(1)(డి)(3) సెక్షన్ల క్రింద నేర విచారణ జరిపారు."
"On 26 April 2012, Charles Taylor was convicted on all 11 counts with which he remained charged. He was previously acquitted of ordering war crimes and of joint conspiracy. On 30 May 2012, he was sentenced to a term of 50 years in prison.",గతంలో అతడు యుద్ధ నేరాలను నిర్ధేశించినందుకు మరియు ఉమ్మడి కుట్ర విషయాలలో నిర్దోషిగా విడదలయ్యాడు.
"On 9 February 2021, the NLD's headquarters in Yangon was raided by Myanmar police. Myanmar military regime distributed a draft for the controversial Cyber Security Law to internet service providers, asking them to provide comments by 15 February 2021. The law was widely criticised by IT communities as it violates human rights by putting citizens under digital surveillance and severely restricting freedom of speech.",పౌరులను డిజిటల్ నిఘాలో పెట్టడం మరియు వాక్ స్వాతంత్ర్యాన్ని కఠినంగా నిషేధించడం ద్వారా మానవ హక్కులను ఉల్లంఘిస్తున్న కారణంగా ఈ చట్టం ఐటీ వర్గాల చేత విస్తృతంగా వ్యతికరేకించబడింది.
"Per Article 38 (1), prompt rendering of the justice by courts is part of animating judiciary. Rendering prompt justice is the foremost purpose of the constitution as enshrined in the Preamble to the constitution also. However the judiciary is failing in this respect by causing inordinate delay considering time of rendering justice in a case arbitrarily is its constitutional liberty.","రాజ్యాంగ ఉపోద్ఘాతంలో కూడా ప్రతిష్ఠించినట్లుగానే, తక్షణ న్యాయం అందించడం అనేది రాజ్యాంగం యొక్క ప్రధానమైన ఉద్దేశ్యము."
"Proceedings are conducted in English only. The Supreme Court Rules of 1966 were framed under Article 145 of the Constitution, which exists to regulate its practices and procedures. Article 145 was amended and is governed by the Supreme Court Rules of 2013.",2013 లో నిబంధన 145 లో సవరణ చేయబడి సర్వోన్నత న్యాయస్థాన నియమాల చేత ప్రభావితమౌతుంది.
"Some countries do not permit a review of the validity of primary legislation. In the United Kingdom, Acts of Parliament cannot be set aside under the doctrine of parliamentary sovereignty, whereas Orders in Council, another type of primary legislation not passed by Parliament, can (see Council of Civil Service Unions v/s Minister for the Civil Service (1985) and Miller/Cherry (2019)). Another example is the Netherlands, where the constitution expressly forbids the courts to rule on the question of constitutionality of primary legislation passed by the Dutch legislature or States-General.","యునైటెడ్ కింగ్డంలో, పార్లమెంటు యాక్ట్ లు ప్రభుత్వ సిద్ధాంతాల కింద ఉపేక్షించబడవు, అయితే పార్లమెంటు ప్రవేశం పెట్టని ప్రధాన శాసనం అనే ఆర్డర్ ఆఫ్ ది కౌన్సిల్ ఉపేక్షించబడుతుంది (కౌన్సిల్ ఆఫ్ సివిల్ సర్విస్ యూనియన్స్ వర్సెస్ మినిస్టర్ ఫర్ ది సివిల్ సర్విస్ (1985) మరియు మిల్లర్/చెర్రీ (2019) ని చూడగలరు)."
"Statelessness is defined by the 1954 Statelessness Convention as ""a person who is not considered a national by any State under operation of its law. A person can become stateless because of administrative reasons. For example, ""A person may be at risk of statelessness if she is born in a State that applies jus sanguinis while her parents were born in a State that applies jus soli, leaving the person ineligible for citizenship in both States due to conflicting laws."" Moreover, there are countries in which if a person does not reside for a specified period of time, they can automatically lose their nationality.","ఉదాహరణకు, ""ఒక వ్యక్తి జూస్ సంగ్వినీస్ వర్తించే రాష్ట్రంలో జన్మించి ఆమె తలిదండ్రులు జూస్ సోలి వర్తించే రాష్ట్రంలో జన్మిస్తే ఆ వ్యక్తి ఏ దేశానికీ పౌరులు కాని స్థితి ఏర్పడే ప్రమాదం ఉంటుంది, అలా ఆ వ్యక్తి విరుద్ధ చట్టాల కారణంగా ఇరు రాష్ట్రాలలోనూ పౌరసత్వానికి అనర్హురాలుగా మిగిలిపోతుంది""."
"The Declaration also emphasizes the ""full right to freedom and self-determination"", and its opposition to enslavement, oppression, exploitation, and colonialism. The CDHRI declares the rule of law, establishing ""equality and justice for all"", with the limitations provided under Islamic law. The CDHRI also guarantees all individuals the ""right to participate, directly or indirectly in the administration of his country's public affairs"".","సిడిహెచ్ఆర్ఐ వ్యక్తులందరికీ ""తమ దేశ ప్రజా కార్యకలాపాల నిర్వహణలో, నేరుగా గానీ పరోక్షంగా గానీ, పాల్గొనే హక్కు"" కి హామీ కల్పిస్తుంది."
The Federal Court of India came into being on 1 October 1937. The seat of the court was the Chamber of Princes in the Parliament building in Delhi. It began with a chief justice and two puisne judges.,ఈ కోర్టు సీటు ఢిల్లీలోని పార్లమెంటు భవనంలో ఛాంబర్ ఆఫ్ ప్రిన్సెస్ గా ఉండేది.
"The Geneva Conventions (GC) and their Additional Protocols (APs) require that any prisoners of war facing a judicial proceeding receive a fair trial. For example, Articles 102108 of the 1949 Third Geneva Convention detail requirements for the fairness of trials against prisoners of war. Other provisions require a ""fair and regular trial""; ""safeguards of proper trial and defence""; an ""impartial and regularly constituted court respecting the generally recognized principles of regular judicial procedure""; a ""regularly constituted court affording all the judicial guarantees which are recognized as indispensable by civilized peoples""; and ""court offering the essential guarantees of independence and impartiality.""",న్యాయపరమైన చర్యలు ఎదుర్కుంటున్న యే యుద్ధ ఖైదీలైనా న్యాయబద్ధ విచారణ పొందాలి అని జినీవా కన్వెన్షన్స్ (జిసి) మరియు వారి అడిషనల్ ప్రోటోకాల్స్ (ఏపిలు) ఆదేశిస్తాయి.
"The Indonesian Supreme Court (Indonesian: Mahkamah Agung) is the highest level of the judicial branch. Its judges are appointed by the president. The Constitutional Court rules on constitutional and political matters (Indonesian: Mahkamah Konstitusi), while a Judicial Commission (Indonesian: Komisi Yudisial) oversees the judges.",ఇండొనేషియా యొక్క సుప్రీం కోర్ట్ (ఇండొనేషియన్ లో మహ్కమహ అగూంగ్) ఆ న్యాయవ్యవస్థలో అత్యున్నతమమైనది.
"The MTP Act details that for terminations up to 12 weeks, the opinion of a single Registered Medical Practitioner (RMP) is required and for terminations between 12 and 20 weeks the opinion of two RMP's is required. However, termination is conducted by one RMP. The MTP Regulations, 2003 prescribe opinion of RMP/s to be recorded on Form I as detailed below:","12 వారాల వరకు తొలగింపులకు ఒక్క రిజిస్టర్డ్ మెడికల్ ప్రాక్టిషనర్ (ఆర్ఎంపి) అభిప్రాయం అవసరమని, అలాగే 12 నుండి 20 వారాల మధ్య తొలగింపులకు ఇద్దరు ఆర్ఎంపి ల అభిప్రాయం అవసరమని ఎంటిపి చట్టం వివరిస్తుంది."
"The Ottawa Treaty does not cover all types of unexploded ordnance. Cluster bombs, for example, introduce the same problem as mines: unexploded bomblets can remain a hazard for civilians long after a conflict has ended. A separate Convention on Cluster Munitions was drafted in 2008 and was adopted and entered into force in 2010.","ఉదాహరణకు, గుత్తి బాంబులు, ఇవి పేలుడు గనుల వంటి సమస్యనే తెస్తాయి: యుద్ధం ముగిసిన సుదీర్ఘ కాలం తరువాత కూడా ప్రేలని బాంబులు పౌరులకు ప్రమాదహేతువుగా ఉండవచ్చు."
"The debates over the ""Statement on Human Rights"", then, was not merely over the validity of cultural relativism, or the question of what makes a right universal. It forced anthropologists to confront the question of whether anthropological research is relevant to non-anthropologists. Although Steward and Barnett seemed to be suggesting that anthropology as such should restrict itself to purely academic affairs, people within and without the academy have continued to debate the ways non-anthropologists have used this principle in public policy concerning ethnic minorities or in international relations.","మానవ శాస్త్రము అనే దాన్ని కేవలం విద్యావిషయక వ్యవహారాలకు మాత్రమే పరిమితం చేయాలని స్టూవర్డ్ అండ్ బార్నెట్ సూచించినప్పటికీ, పరిషత్తు లోపలి, బయటి ప్రజలు మానవశాస్త్రజ్ఞులు కాని వారు అల్పసంఖ్యాక జాతులు లేదా అంతర్జాతీయ సంబంధాల గురించి ప్రజా విధానాల సిద్ధాంతాన్ని అవలంబించటంపై వారి వాదనలు కొనసాగించారు."
"The judgement against Jean-Paul Akayesu established rape as a war crime. Rape was placed in line with ""other acts of serious bodily and mental harm"" rather than the historical view of rape as ""a trophy of war"". Akayesu was held responsible for his actions and non-actions as mayor and police commander of a commune in which many Tutsis were killed, raped, tortured, and otherwise persecuted.",జీన్ పాల్ అకాయేసు ప్రతిగా ఇవ్వబడిన తీర్పు అత్యాచారాన్ని యుద్ధనేరంగా నిర్ణయించింది.
"The origins of international law can be traced back to antiquity. Among the earliest examples are peace treaties between the Mesopotamian city-states of Lagash and Umma (approximately 2100 BCE), and an agreement between the Egyptian pharaoh Ramses II and the Hittite king, Hattusilis III, concluded in 1258 BCE. Interstate pacts and agreements of various kinds were also negotiated and concluded by polities across the world, from the eastern Mediterranean to East Asia.","తొట్ట తొలి ఉదాహరణలలో మెసొపొటేమియా నగర రాజ్యాలు అయిన లగాష్ మరియు ఉమ్మా (సుమారుగా క్రీపూ 2100) మధ్యన శాంతి ఒప్పందాలు, అలాగే ఈజిప్టుకి చెందిన రెండవ ఫారో రామెసెస్ మరియు హిత్తీ రాజు అయిన మూడవ హత్తుసిలిస్ మధ్యన క్రీపూ 1258 లో ముగిసిన ఒప్పందం ఉన్నాయి."
"The public opinion on the death penalty varies considerably by country and by the crime in question. Countries where a majority of people are against execution include Norway, where only 25% are in favour. Most French, Finns, and Italians also oppose the death penalty.","మరణ దండన గురించి ప్రజాభిప్రాయం దేశాన్ని బట్టి, జరిగిన నేరం బట్టి గణనీయంగా మారుతుంది."
"The scope of judicial review may be limited to certain questions of fairness, or whether the administrative action is ultra vires. In terms of ultra vires actions in the broad sense, a reviewing court may set aside an administrative decision if it is unreasonable (under Canadian law, following the rejection of the ""Patently Unreasonable"" standard by the Supreme Court in Dunsmuir v New Brunswick), Wednesbury unreasonable (under British law), or arbitrary and capricious (under U.S. Administrative Procedure Act and New York State law). Administrative law, as laid down by the Supreme Court of India, has also recognized two more grounds of judicial review which were recognized but not applied by English Courts, namely legitimate expectation and proportionality.","విస్తృత భావంలో న్యాయపరిమితిని మించిన చర్యల విషయంలో, సమీక్షించే న్యాయస్థానం, ఒక పరిపాలనా నిర్ణయం అనుచితంగా ఉంటే (కెనెడియన్ న్యాయశాస్త్రం ప్రకారం, దున్స్ముయిర్ లో సుప్రీమ్ కోర్ట్ ప్రతిగా న్యూ బృంస్విక్) ""పూర్తిగా అసమంజసమైనది"" గా తిరస్కరణ చేయబడిన ప్రమాణం ప్రకారం, (బ్రిటిష్ న్యాయశాస్త్రం ప్రకారం) వెడ్నస్బరీ అసమంజసం, లేక (యూఎస్ పరిపాలనా విధాన చట్టం మరియు న్యూ యార్క్ రాష్ట్ర శాసనం ప్రకారం) నిర్హేతుకమైనది మరియు చలచిత్తమైనది అయినా దాన్ని కొట్టివేయ వచ్చు."
The sole owner and the nominee shall execute two forms INC-3 and INC-4 for the entire process of change in nominee. INC-3 is the witness consent form. Its an internal form.,నామనిర్దిష్ట వ్యక్తిని మార్చే పూర్తి ప్రక్రియకై ఏకైక యజమాని మరియు నామనిర్దిష్ట వ్యక్తి ఐఎన్‌సీ-3 మరియు ఐఎన్‌సీ-4 అనే రెండు పత్రాలను అమలు పరచవలసి ఉంటుంది.
"Trials in the Ntaganda case (DR Congo), the Bemba et al. OAJ case and the Laurent Gbagbo-Bl Goud trial in the Cte d'Ivoire situation are ongoing. The Banda trial in the situation of Darfur, Sudan, was scheduled to begin in 2014 but the start date was vacated.","సుడాన్‌లోని డార్ఫర్ పరిస్థితి గురించిన బాండాపై విచారణ 2014లో మొదలు కావాల్సి ఉండింది, కాని ప్రారంభ తేదీ రద్దు చేయబడింది."
"United Nations Security Council Resolution 1325 (S/RES/1325), on women, peace, and security, was adopted unanimously by the UN Security Council on 31 October 2000, after recalling resolutions 1261 (1999), 1265 (1999), 1296 (2000), and 1314 (2000). The resolution acknowledged the disproportionate and unique impact of armed conflict on women and girls. It calls for the adoption of a gender perspective to consider the special needs of women and girls during conflict, repatriation and resettlement, rehabilitation, reintegration, and post-conflict reconstruction.","1261 (1999), 1265 (1999), 1296 (2000) మరియు 1314 (2000) తీర్మానాలను రద్దు చేసిన తర్వాత, 2000 అక్టోబర్ 31న యూ ఎన్ భద్రతా మండలి మహిళలు, శాంతి, భద్రతలకు సంబంధించిన ఐక్యరాజ్యసమితి భద్రతా మండలి తీర్మానం 1325 (ఎస్/ఆర్ఈఎస్/1325)ను ఏకగ్రీవంగా ఆమోదించింది."
"Until rendering a final judgment, the court has competence to order interim measures for the protection of the rights of a party to a dispute. One or both parties to a dispute may apply the ICJ for issuing interim measures. In the Frontier Dispute Case, both parties to the dispute, Burkina Faso and Mali, submitted an application to the court to indicate interim measures.","ఫ్రాంటియర్ డిస్ప్యూట్ కేస్‌లో, వివాదంలోని ఇరు పక్షాలు బుర్కినా ఫాసో మరియు మాలి, తాత్కాలిక చర్యలను సూచించమంటూ న్యాయస్థానానికి అర్జీ పెట్టుకున్నారు."
"Until the Delhi High Court decriminalised consensual private sexual acts between consenting adults on 2 July 2009, homosexuality was considered criminal as per interpretations of the ambiguous Section 377 of the 150-year-old Indian Penal Code (IPC), a law passed by the British colonial government. However, this law was very rarely enforced. In its ruling decriminalising homosexuality, the Delhi High Court noted that existed law conflicted with the fundamental rights guaranteed by the Constitution of India, and such criminalising is violative of Articles 21, 14 and 15 of the Constitution.","సమ్మతించిన వయోజనుల మధ్య ఏకాభిప్రాయంతో చేసే వ్యక్తిగత లైంగిక చర్యలను ఢిల్లీ ఉన్నత న్యాయస్థానం 2009 జూలై 2న చట్టబద్ధం చేసేంత వరకు, బ్రిటిష్ వలస ప్రభుత్వం ఆమోదించిన చట్టమైన 150 ఏళ్స భారతీయ శిక్షాస్మృతి (ఐపిసి) లోని సందిగ్ధ సెక్షన్ 377 వివరణల ప్రకారం స్వలింగసంపర్కం అనేది నేరంగా పరిగణించబడేది."
"Village courts, Lok Adalat (people's court) or Nyaya panchayat (justice of the villages), offer alternative dispute resolution. They were recognized through the 1888 Madras Village Court Act, then developed (after 1935) in various provinces and (after independence) Indian states. The model from",లోక్ అదాలత్ (ప్రజల న్యాయస్థానం) లేదా న్యాయ పంచాయత్ (గ్రామాల న్యాయం) వంటి గ్రామ న్యాయస్థానాలు వివాద పరిష్కార ప్రత్యామ్నాయాన్ని అందిస్తాయి.
"part ii (articles 1724) governs reporting and monitoring of the convention and the steps taken by the parties to implement it. it establishes the committee against torture (article 17), and empowers it to investigate allegations of systematic torture (article 20). it also establishes an optional dispute-resolution mechanism between parties (article 21) and allows parties to recognize the competence of the committee to hear complaints from individuals about violations of the convention by a party (article 22).","రెండవ భాగం కన్వెన్షన్ (నిబంధనలు 17-24) యొక్క నివేదన మరియు పర్యవేక్షణను, అలాగే వాటిని అమలుపరిచేందుకు భాగస్వాములు తీసుకునే చర్యలను నియంత్రిస్తుంది."
A 2018 review article noted that the states exhibited differential preference for particular Ayush systems. Ayurveda and Siddha respectively show greater popularities in Kerala and Tamil Nadu. Unani was well received in Hyderabad region and among Muslims whilst Homeopathy was highly popular in Bengal and Odisha.,"యునానీకి హైదరాబాదు ప్రాంతంలో, ముస్లింలలో మంచి ఆదరణ దొరకగా, బెంగాల్, ఒడిశాలలో హోమియోపతి అత్యంత ప్రజాదరణ పొందింది."
"Alaska saw protests in Anchorage, Fairbanks, and Haines. In Arizona, hundreds protested in Phoenix and Tucson. Additionally, two women organized a demonstration in San Luis, Arizona.","యాంకరేజ్, ఫెయిర్ బ్యాంక్స్, మరియు హెయిన్స్ లో, అలాస్కా నిరసనలను చూసింది."
"As of 2022, Spanish banks have halved their number of branches to about 20,000 in the decade since the financial crisis and the subsequent international bailout in 2012. The remaining banks have reduced retail opening hours and pushed online banking. A retired urologist with Parkinson's disease gathered more than 600,000 signatures in an online petition ""I'm Old, Not an Idiot"" asking banks and other institutions to serve all citizens, and not discriminate the oldest and most vulnerable members.","మిగిలిన బ్యాంకులు వ్యాపార పని వేళలను తగ్గించి, ఆన్‌లైన్ బ్యాంకింగ్‌ను ప్రోత్సహిస్తున్నాయి."
"Because of internet censorship in Iran, the Iranian government and the Islamic Revolutionary Guards Sepah have always opposed joining Iranian to popular social networks such as Facebook, Twitter and so on. Therefore, popular social networks are blocked by those in Iran and because of Iranian protests, internet censorship in Iran has increased. But now they have decided to Internet blackout in Iran.","ఇరాన్‌లోని ఇంటర్‌నెట్ సెన్సార్‌షిప్ కారణంగా, ఇరానియన్లు ఫేస్‌బుక్, ట్విట్టర్ మొదలైనటువంటి ప్రముఖ సోషల్ నెట్‌వర్క్‌లలో చేరడాన్ని ఇరాన్ ప్రభుత్వం మరియు ఇస్లామిక్ రివల్యూషనరీ గార్డ్స్ సెపాహ్ ఎప్పుడూ వ్యతిరేకించాయి."
"Because of internet censorship in Iran, the Iranian government and the Islamic Revolutionary Guards Sepah have always opposed joining Iranian to popular social networks such as Facebook, Twitter and so on. Therefore, popular social networks are blocked by those in Iran and because of Iranian protests, internet censorship in Iran has increased. But now they have decided to Internet blackout in Iran.","కాబట్టి, ఇరాన్‌లో ఉండే వారు ప్రముఖ సోషల్ నెట్‌వర్క్‌లను బ్లాక్ చేసారు, ఇరానియన్ నిరసనల కారణంగా ఇరాన్‌లోని ఇంటర్‌నెట్ సెన్సార్‌షిప్ పెరిగింది."
"Bihar has significantly raised the literacy rate as per the 2011 census. Literacy rate in year 1951 was only 13.49%, 21.95% in year 1961, 23.17% in year 1971 and 32.32% in year 1981. The literacy rate has risen from 39% in 1991 to 47% in 2001 to 63.8% in 2011.","1991లో 39% గా ఉన్న అక్షరాస్యతా రేటు 2001లో 47% కు, 2011లో 63.8% కు పెరిగింది."
"CPN (UML) decided to support People's Socialist Party in 7 seats on 9 October 2022. The CPN (UML) also decided to support Rastriya Prajatantra Party candidates in Jhapa 5, Rupandehi 1 and Banke 2 and decided to field Rastriya Prajatantra Party Nepal chairman Kamal Thapa in Makwanpur 1 under their election symbol. The party also supported dissident candidate from Nepali Congress, Dinesh Koirala in Chitwan 3, Karna Bahadur Malla of Nepali Congress (B.P.) in Dadeldhura 1 and Hridayesh Tripathi of the People's Progressive Party in Parasi 1.","సిపిఎన్ (యుఎంఎల్) కూడా రాష్ట్రీయ ప్రజాతంత్ర పార్టీ అభ్యర్థులకు ఝాపా 5 లో, రూపందేహి 1లో , మరియు బాంకే 2 లో మద్దతు ఇవ్వాలని మరియు తమ ఎన్నికల గుర్తు క్రింద మక్వానపూర్ 1లో నేపాల్ రాష్ట్రీయ ప్రజాతంత్ర పార్టీ ఛైర్మన్ కమల్ థాపాని నిలబెట్టాలని నిర్ణయించుకుంది."
"Demonstrators in Khartoum criticised government reforms, which they considered anti-Islamic, on 17 July. Protesters in east and north Khartoum joined the demonstrations, which began after Friday prayers. Reforms included permitting non-Muslims to consume alcohol and decriminalising conversion from Islam to another religion.",తూర్పు మరియు ఉత్తర ఖార్టూమ్‌లోని నిరసనకారులు శుక్రవారపు ప్రార్థనల తర్వాత మొదలైన ప్రదర్శనలలో పాల్గొన్నారు.
"Deutsche Bahn, the German national railway company, allowed refugees with a Ukrainian passport or ID card to travel free of charge on long-distance trains from Poland to Germany. The company also gave out free tickets to refugees who wanted to continue to another destination; by 17 March, more than 100,000 had been issued. The Association of German Transport Companies decided to also cancel charges for all short-distance travel with buses and trains for Ukrainian refugees within Germany.",డూయ్చే బాన్ అను జర్మనీ జాతీయ రైలు కంపనీ శరణార్థులను ఉక్రేన్ పాస్ పోర్టు లేదా ఐడి కార్డుతో పోలాండ్ నుండి జర్మనీకి సుదూర రైళ్లలో ఉచితంగా ప్రయాణించడానికి అనుమతించింది.
"Goetz (19791991), and Robert McHenry (19921997). As of 2007 Anita Wolff was listed as the Deputy Editor and Theodore Pappas as Executive Editor. Prior Executive Editors include John V.",2007లో అనితా వోల్ఫ్ డిప్యూటీ ఎడిటర్‌గా మరియు థియోడర్ పాపాస్ ఎగ్జిక్యూటివ్ ఎడిటర్‌గా పేర్కొనబడ్డారు.
"In 2000, Major General Dick Cody, 101st Airborne's commanding officer, wrote a strongly worded memo to the Chief of Staff about training and equipment failures. Almost no pilots were qualified to fly with night vision goggles, preventing nighttime operations. The Washington Post printed a front-page article on the failures, commenting: ""The vaunted helicopters came to symbolise everything wrong with the Army as it enters the 21st century: Its inability to move quickly, its resistance to change, its obsession with casualties, its post-Cold War identity crisis"".","ది వాషింగ్టన్ పోస్ట్ ఈ వైఫ్యల్యాలపై వ్యాఖ్యానిస్తూ: 21 వ శతాబ్దంలోకి అడుగిడుతున్న తరుణంలో సైన్యంలో తప్పిదాలన్నిటికీ ఈ ప్రగల్బాల హెలికాప్టర్లే ప్రతీకలుగా మారాయి : వేగంగా కదలడంలో అసమర్థత, మార్పు పట్ల వ్యతిరేకత, మరణాల గురించి మొండి ఆలోచన, ప్రచ్ఛన్న యుద్ధం తరువాత దాని గుర్తింపు కోల్పోవడం,"" అంటూ మొదటి పేజీ వ్యాసాన్ని ప్రచురించింది."
"In 2007, Marcia Angell, former editor-in-chief of the New England Journal of Medicine and a lecturer in social medicine at the Harvard Medical School, said in Stern, a German-language weekly newsmagazine, that AstraZeneca's scientists had misrepresented their research on the drug's efficiency, saying: ""Instead of using presumably comparable doses [of each drug], the company's scientists used Nexium in higher dosages. They compared 20 and 40 mg Nexium with 20 mg Prilosec. With the cards having been marked in that way, Nexium looked like an improvement which however was only small and shown in only two of the three studies.""","జర్మన్ భాషలోని సాప్తాహిక వార్తా పత్రిక స్టర్న్ లో, 2007 లో న్యూ ఇంగ్లండ్ జర్నల్ ఆఫ్ మెడిసిన్ ప్రధాన సంపాదకురాలు మరియు హార్వర్డ్ మెడికల్ స్కూల్లో సామాజిక వైద్యంలో బోధకురాలు అయిన మార్సియా ఏంజిల్, ఆస్ట్రాజెనికా శాస్త్రవేత్తలు ఈ ఔషధ గుణంపై తమ పరిశోధనను తప్పుగా వివరించాయని చెప్తూ, ""[ప్రతి ఒక్క ఔషధం యొక్క] సుమారుగా పోల్చదగిన మోతాదులకు బదులు, కంపనీ శాస్త్రవేత్తలు నెక్జియంను అధిక మోతాదులో ఉపయోగించారని"" తెలిపారు."
"In Malaysia, Hein Htet Aung, who plays for second-division Malaysia Premier League club Selangor FC II, flashed the three-finger salute in a match against PDRM FC on early March. He was banned from playing a game against Perak FC II. On 31 March, some Malaysians associated with Milk Tea Alliance gathered outside the embassy to condemn violence against protesters.","మలేషియాలో, రెండవ మలేషియా ప్రీమియర్ లీగ్ క్లబ్ రెండవ సెలన్యోర్ ఎఫ్సి కోసం ఆడే హెయిన్ హ్టాట్ ఔఙ్గ్, మార్చి ఆదిలో పిడిఆర్ఎంఎఫ్సి తో తలపడిన ఆటలో మూడు వేళ్ళ వందనం చూపించాడు."
"Mass protests against Castillo's government began on 28 March 2022. State of emergency was declared throughout the country on 7 April. On 5 November 2022, thousands of opponents of the government marched through the capital's center to call for the removal of President Pedro Castillo.",క్యాస్టిలో ప్రభుత్వానికి వ్యతిరేకంగా 2022 మార్చి 28న సామూహిక నిరసనలు ఆరంభమయ్యాయి.
"On 12 November 2017, Delhi hosted its tenth queer pride parade from Barakhamba Road to Jantar Mantar. Hundreds of people gathered together to support the queer community and demand the repeal of Section 377. The demand was to build a proper system of hate crime legislation which conceptualizes all forms of violence against minorities as a punishable offence.","2017 నవంబర్ 12 న, బారఖంబా రోడ్ నుండి జంతర్ మంతర్ వరకు ఢిల్లీ తన పదవ అసాధారణ గౌరవ ఊరేగింపుకు ఆతిథ్యం ఇచ్చింది."
"On 14 February, UN Secretary General Antnio Guterres issued a statement expressing deep concern about the situation in Myanmar, highlighting ""the increasing use of force and the reported deployment of additional armoured vehicles to major cities"". He urged Myanmar's military and police to fully respect the right of peaceful assembly and ensure that demonstrators are not subjected to reprisals. He also called reports of violence, intimidation and harassment by security personnel ""unacceptable"".","ఫిబ్రవరి 14న, ఐక్యరాజ్యసమితి సెక్రటరీ జనరల్ ఆంటోనియో గుటేరస్ మయాన్మార్ లో పరిస్థితి పట్ల తీవ్ర ఆందోళన వ్యక్తపరుస్తూ ఒక ప్రకటన జారీ చేస్తూ, ""పెరుగుతున్న బలప్రయోగం మరియు ప్రధాన నగరాలలో అదనపు సాయుధ వాహనాల మోహరింపు గురించిన వదంతుల""గురించి నొక్కిచెప్పారు."
"On 16 November, the migrants undertook another major attempt to break through the border forcefully. They started to throw rocks, bottles and pieces of wood at the Polish border guards and tried to destroy the border fence in attempt to break through the border at the temporarily closed checkpoint of Bruzgi-Kunica. Polish border guards used water cannons, stun grenades and tear gas on the attackers.","తాత్కాలికంగా మూసివేయబడిన తనిఖీ కేంద్రం వద్ద సరిహద్దును అతిక్రమించే ప్రయత్నంలో వాళ్ళు పోలిష్ సరిహద్దు రక్షకులపై రాళ్ళు, సీసాలు, అలాగే చెక్క ముక్కలు విసరడం మొదలు పెట్టి సరిహద్దు కంచెను ధ్వంసం చేసేందుకు ప్రయతించారు."
"On 18 April 2022, Gotabaya appointed a new 17-member cabinet despite the protests calling the entire government to resign, including the president alongside all 225 MPs in parliament. Dinesh Gunawardena was appointed as Public Administration, Internal Affairs minister while Douglas Devananda was appointed as Fisheries minister, Kanaka Herath was appointed as Highways minister, Dilum Amunugama was appointed as Transport & Industries minister, Prasanna Ranatunga was appointed as Public security and tourism minister, Channa Jayasumana was appointed as Health minister, Nalaka Godahewa was appointed as Media minister, Pramitha Tennakoon was appointed as Ports and Shipping minister, Amith Thenuka Vidanagamage was appointed as Sports & Youth Affairs ministry, Kanchana Wijesekera was appointed as Power & Energy minister, Asanka Shehan Semasinghe was appointed as Trade & Samurdhi Development minister, Janaka Wakkumbura was appointed as Agriculture & Irrigation minister, Vidura Wickremanayake was appointed as Labour minister, Mohan Priyadarshana De Silva was appointed as Water supply minister, Ramesh Pathirana was appointed as Education & Plantation Industries, Wimalaweera Dissanayake was appointed as Wildlife & Forest Resources Conservation minister and Ahamed Nazeer Zainulabdeen was appointed as Environment minister. In the new cabinet portfolio, female representation was completely excluded, with all 17 ministers being males.This cabinet was also forced to resign on the afternoon of July 9.","అధ్యక్షుడు, ఇంకా మొత్తం 225 మంది పార్లమెంటు సభ్యులతో సహా ప్రభుత్వం యావత్తు రాజీనామా చేయాలని పిలుపునిస్తూ నిరసనలు జరుగుతూ ఉన్నా, 2022 ఏప్రిల్ 18న గోటబయ 17 మంది సభ్యులతో కూడిన కొత్త మంత్రివర్గాన్ని నియమించారు."
"On 25 August 2017, the plenary session of the Congress approved the motion of interpellation, with 79 votes in favor, 12 against and 6 abstentions. The votes in favor were from the bench of Popular Force, APRA, Broad Front and Popular Action. The date of the interpellation was set as 8 September.","అనుకూల ఓట్లు పాపులర్ ఫోర్స్, ఎపిఆర్ఎ, బ్రాడ్ ఫ్రంట్ మరియు పాపులర్ యాక్షన్‌లకు చెందిన బెంచ్‌ల నుండి వచ్చాయి."
"On 25 February 1986, the Security Police started rioting, protesting against reports that their term of duty was to be extended from 3 to 4 years. Hotels, nightclubs, restaurants and casinos were attacked in Cairo and there were riots in other cities. A day time curfew was imposed.","1986 ఫిబ్రవరి 25న, భద్రతా పోలీసులు వారి ఉద్యోగ వ్యవధిని 3 నుండి 4 ఏళ్లకు పొడిగించబోతున్నారనే వదంతులకు నిరసనగా అల్లర్లు ప్రారంభించారు."
"On 25 February, Belgian State Secretary for Asylum and Migration Sammy Mahdi called for Europe to coordinate the reception. Two days later, Development Minister Meryame Kitir announced that three million euros would be allocated for additional humanitarian aid to Ukraine. By 17 March, 10,000 refugees had registered for temporary protection in Belgium.","రెండు రోజుల తర్వాత, ఉక్రెయిన్‌కు అదనపు మానవతా సహాయంగా మూడు మిలియన్ల యూరోలను కేటాయిస్తామని అభివృద్ధి శాఖా మంత్రి మెర్యామె కితీర్‌ ప్రకటించారు."
"On 7 March, state-run media and human rights groups confirmed the occupation of public hospitals, universities and temple compounds by security forces. Public hospitals had been staffed by medical personnel after initially being vacated over the Civil Disobedience Movement, ""in response to escalating violence against peaceful protestors"" according to not-for-profit human rights NGO Physicians for Human Rights. Hospitals confirmed to be occupied include the Yangon General Hospital and Gandhi Hospital.","మార్చి 7న భద్రతా దళాలు ప్రభుత్వ ఆసుపత్రులను, విశ్వవిద్యాలయాలను, ఆలయ ప్రాంగణాలను ఆక్రమించుకున్నట్లు ప్రభుత్వ-ఆధ్వర్యంలోని మీడియా మరియు మానవహక్కుల సంఘాలు ధృవీకరించాయి."
"On April 26, a French citizen is seen on a two-minute-long video asking quarantine workers for help with suicide in three languages. He was subdued and later became stabilized. The French embassy confirmed his identity and commented that food shortage is likely not the reason.","ఏప్రిల్ 26న, రెండు నిమిషాల నిడివి గల ఒక వీడియోలో ఆత్మహత్య విషయంగా సహాయం చేయమని ఒక ఫ్రెంచ్ దేశస్థుడు క్వారంటైన్ కార్మికులను మూడు భాషలలో అడుగుతూ కనిపించాడు."
"On May 29 security forces attacked a demonstration in the Al-Kalakla neighbourhood of Khartoum with tear gas and bullets. One protester died on the spot while another died from injuries in the hospital. On May 30, 33 people were wounded in an attempt by police to disperse a protest.",మే 29న భద్రతా దళాలు ఖార్టూమ్‌ పరిసర ప్రాంతమైన అల్-కలాక్లాలో ఒక ప్రదర్శన మీద భాష్ప వాయువు మరియు బులెట్లతో దాడి చేసాయి.
"Pennsylvania saw protests in Allentown, Lancaster, Philadelphia, and Pittsburgh. Protests were also held in Providence, Rhode Island, and Essex Junction, Vermont. On May 14, nearly a thousand protesters rallied around the Pittsburgh City-County Building and about 150 rallied in Bethlehem for the Bans Off Our Bodies event.","మే 14న, బ్యాన్స్ ఆఫ్ అవర్ బాడీస్ కార్యక్రమం కోసం దాదాపు వెయ్యి మంది నిరసనకారులు పిట్స్‌బర్గ్ సిటీ-కౌంటీ భవనం చుట్టూ ర్యాలీ చేశారు మరియు బెత్లేహెంలో దాదాపు 150 మంది ర్యాలీ చేశారు."
Tatmadaw soldiers captured 12 suspected resistance fighters including 3 injured fighters after several bombs exploded by accident in Yangon's Hlaing Thar Yar Township. 2 additional resistance fighters who escaped were also captured later on by plain clothed and armed Tatmadaw troops who were wearing bulletproof vests. There have been several other cases of guerrilla fighters across Myanmar dying in accidents caused by handmade explosives.,"యాంగోన్‌లోని హ్లైంగ్ థార్ యార్ టౌన్‌షిప్‌లో ప్రమాదవశాత్తూ అనేక బాంబులు పేలిన తర్వాత, తత్మాడావ్ సైనికులు ముగ్గురు గాయపడిన యోధులతో సహా 12 మంది అనుమానిత ప్రతిఘటన యోధులను పట్టుకున్నారు,"
"The 2021 Rugby World Cup, the ninth edition of the women's Rugby World Cup, was held in New Zealand between 8 October and 12 November 2022, postponed from 18 September to 18 October 2021. Twelve teams contested the final tournament, playing twenty-six matches. The top seven placed teams from the 2017 World Cup automatically qualified for the tournament, while the remaining five spots were decided in qualifying rounds between 9 August 2019 and 21 February 2022 from twenty-three teams.","2021 రగ్బీ వరల్డ్ కప్, మహిళల తొమ్మిదవ ఆవర్తన రగ్బీ వరల్డ్ కప్ న్యూజిలాండ్లో, మొదట 2021 సెప్టెంబర్ 18 నుండి 18 అక్టోబర్ వరకు నిర్ణయించిన కార్యక్రమ ప్రణాళికకు బదులుగా, 2022 అక్టోబర్ 8 మరియు నవంబర్ 12 మధ్యన జరిగింది."
"The BBC operates several television channels nationally and internationally. BBC One and BBC Two are the flagship television channels. Others include the youth channel BBC Three, which originally ceased broadcasting as a linear television channel in February 2016 and returned to television in February 2022, cultural and documentary channel BBC Four, news channels BBC News and the BBC World News, parliamentary channel BBC Parliament, and two children's channels, CBBC and CBeebies.","ఇతర వాటిలో ఫిబ్రవరి 2016 లో సాధారణ టెలివిజన్ ఛానెల్గా ప్రసారాలు నిలిపివేసి, తిరిగి ఫిబ్రవరి 2022 లో టెలివిజన్కు తిరిగి వచ్చిన యువజన ఛానెల్ బిబిసి త్రీ, వాస్తవిక నివేదిక కథల ఛానెల్ బిబిసి ఫోర్, వార్తా ఛానెళ్ళు బిబిసి న్యూస్ మరియు బిబిసి వరల్డ్ న్యూస్, శాసనసభ సంబంధిత ఛానెల్ బిబిసి పార్లమెంట్, అలాగే రెండు చిన్న పిల్లల ఛానెళ్ళు సిబిబిసి మరియు సిబీబీస్ ఉన్నాయి."
"The invasion received widespread public condemnation internationally, while in some countries, certain sectors expressed sympathy or outright support for Russia due in part to distrust of US foreign policy. Protests and demonstrations were held worldwide, including some in Russia and parts of Ukraine occupied by Russia. Calls for a boycott of Russian goods spread on social media platforms, while hackers attacked Russian websites, particularly those operated by the Russian government.","రష్యా వస్తువుల బహిష్కరణకు పిలుపులు సామాజిక మాధ్యమ వేదికలలో వ్యాపించగా, హ్యాకర్లు రష్యన్ వెబ్‌సైట్‌ల మీద, ముఖ్యంగా రష్యా ప్రభుత్వం నిర్వహించే వాటి మీద దాడి చేసారు."
"The relative became unable financially to continue the support and Kisan's schooling ended in the Standard Seventh grade; his siblings never attended school. He started selling flowers at the Dadar railway station in Mumbai and eventually managed to own two flower shops in the city. He also became involved in vigilantism, joining groups who acted to prevent landlords' thugs from intimidating the poor out of their shelter.","అతడు ముంబైలోని దాదర్ రైల్వే స్టేషన్‌లో పూలు అమ్మడం మొదలుపెట్టి, చివరకు నగరంలో రెండు పూల దుకాణాలకు యజమాని కాగలిగాడు."
"Those labeled ""terrorists"" by their opponents rarely identify themselves as such, and typically use other terms or terms specific to their situation, such as separatist, freedom fighter, liberator, revolutionary, vigilante, militant, paramilitary, guerrilla, rebel, patriot, or any similar-meaning word in other languages and cultures. Jihadi, mujahideen, and fedayeen are similar Arabic words that have entered the English lexicon. It is common for both parties in a conflict to describe each other as terrorists.","జిహాదీ, ముజాహిదీన్ మరియు ఫెదాయీన్ అనేవి ఇంగ్లీష్ పదకోశంలోకి ప్రవేశించిన ఒకేలాంటి అరబిక్ పదాలు."
"Thousands of people are now in Iran's jails just for participating in November uprising. They may face torture or even execution. The two judges have long records of issuing long term prison sentences or death penalties for Iranians longing for democracy and opposed to the rule of the Supreme Leader, Ali Khamenei.","న్యాయమూర్తులు ఇద్దరికీ సర్వముఖ్య నాయకుడు, అలీ ఖమేనీ ఏలుబడికి వ్యతిరేకిస్తూ, స్వాతంత్ర్యం కాంక్షిస్తున్న ఇరాన్ దేశస్థులకు దీర్ఘకాలిక ఖైదు లేదా మరణ దండనలు విధించిన సుదీర్ఘ చరిత్ర కలిగి ఉన్నారు."
"A maha-kalpa is followed by a maha-pralaya (full dissolution) of equal length. Each kalpa (day of Brahma) is followed by a pralaya (night of Brahma or partial dissolution) of equal length. Preceding the first and following each manvantara is a manvantara-sandhya (connection period), each with a length of Krita-yuga (a.k.a. Satya-yuga).","తొలి మన్వంతరానికి ముందు మరియు ప్రతి మన్వంతరం తరువాత ఒక మన్వంతర సంధ్య (సంధి కాలం) ఉంటుంది, ప్రతి ఒకటి కృత యుగం (సత్య-యుగం) అంత నిడివితో."
"A motif of father-against-son conflict was repeated when Cronus was confronted by his son, Zeus. Because Cronus had betrayed his father, he feared that his offspring would do the same, and so each time Rhea gave birth, he snatched up the child and ate it. Rhea hated this and tricked him by hiding Zeus and wrapping a stone in a baby's blanket, which Cronus ate.","క్రోనస్ అతడి తండ్రికి ద్రోహం చేసిన కారణంగా, అతడి సంతానం అదే పని చేస్తుందేమోనని భయపడి, రియా ప్రసవించిన ప్రతీసారి అతడు ఆ బిడ్డను లాక్కుని తినేసేవాడు."
"According to Friedhelm Hardy, there is evidence of early ""southern Krishnaism,"" despite the tendency to allocate the Krishna-traditions to the Northern traditions. South Indian texts show close parallel with the Sanskrit traditions of Krishna and his gopi companions, so ubiquitous in later North Indian text and imagery. Early writings in Dravidian culture such as Manimekalai and the Cilappatikaram present Krishna, his brother, and favourite female companions in the similar terms.","ఫ్రీడ్హేల్మ్ హార్డీ ప్రకారం, కృష్ణ సంప్రదాయాలను ఉత్తర సాంప్రదాయాలకు ఆపాదించేందుకు మొగ్గు ఉన్నప్పటికీ, ""దక్షిణ కృష్ణ తత్వానికి"" మునుపటి సాక్ష్యం ఉంది."
"Another Buddhist ritual which includes reenactments of the Buddha life myth is the ritual of the consecration of a Buddha image. Among other things, the statue's head is covered, symbolizing the Buddhas withdrawal from householder life and various symbolic offerings are placed before the statue. including a sweet milk rice mixture symbolizing the offering of Sujata.","బుద్ధుడి జీవిత పురాణగాధ యొక్క పునరాభినయాలతో కూడిన మరో బౌద్ధ ఆచారం, ఒక బుద్ధుడి విగ్రహాన్నిప్రతిష్ఠించడం అనే ఆచారం."
"Brahm is a leading god (deva) and heavenly king in Buddhism. He is considered as a protector of teachings (dharmapala), and he is never depicted in early Buddhist texts as a creator god. In Buddhist tradition, it was the deity Brahma Sahampati who appeared before the Buddha and invited him to teach, once the Buddha attained enlightenment.",బౌద్ధమతం లో బ్రహ్మ ఒక ప్రధాన దేవుడు [దేవ) మరియు దైవిక పరిపాలకుడు.
"By about the 7th century CE most main features of the Hindu temple were established along with theoretical texts on temple architecture and building methods. Already three styles of temple were identified in these: nagara, dravida and vesara, though these were not yet associated with regions of India, and the original meanings may not fully align with modern uses of the terms. In Karnataka, the group of 7th and 8th-century temples at Pattadakal famously mixes forms later associated with both north and south, as does that at Aihole, which still includes apsidal chaitya hall-type plans.","కర్ణాటకలోని, పట్టదకల్‌లో ఉన్న 7వ మరియు 8వ శతాబ్దపు ఆలయాల సముదాయం ఆ తరువాత ఉత్తరం, దక్షిణంగా భావించబడ్డ ఇరు రూపాలను సమ్మిళితం చేసింది, అలాగే ఐహోల్ లో ఉన్నది కూడా, ఇది ఇప్పటికీ వృత్తాకార చైత్య సభా మందిరం వంటి నిర్మాణములతో కూడి ఉంది."
"Caliph Abd al-Malik established Arabic as the Caliphate's official language in 686. This reform greatly influenced the conquered non-Arab peoples and fueled the Arabization of the region. However, the Arabs' higher status among non-Arab Muslim converts and the latter's obligation to pay heavy taxes caused resentment.","ఏదేమైనా, అరబ్బులు కాని ముస్లిం మతాంతరితులలో అరబ్బుల హెచ్చు హోదా మరియు వారిపై భారీ పన్నులు చెల్లించవలసిన నిర్బంధం ఆగ్రహం కలిగించాయి."
"Followers of Buddhism, called Buddhists in English, referred to themselves as Sakyan-s or Sakyabhiksu in ancient India. Buddhist scholar Donald S. Lopez asserts they also used the term Bauddha, although scholar Richard Cohen asserts that that term was used only by outsiders to describe Buddhists.","రిచర్డ్ కోహెన్ అనే నిపుణుడు బౌద్ధ అనే పదం బౌద్ధులను వర్ణించేందుకు కేవలం బయటివారు మాత్రమే ఉపయోగించేవారు అని ఖచ్చితంగా చెప్పినప్పటికీ, వారు కూడా ఆ పదాన్ని ఉపయోగించేవారని లోపేజ్ వక్కాణించాడు."
"He had thousands of disciples all over India, Pakistan, and the USA, and he also had many khalifas all over India. He was married to a descendant of Abdul-Qadir Gilani, the eldest daughter of Hakeem Abdur-Rahim Qadri, Amjhar Sharif, Aurangabad, Bihar. He had three sons and eight daughters.","ఆయనకి భారత్, పాకిస్తాన్, మరియు యుఎస్ఏ అంతటా వేలాదిమంది శిష్యులు ఉండేవారు మరియు భారతదేశమంతటా ఎందరో ఖలీఫాలు కూడా ఉండేవారు."
"He published his thinking on these matters in his Essai de cosmologie (Essay on cosmology) of 1750. He shows that the major arguments advanced to prove God, from the wonders of nature or the apparent regularity of the universe, are all open to objection (what wonder is there in the existence of certain particularly repulsive insects, what regularity is there in the observation that all the planets turn in nearly the same plane exactly the same plane might have been striking but 'nearly the same plane' is far less convincing). But a universal principle of wisdom provides an undeniable proof of the shaping of the universe by a wise creator.","దేవుణ్ణి నిరూపించడానికి ముందుకొచ్చిన ప్రధాన వాదనలన్నీ అభ్యంతరాలను స్వీకరించడానికి సిద్ధంగా ఉన్నవేనని ఆయన చూపిస్తారు (కొన్ని ప్రత్యేకమైన అసహ్యమైన కీటకాల ఉనికిలో ఏ విస్మయం ఉంది, గ్రహాలన్నీ దాదాపు ఒకే సమతలంలో తిరుగుతున్నాయన్న పరిశీలనలో ఏ క్రమత్వం ఉంది, ఒకే సమతలం అనేది అద్భుతమవవచ్చు కానీ """"దాదాపు ఒకే సమతలం"""" అనేది అంతగా ఆమోదయోగ్యమైనదిగా లేదు)."
"In him, the northern region brought forth, as it were, another god of death, bent in rivalry to surpass... Yama (the god of death residing in the southern regions). People knew of his approach by noticing the vultures, crows and other birds flying ahead eager to feed on those who were being slain within his army's reach.","యముడి(దక్షిణ ప్రాంతాలలో నివసించే మృత్యు దేవత)ని మించాలని గట్టిగా నిర్ణయించుకుని, ఉత్తర ప్రాంతం అతడిలో మరో మృత్యుదేవతను మేల్కొలిపినట్లుగా కనిపించింది."
"In the Advaita tradition, moksha (liberation from suffering and rebirth) is attained through recognizing this illusoriness of the phenomenal world and disidentification from the body-mind complex and the notion of 'doership', and acquiring vidy (knowledge) of one's true identity as Atman-Brahman, self-luminous (svayam praka) awareness or Witness-consciousness. Upanishadic statements such as tat tvam asi, ""that you are,"" destroy the ignorance (avidy) regarding one's true identity by revealing that (jiv)tman is non-different from immortal Brahman. While the prominent 8th century Vedic scholar and teacher (acharya) Adi Shankara emphasized that, since Brahman is ever-present, Brahman-knowledge is immediate and requires no 'action', that is, striving and effort, the Advaita tradition also prescribes elaborate preparatory practice, including contemplation of the mahavakyas and accepting yogic samadhi as a means to knowledge, posing a paradox which is also recognized in other spiritual disciplines and traditions.","బ్రహ్మన్ నిత్యమైనది అయినందున బ్రహ్మజ్ఞానం తక్షణమైనది, దానికి ఏ 'చర్య', అనగా ఏ కృషి మరియు ప్రయత్నం అవసరం లేదు అని 8వ శతాబ్దపు ప్రముఖ వేద పండితుడు, గురువు (ఆచార్య) అయిన ఆది శంకరుడు నొక్కి చెప్పగా, అద్వైత విధానం అనేది మహావాక్యాల గురించి ఆలోచించడం, యోగసమాధిని జ్ఞానమార్గంగా పరిగ్రహించడం, ఇతర ఆధ్యాత్మిక పద్ధతులు, సంప్రదాయాలలో కూడా గుర్తించబడిన వైరుధ్యాన్ని ప్రదర్శించడంతో సహా విస్తృతమైన సన్నాహక అభ్యాసాన్ని కూడా నిర్దేశిస్తుంది."
"In the north-western parts of medieval India, the Himalayan regions, as well regions bordering central Asia, Buddhism had facilitated trade relations, states Lars Fogelin. With the Islamic invasion and expansion, and central Asians adopting Islam, the trade route-derived financial support sources and the economic foundations of Buddhist monasteries declined, on which the survival and growth of Buddhism was based. The arrival of Islam removed the royal patronage to the monastic tradition of Buddhism, and the replacement of Buddhists in long-distance trade by the Muslims eroded the related sources of patronage.","ఇస్లాం రాకతో బౌద్ధమత సన్యాస సంప్రదాయానికి రాచరిక పోషణ ఆగిపోయింది, సుదూర వాణిజ్యంలో బౌద్ధుల స్థానంలో ముస్లింలు రావడంతో సంబంధిత పోషక వనరులు తరిగిపోయాయి."
"In the third stage of karma doctrine development, ideas of rebirth based on karma were added. One could be reborn either as another human being or another animal, according to this belief. In the third stage, additional ideas were introduced; for example, rituals, repentance and offerings at Taoist temples were encouraged as it could alleviate Karmic burden.","మూడవ దశలో, అదనపు ఆలోచనలు ప్రవేశపెట్టబడ్డాయి, ఉదాహరణకు, కర్మల భారం నుండి ఉపశమనం కలిగించగలవని తావోయిస్ట్ ఆలయాలలో ఆచారాలు, ప్రాయశ్చితం మరియు సమర్పణలు వంటివి ప్రోత్సహించబడ్డాయి."
"Kaundinya could no longer see the Brahmin but only Anant instead. Kaundinya realized that Anant himself had come to save him and that god was Anant, the Eternal One. He confessed his sin in failing to recognize the Eternal in the string on Sushila's hand. Anant promised Kaundinya that if he made the 14-year vow, he would be free from all his sins and would obtain wealth, children, and happiness.","కౌండిన్యుడు 14 ఏళ్ల ప్రతిజ్ఞ చేస్తే అతడు తన పాపాలన్నీటి నుండి విముక్తుడై ఐశ్వర్యం, సంతానం మరియు సుఖం పొందుతాడాని అనంతుడు అతనికి వాగ్దానం చేసాడు."
"Mahayana remained a minority among Indian Buddhists for some time, growing slowly until about half of all monks encountered by Xuanzang in 7th-century India were Mahayanists. Early Mahayana schools of thought included the Mdhyamaka, Yogcra, and Buddha-nature (Tathgatagarbha) teachings. Mahayana is today the dominant form of Buddhism in East Asia and Tibet.","భారతీయ బౌద్ధులలో మహాయాన కొంత సమయం వరకు అల్పసంఖ్యాక వర్గంగా ఉండిపోయింది, నెమ్మదిగా ఎదిగుతూ, 7వ శతాబ్ద సమయానికి భారతదేశంలో షువాంగ్జాంగ్ ఎదుర్కొన్న బిక్షువులలో దాదాపుగా సగం మంది మహాయనులే అయ్యారు."
"Many lowland Sinhalese converted to Christianity due to missionary campaigns by the Portuguese while the coastal Moors were religiously persecuted and forced to retreat to the Central highlands. The Buddhist majority disliked the Portuguese occupation and its influences, welcoming any power who might rescue them. When the Dutch captain Joris van Spilbergen landed in 1602, the king of Kandy appealed to him for help.","డచ్ నాయకుడు జోరిస్ వాన్ స్పీల్బర్గిన్ 1602 లో చేరుకున్నపుడు, క్యాండీ రాజు అతని సహాయం కోసం విజ్ఞప్తి చేసుకున్నాడు."
"Reflected an attempt to introduce controversial notions and a disregard to the Code of Conduct for Special Procedures Mandate-holders as outlined in Human Rights Council resolution 8/4. She expressed alarm at the reinterpretation of existing human rights instruments, principles and concepts. The report also selectively quoted general comments and country-specific recommendations made by treaty bodies and propagated controversial and unrecognized principles, including the so-called Yogyakarta Principles, to justify his personal opinion.","అతడి వ్యక్తిగత అభిప్రాయాన్ని సమర్ధించడానికి, ఒప్పంద సంస్థలు చేసిన సాధారణ వ్యాఖ్యలలో , దేశ-నిర్దిష్ట సూచనలలో నుండి కూడా అనుకూలమైనవి ఎంచుకొని ఉటంకించి, యోగ్యకర్త నియమాలు అనబడే వాటితో సహా వివాదాస్పదమైన మరియు గుర్తించబడని నియమాలను ఆ నివేదిక ప్రచారం చేసింది."
"Roy Tseng, drawing on the New Confucians of the twentieth century, argues that Confucianism and liberal democracy can enter into a dialectical process, in which liberal rights and voting rights are rethought into resolutely modern, but nonetheless Confucian ways of life. This synthesis, blending Confucians rituals and institutions with a broader liberal democratic frame, is distinct from both Western-style liberalism which, for Tseng, suffers from excessive individualism and a lack of moral vision and from traditional Confucianism which, for Tseng, has historically suffered from rigid hierarchies and sclerotic elites. Against defenders of political meritocracy, Tseng claims that the fusion of Confucian and democratic institutions can conserve the best of both worlds, producing a more communal democracy which draws on a rich ethical tradition, addresses abuses of power, and combines popular accountability with a clear attention to the cultivation of virtue in elites.","కన్ఫ్యూషియన్ ఆచారాలు మరియు విస్తృత ఉదారవాద ప్రజాస్వామ్య చట్రం కలిగిన సంస్థల ఈ సంయోజనం అనేది సెంగ్ అభిప్రాయం ప్రకారం, మితిమీరిన వ్యక్తివాదం మరియు నైతిక దృష్టి లోపానికి గురైన పాశ్చాత్య శైలి ఉదారవాదం, అలాగే ధృడమైన వర్గశ్రేణి మరియు కరుడుకట్టిన ఉన్నతశ్రేణుల వల్ల ప్రభావితమైన సంప్రదాయ కన్ఫ్యూషియనిజం, రెండిటికీ భిన్నమైనది."
Sikhism does not regard fasting as a spiritual act. Fasting as an austerity or as a mortification of the body by means of willful hunger is discouraged in Sikhism. Sikhism encourages temperance and moderation in food i.e. neither starve nor over-eat.,"సిక్కు మతం స్వయం నియంత్రణ మరియు మితాహారాన్ని ప్రోత్సాహిస్తుంది, అనగా పస్తులుండరాదు, అతిగానూ తినరాదు."
"Some Bhajans are centuries old, popular on a pan-regional basis, passed down as a community tradition, while others are newly composed. Everyone in the Hindu tradition are free to compose a Bhajan with whatever ideas or in praise of any deity of their wish. But since they are sung, they typically follow meters of classical Indian music, the raga and the tala to go with the musical instruments.","కొన్ని భజనలు శతాబ్దాల నాటివి, అన్ని ప్రాంతాలలో ప్రసిద్ధికెక్కినవి, మరియు సంఘ పరంపరాగతంగా అందిపుచ్చుకున్నవి కాగా, మిగిలినవి కొత్తగా రచించబడినవి."
"Ten years (of reign) having been completed, King Piodasses (Ashoka) made known (the doctrine of) Piety (, Eusebeia) to men; and from this moment he has made men more pious, and everything thrives throughout the whole world. And the king abstains from (killing) living beings, and other men and those who (are) huntsmen and fishermen of the king have desisted from hunting. And if some (were) intemperate, they have ceased from their intemperance as was in their power; and obedient to their father and mother and to the elders, in opposition to the past also in the future, by so acting on every occasion, they will live better and more happily.","ఎవరైనా విచ్చలవిడిగా (ఉండి) ఉంటే, గతానికి అలాగే భవిష్యత్తుకు విరుద్ధంగా తమ శక్తి కొద్దీ వారు తమ విచ్చలవిడితనాన్ని మానుకొని, వారి తల్లిదండ్రుల పట్ల, పెద్దల పట్ల విధేయత కలిగి ఉంటారు, ప్రతీ సందర్భంలో అలా ప్రవర్తించడం ద్వారా వారు మెరుగ్గా, మరింత సంతోషంగా జీవిస్తారు."
"The Guru Granth Sahib starts with Japji Sahib, while Dasam Granth starts with Jaap Sahib also called Japu Sahib. Guru Nanak is credited with the former, while Guru Gobind Singh is credited with the latter. The Jaap Sahib, unlike Japji Sahib, is composed in Braj bhasha, Sanskrit and Arabic, and with 199 stanzas, is longer than Japji Sahib.","గురు గ్రంథ్ సాహిబ్ జప్జీ సాహిబ్ తో ఆరంభమవగా, దశం గ్రంథ్ జపు సాహిబ్ అని కూడా పిలవబడే జాప్ సాహిబ్ తో ఆరంభమవుతుంది."
"The Muslim clergy in Romania includes imams, imam-hatips, and muezzins. As of 2008, the Ministry of Culture and Religious Affairs recognizes 35 imams. The Constana Mufti, who is the community's main representative, is elected by a secret ballot from among the imams.","ఆ వర్గానికి ప్రధాన ప్రతినిధి అయిన కోంస్టానా ముఫ్తీ, రహస్య ఓట్ల ద్వారా ఇమామ్ల మధ్య నుండి ఎన్నుకోబడతాడు."
"The doctrine exists in Hinduism and Buddhism, but is most highly developed in Jainism. The theological basis of non-violence as the highest religious duty has been interpreted by some Jain scholars not to ""be driven by merit from giving or compassion to other creatures, nor a duty to rescue all creatures"", but resulting from ""continual self-discipline"", a cleansing of the soul that leads to one's own spiritual development which ultimately affects one's salvation and release from rebirths. Jains believe that causing injury to any being in any form creates bad karma which affects one's rebirth, future well-being and causes suffering.","అత్యున్నత మతపరమైన విధిగా అహింసకు వేదాంతపరమైన ఆధారం అనేది కొంతమంది జైన పండితులచే ఇలా అన్వయించబడింది, ""మిగతా ప్రాణులకు ఇవ్వడం లేదా వారి పట్ల కరుణ చూపించడం లేదా అన్ని ప్రాణులను రక్షించే కర్తవ్యం నుండి వచ్చే పాత్రత కారణంగా స్ఫూర్తి పొందకూడదు,"" కేవలం ""నిరంతర స్వీయ-క్రమశిక్షణ"" నుండి తమ ఆధ్యాత్మిక పురోగతికి దారితీసే ఆత్మ శుద్ధి నుండి రావాలి, అది తుదకు వారి మోక్షాన్ని ప్రభావితం చేసి, పునర్జన్మల నుండి విడుదల చేస్తుంది."
"The early Sikh sects were Udasis and Minas founded by Sri Chand the elder son of Guru Nanak, and Prithi Chand the elder son of Guru Ram Das respectively, in parallel to the official succession of the Sikh Gurus. Later on Ramraiya sect grew in Dehradun with the patronage of Aurangzeb. Many splintered Sikh communities formed during the Mughal Empire era.",ముఘల్ సామ్రాజ్య శకంలో ఎన్నో చీలిపోయిన సిక్కు సంఘాలు ఏర్పడ్డాయి.
"The historian Peter Jackson explains in The New Cambridge History of Islam: ""The elite of the early Delhi sultanate comprised overwhelmingly first generation immigrants from Persia and Central Asia: Persians (Tjks), Turks, Ghrs and also Khalaj from the hot regions (garmsr) of modern Afghanistan. The Alai era saw the overthrow of the old nobility of early Mamluk rule. The backbone of the Turkic elite was broken as their wealth in Delhi was confiscated by Nusrat Khan Jalesari, after which a new heterogeneous Indo-Muslim nobility emerged in the Delhi Sultanate.",అలై శకంలో మాంలుక్ పరిపాలన యొక్క తొలినాటి పురాతన ప్రభువుల తొలగింపు జరిగింది.
The religious structure is called gurdwara (a place where the Guru dwells). The word gurdwara is a compound of guru (guide or master) and dwara (gateway or seat). The Golden Temple in Amritsar and Hazur Sahib are examples.,అమృత్సర్ లోని స్వర్ణ దేవాలయం మరియు హజూర్ సాహిబ్ ఉదాహరణలు.
"The roots of the Sikh tradition are, states Louis Fenech, perhaps in the Sant-tradition of India whose ideology grew to become the Sikh religion. Fenech states, ""Indic mythology permeates the Sikh sacred canon, the Guru Granth Sahib and the secondary canon, the Dasam Granth and adds delicate nuance and substance to the sacred symbolic universe of the Sikhs of today and of their past ancestors"". However, most historians do not see evidence of Sikhism as simply an extension of the Bhakti movement.","""సిక్కుల పవిత్ర నియమాల సంగ్రహం అయిన గురు గ్రంథ సాహిబ్ మరియు రెండోస్థాయి నియమాల సంగ్రహం అయిన దాసం గ్రంథాలలో భారతీయ పురాణగాధలు వ్యాపించి, నేటి సిక్కుల మరియు వారి పూర్వీకుల యొక్క పవిత్ర ప్రతీకాత్మక విశ్వానికి సున్నితమైన స్వల్పభేదాన్ని మరియు విషయాన్ని జోడిస్తాయి,"" అని ఫెనెక్ తెలియజేస్తారు."
"The schools of Buddhism told stories of the origin of their own particular school. These narratives function like creation myths, explaining how the school came to be, and why it has a special authority to convey the Buddha's teaching. Unlike the pan-sectarian myths of the Buddha's life or the Jtakas, these exist specifically to promote one's own school in relation to contemporary rivals.","ఈ వ్యాఖ్యానాలు సృష్టి పురాణాలుగా పని చేస్తూ, ఈ ఆలోచనా విధానం ఎలా వచ్చింది మరియు బుద్ధుడి బోధనలను తెలియజేసేందుకు దానికి ప్రత్యేక ప్రామాణికత ఎందుకు ఉంది అనేది వివరిస్తాయి."
"The varna system is propounded in revered Hindu religious texts, and understood as idealised human callings. The Purusha Sukta of the Rigveda and Manusmriti's comment on it, being the oft-cited texts. Counter to these textual classifications, many revered Hindu texts and doctrines question and disagree with this system of social classification.","ఈ పాఠాంతర వర్గీకరణకు విరుద్ధముగా, ఎన్నో పూజ్య హిందూ గ్రంథాలు మరియు సిద్ధాంతాలు ఈ సాంఘిక వర్గీకరణ వ్యవస్థతో విభేదించి ప్రశ్నించాయి."
There are dozens of independent Islamic societies in Finland. The oldest one is Finnish Islamic Association which was established in 1925. It has about 700 members of whom all are Tatars.,1925 లో స్థాపించబడిన ఫిన్నిష్ ఇస్లామిక్ అసోసియేషన్ అన్నింటిలోకి అత్యంత పురాతనమైనది.
"Though rare, women can even become spiritual leaders or marabouts within the brotherhood. The Mourides have had one female marabout, Sokhna Magat Diop, who inherited her father's position. Qadiriyya women have also attained the position of marabout.","మౌరైడ్లకు, సోఖ్న మేగత్ డ్యోప్ అనే ఒక మహిళా మతబోధకురాలు ఉండేది, ఆమె తన తండ్రి యొక్క స్థానాన్ని వారసత్వంగా అందుకుంది."
"To be considered as a nun, one must have the economic means to afford the convent dowry. During this time convent dowries were affordable, compared to secular marriages between a man and a woman. Typically during early modern Spain many nuns were from elite families who had the means to afford the convent dowry and ""maintenance allowances"", which were annual fees.","సాధారణంగా, ఆధునిక స్పెయిన్ తొలినాళ్లలో, చాలా మంది నన్‌లు వార్షిక రుసుములు అయిన కాన్వెంట్ రుసుము, మరియు ""నిర్వహణ భత్యాల"" ను భరించగలిగే వనరులు కలిగిన సంపన్న కుటుంబాలకు చెందిన వారు."
"Traditional stories, rituals, and taboos of the Inuit are often precautions against dangers posed by their harsh Arctic environment. Knud Rasmussen asked his guide and friend Aua, an angakkuq (spiritual healer), about Inuit religious beliefs among the Iglulingmiut (people of Igloolik) and was told: ""We don't believe. We fear."" Authors Inge Kleivan and Birgitte Sonne debate possible conclusions of Aua's words, because the angakkuq was under the influence of Christian missionaries, and later he even converted to Christianity.","ఇనువిట్ కి చెందిన సాంప్రదాయక గాథలు, ఆచారాలు, మరియు నిషేధాలు తరచూ వారి ఉత్తరధ్రువప్రాంత కఠిన వాతావరణం కలిగించే ప్రమాదాలకు ముందు జాగ్రత్తలు."
"Walisongo also use the term ""Sembahyang"" (worshipping Sang Hyang Taya in Kapitayan) in introducing the term of ""Shalat"" in Islam. In term of places for worship or praying, Walisongo also using the term Sanggar in Kapitayan, which represents a four-square building with an empty hole on its wall as the symbol of Sang Hyang Taya in Kapitayan, not arca or statues as in Hindu or Buddhism. This term of place for praying or worshipping in Kapitayan also used by Walisongo by the name ""Langgar"" represents the term of Masjid in Islam"".","ఆరాధన లేదా ప్రార్థన స్థలాల పరంగా, కపిటాయన్‌ లో, సంగర్ అనే పదాన్ని కూడా వాలిసోంగో ఉపయోగిస్తారు, ఇది హిందూ మతం లేదా బౌద్ధమతంలో మాదిరిగా గోపురాలు లేదా విగ్రహాలు కాకుండా కపిటాయన్‌ లోని సంగ్ హయాంగ్ తయాకు చిహ్నంగా దాని గోడలో ఒక ఖాళీ రంధ్రం గల నాలుగు మూలల చతురస్ర భవనాన్ని సూచిస్తుంది."
"adultery is considered immoral by christians and a sin, based primarily on passages like exodus 20:14 and 1 corinthians 6:910. although 1 corinthians 6:11 does say that ""and that is what some of you were. but you were washed"", it still acknowledges adultery to be immoral and a sin.","క్రైస్తవమతం,ముఖ్యంగా ఎక్సోడస్ 20:14 మరియు 1 కొరింతియన్స్ 6:910 ప్రకారం వ్యభిచారాన్ని అనైతికం మరియు పాపాత్మకంగా చూస్తుంది."
"obama is a protestant christian whose religious views developed in his adult life. he wrote in the audacity of hope that he ""was not raised in a religious household."" he described his mother, raised by non-religious parents, as being ""detached from religion"", yet in many ways the most ""spiritually awakened person"" i have ever known, and as a ""lonely witness for secular humanism"". he described his father as a ""confirmed atheist"" by the time his parents met, and his stepfather as ""a man who saw religion as not particularly useful."" obama explained how, through working with black churches as a community organizer while in his twenties, he came to understand ""the power of the african-american religious tradition to spur social change.""","లౌకికవాద తలిదండ్రుల పెంపకంలో ఎదిగిన తన తల్లిని అతను,""మతానికి అతీతమని"", అయిననూ, తాను యెరిగిన, ఎన్నో విధాలా అత్యంత ""ఆధ్యాత్మిక స్పృహ గల వ్యక్తి"", మరియు ""లౌకిక మానవతావాదానికి ఏకైక సాక్షిగా"" అభివర్ణించాడు."
"sanatkumara states that narada, with the worldly knowledge, has so far focussed on name. adore and revere the worldly knowledge asserts sanatkumara in section 7.1 of the upanishad, but meditate on all that knowledge as the name, as brahman. narada asks sanatkumara to explain, and asks what is better than the worldly knowledge.","ప్రాపంచిక జ్ఞానాన్ని పూజించి గౌరవించాలి, కాని ఆ సమస్త జ్ఞానాన్ని బ్రహ్మన్ పేరున ధ్యానం చేయాలి అని ఉపనిషత్తులోని 7.1 విభాగంలో సనత్ కుమార వక్కాణిస్తారు."
"the mantras are from the taittiriya upanishad, shikshavalli i.11.2, which says: matrudevo bhava, mitradevo bhava, pitrudevo bhava, putradevo bhava, acharyadevo bhava, atithidevo bhava. it literally means ""be one for whom the mother is god, be one for whom the friend is god, be one for whom the father is god, be one for whom the child is god, be one for whom the teacher is god, and be one for whom the guest is god"". matrudevah, mitradevah, pitrudevah, putradevah, acharyadevah, and atithidevah are one word each, and each one is a bahuvrihi samasta-pada.","ఈ మంత్రాలు తైత్తిరీయోపనిషత్తు,ఒకటవ శిక్షావల్లి 11.2 లోనివి,ఇది: మాతృదేవో భవ, మిత్రదేవో భవ, పితృదేవో భవ, పుత్రదేవో భవ, ఆచార్యదేవో భవ, అతిథిదేవో భవ అని చెబుతోంది."
"A single athlete, Norman Pritchard, represented India in the 1900 Olympics, winning two silver medals. India sent its first national team to the Olympics in 1920, and has participated in every Summer Olympic Games ever since. India has also competed at several Winter Olympic Games since 1964.","1920 లో భారత్ తొలి జాతీయ జట్టుని ఒలింపిక్స్ కి పంపింది, ఇక అప్పటి నుండి ప్రతీ వేసవి ఒలింపిక్ క్రీడలలో పాల్గొంటూ ఉంది."
"Air guns come in both long gun (air rifle) and handgun (air pistol) forms. Both types typically propel metallic projectiles that are either diabolo-shaped pellets or spherical shots called BBs, although in recent years Mini ball-shaped cylindro-conoidal projectiles called slugs are gaining more popularity. Certain types of air guns (usually air rifles) may also launch fin-stabilized projectile such as darts (e.g., tranquilizer guns) or hollow-shaft arrows (so-called ""airbows"").",గాలి తుపాకీలు అనేవి పొడవాటి తుపాకీ (గాలి రైఫిల్) మరియు చేతి తుపాకీ (గాలి పిస్టల్) అనే రెండు రూపాలలో వస్తాయి.
"Anju Bobby George made history when she won the bronze medal in Women's long jump at the 2003 World Championships in Athletics in Paris. With this achievement, she became the first Indian athlete ever to win a medal in a World Championships in Athletics jumping 6.70 mll 2010 Milkha Singh was the only athlete to win an individual gold medal at a Commonwealth Games but at 2010 Commonwealth Games, Krishna Punia created history by winning the Women's discus throw gold medal for India after 52 years and as first woman to win a gold in athletics at Commonwealth Games. In the same edition of Commonwealth games Manjeet Kaur, Sini Jose, Ashwini Akkunji & Mandeep Kaur won the Women's 4 400 m (Relay) gold medal.","కామన్వెల్త్ క్రీడలలో వ్యక్తిగత స్వర్ణ పతకం గెలుచుకున్న ఏకైక క్రీడాకారుడు మిల్ఖా సింగ్ ఉండేవారు, కానీ 2010 కామన్వెల్త్ క్రీడలలో, 52 ఏళ్ల తరువాత కృష్ణ పునియా భారత్కు మహిళల డిస్కస్ త్రోలో స్వర్ణ పతకం గెలిచి, కామన్వెల్త్ క్రీడలలో అథ్లెటిక్స్ లో స్వర్ణం గెలిచిన తొలి మహిళగా చరిత్ర సృష్టించింది."
"Anju is married to Robert Bobby George, who is a former national champion in triple jump and her coach too. She is employed with the Customs department in Bangalore. The couple have a son Aaron and a daughter Andrea.","అంజుకి, ట్రిపుల్ జంప్‌లో మాజీ జాతీయ ఛాంపియన్ మరియు ఆమెకు కోచ్ కూడా అయిన రాబర్ట్ బాబీ జార్జ్‌తో వివాహం అయింది."
Any performance with a following wind of more than 2.0 metres per second is not counted for record purposes. Below is a list of wind-assisted jumps (equal or superior to 7.16 m). Only best assisted mark that is superior to legal best is shown:,యే ప్రదర్శనకయినా సెకనుకు 2.0 మీటర్ల కంటే అధికంగా అనుకూల దిశలో గాలి వీస్తూ ఉంటే అది రికార్డు ప్రయోజనానికి లెక్కించబడదు.
"As of 1 January 2010, men are only allowed to wear suits from the waist to the knees. They are also only permitted to wear one piece of swimwear; they cannot wear briefs underneath jammers. This rule was enacted after the controversy in the Beijing Olympics and Rome World Championships.","2010 జనవరి 1 నాటికి, పురుషులు కేవలం నడుము నుండి మోకాళ్ళ వరకు ఉండే సూట్‌లను మాత్రమే వేసుకోవడానికి అనుమతించబడతారు."
Bristol is represented by professional teams in all the major national sports. Bristol City and Bristol Rovers are the city's main football clubs. Bristol Bears (rugby union) and Gloucestershire County Cricket Club are also based in the city.,బ్రిస్టల్ బేర్స్ (రగ్బీ యూనియన్) మరియు గ్లౌసెస్టర్‌షైర్ కౌంటీ క్రికెట్ క్లబ్ కూడా ఈ నగరం ఆధారితంగా ఉన్నాయి.
"Feng Tianwei, a Chinese-born player representing Singapore, has medaled in three Olympic table tennis events, more medals than native Singaporeans have won in all other sports combined (two). These successes have been somewhat controversial in Singapore. In 2014, Singapore Table Tennis Association's president Lee Bee Wah quit over this issue; her successor, Ellen Lee, later favored the application for citizenship of Zeng Jian, a China-born paddler.","2014 లో, ఈ విషయమై సింగపుర్ టేబుల్ టెన్నిస్ అసోసియేషన్ అధ్యక్షురాలు లీ బీ వా వైదొలిగారు; ఆమె ఉత్తరాధికారిణి ఎలెన్ లీ, ఆ తరువాత చైనాలో జన్మించిన పాడ్లర్ షెంగ్ జియాన్ పౌరసత్వ దరఖాస్తుకి సుముఖత వ్యక్తీకరించింది."
"From the 1920s, professional engineers took an interest in archery, previously the exclusive field of traditional craft experts. They led the commercial development of new forms of bow including the modern recurve and compound bow. These modern forms are now dominant in modern Western archery; traditional bows are in a minority.","గతంలో సంప్రదాయ చేతిపనుల నిపుణుల ప్రత్యేక అంశమైన విలువిద్యలో,1920ల నుండి, వృత్తిపరమైన ఇంజనీర్లు ఆసక్తి కనబరుస్తున్నారు."
"Historically, Argentina has had a strong showing within Auto racing. Juan Manuel Fangio was five times Formula One world champion under four different teams, winning 102 of his 184 international races, and is widely ranked as the greatest driver of all time. Other distinguished racers were Oscar Alfredo Glvez, Juan Glvez, Jos Froiln Gonzlez and Carlos Reutemann.","హ్వున్ మన్వల్ ఫంక్యో నాలుగు వివిధ బృందాల క్రింద, 184 అంతర్జాతీయ రేసుల్లో 102 టిని గలిచి, ఐదు సార్లు ఫార్ములా వన్ ప్రపంచ ఛాంపియన్గా నిలిచాడు, ఈ రోజు వరకు సర్వత్రా అత్యుత్తమ డ్రైవరుగా పరిగణించబడతాడు."
"In India, the Beighton Cup and the Aga Khan tournament commenced within ten years. Entering the Olympics in 1928, India won all five games without conceding a goal, and won from 1932 until 1956 and then in 1964 and 1980. Pakistan won in 1960, 1968 and 1984.","పదేళ్ళ లోపు, భారత్‌లో బైటన్ కప్ మరియు అగాఖాన్ టోర్నమెంట్లు ప్రారంభించబడ్డాయి."
"In May 2012, Deepika Kumari won her first World Cup individual stage recurve gold medal at Antalya, Turkey. She beat Korea's Lee Sung-Jin by six set points to four in the final. Later in 2012, she would go on to become world no.","2012 మేలో, టర్కీలోని అంటాల్యలో దీపికా కుమారి తన మొదటి వర్ల్డ్ కప్ వ్యక్తిగత స్టేజ్ రీకర్వ్ బంగారు పతకం గెలుచుకుంది."
"In November 2017, she filed a complaint of harassment against the senior officials at the state sports department where she was employed. She said that her salary was not paid for past two years and neither was her leave for subsequent games duly sanctioned by the authority. Addressed to Haryana's director of sports and youth affairs, she expressed her disagreement with the state which promised to provide her with necessary amenities to continue with her sport along with her job.","గత రెండేళ్లగా తనకు వేతనం చెల్లించబడలేదని, అలాగే తదుపరి ఆటలకు అధికారులు సరిగా సెలవులు మంజూరు చేయలేదని ఆమె అన్నారు."
"In the Games, ""Mr. Asia of 1951"" was also contested as the non-medal event. The contingents were judged on the basis of their physical development, looks, and personality. Parimal Roy of India won the event ahead of Mahmoud Namjoo of Iran, who won gold medal in the bantamweight category of weightlifting.","సంభావ్య పోటీదారులు వారి శారీరక ఎదుగుదల, స్వరూపం మరియు వ్యక్తిత్వాలను బట్టి అంచనా వేయబడ్డారు."
"In the final match, Indian team faced its traditional archrival Pakistani team. Match was scheduled on 15 March 1975. Ashok Kumar scored the all-important winning goal to achieve India's lone triumph in the World cup.",వరల్డ్ కప్ లో భారత్ ఏకైక విజయం సాధించడానికి అశోక్ కుమార్ గెలుపుకి కారణమైన అతి కీలక గోలు చేశాడు.
"In the women's freestyle 55kg category at the 2014 Commonwealth Games, Babita's first opponent in the quarter-finals was Kathryn Marsh of Scotland, whom she beat 92, 40 (classification points 4:1). Her opponent in the semi-finals was Louisa Porogovska of England whom she beat 20 (classification points 5:0) victory by fall (wrestling terminology). In the gold medal bout, she was up against Brittanee Laverdure of Canada whom she beat 50, 42 (classification points 3:1) to win the gold medal.","2014 కామన్వెల్త్ గేమ్స్ లో మహిళల 55 కేజీల ఫ్రీస్టైల్ విభాగంలో, క్వార్టర్ ఫైనల్సులో బబిత తన తొలి ప్రత్యర్థి అయిన స్కాట్ల్యాండ్ కు చెందిన కేథ్రిన్ మార్ష్ ను 92, 40 తో ఓడించింది (4:1 వర్గీకరణ పాయింట్లు)."
"Karate in India is administered by the Karate India Organization. India has produced many accomplished karatekas like Aniket Gupta, Deepika Dhiman, Sunil Rathee, Supriya Jatav and Gaurva Sindhiya. The 2015 Commonwealth Karate Games were held in Delhi, India.",2015 కామన్వెల్త్ కరాటే క్రీడా పోటీలు భారత్‌లోని ఢిల్లీలో నిర్వహించబడ్డాయి.
"Men and women have different weights for their throwing implements men's javelin is 800 grams compared to 600 for women, men's weight throw is 35 pounds compared to 20 for women, men's discus is 2 kilograms to women's 1, men's shot put is 16 pounds compared to 8 pounds for women, and men's hammer throw is also 16 pounds to the women's 8. Additionally, men's high hurdles are at height of 42 inches compared to women's hurdles which are 33 inches. For the intermediate hurdles (400 meter hurdles), the men's hurdle height is 36 inches compared to 30 inches for women.","మహిళలు, పురుషులు విసిరే సాధనాలు వేరువేరు బరువులు కలిగి ఉంటాయి: పురుషుల జావెలిన్ 800 గ్రాములతో పోల్చితే మహిళలది 600 ఉంటుంది, పురుషుల వైట్ త్రో 35 పౌన్లతో పోలిస్తే మహిళది 20 ఉంటుంది, పురుషుల డిస్కస్ 2 కిలోగ్రాములతో పోలిస్తే మహిళలది 1 ఉంటుంది, పురుషుల 16 పౌన్ల షాట్ పుట్ తో పోలిస్తే మహిళలది 8 పౌన్లు ఉంటుంది, అలాగే పురుషుల 16 పౌన్ల హ్యామర్ త్రో పోలిస్తే మహిళలది 8 ఉంటుంది."
"Modi and Shah also sought to reduce Congress' hold over sports bodies in the state. Shah served as the president of the Gujarat State Chess Association. In 2009, he became the vice-president of the profitable Gujarat Cricket Association (GCA), while Modi served as its president.","2009లో, ఆయన లాభదాయకమైన గుజరాత్ క్రికెట్ అసోసియేషన్ (జిసిఎ)కు ఉపాధ్యక్షుడు అవ్వగా, మోడీ దాని అధ్యక్షుడిగా పనిచేసారు."
"Most triathlons are individual events. Another format is relay triathlons, where a team of competitors take turns to compete at a race; each competitor must do a segment of swimming, cycling and running. The World Triathlon Mixed Relay Championships began with two separate classifications for men and women.","రిలే ట్రైయాతలాన్స్ అనేది మరో విధానం, ఇందులో పోటీదారుల జట్టు వంతులవారీగా పందెములో పోటీపడతారు; ఒక్కొక్క పోటీదారు తప్పనిసరిగా ఈత కొట్టుట, సైకిల్ తొక్కుట మరియు పరుగు తీతలలో ఒక విభాగంలో పాల్గొనాల్సి ఉంటుంది."
"On the reserve day the Sri Lankans again batted first, scoring 222 runs including Mahela Jayawardene and Russel Arnold scoring 77 and 56 runs respectively, and Indian Zaheer Khan took three wickets for 44 runs. India scored 38 runs in 8.4 overs and the match was abandoned due to rain without result. According to ICC rules, an ODI match is only official after 25 overs are bowled to the side batting second.","ఐ. సి. సి. నియమాల ప్రకారం, తరువాత బ్యాటింగ్ చెసే పక్షానికి 25 ఓవర్లు బౌలింగ్ చేయబడిన తరువాతే ఒక ఓడిఐ మ్యాచ్ అధికారికం అవుతుంది."
"On the reserve day the Sri Lankans again batted first, scoring 222 runs including Mahela Jayawardene and Russel Arnold scoring 77 and 56 runs respectively, and Indian Zaheer Khan took three wickets for 44 runs. India scored 38 runs in 8.4 overs and the match was abandoned due to rain without result. According to ICC rules, an ODI match is only official after 25 overs bowled to the side batting second.","రిజర్వ్ డే నాడు ,శ్రీలంకన్లు మరలా తొలిగా బ్యాటింగ్ చేసి, మహేలా జయవర్ధనే, రసెల్ ఆర్నాల్డ్ వరుసగా 77, 56 పరుగులతో 222 పరుగులు చేయగా, భారతదేశ జహీర్ ఖాన్ 44 పరుగులకు మూడు వికెట్లు తీశాడు."
"On the senior circuit, Mirza started to show early success as she made her debut in April 2001 on the ITF Circuit as a 15-year-old. Her highlights of 2001 include a quarterfinals showing in Pune and a semifinal finish in New Delhi. As the 2002 season began, she turned around a season of early losses to winning three straight titles; her first in her hometown Hyderabad and the other two in Manila, Philippines.","సీనియర్ సర్క్యూట్లో, మిర్జా 2001 ఏప్రిల్లో ఐ. టి. ఎఫ్. సర్క్యూట్లో 15 ఏళ్ల వయస్కురాలిగా తొలి ఆట ఆడి ప్రారంభిక ప్రాబల్యం అగపరచడం ప్రారంభించింది."
"Originally, it was intended that the top ranked team in this CWC League 2 would be promoted to the next 2020-2023 ICC Cricket World Cup Super League at the expense of its 13th ranked team - if the League 2 team finished as the higher of the two in the 2023 Cricket World Cup Qualifier. The team ranked lower would then have played in the next edition of League 2. However, in November 2021 the ICC announced that there would not be a second edition of the Super League.","మొదట్లో, సిడబ్ల్యూసి రెండవ లీగ్ లో అగ్రస్థానంలో ఉన్న జట్టుని 2020-2023 ఐసిసి క్రికెట్ వరల్డ్ కప్ సూపర్ లీగ్ కి, రెండవ లీగ్ జట్టు 2023 క్రికెట్ వరల్డ్ కప్ క్వాలిఫైర్ లో, రెండు జట్లలో ఆధిక్యత సాధించితే దాన్ని13 వ స్థానంలోని జట్టుకి బదులు పంపించాలని ఉద్దేశించబడింది."
"Sania won a gold and bronze at the 17th Asian Games in Incheon, South Korea. She paired with Saketh Myneni to beat China's Hsien Yin Peng and Chan Hao-ching and win gold in the mixed doubles tournament. She also won a bronze medal in women's doubles tournament, where she paired with Prarthana Thombare.","ఆమె సాకేత్ మైనేనితో జతకట్టి చైనాకు చెందిన శియెన్ యిన్ పెంగ్, చాన్ హౌ-చింగ్ లను ఓడించి మిశ్రమ జోడు టోర్నమెంటులో స్వర్ణం గెలుగుచ్చుకున్నారు."
"Santhi's case has been contrasted with that of Caster Semenya of South Africa, also a middle-distance runner, who nearly lost the gold she won at the 2009 Berlin World Championship after she failed a similar gender test. Semenya's nation rallied around her to safeguard her dignity, her rights and position in world sports. She was also her country's flag-bearer at the London Olympics 2012.","సెమెన్య యొక్క దేశం ప్రపంచ క్రీడలలో ఆమె గౌరవం, ఆమె హక్కులు మరియు ఆమె స్థానాన్ని కాపాడటానికి ఆమె చుట్టూ కూడింది."
"She became the first woman to have swum across sea channels off five continents in 2005 including the Strait of Gibraltar, the Tyrrhenian Sea, Cook Strait, Toroneos Gulf (Gulf of Kassndra) in Greece, the Catalina Channel off the California coast, and from Three Anchor Bay to Robben Island near Cape Town, South Africa. She created a record for swimming the 30km track in 3 hours & 26 minutes. She is now is planning to establish a swimming academy in Kolkata.","2005లో ఐదు ఖండాలలోని సముద్ర జల మార్గాలగుండా, స్ట్రెయిట్ ఆఫ్ జిబ్రాల్టర్, ది టైరీనియన్ సీ, కుక్ స్ట్రెయిట్, గ్రీస్ లోని టోరోనియస్ గల్ఫ్ (గల్ఫ్ ఆఫ్ కసాండ్ర), కాలిఫోర్నియా తీరాన క్యాటలీనా ఛానెల్, మరియు దక్షిణాఫ్రికా, కేప్ టౌన్ సమీపాన త్రీ యాంకర్ బే నుండి రోబెన్ ఐలాండ్ వరకు ఈదిన మొదటి మహిళ అయ్యింది."
"She has won 22 medals in the National Championships, National Games and Federation Cups in India. She holds the national record of having most medals at senior level in National Championships for one state team. She is first woman Basketball player in India to represent the National team in one 2006 Commonwealth Games & two Asian Games 2010, 2014 respectively.",సీనియర్ స్థాయిలో ఒక రాష్ట్ర జట్టుకి జాతీయ ఛాంపియన్షిప్లో అత్యధిక పతకాలు కలిగి ఉన్న జాతీయ రికార్డు ఆమె సొంతం.
"She has won 22 medals in the National Championships, National Games and Federation Cups in India. She holds the national record of having most medals at senior level in National Championships for one state team. She is first woman Basketball player in India to represent the National team in one 2006 Commonwealth Games & two Asian Games 2010, 2014 respectively.","ఆమె 2006 లో ఒక కామన్‌వెల్త్‌ క్రీడలు మరియు 2010, 2014 లో వరుసగా రెండు ఆసియా క్రీడలలో జాతీయ జట్టుకి ప్రాతినిధ్యం వహించిన తొలి మహిళా బాస్కెట్ బాల్ క్రీడాకారిణి."
"Singh has won the Asian Tour Order of Merit twice. Meanwhile, Lahiri has two European Tour wins and seven Asian Tour wins. He qualified for the 2015 Presidents Cup.","మరోవైపు, లహిరి రెండు యురోపియన్ టూర్‌ విజయాలు మరియు ఏడు ఆసియన్ టూర్‌ విజయాలు కలిగి ఉన్నాడు."
"Soma Biswas (born 16 May 1978 in Ranaghat[1]) is an athlete who lives in Kolkata, India and who specialises in the heptathlon. She rose to fame when she won the silver medal in 2002 Asian Games in Busan, South Korea. She won another silver medal at the 2006 Asian Games in Doha.","ఆమె బూసాన్, దక్షిణ కొరియాలో 2002 ఆసియా క్రీడలలో రజత పతకం గెలిచి ప్రసిద్ధికెక్కింది."
"Tennis also became popular in France, where the French Championships date to 1891, although until 1925 they were open only to tennis players who were members of French clubs. Thus, Wimbledon, the US Open, the French Open and the Australian Open (dating to 1905) became and have remained the most prestigious events in tennis. Together, these four events are called the Majors or Slams (a term borrowed from bridge rather than baseball).","ఈ నాలుగు ఈవెంట్లను కలిపి, మేజర్స్ లేదా స్లామ్స్ అంటారు (ఈ పదం బేస్బాల్ కంటే కూడా బ్రిడ్జ్‌ నుండి అరువు తీసుకోబడినది)."
"The Olympic Flag was carried around the arena by eight former Australian Olympic champions: Bill Roycroft, Murray Rose, Liane Tooth, Gillian Rolton, Marjorie Jackson, Lorraine Crapp, Michael Wenden and Nick Green. During the raising of the Olympics Flag, the Olympic Hymn was sung by the Millennium Choir of the Greek Orthodox Archdiocese of Australia in Greek. Following this, Tina Arena sang a purpose-written pop song, The Flame.","ఒలింపిక్ పతాకాన్ని మైదానం చుట్టూ ఎనిమిది మంది ఆస్ట్రేలియా మాజీ ఒలింపిక్ ఛాంపియన్లు మోసుకు తిరిగారు: బిల్ రాయ్క్రాఫ్ట్, ముర్రే రోజ్, లియాన్ టూత్, గిలియన్ రాల్టన్, మార్జోరీ జాక్సన్, లోరైన్ క్రాప్, మైకేల్ వెన్డెన్ మరియు నిక్ గ్రీన్."
"The Triathlon made its Olympic debut with the women's race. Set in the surroundings of the Sydney Opera House, Brigitte McMahon representing Switzerland swam, cycled and ran to the first gold medal in the sport, beating the favoured home athletes such as Michelie Jones who won silver. McMahon only passed Jones in sight of the finish line.","సిడ్నీ ఒపెరా హౌస్ పరిసరాల్లో జరిగిన ఈ క్రీడలలో స్విట్జర్లాండ్ కి ప్రాతినిధ్యం వహించిన బ్రిజిట్ మెక్మహాన్ ఈత కొట్టి, సైకిల్ తొక్కి, పరుగు తీసి ఇందులో రజతం గెలుచుకున్నఅభీష్ట మైకేల్ జోన్స్ వంటి స్థానిక క్రీడాకారులను ఓడించి స్వర్ణ పతకం గెలుచుకుంది."
"The Triathlon made its Olympic debut with the women's race. Set in the surroundings of the Sydney Opera House, Brigitte McMahon representing Switzerland swam, cycled and ran to the first gold medal in the sport, beating the favoured home athletes such as Michelie Jones who won silver. McMahon only passed Jones in sight of the finish line.",మహిళల పోటీతో ట్రయాథ్లాన్ దాని ఒలింపిక్‌ ప్రవేశం చేసింది.
"The mascot for the Games was Appu a kid elephant. Known in real life as ""Kuttinarayanan"", this elephant fractured its leg in an accident when he was seven years old he stepped into a septic tank. That wound would not heal and it eventually killed him.","నిజం జీవితంలో ""కుట్టినారాయణన్"" అనే పేరు గల ఈ ఏనుగు ఏడేళ్ళ ప్రాయంలో విషజలతటాకములో అడుగు పెట్టి ఆ ప్రమాదంలో కాలు విరగకొట్టుకుంది."
"The modern tennis court owes its design to Major Walter Clopton Wingfield. In 1873, Wingfield patented a court much the same as the current one for his stick tennis (sphairistike). This template was modified in 1875 to the court design that exists today, with markings similar to Wingfield's version, but with the hourglass shape of his court changed to a rectangle.","1875 లో ఈ నమూనాను, వింగ్ఫీల్డ్ రూపాంతరణాన్ని పోలిన గుర్తులతో, ప్రస్తుతం వాడుకలోనున్న ఆట స్థల రూపానికి సవరించారు, కానీ ఇసుక గడియారం ఆకారములోని అతని ఆట స్థలాన్ని దీర్ఘ చతురస్రానికి మార్చారు."
"United States dominance in sprinting was matched in the longer track races by United Kingdom. Only George Orton, who won Canada's first Olympic title in the shorter of the two steeplechases, ruined a perfect record for the British. Orton won his title less than an hour after placing third in the 400 metre hurdles.",స్వల్ప దూర పరుగుపోటీలో యునైటెడ్ స్టేట్స్ యొక్క ఆధిక్యతను యునైటెడ్ కింగ్డమ్ సుదీర్ఘ పరుగుపోటీలలో సరి చేసింది.
"With this performance, India advanced to the Fed Cup Asia/Oceania Zone Group I for 2013. Mirza then played at the PTT Pattaya Open where she won her first WTA main draw match since the 2011 French Open coming from a set down to upset Ayumi Morita (ranked 47 spots higher). In second round she beat Anne Keothavong to enter in quarter-final, where she lost to Hsieh Su-wei.","రెండో రౌండ్లో, ఆమె అన్నే కియోతవాంగ్‌ను ఓడించి క్వార్టర్‌ఫైనల్‌లోకి ప్రవేశించింది, అక్కడ ఆమె హ్సీహ్ సు-వీ చేతిలో ఓడిపోయింది."
"henri rousseau's 1908 work joueurs de football shows two pairs of rugby players competing. other french artists to have represented the sport in their works include albert gleizes' les joueurs de football (1912), robert delaunay's football. l'quipe de cardiff (1916) and andr lhote's partie de rugby (1917).","ఈ క్రీడను తమ కళాఖండాలలో వర్ణించిన ఇతర ఫ్రెంచి కళాకారులు ఆల్బర్ట్ గ్లెజ్' లె జువర్స్ ది ఫుట్బాల్ (1912), రాబర్ట్ డెలూనే ఫుట్బాల్. లెకిప్ ది కార్డిఫ్ (1916), మరియు ఆండ్ర్ ల్హోట్ పార్టీ ది రగ్బీ (1917)."
Almost the entire street is occupied by fast food stalls or street vendors. It has nearly become a tradition that almost every prime minister of India has visited the street to eat paratha at least once. Other Indian cuisines are also available in this area even though the street specialises in north Indian food.:4050,ఈ వీధిలో ఉత్తర భారత ఆహారం ప్రత్యేకమైనప్పటికీ ఇతర భారతీయ వంటకాలు కూడా ఈ ప్రాంతంలో లభ్యమవుతాయి.
"Among Baku's cultural venues are Azerbaijan State Philharmonic Hall, Azerbaijan State Academic Opera and Ballet Theatre. The main movie theatre is Azerbaijan Cinema. Festivals include Baku International Film Festival, Baku International Jazz Festival, Novruz Festival, Gl Bayram (Flower Festival) and the National Theater Festival.","బాకూలోని సాంస్కృతిక వేదికలలలో కొన్ని ది అజర్బైజాన్ స్టేట్ ఫిలార్మోనిక్ హాల్, ది ది అజర్బైజాన్ స్టేట్ అకడెమిక్ ఒపెరా, మరియు బ్యాలె థియేటర్."
"As much of Melanesia is unspoiled and untouched, natural sights are the biggest tourist attractions. From the reefs, lagoons and mountains of New Caledonia to the beaches in Fiji and Norfolk, much of the natural scenery is a unique sight in their own right. Vanuatu and the Solomon Islands are also nowhere near short in natural attractions; however, as both those countries get fewer tourists, the highlights of those areas are often underrated.","వనువాతు మరియు ది సోలోమన్ ఐలాండ్స్ కూడా సహజ ఆకర్షణలకు ఏమాత్రం తగ్గవు; అయినా, ఈ రెండు దేశాలకు పర్యాటకులు తక్కువగా వస్తున్నందున, ఆ ప్రాంతాల ప్రధానాకర్షణలు అంతగా ప్రసిద్ధి పొందలేదు."
"As of September 2016, there are nine crossing points on the boundary between Shenzhen and Hong Kong, among which six are land connections. From west to east these include the Shenzhen Bay Port, Futian Port, Huanggang Port, Man Kam To Port, Luohu Port and Shatoujiao Port. On either sides of each of these ports of entry are road and/or rail transportation.","2016 సెప్టెంబర్ నాటికి, షెన్‌జెన్, హాంగ్ కాంగ్‌ల మధ్య గల సరిహద్దు మీద దాటడానికి వీలు కల్పించే తొమ్మిది నిర్దిష్ట ప్రదేశాలు ఉన్నాయి, వాటిలో ఆరు భూ అనుసంధానాలు."
"Bengali vernacular architecture is noted for pioneering the bungalow. Bangladeshi villages consist of thatched roofed houses made of natural materials like mud, straw, wood and bamboo. In modern times, village bungalows are increasingly made of tin.","బంగ్లాదేశీ గ్రామాలు, సహజ పదార్ధాలు అయిన మట్టి, ఎండుగడ్డి, కలప, మరియు వెదురుతో తయారైన పూరికప్పుగల ఇళ్ళు కలిగి ఉంటాయి."
"East Africa's dramatic landscapes - and the wildlife that inhabit them - are a major draw for East African tourists. This part of Africa is where you can find the quintessential savanna safari experience, venturing out in a Land Rover across the plains to scout lions, cheetahs and elephants. The Maasai Mara and Amboseli National Park in Kenya, and Ngorongoro Crater and Serengeti National Park in Tanzania are very popular locations for game drives, offering the visitor the chance to spot the vaunted ""Big Five"" (lions, leopards, elephants, rhinos and buffaloes).","ఆఫ్రికాలోని ఈ భాగంలోనే మీరు సర్వోత్కృష్టమైన సవానా పచ్చికబయళ్ళ సఫారీని అనుభూతి పొందవచ్చు, ఒక ల్యాండ్ రోవర్ లో సాహస ప్రయాణం చేస్తూ ఈ బయళ్ళగుండా సింహాలు, చిరుతలు మరియు ఏనుగులను కనుగొనవచ్చు."
Felis tigris was the scientific name used by Carl Linnaeus in 1758 for the tiger. It was subordinated to the genus Panthera by Reginald Innes Pocock in 1929. Bengal is the traditional type locality of the species and the nominate subspecies Panthera tigris tigris.,1929లో రెజినాల్డ్ యినేజ్ పోకక్ దీనిని పాన్థ్యరా ప్రజాతి క్రిందికి చేర్చారు.
"From Tezpur you can hire a private cab for anything between ₹600-800. Budget travelers can take a shared taxi to Balipara, around 20 km from the Tezpur ASTC (bus stand), for ₹15 per head. From Balipara, there are another 15 km - you can either take Itanagar-Bomdila bus that passes through Balipara around 11AM to drop you on the Nameri bus stop (you will see ""Bhalukpong 22 km"" milestone there) or can negotiate with one of the numerous shared taxis for a drop on Nameri bus stop. A dusty road leads to the park, and no public transport runs in this stretch of 2.3 km.","బలిపారా నుండి, మరొక 15 కి. మి. లు ఉంటుంది- మీరు ఇటానగర్ - బోండిలా బస్ ఎక్కితే సుమారు ఉ. 11 గం. కు బలిపారా దాటుకుంటూ మిమ్మల్ని నమెరి బస్ స్టాప్ వద్ద దించుతుంది (మీకు అక్కడ ""భలుక్పోంగ్ 22 కి. మి."" అనే మైలురాయి కనపడుతుంది) లేదా అనేక షేరింగ్ ట్యాక్సీలలో ఒకదాన్ని నమెరి బస్ స్టాప్ వద్ద దించడానికి బేరమాడుకోవచ్చు."
"Goa has two World Heritage Sites: the Bom Jesus Basilica and churches and convents of Old Goa. The basilica holds the mortal remains of St. Francis Xavier, regarded by many Catholics as the patron saint of Goa (the patron of the Archdiocese of Goa is actually Saint Joseph Vaz). These are both Portuguese-era monuments and reflect a strong European character. The relics are taken down for veneration and for public viewing, per the prerogative of the Church in Goa, not every ten or twelve years as popularly thought and propagated.",గోవాలో గల రెండు ప్రపంచ వారసత్వ ప్రదేశాలు: బొమ్ జీసస్ బసిలిక మరియు ఓల్డ్ గోవాలోని చర్చీలు మరియు సన్యాసినుల మఠాలు.
"Grand Egyptian Museum (on the desert plateau of Giza, 2 km northwest of the Pyramids) is not open yet. The Grand Egyptian Museum is the long-awaited primary replacement for the venerable Egyptian Museum in Midan Tahrir, with much bigger exhibition, storage and workplace areas. It is supposed to open by the end of 2022; as of August 2020, it's reported as available for private tours in advance of its official opening for $250.","మిదాన్ తాహ్రిర్ లోని గణ్యమైన ఈజిప్షియన్ సంగ్రహాలయానికి బదులుగా మరింత పెద్ద ప్రదర్శన, భాండారం మరియు కార్యాలయ ప్రదేశాలతో ది గ్రాండ్ ఈజిప్షియన్ మ్యూజియం ఎన్నాళ్లగానో వేచి చూస్తున్నప్రాథమిక పునఃస్థాపనం."
Handicraft and small industries are also found such as Gwalior potteries. Gwalior is also an important historical and tourism sector of the country therefore the tourism sector also puts an effect into the city's economy. Gwalior trade fair is an annual trade fair showcasing the economy of Gwalior.,"గ్వాలియర్ దేశంలోని ఒక ముఖ్యమైన చారిత్రాత్మక పర్యాటక ప్రాంతం; అందువల్ల, పర్యాటక రంగం కూడా నగర ఆర్థిక వ్యవస్థమీద ప్రభావం చూపుతుంది."
"In 1652, Jan van Riebeeck established a resupply outpost at the Cape of Storms (the southwestern tip of Africa, now Cape Town, South Africa) to service company ships on their journey to and from East Asia. The cape was later renamed Cape of Good Hope in honour of the outpost's presence. Although non-company ships were welcome to use the station, they were charged exorbitantly.",తరువాత ఈ భూశిరమును ఈ బాహ్య సైనిక స్థావర ఉపస్థితి గౌరవార్థం కేప్ ఆఫ్ గుడ్ హోప్ అని పేరు మార్చడం జరిగింది.
"In the mid-1990s tourism surpassed sugar, long the mainstay of the Cuban economy, as the primary source of foreign exchange. Havana devotes significant resources to building tourist facilities and renovating historic structures. Cuban officials estimate roughly 1.6 million tourists visited Cuba in 1999 yielding about $1.9 billion in gross revenues.","1999 లో సుమారు 1 లక్ష 60 వేల మంది పర్యాటకులు క్యూబా సందర్శించారని, తద్వారా $1.9 బిలియన్ స్థూల ఆదాయం లభించిందని క్యూబా అధికారుల అంచనా."
"Kerala cuisine reflects its rich trading heritage. Over time, various cuisines have blended with indigenous dishes, while foreign ones have been adapted to local tastes. Significant Arab, Syrian, Portuguese, Dutch, Jewish, and Middle Eastern influences exist in this region's cuisine.","ఈ ప్రాంత వంటకాలలో గణనీయంగా అరబ్, సిరియా, పోర్చుగీస్, డచ్, యూదు, మరియు మధ్యప్రాచ్య ప్రభావాలు ఉంటాయి."
"Lonavla is a hill station in Maharashtra, and you cannot miss the hot masala chai or the vadapav (the vegetarian Indian burger containing a potato patty deep fried in chickpea flour batter as the filler). Try the hot bhajiyas along with masala chai. This is available at any of the major tourist spots. You also get hot corn at almost all of the tourist locations.","మహారాష్ట్రలోని లోనావలా ఒక పర్వతప్రాంత పట్టణం, ఇక ఇక్కడి వేడి మసాలా తేనీరు లేదా వడాపావ్ (బంగాళా దుంపల ముద్దని శనగపిండిలో ముంచి వేయించి మధ్యలో పూరకంగా పెట్టే శాఖాహార భారతీయ బర్గర్)ని అసలు వదులుకోలేరు."
"Madang is good for scuba diving of all levels,and the coral reefs are home to a variety of rare species of colourful fish. There are also underwater wrecks of Japanese fighter planes, with weapons and cargo intact. There are still-active volcanoes for trekkers to hike up not far from Madang.","మాదంగ్ అన్ని స్థాయిల స్కూబా డైవింగ్ కి అనువైనది, అలాగే ఈ పగడపు దిబ్బలు అరుదైన రంగురంగుల మత్స్యజాతులకు నెలవు."
"Many mountains in the easternmost parts of the continent are volcanic, and Indonesia and Kamchatka are indeed great destinations for volcanic tourism. Central Asia features steppe, which turns into desert when traveling south, and if you've always wanted to experience a desert environment, the Middle East is definitely a good choice. Another large desert is the Gobi at the borders of Mongolia and China. Finally, tropical Asia covering a part of East and most of South and Southeast Asia, where not cultivated or urbanized, is dominated by various kinds of tropical forests and thousands of beaches ranging from secluded paradise islands like the Maldives to some of the world's most popular beach resorts in Thailand.","చివరిగా, ఉష్ణమండల ఆసియాలో, తూర్పు ఆసియాలో కొంత భాగంలో మరియు దక్షిణ, ఆగ్నేయాసియా లో దాదాపు చాలా వరకు, సాగుబడి లేదా నగరీకరణ జరగక, అలాగే మాల్దీవులు వంటి ఏకాంత స్వర్గ ద్వీపాల నుండి థాయిలాండ్ లోని కొన్ని ప్రపంచ ప్రసిద్ది పొందిన సముద్రతీర ఉల్లాస ప్రదేశాల వరకు వేలాది సముద్రతీర ప్రాంతాలలో వివిధ రకాల ఉష్ణమండల వనాలు వ్యాపించి ఉన్నాయి."
"Many mountains in the easternmost parts of the continent are volcanic, and Indonesia and Kamchatka are indeed great destinations for volcanic tourism. Central Asia features steppe, which turns into desert when traveling south, and if you've always wanted to experience a desert environment, the Middle East is definitely a good choice. Another large desert is the Gobi at the borders of Mongolia and China. Finally, tropical Asia covering a part of East and most of South and Southeast Asia, where not cultivated or urbanized, is dominated by various kinds of tropical forests and thousands of beaches ranging from secluded paradise islands like the Maldives to some of the world's most popular beach resorts in Thailand.","ఈ ఖండంలోని సుదూర తూర్పు భాగాలలో పర్వతాలలో అనేకం అగ్ని పర్వతాలు, అలాగే ఇండొనేషియా మరియు కంచాత్కా అగ్నిపర్వత పర్యాటనకు నిజంగా గొప్ప గమ్యస్థానాలు."
"Meghalayan cuisine is unique and different from other Northeastern Indian states. Spiced meat is common, from goats, pigs, fowl, ducks, chickens, and cows. In the Khasi and Jaintia Hills districts, common foods include jadoh, ki kpu, tung-rymbai, and pickled bamboo shoots.",మేఘాలయ వంటకాలు విలక్షణమైనవి మరియు ఇతర ఈశాన్య భారత రాష్ట్రాలకు భిన్నమైనవి.
"Mumbai has a zoo named Jijamata Udyaan (formerly Victoria Gardens), which also harbor's a garden. The rich literary traditions of the city have been highlighted internationally by Booker Prize winners Salman Rushdie, Aravind Adiga. Marathi literature has been modernized in the works of Mumbai-based authors such as Mohan Apte, Anant Kanekar, and Gangadhar Gadgil, and is promoted through an annual Sahitya Akademi Award, a literary honor bestowed by India's National Academy of Letters.","బుకర్ పురస్కార విజేతలు సల్మాన్ రష్దీ మరియు అరవింద్ ఆడిగ, ఈ నగరానికి గల ఘన సాహితీ సాంప్రదాయాలను అంతర్జాతీయంగా ప్రముఖంగా పేర్కొన్నారు."
"Non-Cambodian visitors must purchase an Angkor Pass to enter Angkor Archaeological Park. 1-day (US$37), 3-day (US$62), or 7-day (US$72) passes are available (prices as of Nov 2022). Until the end of 2022, 1-day passes are valid for 2 days, 3-day for 5 days, and 7-day for 10 days. You can pay by credit card or by cash (US dollars or riel, though the exchange rate provided isn't attractive: 156,000 riel for the 1-day pass in 2018).",ఆంగ్‌కార్ ఆర్కియలాజికల్ పార్క్ లోకి ప్రవేశానికి కంబోడియా వాసులు కాని సందర్శకులు ఆంగ్‌కార్ పాస్ కొనవలసి ఉంటుంది.
"Planning a trip to Walt Disney World puts you in good company; it is the flagship of Disney's worldwide theme park empire and is, by far, the most popular theme park resort in the world. Even amid numerous other attractions in and around Orlando, Florida, the Mouse House stands tall, the beacon that draws millions of tourists a year to the area. Some visitors describe it as a place of magic, wonder, and fantasy; others speak of fun, excitement, and relaxation; and still others complain of crowds, artifice, and unrelenting tackiness.","ఫ్లోరిడాలోని ఓర్లాండోలో మరియు చుట్టుపక్కల అనేక ఇతర ఆకర్షణల మధ్య ఉన్నా కూడా, మౌస్ హౌస్ లక్షల కొద్దీ పర్యాటకులను సంవత్సరానికి ఒకసారి ఈ ప్రాంతానికి ఆకర్షించే దీపస్తంభం వలె గర్వంగా నిలుస్తుంది."
"San Francisco Bay Ferry operates from the Ferry Building and Pier 39 to points in Oakland, Alameda, Bay Farm Island, South San Francisco, and north to Vallejo in Solano County. The Golden Gate Ferry is the other ferry operator with service between San Francisco and Marin County. SolTrans runs supplemental bus service between the Ferry Building and Vallejo.","శాన్ ఫ్రాన్సిస్కో బే ఫెర్రీ, ఫెర్రీ బిల్డింగ్ మరియు పియర్ 39 నుండి ఓక్లాండ్, అలమెడ, బే ఫామ్ ఐలాండ్, సౌత్ శాన్ ఫ్రాన్సిస్కోలోని స్థానాల వరకు, ఉత్తరాన సోలానో కౌంటీలోని వల్లేజో వరకు నడుపుతుంది."
"Sanskriti Museums are a set of three museums namely, Museum of Everyday Art, Museum of Indian Terracotta (tribal art) and Textile Museum. It is housed within Sanskriti Kendra complex, at Anandagram, an artist village complex, spread over eight acres, situated 10km south of New Delhi, near Aya Nagar on MehrauliGurgaon Road, on the outskirts of Delhi. The nearest Delhi Metro station is Arjan Garh, on the Yellow Line.",ఎలో లైన్ పైనున్న అత్యంత సమీప ఢిల్లీ మెట్రో స్టేషన్ అర్జన్ గఢ్ .
"Shared Sumos are available from Mawlong Haat, Barabazar in Shillong, for ₹70 per seat. Local taxis also travel to Cherrapunji, and give you the option of stopping at a few viewpoints and sights on the way from Shillong to Cherrapunji (Elephant Falls, Mawkdok Dympep Valley View and others), as well as visiting spots in Cherrapunji (the Mawsmai Cave, Cherrapunji Eco Park, the Nohsngithiang Falls or Seven Sister Falls). The cost is ₹1300 - ₹1500 for a 7 hour trip from Shillong to Cherrapunji and back.","చిరపుంజీకి స్థానిక ట్యాక్సీలు కూడా ప్రయాణిస్తాయి, వాళ్ళు మీకు షిల్లాంగ్ నుండి చిరపుంజీ వరకు మార్గమధ్యంలో కొన్ని వీక్షణా స్థలాలు మరియు ప్రదేశాల వద్ద (ఎలిఫెంట్ ఫాల్స్, మౌదోక్ దింపేప్ వ్యాలీ వ్యూ, మొ. వి), అలాగే చిరపుంజీలోని సందర్శనా స్థలాల (మాస్మై కేవ్, చిరపుంజీ ఈకో పార్క్, నోహస్గిథియాంగ్ ఫాల్స్, లేదా ది సెవెన్ సిస్టర్ ఫాల్స్) వద్ద ఆగేందుకు కూడా వీలు కల్పిస్తారు."
"The Grand Canyon is in northern Arizona, and is one of the great tourist attractions in the United States as well as one of the seven natural wonders of the world. The massive canyon encompasses several distinct areas, most famous of which is Grand Canyon National Park, a United States national park and a UNESCO World Heritage Site. Visitors to the national park have many options, including the remote North Rim; the more accessible (and therefore more crowded) South Rim; parts of the canyon, such as Phantom Ranch or the Colorado River, upon which many boating trips are made.","జాతీయ పార్కుకు వచ్చే సందర్శకులకు అనేక ఎంపికలు ఉంటాయి, సుదూరపు నార్త్ రిమ్‌; మరింత అందుబాటులో (కావున ఎక్కువ రద్దీగా ఉండే) సౌత్ రిమ్; ఫాంటమ్ రాంచ్ లేదా అనేక పడవలు నడిచే కొలరాడో నది వంటి లోయలోని భాగాలతో సహా."
"The Grand Canyon is in northern Arizona, and is one of the great tourist attractions in the United States as well as one of the seven natural wonders of the world. The massive canyon encompasses several distinct areas, most famous of which is Grand Canyon National Park, a United States national park and a UNESCO World Heritage Site. Visitors to the national park have many options, including: the remote North Rim; the more accessible (and therefore more crowded) South Rim; parts of the canyon, such as Phantom Ranch or the Colorado River, upon which many boating trips are made.",గ్రాండ్ కాన్యన్ ఉత్తర అరిజోనాలో ఉంది మరియు ఇది యునైటెడ్ స్టేట్స్‌లోని అతి గొప్ప పర్యాటక ఆకర్షణలలో ఒకటి అవటమే కాక ప్రపంచంలోని ఏడు సహజ వింతలలో ఒకటి.
The Hornbill Festival was launched by the Government of Nagaland in December 2000 to encourage inter-ethnic interaction and to promote cultural heritage of the state. Organized by the State Tourism Department and Art & Culture Department. Hornbill Festival showcases a mix of cultural displays under one roof.,"జాతుల మధ్య సంకర్షణని ప్రోత్సహించి, రాష్ట్ర సాంస్కృతిక వారసత్వానికి ప్రజాదరణను పెంచడానికి నాగాలాండ్ ప్రభుత్వం 2000 డిసెంబర్ లో ది హార్న్ బిల్ ఫెస్టివల్ ను ప్రారంభించింది."
"The JP Sarbath shop in Church street (near Muthupillai's restaurant) is the place where you can get fresh fruit juices and sarbads at relatively cheaper cost. The Seven Eleven juice shop in the Church street, also called as ""juice kadai"" by the native people, is a good hang out place. In Karaikal liquor is cheaper than in the neighbouring Tamil Nadu, there are quite a few decent bars in Karaikal- -the Niagra bar in the Nanda hotel -the Thunder bar in the paris international -the City bar - a very famous one in the town -The Sea Gulls Restaurant owned by the government of Pondicherry is at the sea shore and is good to hang out in the evenings.","చర్చ్ స్ట్రీట్ లో స్థానీకులు ""జూస్ కడాయి"" గా కూడా పిలుచుకునే ది సెవెన్ ఇలెవెన్ రసాల దుకాణం, కాలక్షేపానికి ఒక మంచి చోటు."
"The best dive sites in the Andamans are in remote locations and are impossible to get without a private yacht charter. The dive sites around Havelock are actually very ordinary by Andamans standards. The best diving in the Andamans is: Barren Island (an active volcano), Narcondam Island (an extinct volcano), Invisible Bank (an extensive seamount about 160 km southeast of Port Blair) and 4 spectacular but unnamed sea mounts off the west coast. There is also a good wreck dive just south of North Brother Island. There are a small number of companies that operate live aboard diving and adventure charters in the Andaman Islands. Be aware that many companies that advertise Andaman Islands trips have never been there before.","అండమాన్‌లలో డైవింగ్ కి ఉత్తమ ప్రదేశాలు సుదూర ప్రాంతాలలో ఉంటాయి, ప్రైవేటు చార్టర్ నావలు లేకుండా వాటిని చేరుకోవడం సాధ్యం కాదు."
"The centerpieces of Walt Disney World are the four theme parks: The Magic Kingdom, Epcot, Disney's Hollywood Studios, and Disney's Animal Kingdom. Walt Disney World also has two of the world's most popular water parks, Typhoon Lagoon and Blizzard Beach, both heavily themed. Two shopping and entertainment districts, Disney Springs and Disney's Boardwalk, provide plenty of opportunities for retail therapy and nighttime fun.","వాల్ట్ డిస్నీ వరల్డ్‌లోని ప్రధాన ఆకర్షణలు ది మేజిక్ కింగ్డమ్, ఎప్కాట్, డిస్నీ'స్ హాలీవుడ్ స్టూడియోస్, డిస్నీ'స్ ఆనిమల్ కింగ్డమ్ అనే నాలుగు అంశాలు గల పార్కులు."
"The cuisine mainly consists of food from two different sub-regions, Garhwal and Kumaon, though their basic ingredients are the same. Both Kumaoni and Garhwali styles make liberal use of ghee, lentils or pulses, vegetables and bhaat (rice). They also use badi (sun-dried urad dal balls) and mungodi (sun-dried moong dal balls) as substitutes for vegetables at times.",మౌలిక పదార్థాలు ఒకటే అయినప్పటికీ ఇక్కడి వంటకాలు ప్రధానంగా రెండు వేర్వేరు ఉపప్రాంతాలైన గడ్వాల్ మరియు కుమావ్ కి చెందిన ఆహారానివే.
"The highly productive Chilika Lagoon eco-system with its rich fishery resources sustains the livelihood for many fishermen who live in and near the lagoon. The water spread area of the lagoon ranges between 1165 and 906km2 during the monsoon and summer respectively. A 32km long, narrow, outer channel connects the lagoon to the Bay of Bengal, near the village Motto.","32 కిమీ పొడవైన, ఒక సన్నటి వెలుపలి పాయ ఈ సరస్సును మోత్తో గ్రామ సమీపంలో బంగాళాఖాతానికి కలుపుతుంది."
"The national language is Dzongkha (Bhutanese), one of 53 languages in the Tibetan language family. The script, locally called Chhokey (literally, ""Dharma language""), is identical to classical Tibetan. In Bhutan's education system, English is the medium of instruction, while Dzongkha is taught as the national language.","భూటాన్ విద్యా వ్యవస్థలో, బోధనా మాధ్యమం ఆంగ్లం కాగా జోంగ్కా ను జాతీయ భాషగా బోధించడం జరుగుతుంది."
"The principal gallery devoted to Asian art in the museum is Gallery 33 with its comprehensive display of Chinese, Indian subcontinent and Southeast Asian objects. An adjacent gallery showcases the Amaravati sculptures and monuments. Other galleries on the upper floors are devoted to its Japanese, Korean, painting and calligraphy, and Chinese ceramics collections.","ఈ సంగ్రహాలయంలో ఆశియా కళకు అంకితం చేయబడిన ప్రధాన ప్రదర్శనశాల గ్యాలరీ 33 , ఇది చైనా, భారత ఉపఖండం, మరియు ఆగ్నేయాసియా వస్తువులను సమగ్రంగా ప్రదర్శిస్తుంది."
"The rare and threatened animal species identified are green sea turtle (EN), dugong (VU), Irrawaddy dolphin (EN), blackbuck (NT), Spoon billed sandpiper (CR), Chilika limbless skink (CR) and fishing cat (VU). 24 mammalian species were reported. 37 species of reptiles and amphibians are also reported.","గుర్తించబడిన అరుదైన, ప్రమాదంలో ఉన్న జంతు జాతులు ఏవంటే ఆకుపచ్చ సముద్ర తాబేలు , దుగాంగ్, ఇరావడీ డాల్ఫిన్, క్రిష్ణ జింక, స్పూన్ బిల్డ్ శాండ్‌పైపర్ , చిలికా లింబ్లెస్ స్కింక్ , మరియు ఫిషింగ్ క్యాట్."
"The state has several beaches in its coastal districts such as Rushikonda, Mypadu, Suryalanka etc.; caves such as, Borra Caves, Indian rock-cut architecture depicting Undavalli Caves and the country's second longest caves- the Belum Caves. The valleys and hills include, Araku Valley, Horsley Hills, Papi Hills etc. Arma Konda peak located in Visakhapatnam district is the highest peak in Eastern Ghats.","ఈ రాష్ట్రంలోని తీరప్రాంత జిల్లాలలో ఋషికొండ, మైపాడు, సూర్యలంక మొదలైనటువంటి అనేక బీచ్‌లు ఉన్నాయి; బొర్రా గుహలు, భారతీయ నిర్మాణశైలిని చిత్రీకరిస్తూ రాతిని చెక్కి నిర్మించబడిన ఉండవల్లి గుహలు, దేశంలో రెండవ అత్యంత పొడవాటి గుహలైన బెలూం గుహలు వంటి గుహలు ఉన్నాయి."
"Virgin Australia provides two weekly flights to Christmas Island Airport from Perth, Western Australia. Garuda Indonesia conducts weekly open-charter flights from/to Jakarta, with bookings done through Christmas Island Travel Exchange. Malindo Air operate fortnightly open-charter flights from/to Kuala Lumpur, with bookings done through Evercrown Air Services.","గరుడ ఇండోనేషియా ప్రతీవారం బహిరంగ చార్టర్ విమానాలను జకార్తా నుండి/వరకు నడుపుతుంది, వీటికి టికెట్ల అమ్మకం క్రిస్మస్ ఐలాండ్ ట్రావెల్ ఎక్స్ఛేంజి ద్వారా జరుగుతాయి."
"Wildlife sanctuaries of India, are classified as IUCN Category IV protected areas. As of December 2020, 553 wildlife sanctuaries were established in India, covering 119,776 sq km (46,246sqmi). Among these, Project Tiger governs 51 tiger reserves, which are of special significance for the conservation of the Bengal tiger.","2020 డిసెంబర్ నాటికి, భారతదేశంలో 119,776 చ కిమీ (46,246 చమై) మేర విస్తరించిన 553 వన్యప్రాణుల అభయారణ్యాలు స్థాపించబడి ఉన్నాయి."
"the jp sarbath shop in church street (near muthupillai's restaurant) is the place where you can get fresh fruit juices and sarbads at relatively cheaper cost. the seven eleven juice shop in the church street, also called as ""juice kadai"" by the native people, is a good hang out place. in karaikal liquor is cheaper than in the neighbouring tamil nadu, there are quite a few decent bars in karaikal- -the niagra bar in the nanda hotel -the thunder bar in the paris international -the city bar - a very famous one in the town -the sea gulls restaurant owned by the government of pondicherry is at the sea shore and is good to hang out in the evenings.","పక్కన తమిళనాడు కన్నా కరైకల్లో మద్యం చవుక, కరైకల్ లో మంచి మదిరశాలలు చాలా ఉన్నాయి- నందా హోటల్ లోని నయాగరా బార్- ప్యారిస్ ఇంటర్నేషనల్ లోని థండర్ బార్- నగరంలోనే ప్రసిద్ధిగాంచిన సిటీ బార్- పాండిచ్చెరీ ప్రభుత్వ ఆధ్వర్యంలోని ది సీగల్స్ రెస్టారెంట్ సముద్రతీరాన ఉండి సాయంత్రవేళల కళాక్షేపానికి మంచిగా ఉంటుంది."
