Q0,Q1,Q2,Q3,Q4,Q5,Q6,Q7,Q8,Q9,Q10,Q11,Q12,Q13,Q14,Q15,Q16,Q17,Q18,Q19,Q20,Q21,Q22,Q23,Q24,Q25,Q26,Q27,Q28,Q29,Q30,Q31,Q32,Q33,Q34,Q35,Q36,Q37,Q38,Q39,Q40,Q41,Q42,Q43,Q44,Q45,Q46,Q47,Q48,Q49,Q50,Q51,Q52,Q53,Q54,Q55,Q56,Q57,Q58,Q59,Q60,Q61,Q62,Q63,Q64,Q65,Q66,assembly_code,literacy,rural_urban,interest,sex,age,immigrant,birth_country,family_size,language_at_home,marital_status,num_children,education,employment,occupation,employment_sector,sole_earner,social_class,religion,caste
4,2,2,3,3,1,2,2,4,2,3,3,1,1,1,2,1,3,9,3,1,3,1,1,1,5,1,5,1,6,1,8,1,1,1,1,1,5,3,1,1,1,1,7,1,5,1,2,1,1,1,3,1,2,1,1,2,2,1,2,3,1,356068,4,7,6,6,8046,1,2,1,1,63,1,356,6,1740,Married,3,Upper secondary education (ISCED 3),Self employed,"Sales (for example: sales manager, shop owner, shop assistant, insurance agent, buyer)",2,2,Lower middle class,Hindu,IN: Hindu (Scheduled Castes)
4,2,4,3,3,4,4,2,1,2,4,3,1,1,3,1,2,-1,7,2,1,1,1,1,1,5,5,1,3,1,1,1,1,1,5,6,5,10,5,1,1,1,4,6,1,5,1,2,1,1,2,3,4,1,2,1,-1,2,-1,2,3,2,356067,2,10,7,4,8008,1,2,1,2,68,1,356,10,1740,Widowed,4,Early childhood education (ISCED 0) / no education,Self employed,"Sales (for example: sales manager, shop owner, shop assistant, insurance agent, buyer)",2,2,Lower middle class,Hindu,IN: Hindu (Scheduled Castes)
3,2,3,2,1,1,1,2,1,2,3,3,1,2,1,1,1,3,8,3,1,4,1,1,1,4,1,1,6,8,1,6,1,1,1,1,1,6,1,1,1,1,1,1,1,2,1,2,1,1,1,1,3,1,2,1,2,2,1,4,3,3,356068,4,9,8,1,7216,1,1,1,1,58,1,356,3,490,Married,2,Post-secondary non-tertiary education (ISCED 4),Full time (30 hours a week or more),"Skilled worker (for example: foreman, motor mechanic, printer, seamstress, tool and die maker, electrician)",3,1,Lower class,Hindu,IN: General
4,2,2,2,1,1,1,2,1,2,2,2,1,2,1,1,1,1,6,2,10,10,10,10,10,10,10,8,10,2,10,10,10,10,6,10,10,8,10,10,10,10,10,10,1,1,1,2,2,1,-1,2,2,2,1,1,2,2,2,4,2,4,356067,4,9,6,2,7216,1,1,1,1,45,1,356,6,490,Married,0,Primary education (ISCED 1),Full time (30 hours a week or more),"Unskilled worker (for example: labourer, porter, unskilled factory worker, cleaner)",2,1,Working class,Hindu,IN: General
4,4,2,2,4,4,1,2,2,4,3,2,1,2,2,2,1,1,4,4,1,1,1,1,1,1,1,1,5,7,1,1,1,6,6,1,1,1,1,1,1,1,1,3,1,5,4,2,2,2,4,-1,7,-1,1,1,0,1,1,4,3,2,356115,4,7,2,3,7216,1,1,1,1,58,1,356,3,490,Married,1,Master or equivalent (ISCED 7),Full time (30 hours a week or more),"Clerical (for example: secretary, clerk, office manager, civil servant, bookkeeper",1,1,Lower middle class,Hindu,IN: General
4,3,2,4,1,1,1,-1,1,2,2,2,1,1,2,1,1,3,8,1,10,10,10,9,10,10,10,10,8,2,10,10,10,9,8,9,9,7,6,10,10,10,10,5,1,2,1,2,-1,2,1,1,4,2,1,1,0,2,2,4,1,3,-1,2,7,2,3,7216,1,1,1,2,27,1,356,2,490,Married,1,Upper secondary education (ISCED 3),Homemaker not otherwise employed,Never had a job,3,2,Lower middle class,Hindu,IN: Hindu (Other Backward Castes)
4,4,4,1,4,1,4,2,4,2,4,4,1,1,1,1,1,2,10,4,10,1,1,1,1,1,1,1,1,8,1,1,1,1,1,5,8,7,1,1,1,1,1,1,2,2,1,1,1,1,1,1,1,2,2,1,0,0,0,2,4,4,5,4,1,10,1,8008,2,1,1,1,52,1,356,7,1740,Married,5,Early childhood education (ISCED 0) / no education,Self employed,"Unskilled worker (for example: labourer, porter, unskilled factory worker, cleaner)",2,1,Lower class,Islam; nfd,IN: Hindu (Other Backward Castes)
1,4,2,4,2,1,1,2,1,1,1,1,2,2,1,2,2,2,2,2,8,10,10,10,10,10,10,10,9,8,10,10,10,10,10,10,9,8,9,9,9,9,8,10,1,4,1,1,1,1,4,2,1,1,2,2,2,1,1,4,4,4,-1,-1,6,8,8,7216,1,1,1,1,55,1,356,4,490,Married,0,Upper secondary education (ISCED 3),Full time (30 hours a week or more),"Skilled worker (for example: foreman, motor mechanic, printer, seamstress, tool and die maker, electrician)",3,2,Lower middle class,Hindu,IN: General
4,1,2,2,2,-1,1,2,2,1,4,4,1,2,4,2,1,3,8,1,10,9,9,9,9,9,9,9,6,8,8,2,2,1,4,1,2,8,2,2,1,1,1,1,1,1,1,2,2,1,4,1,4,-1,1,1,0,0,0,2,1,4,356116,2,6,5,6,7216,1,1,1,1,32,1,356,8,490,Married,1,Post-secondary non-tertiary education (ISCED 4),Full time (30 hours a week or more),"Clerical (for example: secretary, clerk, office manager, civil servant, bookkeeper",1,2,Upper middle class,Hindu,IN: General
2,1,3,2,2,1,1,1,1,1,1,1,2,1,2,2,2,2,8,1,4,3,5,2,1,6,3,1,2,1,2,1,2,2,2,3,1,7,3,3,3,3,3,3,1,1,2,2,2,2,2,1,3,1,2,2,1,1,2,2,3,1,356068,2,5,7,9,1122,1,2,1,1,30,1,356,5,1740,Married,4,Upper secondary education (ISCED 3),Part time (less than 30 hours a week),"Service (for example: restaurant owner, police officer, waitress, barber, caretaker)",1,1,Lower middle class,Hindu,IN: Hindu (Scheduled Castes)
2,2,3,4,2,2,4,1,3,2,2,3,3,1,1,1,1,3,7,2,1,1,1,1,1,1,1,1,1,1,1,1,1,1,1,1,1,1,1,1,1,1,1,1,1,3,1,2,1,1,2,1,1,2,2,1,2,2,2,4,2,3,356068,1,10,-1,-1,6065,1,2,1,1,28,1,356,5,1740,Married,2,Upper secondary education (ISCED 3),Unemployed,"Farm worker (for example: farm labourer, tractor driver)",2,1,Upper middle class,Hindu,IN: General
2,3,3,2,1,1,1,1,2,3,3,3,1,1,1,2,1,3,10,2,5,1,1,1,1,1,1,1,1,1,1,1,5,1,5,1,1,5,1,1,1,1,1,10,2,1,1,4,2,2,1,1,6,2,1,1,0,2,2,2,3,1,356068,4,1,10,6,1122,1,2,1,1,25,1,356,5,1740,Married,1,Bachelor or equivalent (ISCED 6),Full time (30 hours a week or more),"Sales (for example: sales manager, shop owner, shop assistant, insurance agent, buyer)",2,2,Lower middle class,Hindu,IN: Hindu (Other Backward Castes)
4,1,3,3,3,1,3,2,3,1,2,3,2,1,3,1,2,2,10,2,1,1,1,1,1,6,1,5,1,5,1,5,1,1,5,1,1,7,1,1,1,1,1,5,1,1,1,3,2,2,2,2,2,2,2,1,2,2,0,4,1,1,5,4,6,8,6,8008,1,2,1,2,31,1,356,5,1740,Living together as married,2,Bachelor or equivalent (ISCED 6),Homemaker not otherwise employed,Never had a job,3,2,Lower middle class,Hindu,IN: General
4,1,1,2,1,1,1,2,2,4,3,4,-1,2,1,1,5,1,10,1,1,9,1,1,1,5,1,1,1,10,1,1,1,1,1,1,1,1,1,10,1,1,1,1,1,1,1,2,2,2,4,1,7,2,2,1,2,2,2,4,1,4,356068,3,10,10,1,7216,1,1,1,1,34,1,356,4,490,Married,1,Upper secondary education (ISCED 3),Retired/pensioned,"Sales (for example: sales manager, shop owner, shop assistant, insurance agent, buyer)",2,1,Lower middle class,Hindu,IN: General
3,2,3,3,1,1,1,-1,3,2,2,2,4,1,1,1,1,2,7,2,1,1,1,1,1,1,1,1,1,1,1,1,1,1,1,1,1,1,1,1,1,1,1,1,1,1,2,4,1,1,4,4,3,2,2,1,1,2,2,2,2,3,-1,-1,10,-1,-1,6065,1,2,1,1,54,1,356,6,1740,Married,3,Lower secondary education (ISCED 2),Homemaker not otherwise employed,"Farm owner, farm manager",2,1,Working class,Hindu,IN: General
4,2,3,2,2,3,2,2,3,1,2,2,3,2,4,1,1,3,10,1,3,2,1,1,1,6,5,1,1,10,1,5,5,1,1,5,5,5,1,1,5,6,1,6,1,1,1,2,2,2,3,3,2,2,2,1,2,1,1,2,1,1,356068,3,5,5,10,8008,1,1,1,1,28,1,356,6,1740,Married,1,Bachelor or equivalent (ISCED 6),Full time (30 hours a week or more),"Clerical (for example: secretary, clerk, office manager, civil servant, bookkeeper",1,1,Upper middle class,Hindu,IN: General
4,4,4,1,-1,-1,-1,1,4,2,2,3,4,1,1,1,1,2,10,2,-1,1,1,1,1,1,1,1,1,1,1,1,1,1,1,1,1,1,1,1,1,1,1,1,1,1,1,4,2,2,1,1,1,2,2,5,-1,-1,-1,4,4,4,356068,-1,-1,-1,-1,6065,1,2,1,1,53,1,356,6,1740,Married,4,Lower secondary education (ISCED 2),Self employed,"Farm owner, farm manager",2,1,Upper middle class,Hindu,IN: Hindu (Other Backward Castes)
4,1,2,1,4,3,4,2,2,2,3,3,2,1,1,1,1,3,10,2,1,1,1,1,1,1,1,5,1,5,1,1,1,1,8,5,1,6,1,1,1,1,1,5,1,5,1,3,1,1,2,2,1,2,2,1,2,2,2,4,2,4,356068,2,10,4,6,8008,1,2,1,2,23,1,356,5,1740,Living together as married,3,Upper secondary education (ISCED 3),Homemaker not otherwise employed,Never had a job,3,2,Lower middle class,Hindu,IN: Hindu (Scheduled Castes)
4,1,2,3,3,1,3,1,3,1,2,1,3,1,4,5,1,2,10,3,1,1,1,1,1,1,1,1,1,7,1,6,1,1,-1,1,1,6,1,1,1,1,1,6,1,1,1,3,2,2,4,4,2,2,2,1,2,2,1,1,2,2,356068,4,1,1,7,6366,1,1,1,2,57,1,356,9,1740,Married,3,Upper secondary education (ISCED 3),Full time (30 hours a week or more),"Professional and technical (for example: doctor, teacher, engineer, artist, accountant, nurse)",1,2,Upper middle class,Islam; nfd,IN: Hindu (Other Backward Castes)
4,1,2,2,2,1,3,-1,4,1,2,2,3,-1,1,3,2,3,7,2,3,3,2,1,2,7,2,2,2,4,2,1,1,5,2,1,1,6,2,4,2,3,2,4,2,4,-1,3,2,-1,2,2,3,2,2,3,0,0,1,4,3,3,356067,3,4,2,3,1122,1,2,1,2,35,1,356,6,1740,Married,2,Bachelor or equivalent (ISCED 6),Self employed,"Semi-skilled worker (for example: bricklayer, bus driver, cannery worker, carpenter, sheet metal worker, baker)",3,2,Lower class,Hindu,IN: Hindu (Other Backward Castes)
3,4,2,2,1,1,2,2,3,1,1,1,3,1,1,1,1,2,6,4,1,1,1,1,10,9,1,1,1,1,1,1,1,1,1,1,1,1,1,1,1,1,1,1,2,1,1,1,1,-1,1,1,1,-1,1,2,2,2,2,3,4,3,356067,1,4,4,3,6065,1,2,1,1,22,1,356,7,1740,Married,1,Post-secondary non-tertiary education (ISCED 4),Part time (less than 30 hours a week),"Farm owner, farm manager",3,1,Working class,Hindu,IN: Hindu (Other Backward Castes)
4,2,4,4,-1,1,1,1,2,2,2,3,1,1,1,1,1,2,-1,2,-1,1,1,1,1,1,1,1,-1,-1,1,1,1,1,-1,1,1,1,1,1,1,1,1,1,1,1,1,2,2,2,1,1,1,2,2,1,-1,2,-1,4,2,-1,356116,-1,-1,-1,10,6065,2,2,1,1,71,1,356,6,1740,Married,4,Early childhood education (ISCED 0) / no education,Self employed,"Farm owner, farm manager",2,1,Upper middle class,Hindu,IN: Hindu (Other Backward Castes)
4,1,3,2,3,1,1,2,4,1,2,1,2,2,1,1,1,3,10,1,4,1,1,1,1,1,1,1,1,4,1,5,1,1,10,1,1,1,1,1,1,1,1,7,1,2,1,3,1,1,4,4,1,2,1,1,2,2,2,2,1,1,356068,4,1,10,10,8008,1,1,1,1,48,1,356,5,1740,Married,3,Post-secondary non-tertiary education (ISCED 4),Full time (30 hours a week or more),"Skilled worker (for example: foreman, motor mechanic, printer, seamstress, tool and die maker, electrician)",2,1,Working class,Hindu,IN: Hindu (Other Backward Castes)
4,1,4,4,1,1,1,2,1,1,2,3,2,1,1,1,1,3,10,1,1,1,1,1,1,1,1,1,1,8,1,1,1,1,1,1,1,1,1,1,1,1,1,1,1,2,1,1,2,2,3,3,3,2,2,1,2,2,2,3,1,2,356068,-1,9,6,8,7216,1,1,1,2,51,1,356,5,490,Married,1,Master or equivalent (ISCED 7),Full time (30 hours a week or more),"Professional and technical (for example: doctor, teacher, engineer, artist, accountant, nurse)",1,1,Upper middle class,Hindu,IN: General
2,2,4,4,1,1,1,1,4,2,2,2,4,1,1,1,1,2,10,1,1,1,1,1,1,1,1,1,1,1,1,1,1,1,1,1,1,1,1,1,1,1,1,1,1,4,1,3,1,-1,4,4,3,2,2,1,2,2,2,2,2,2,356068,1,10,-1,-1,6065,1,2,1,1,45,1,356,6,1740,Married,3,Upper secondary education (ISCED 3),Self employed,"Farm owner, farm manager",2,1,Upper middle class,Islam; nfd,IN: Hindu (Other Backward Castes)
4,2,3,3,4,4,1,2,3,1,2,3,1,1,2,1,1,3,10,3,1,1,1,1,1,4,1,5,1,8,1,6,6,6,7,1,1,6,1,1,1,1,2,6,2,1,1,2,1,2,4,4,1,2,2,1,0,1,1,1,2,4,356068,4,7,5,8,8046,1,1,1,1,39,1,356,5,1740,Married,1,Doctoral or equivalent (ISCED 8),Self employed,"Professional and technical (for example: doctor, teacher, engineer, artist, accountant, nurse)",1,1,Upper middle class,Hindu,IN: Hindu (Scheduled Castes)
4,1,4,4,2,3,1,2,2,-1,3,3,1,2,3,1,1,2,10,2,1,4,1,1,1,4,3,5,1,8,1,2,3,1,-1,1,1,3,1,1,1,1,1,4,2,2,2,2,1,1,3,3,1,2,2,1,1,0,0,4,4,3,-1,3,7,6,9,4108,1,1,1,1,28,1,356,3,3540,Married,1,Upper secondary education (ISCED 3),Full time (30 hours a week or more),"Unskilled worker (for example: labourer, porter, unskilled factory worker, cleaner)",3,1,Working class,Hindu,IN: General
2,1,3,2,2,3,3,-1,2,1,2,2,1,1,2,3,4,2,8,4,2,3,2,2,3,2,2,3,2,3,2,3,3,3,-1,6,2,3,9,1,2,2,3,2,3,2,3,2,2,-1,1,2,2,2,1,4,2,2,2,4,3,3,356116,2,9,5,9,1122,1,2,1,1,39,1,356,8,1740,Married,2,Bachelor or equivalent (ISCED 6),Full time (30 hours a week or more),"Clerical (for example: secretary, clerk, office manager, civil servant, bookkeeper",1,1,Lower middle class,Hindu,IN: Hindu (Other Backward Castes)
3,2,1,2,1,1,1,2,3,1,2,2,2,2,1,1,2,2,8,2,4,8,1,1,1,4,1,5,1,5,1,3,1,1,5,1,-1,5,1,1,1,1,1,3,1,1,1,2,1,1,-1,4,4,2,1,1,1,2,-1,2,2,2,-1,4,5,10,6,6098,1,1,1,1,30,1,356,7,1740,Married,1,Master or equivalent (ISCED 7),Full time (30 hours a week or more),"Professional and technical (for example: doctor, teacher, engineer, artist, accountant, nurse)",2,1,Lower middle class,Hindu,IN: General
4,3,4,4,-1,1,1,1,1,1,2,3,1,1,1,1,1,2,10,2,-1,1,1,1,1,5,1,1,-1,10,1,1,1,1,1,1,1,1,1,1,1,1,1,1,1,1,1,2,2,2,1,1,2,2,2,1,0,2,-1,4,2,4,356116,1,10,-1,1,6065,1,2,1,1,33,1,356,2,1740,Married,0,Upper secondary education (ISCED 3),Part time (less than 30 hours a week),"Service (for example: restaurant owner, police officer, waitress, barber, caretaker)",1,2,Upper class,Islam; nfd,IN: Hindu (Other Backward Castes)
4,1,4,4,1,-1,2,2,4,1,2,2,2,1,1,2,1,2,10,1,3,2,1,1,1,6,1,8,1,8,1,7,1,1,1,1,1,3,4,3,1,1,3,8,3,1,1,4,1,1,1,4,4,2,2,1,2,2,2,2,2,1,356068,4,7,4,7,8046,1,1,1,1,23,1,356,4,1740,Married,2,Bachelor or equivalent (ISCED 6),Full time (30 hours a week or more),"Sales (for example: sales manager, shop owner, shop assistant, insurance agent, buyer)",2,1,Lower middle class,Hindu,IN: General
4,1,4,3,4,2,4,2,3,2,3,2,1,1,1,1,1,3,7,2,1,1,1,1,1,1,1,6,1,10,1,5,1,1,7,1,1,5,1,1,1,1,1,6,1,1,1,4,2,2,4,4,4,2,2,1,0,2,2,2,1,1,356068,4,7,1,7,8008,1,2,1,2,26,1,356,6,1740,Living together as married,2,Bachelor or equivalent (ISCED 6),Homemaker not otherwise employed,Never had a job,3,2,Upper middle class,Hindu,IN: Hindu (Other Backward Castes)
4,1,4,2,4,4,4,2,4,1,1,1,3,1,1,1,1,3,10,1,1,1,1,1,1,1,1,1,1,10,1,1,1,1,1,1,1,1,1,1,1,1,1,10,1,5,1,4,1,1,4,2,2,2,2,1,2,2,2,2,1,1,356068,4,1,5,10,8008,1,1,1,1,78,1,356,7,1740,Widowed,4,Upper secondary education (ISCED 3),Retired/pensioned,"Clerical (for example: secretary, clerk, office manager, civil servant, bookkeeper",1,2,Upper middle class,Hindu,IN: General
4,4,1,4,1,1,1,2,1,4,3,3,1,2,1,1,1,1,9,4,1,1,1,1,1,3,1,1,1,1,1,1,1,1,1,1,1,1,1,1,1,1,1,1,1,5,4,1,2,2,4,4,7,2,2,1,0,1,1,4,3,3,356115,4,10,10,1,7216,1,2,1,1,69,1,356,6,490,Married,4,Bachelor or equivalent (ISCED 6),Part time (less than 30 hours a week),"Sales (for example: sales manager, shop owner, shop assistant, insurance agent, buyer)",2,1,Lower class,Hindu,IN: Hindu (Other Backward Castes)
4,1,4,4,2,3,1,2,2,1,3,3,2,2,4,4,1,3,10,2,4,3,1,2,1,2,1,5,1,5,1,3,1,1,1,1,1,1,1,1,1,1,1,5,1,1,1,1,1,1,2,2,2,2,2,1,1,2,1,4,1,2,356067,3,8,6,9,4108,1,1,1,2,54,1,356,7,3540,Living together as married,2,Master or equivalent (ISCED 7),Part time (less than 30 hours a week),"Professional and technical (for example: doctor, teacher, engineer, artist, accountant, nurse)",1,2,Upper middle class,Hindu,IN: General
3,1,3,3,2,3,3,-1,4,1,2,2,3,1,1,2,3,3,7,3,1,2,3,3,3,2,1,1,1,3,1,2,1,4,2,2,3,3,1,1,1,2,3,2,4,-1,4,4,1,1,2,1,2,2,1,2,2,1,0,4,1,3,356116,2,9,8,9,1122,1,2,1,2,50,1,356,3,1740,Married,3,Primary education (ISCED 1),Self employed,"Unskilled worker (for example: labourer, porter, unskilled factory worker, cleaner)",2,1,Working class,Hindu,IN: Hindu (Other Backward Castes)
3,3,1,2,3,2,1,2,2,1,2,1,2,2,2,2,1,1,6,3,3,2,1,1,1,2,1,1,1,4,1,2,2,1,3,1,2,3,2,2,2,2,1,9,2,-1,1,2,1,1,4,2,4,2,2,2,-1,1,1,4,3,1,356116,2,7,6,7,7216,1,2,1,2,55,1,356,2,490,Married,1,Upper secondary education (ISCED 3),Full time (30 hours a week or more),"Professional and technical (for example: doctor, teacher, engineer, artist, accountant, nurse)",3,2,Lower middle class,Hindu,IN: General
2,2,4,4,1,1,1,1,3,2,2,2,2,1,1,1,1,2,10,2,1,1,1,1,1,1,1,1,1,1,1,1,1,1,1,1,1,1,1,1,1,1,1,1,1,1,2,2,1,1,4,-1,3,1,2,1,1,2,2,2,2,3,356068,-1,10,-1,10,6065,1,2,1,1,40,1,356,5,1740,Married,3,Upper secondary education (ISCED 3),Self employed,"Farm owner, farm manager",2,1,Upper middle class,Islam; nfd,IN: Hindu (Other Backward Castes)
4,2,3,3,2,2,4,2,3,2,2,2,3,2,2,1,1,3,10,2,1,1,1,1,1,1,1,1,1,10,1,5,5,1,1,2,4,4,1,1,4,4,1,2,1,1,1,1,2,2,4,4,4,2,2,1,2,1,2,1,2,1,-1,4,1,10,10,8008,1,1,1,1,44,1,356,4,1740,Married,2,Upper secondary education (ISCED 3),Full time (30 hours a week or more),"Sales (for example: sales manager, shop owner, shop assistant, insurance agent, buyer)",2,1,Lower middle class,Hindu,IN: Hindu (Scheduled Tribes)
1,4,1,3,2,1,1,2,2,2,3,2,2,2,2,2,2,2,9,-1,5,7,1,1,1,1,1,5,3,1,1,1,1,1,1,1,1,1,1,1,1,1,1,5,5,4,1,2,1,1,4,4,4,2,2,2,-1,2,1,2,2,4,356068,4,6,10,6,6098,2,1,1,1,35,1,356,10,1740,Married,2,Early childhood education (ISCED 0) / no education,Full time (30 hours a week or more),"Unskilled worker (for example: labourer, porter, unskilled factory worker, cleaner)",2,1,Working class,Hindu,IN: Hindu (Other Backward Castes)
4,1,3,3,4,4,1,2,3,1,2,1,2,2,2,1,1,2,10,1,10,1,1,1,1,1,1,7,1,5,1,1,1,1,1,1,1,1,1,1,1,1,1,10,1,1,1,1,1,1,3,4,2,2,2,2,0,0,1,1,1,1,356116,2,10,10,10,8008,1,2,1,1,37,1,356,6,1740,Married,2,Bachelor or equivalent (ISCED 6),Self employed,"Higher administrative (for example: banker, executive in big business, high government official, union official)",2,1,Upper middle class,Hindu,IN: General
2,4,-1,4,-1,4,2,2,4,-1,3,2,2,1,1,1,1,2,1,-1,10,1,1,1,-1,-1,-1,1,-1,1,-1,1,3,1,1,1,1,5,1,1,1,1,1,1,5,-1,1,-1,-1,1,-1,1,6,2,1,1,2,-1,2,4,2,4,356068,-1,10,-1,-1,6098,1,1,1,2,52,1,356,12,1740,Married,3,Primary education (ISCED 1),Homemaker not otherwise employed,"Sales (for example: sales manager, shop owner, shop assistant, insurance agent, buyer)",2,2,Upper middle class,Hindu,IN: Hindu (Other Backward Castes)
4,2,2,2,1,1,1,2,2,2,3,2,1,1,1,2,1,1,8,2,8,7,1,5,5,1,1,1,1,4,3,4,1,1,2,3,1,4,4,4,1,1,4,10,2,1,1,4,2,2,2,3,4,2,2,1,1,0,1,1,2,1,356116,2,7,6,7,1122,1,2,1,1,59,1,356,6,1740,Married,1,Bachelor or equivalent (ISCED 6),Full time (30 hours a week or more),"Clerical (for example: secretary, clerk, office manager, civil servant, bookkeeper",1,1,Lower middle class,Hindu,IN: Hindu (Other Backward Castes)
2,4,3,3,3,1,1,2,1,1,2,2,1,2,3,2,2,1,1,2,4,6,1,1,6,6,6,1,1,10,1,6,1,1,1,1,1,6,6,4,6,1,1,1,3,1,1,2,1,1,3,2,5,2,1,1,1,0,1,4,1,4,5,1,1,9,7,4108,1,1,1,1,35,1,356,10,3540,Married,2,Upper secondary education (ISCED 3),Self employed,"Sales (for example: sales manager, shop owner, shop assistant, insurance agent, buyer)",2,2,Lower middle class,Sikhism,IN: Hindu (Other Backward Castes)
3,2,1,3,1,3,2,1,2,1,3,3,3,1,3,3,3,1,9,4,9,8,10,8,9,6,8,4,9,1,-1,-1,7,3,-1,3,4,7,6,6,10,5,4,8,1,1,2,4,2,1,4,-1,-1,-1,1,4,1,1,-1,1,1,1,356068,2,6,9,6,1208,2,2,1,1,49,1,356,4,1740,Married,4,Primary education (ISCED 1),Part time (less than 30 hours a week),"Professional and technical (for example: doctor, teacher, engineer, artist, accountant, nurse)",1,1,Upper class,Hindu,IN: Hindu (Scheduled Castes)
4,4,4,2,1,1,1,2,1,2,2,3,1,1,1,1,1,2,1,2,-1,1,1,1,1,1,1,1,1,1,1,1,1,1,1,1,1,1,1,1,1,1,1,1,2,2,1,3,2,2,1,1,2,2,2,1,-1,-1,-1,4,2,-1,356116,-1,-1,-1,1,6065,1,2,1,2,25,1,356,6,1740,Married,4,Primary education (ISCED 1),Homemaker not otherwise employed,"Unskilled worker (for example: labourer, porter, unskilled factory worker, cleaner)",2,2,Upper middle class,Islam; nfd,IN: General
2,4,4,3,1,1,1,1,2,3,2,2,2,1,1,1,1,2,10,2,1,1,1,1,1,1,1,1,1,1,1,1,1,1,1,1,1,1,1,1,1,1,1,1,1,3,2,3,2,1,4,4,3,2,2,1,2,2,2,3,2,4,356067,2,10,-1,10,6065,1,2,1,1,30,1,356,5,1740,Married,4,Upper secondary education (ISCED 3),Self employed,"Farm owner, farm manager",2,1,Lower middle class,Islam; nfd,IN: Hindu (Other Backward Castes)
1,3,2,2,1,1,1,2,2,1,3,2,1,1,1,1,1,2,2,1,1,1,1,1,2,2,1,1,1,1,1,1,1,1,1,1,1,2,2,1,1,1,1,1,3,1,1,1,2,-1,1,1,6,2,1,1,2,2,2,4,3,4,356116,2,2,1,3,6065,1,2,1,2,30,1,356,5,1740,Married,3,Lower secondary education (ISCED 2),Part time (less than 30 hours a week),"Unskilled worker (for example: labourer, porter, unskilled factory worker, cleaner)",3,1,Working class,Hindu,IN: Hindu (Scheduled Castes)
4,3,3,3,2,2,3,2,4,1,2,2,2,1,2,1,1,3,10,1,1,1,1,1,1,1,1,1,1,10,1,1,1,1,1,1,1,5,1,1,1,1,1,5,1,2,1,2,2,1,4,4,1,2,2,2,0,0,0,2,3,1,-1,4,1,5,10,8008,1,1,1,1,32,1,356,5,1740,Married,3,Primary education (ISCED 1),Self employed,"Sales (for example: sales manager, shop owner, shop assistant, insurance agent, buyer)",2,1,Lower middle class,Hindu,IN: General
2,4,3,3,3,2,2,1,2,4,4,3,2,2,1,2,1,1,8,3,7,8,3,5,6,8,5,2,2,6,5,3,7,5,3,8,4,3,7,4,2,4,5,3,5,4,2,3,2,2,3,3,2,1,2,2,0,1,0,3,4,2,356068,2,9,8,1,1208,1,2,1,2,58,1,356,6,1740,Married,3,Primary education (ISCED 1),Part time (less than 30 hours a week),"Farm worker (for example: farm labourer, tractor driver)",2,2,Lower class,Hindu,IN: Hindu (Scheduled Castes)
-1,4,1,2,-1,-1,1,2,3,4,4,4,3,2,4,5,5,2,6,4,1,1,1,1,1,1,1,1,1,1,1,1,6,1,6,1,1,1,1,1,6,1,1,10,4,1,1,1,-1,1,-1,1,6,2,1,1,-1,-1,-1,4,4,1,-1,3,1,10,10,4108,1,1,1,1,30,1,356,4,3540,Married,2,Upper secondary education (ISCED 3),Part time (less than 30 hours a week),"Sales (for example: sales manager, shop owner, shop assistant, insurance agent, buyer)",2,2,Upper middle class,Hindu,IN: Hindu (Other Backward Castes)
4,1,2,2,4,4,1,2,1,1,4,2,2,1,1,1,1,2,10,1,1,1,1,1,1,1,1,5,1,8,1,1,1,1,1,1,1,1,1,1,1,1,1,1,1,3,1,4,-1,-1,2,3,3,2,2,1,2,2,2,4,2,2,356068,2,10,6,8,8008,1,2,1,1,62,1,356,5,1740,Married,1,Upper secondary education (ISCED 3),Retired/pensioned,"Semi-skilled worker (for example: bricklayer, bus driver, cannery worker, carpenter, sheet metal worker, baker)",2,2,Working class,Hindu,IN: Hindu (Other Backward Castes)
4,1,2,4,1,1,1,2,3,2,2,2,3,2,2,1,1,2,10,4,1,1,1,1,1,1,1,1,1,4,1,2,1,1,1,1,1,1,1,1,1,1,1,2,1,5,1,2,2,2,2,2,3,2,2,1,2,2,2,2,4,4,5,4,10,2,1,8008,1,1,1,2,46,1,356,4,1740,Married,2,Master or equivalent (ISCED 7),Full time (30 hours a week or more),"Professional and technical (for example: doctor, teacher, engineer, artist, accountant, nurse)",2,2,Upper middle class,Hindu,IN: General
3,1,2,2,2,1,4,2,3,3,2,2,2,1,1,3,2,2,7,2,1,2,1,1,2,1,1,2,1,1,2,2,2,1,2,1,2,1,2,1,1,2,1,2,2,5,2,3,1,2,1,2,4,2,2,2,0,2,1,3,2,1,356116,3,10,8,4,1122,1,2,1,1,72,1,356,5,1740,Married,3,Upper secondary education (ISCED 3),Full time (30 hours a week or more),"Sales (for example: sales manager, shop owner, shop assistant, insurance agent, buyer)",2,1,Lower middle class,Hindu,IN: Hindu (Other Backward Castes)
1,4,2,2,2,2,1,2,4,1,2,1,1,1,2,1,1,3,1,4,1,1,1,1,1,1,1,1,1,1,1,1,1,1,1,1,1,1,1,1,1,1,1,8,2,2,1,2,1,1,2,2,5,2,1,1,1,2,1,4,3,-1,356067,2,7,8,6,6065,1,2,1,1,33,1,356,6,1740,Married,2,Upper secondary education (ISCED 3),Part time (less than 30 hours a week),"Unskilled worker (for example: labourer, porter, unskilled factory worker, cleaner)",3,1,Working class,Hindu,IN: Hindu (Other Backward Castes)
4,4,4,1,1,1,1,2,1,1,2,4,1,1,1,1,1,2,-1,2,1,1,1,1,1,1,1,1,1,1,1,1,2,1,1,1,1,1,1,1,1,1,1,1,2,2,1,2,2,2,1,1,2,2,2,1,-1,2,-1,4,4,-1,356116,-1,-1,-1,8,6065,1,2,1,1,27,1,356,3,1740,Married,1,Lower secondary education (ISCED 2),Self employed,"Unskilled worker (for example: labourer, porter, unskilled factory worker, cleaner)",3,1,Lower middle class,Islam; nfd,IN: General
1,3,1,1,1,1,3,1,2,1,3,2,1,1,1,1,1,3,8,1,10,1,1,1,1,5,1,1,1,1,1,1,1,1,10,1,1,5,1,1,1,1,1,1,1,1,1,4,1,-1,1,1,1,2,1,1,0,2,2,2,1,4,356068,2,0,1,10,2024,1,1,1,1,25,1,356,10,1740,Married,0,Upper secondary education (ISCED 3),Unemployed,"Sales (for example: sales manager, shop owner, shop assistant, insurance agent, buyer)",2,2,Lower middle class,Hindu,IN: Hindu (Other Backward Castes)
2,4,4,3,1,1,1,1,2,3,2,2,2,1,1,1,1,2,10,2,1,1,1,1,1,1,1,1,1,1,1,1,1,1,1,1,1,1,1,1,1,1,1,1,1,3,2,3,2,1,4,4,3,2,2,1,2,2,2,3,2,4,356067,2,10,-1,10,6065,1,2,1,1,40,1,356,5,1740,Married,4,Upper secondary education (ISCED 3),Self employed,"Farm owner, farm manager",2,1,Lower middle class,Islam; nfd,IN: Hindu (Other Backward Castes)
4,3,2,3,2,1,1,1,2,3,2,2,-1,1,3,2,2,1,7,1,3,2,2,3,3,3,4,5,4,6,2,4,3,2,3,1,3,3,2,2,3,2,3,6,1,1,3,2,-1,-1,3,3,4,2,2,2,1,2,2,3,3,4,356068,4,9,3,6,7004,1,1,1,1,34,1,356,4,490,Married,1,Bachelor or equivalent (ISCED 6),Full time (30 hours a week or more),"Service (for example: restaurant owner, police officer, waitress, barber, caretaker)",1,1,Lower middle class,Hindu,IN: Hindu (Scheduled Castes)
4,4,1,2,-1,1,4,1,4,4,3,4,2,1,1,5,1,3,10,4,1,1,1,1,2,9,1,1,1,1,1,1,1,1,7,1,1,7,1,-1,1,1,-1,1,1,5,4,-1,-1,-1,1,1,2,2,2,1,0,0,0,4,4,2,356068,1,5,5,10,8046,2,1,1,1,24,1,356,5,1740,Married,3,Upper secondary education (ISCED 3),Full time (30 hours a week or more),"Unskilled worker (for example: labourer, porter, unskilled factory worker, cleaner)",2,1,Lower class,Hindu,IN: Hindu (Scheduled Castes)
2,3,1,1,3,1,4,2,3,2,4,3,2,1,2,3,1,-1,7,3,6,1,1,2,1,1,1,1,1,1,1,1,1,1,1,1,3,1,2,3,3,3,4,4,3,5,1,2,-1,-1,3,2,1,-1,1,2,1,2,1,4,3,3,-1,2,6,8,8,2024,1,1,1,1,44,1,356,8,1740,Married,6,Upper secondary education (ISCED 3),Full time (30 hours a week or more),"Clerical (for example: secretary, clerk, office manager, civil servant, bookkeeper",2,1,Upper middle class,Islam; nfd,IN: Hindu (Other Backward Castes)
3,1,4,4,-1,-1,1,2,3,1,1,1,4,2,1,5,1,2,9,1,3,7,4,8,6,4,6,5,1,1,1,1,1,1,1,1,1,6,6,4,7,4,8,1,2,1,1,2,1,1,3,3,5,2,1,4,0,0,0,1,1,4,5,3,6,6,-1,4108,1,1,1,1,30,1,356,4,3540,Married,4,Lower secondary education (ISCED 2),Self employed,"Skilled worker (for example: foreman, motor mechanic, printer, seamstress, tool and die maker, electrician)",2,1,Working class,Hindu,IN: Hindu (Scheduled Castes)
4,3,1,1,1,1,1,2,1,3,2,3,1,2,4,1,1,1,7,1,1,1,1,1,1,1,1,1,1,1,1,1,1,1,1,1,1,1,1,1,1,1,1,1,1,-1,1,3,2,1,3,1,2,1,2,1,-1,0,0,4,3,1,-1,-1,4,7,8,7216,1,2,1,2,26,1,356,5,490,Married,1,Upper secondary education (ISCED 3),Unemployed,Never had a job,3,2,Working class,Hindu,IN: Hindu (Other Backward Castes)
1,3,3,3,3,1,2,1,2,1,4,3,4,1,4,3,4,1,9,1,8,5,1,-1,1,7,10,6,1,7,6,8,1,7,8,4,7,4,7,5,7,5,9,5,1,4,3,4,2,1,2,1,5,2,1,1,1,2,1,1,3,3,356067,1,3,8,8,1208,1,2,1,1,40,1,356,8,1740,Married,7,Lower secondary education (ISCED 2),Part time (less than 30 hours a week),"Higher administrative (for example: banker, executive in big business, high government official, union official)",1,1,Upper class,Hindu,IN: Hindu (Scheduled Castes)
4,1,2,2,4,4,1,2,1,1,4,4,1,2,1,1,2,1,10,3,1,1,1,5,1,1,1,5,1,1,1,5,1,1,5,5,1,7,1,1,1,1,4,1,1,2,2,4,1,1,2,1,2,2,2,2,1,2,2,3,2,4,356068,3,10,5,8,8008,1,2,1,1,59,1,356,4,1740,Married,2,Lower secondary education (ISCED 2),Retired/pensioned,"Semi-skilled worker (for example: bricklayer, bus driver, cannery worker, carpenter, sheet metal worker, baker)",3,2,Working class,Hindu,IN: Hindu (Other Backward Castes)
4,1,4,-1,2,4,1,2,3,1,2,3,2,2,1,1,2,1,9,3,1,1,1,1,1,1,1,3,1,1,1,5,4,1,3,1,1,6,1,2,1,1,1,4,1,1,1,2,1,2,1,-1,1,1,2,2,2,1,0,1,2,4,5,4,7,9,5,8046,1,1,1,1,47,1,356,8,1740,Married,3,Upper secondary education (ISCED 3),Part time (less than 30 hours a week),"Skilled worker (for example: foreman, motor mechanic, printer, seamstress, tool and die maker, electrician)",2,1,Working class,Hindu,IN: General
2,3,4,2,4,1,4,2,2,3,1,2,1,1,1,2,1,-1,9,2,7,2,3,6,3,7,3,3,4,10,7,3,7,3,2,4,1,5,1,1,1,1,1,10,1,1,1,3,-1,-1,1,1,1,1,1,1,0,2,2,4,3,4,356068,4,8,5,9,2024,1,1,1,1,35,1,356,6,1740,Married,4,Post-secondary non-tertiary education (ISCED 4),Full time (30 hours a week or more),"Professional and technical (for example: doctor, teacher, engineer, artist, accountant, nurse)",2,1,Lower middle class,Hindu,IN: General
4,3,4,4,1,1,1,2,1,2,2,3,1,1,1,1,1,2,10,2,1,1,1,1,1,1,1,1,1,1,1,1,1,1,1,1,1,1,1,1,1,1,1,1,1,1,1,2,2,2,1,1,2,2,2,1,1,0,0,4,2,4,356116,-1,10,-1,3,6065,1,2,1,1,40,1,356,7,1740,Married,5,Primary education (ISCED 1),Self employed,"Unskilled worker (for example: labourer, porter, unskilled factory worker, cleaner)",3,1,Lower middle class,Islam; nfd,IN: Hindu (Other Backward Castes)
4,1,2,2,4,4,1,2,2,1,3,3,3,1,1,1,1,2,10,2,1,1,1,1,1,1,1,5,1,6,1,5,10,1,10,1,1,5,1,1,1,1,1,1,1,1,1,2,1,1,4,4,2,2,2,1,0,0,1,2,2,3,356068,3,10,5,7,8008,1,2,1,1,37,1,356,6,1740,Living together as married,2,Bachelor or equivalent (ISCED 6),Full time (30 hours a week or more),"Sales (for example: sales manager, shop owner, shop assistant, insurance agent, buyer)",2,1,Lower middle class,Hindu,IN: Hindu (Other Backward Castes)
4,3,2,3,1,1,2,2,3,2,3,2,2,1,1,5,1,3,8,2,1,1,1,1,1,-1,1,1,1,-1,1,1,1,1,1,1,1,7,1,1,1,1,1,7,1,1,2,3,2,2,4,4,3,2,2,1,2,2,2,1,2,4,356068,4,6,1,6,6366,1,2,1,1,27,1,356,8,1740,Married,1,Lower secondary education (ISCED 2),Self employed,"Farm worker (for example: farm labourer, tractor driver)",2,2,Working class,Hindu,IN: Hindu (Scheduled Castes)
4,3,4,3,2,3,1,2,2,3,2,2,2,2,3,5,1,2,8,4,1,1,1,1,1,1,1,3,1,9,1,3,3,1,1,1,1,1,1,1,10,1,1,1,1,1,1,2,2,2,2,3,2,2,2,1,0,0,0,1,3,1,356116,3,10,10,7,4108,1,1,1,2,37,1,356,5,3540,Living together as married,2,Doctoral or equivalent (ISCED 8),Full time (30 hours a week or more),"Professional and technical (for example: doctor, teacher, engineer, artist, accountant, nurse)",1,2,Upper class,Hindu,IN: General
4,1,4,3,3,2,1,2,3,1,2,2,1,2,3,1,2,2,3,3,4,3,1,1,1,4,1,2,-1,3,1,1,1,2,4,1,1,1,1,1,1,1,1,4,3,1,1,2,1,1,1,2,1,2,2,1,2,2,1,3,1,2,356068,3,3,4,6,6366,1,2,1,1,70,1,356,3,1740,Married,1,Upper secondary education (ISCED 3),Self employed,"Farm owner, farm manager",2,1,Lower middle class,Islam; nfd,IN: Hindu (Other Backward Castes)
4,4,1,2,1,1,1,2,4,1,3,4,1,2,4,5,1,3,10,4,1,1,1,1,1,1,1,1,1,10,1,1,10,1,10,1,1,10,5,1,1,1,1,10,2,5,4,1,2,2,2,4,7,2,2,1,0,0,0,4,1,3,-1,4,10,1,5,2024,1,1,1,1,39,1,356,12,1740,Living together as married,2,Upper secondary education (ISCED 3),Self employed,"Sales (for example: sales manager, shop owner, shop assistant, insurance agent, buyer)",2,1,Lower middle class,Hindu,IN: General
4,2,3,3,1,1,1,2,2,2,2,2,2,1,3,1,3,2,10,4,1,1,1,1,1,1,1,1,1,10,1,4,1,1,1,1,1,1,1,1,1,1,1,1,4,1,1,2,2,2,3,3,4,2,1,1,0,0,1,4,2,1,356116,3,10,10,7,4108,1,1,1,1,36,1,356,1,3540,Married,1,Doctoral or equivalent (ISCED 8),Self employed,"Sales (for example: sales manager, shop owner, shop assistant, insurance agent, buyer)",2,1,Upper class,Hindu,IN: General
3,1,2,2,2,1,1,1,2,1,3,2,1,1,1,2,1,3,7,1,7,7,1,4,4,-1,-1,-1,-1,-1,-1,-1,-1,1,10,1,-1,1,1,1,-1,-1,4,10,5,1,1,4,2,2,1,1,1,2,1,1,1,2,1,3,1,1,356116,2,5,4,9,1122,1,2,1,2,48,1,356,5,1740,Married,2,Upper secondary education (ISCED 3),Part time (less than 30 hours a week),"Unskilled worker (for example: labourer, porter, unskilled factory worker, cleaner)",2,2,Working class,Hindu,IN: Hindu (Other Backward Castes)
4,2,3,3,4,4,4,2,4,1,2,1,3,1,1,1,1,3,10,2,1,1,1,1,1,1,1,1,1,7,1,4,2,1,1,5,1,4,1,1,1,1,1,4,1,1,1,4,2,1,3,2,1,2,1,1,2,2,2,2,1,1,356068,4,2,10,10,8008,1,1,1,1,35,1,356,5,1740,Married,3,Upper secondary education (ISCED 3),Full time (30 hours a week or more),"Skilled worker (for example: foreman, motor mechanic, printer, seamstress, tool and die maker, electrician)",2,1,Working class,Hindu,IN: General
2,3,1,3,1,1,3,1,3,1,3,-1,2,1,1,1,5,2,8,-1,1,1,1,1,1,1,1,1,1,2,1,1,1,2,2,2,1,1,1,1,1,1,1,1,1,-1,1,1,2,1,4,1,2,2,1,1,1,0,0,4,3,1,-1,1,0,0,7,7216,1,2,1,1,31,1,356,5,490,Married,1,Lower secondary education (ISCED 2),Self employed,"Unskilled worker (for example: labourer, porter, unskilled factory worker, cleaner)",3,1,Working class,Hindu,IN: General
4,1,2,4,1,1,1,2,1,4,2,2,1,2,1,1,1,3,10,2,1,1,1,1,1,1,1,1,1,1,1,1,1,1,1,1,1,1,1,1,1,1,1,1,2,1,1,2,2,2,2,4,4,2,2,1,2,2,2,4,1,4,356068,4,10,10,5,7216,1,2,1,1,45,1,356,3,490,Married,1,Bachelor or equivalent (ISCED 6),Part time (less than 30 hours a week),"Skilled worker (for example: foreman, motor mechanic, printer, seamstress, tool and die maker, electrician)",2,1,Lower middle class,Hindu,IN: Hindu (Other Backward Castes)
2,1,1,1,1,1,1,2,2,2,2,3,1,2,1,1,1,2,10,2,1,1,1,1,1,10,1,10,1,7,1,1,9,1,1,1,1,1,1,1,1,6,1,1,2,1,1,1,2,2,3,4,5,2,2,1,0,2,2,2,2,2,356068,4,10,5,6,2024,1,1,1,2,35,1,356,5,1740,Married,3,Upper secondary education (ISCED 3),Full time (30 hours a week or more),"Unskilled worker (for example: labourer, porter, unskilled factory worker, cleaner)",2,1,Working class,Hindu,IN: Hindu (Scheduled Castes)
2,2,1,2,3,2,3,2,2,2,3,1,3,2,1,1,1,1,9,3,8,5,4,2,2,1,1,1,1,1,1,1,1,1,1,1,1,1,1,1,1,1,5,1,2,2,1,2,-1,-1,4,2,2,2,2,4,1,1,1,4,2,1,356067,2,3,4,3,1208,1,2,1,2,63,1,356,8,1740,Married,4,Lower secondary education (ISCED 2),Homemaker not otherwise employed,"Skilled worker (for example: foreman, motor mechanic, printer, seamstress, tool and die maker, electrician)",2,2,Upper middle class,Islam; nfd,IN: Hindu (Other Backward Castes)
1,2,1,1,1,3,1,1,1,3,1,2,3,1,1,1,2,1,10,4,9,6,9,6,8,7,8,9,7,8,8,7,7,9,8,8,9,8,7,8,6,8,9,9,2,3,1,3,-1,2,2,1,1,2,2,4,1,2,1,2,3,1,356068,2,8,6,10,1208,1,2,1,1,38,1,356,6,1740,Married,8,Lower secondary education (ISCED 2),Full time (30 hours a week or more),"Professional and technical (for example: doctor, teacher, engineer, artist, accountant, nurse)",1,1,Upper class,Hindu,IN: Hindu (Scheduled Tribes)
4,3,1,2,2,3,1,2,4,2,3,1,2,2,2,2,1,1,10,2,1,1,1,1,1,1,1,1,1,1,1,1,2,1,1,1,1,4,1,1,1,1,1,2,1,1,1,2,2,2,3,1,4,2,2,2,1,2,2,2,3,1,356116,2,1,7,7,7216,1,2,1,2,36,1,356,4,490,Married,2,Post-secondary non-tertiary education (ISCED 4),Part time (less than 30 hours a week),"Clerical (for example: secretary, clerk, office manager, civil servant, bookkeeper",1,2,Lower middle class,Hindu,IN: Hindu (Other Backward Castes)
4,1,2,2,1,1,1,1,2,1,3,2,1,1,1,2,2,1,5,1,4,5,2,3,5,-1,-1,-1,-1,-1,-1,4,-1,5,9,4,-1,5,4,4,-1,-1,4,10,1,1,1,2,2,2,2,3,4,2,2,3,2,1,1,2,1,1,356068,3,2,3,5,1122,1,2,1,1,30,1,356,6,1740,Married,2,Post-secondary non-tertiary education (ISCED 4),Full time (30 hours a week or more),"Professional and technical (for example: doctor, teacher, engineer, artist, accountant, nurse)",1,1,Lower middle class,Hindu,IN: Hindu (Other Backward Castes)
4,2,3,3,2,3,4,2,2,1,2,2,1,1,2,2,2,2,4,2,3,4,1,2,1,1,1,5,1,6,1,5,1,1,6,1,1,5,1,1,1,1,1,5,1,2,2,3,1,1,3,2,4,2,2,1,2,2,0,3,2,1,356068,3,6,7,7,8008,1,2,1,2,42,1,356,6,1740,Living together as married,3,Upper secondary education (ISCED 3),Homemaker not otherwise employed,Never had a job,3,2,Lower middle class,Hindu,IN: Hindu (Scheduled Castes)
4,2,2,3,4,4,1,2,4,2,2,2,2,1,1,1,1,2,10,2,1,1,1,1,1,1,1,1,-1,1,1,1,1,1,1,1,1,1,1,1,1,1,1,1,1,-1,1,3,1,1,2,1,2,2,1,1,2,2,2,4,4,4,356068,4,10,10,10,6098,1,1,1,1,40,1,356,7,1740,Married,4,Upper secondary education (ISCED 3),Full time (30 hours a week or more),"Service (for example: restaurant owner, police officer, waitress, barber, caretaker)",2,1,Lower middle class,Hindu,IN: Hindu (Other Backward Castes)
4,2,4,2,2,2,1,1,1,2,3,3,2,2,3,3,2,1,8,1,6,1,1,1,1,10,6,8,-1,10,1,10,6,5,6,1,1,7,1,1,1,1,1,1,2,1,2,2,2,2,4,4,2,2,2,3,0,1,1,2,2,4,356068,4,1,10,10,8046,1,1,1,2,27,1,356,2,1740,Married,0,Master or equivalent (ISCED 7),Full time (30 hours a week or more),"Clerical (for example: secretary, clerk, office manager, civil servant, bookkeeper",2,2,Upper middle class,Hindu,IN: General
4,1,4,2,4,1,2,2,4,1,3,1,1,2,1,5,1,3,10,3,1,1,1,1,1,1,1,7,-1,-1,-1,1,1,1,1,6,1,5,1,-1,1,1,1,1,1,5,1,1,2,2,4,4,4,2,2,1,-1,0,-1,2,1,3,356068,-1,1,5,7,2024,1,1,1,1,47,1,356,6,1740,Married,3,Lower secondary education (ISCED 2),Self employed,"Farm worker (for example: farm labourer, tractor driver)",2,1,Working class,Hindu,IN: General
4,3,4,4,4,1,1,1,2,1,2,2,2,1,3,2,2,2,1,1,7,7,1,1,1,1,1,1,1,10,1,1,1,1,1,1,1,1,1,1,1,1,1,1,5,1,1,2,2,2,2,2,1,2,2,1,2,2,1,2,1,1,-1,2,10,10,1,4108,1,1,1,2,48,1,356,5,3540,Married,2,Doctoral or equivalent (ISCED 8),Full time (30 hours a week or more),"Professional and technical (for example: doctor, teacher, engineer, artist, accountant, nurse)",1,2,Upper class,Hindu,IN: General
3,3,3,3,3,2,3,1,4,1,3,4,1,1,4,2,2,2,8,1,10,7,8,4,8,6,9,6,9,6,9,6,9,7,10,6,9,5,9,8,7,6,9,4,3,2,2,1,1,2,1,2,2,1,2,4,2,2,1,1,1,1,356067,4,9,7,10,1208,1,2,1,1,57,1,356,5,1740,Married,8,Primary education (ISCED 1),Part time (less than 30 hours a week),"Higher administrative (for example: banker, executive in big business, high government official, union official)",1,1,Upper class,Islam; nfd,IN: Hindu (Other Backward Castes)
4,1,1,1,1,1,1,2,2,1,3,2,1,1,1,3,3,1,7,1,5,4,1,2,3,1,1,1,1,1,1,1,1,1,7,4,1,4,3,1,1,1,3,8,1,1,1,2,2,2,2,2,3,2,2,2,1,2,1,2,1,1,356068,2,7,6,6,1122,1,2,1,1,28,1,356,5,1740,Married,2,Master or equivalent (ISCED 7),Full time (30 hours a week or more),"Professional and technical (for example: doctor, teacher, engineer, artist, accountant, nurse)",1,1,Upper middle class,Hindu,IN: General
4,3,1,2,3,3,2,2,2,2,2,2,1,2,3,2,1,3,7,3,1,1,1,1,1,2,2,1,4,2,2,1,1,1,4,1,2,2,1,1,1,1,1,6,1,1,1,2,1,1,3,2,4,2,2,2,2,1,1,2,2,1,356115,2,9,9,9,7216,1,2,1,1,41,1,356,5,490,Married,2,Lower secondary education (ISCED 2),Full time (30 hours a week or more),"Skilled worker (for example: foreman, motor mechanic, printer, seamstress, tool and die maker, electrician)",3,1,Working class,Hindu,IN: General
1,3,3,3,3,2,3,2,2,2,3,1,3,2,2,1,3,2,9,1,10,4,3,8,8,7,4,8,1,4,1,9,10,10,10,5,10,10,10,1,10,10,3,10,2,5,1,3,1,1,3,2,2,1,1,1,0,1,1,2,2,2,356068,1,10,10,10,1208,1,2,1,1,24,1,356,6,1740,Married,1,Upper secondary education (ISCED 3),Self employed,"Higher administrative (for example: banker, executive in big business, high government official, union official)",2,2,Lower middle class,Hindu,IN: Hindu (Other Backward Castes)
4,4,2,1,4,2,1,2,4,4,3,2,1,1,1,2,1,2,1,3,1,1,1,1,1,7,1,1,1,7,1,4,1,1,3,1,1,1,1,1,1,1,1,5,1,1,1,3,2,2,4,4,4,2,2,1,2,2,2,3,4,3,5,4,7,4,7,8008,1,1,1,2,40,1,356,12,1740,Married,2,Upper secondary education (ISCED 3),Full time (30 hours a week or more),"Higher administrative (for example: banker, executive in big business, high government official, union official)",3,2,Upper class,Islam; nfd,IN: General
2,2,1,1,1,1,1,2,3,2,2,2,1,2,2,1,1,1,7,3,1,1,1,1,1,1,1,1,1,1,1,1,1,1,1,1,1,1,1,1,-1,-1,1,1,1,-1,1,2,1,1,3,1,1,1,1,1,1,1,-1,4,1,1,356068,1,2,8,7,7216,2,2,1,2,70,1,356,4,490,Married,1,Early childhood education (ISCED 0) / no education,Homemaker not otherwise employed,"Unskilled worker (for example: labourer, porter, unskilled factory worker, cleaner)",3,2,Lower class,Hindu,IN: Hindu (Other Backward Castes)
3,4,2,4,4,4,1,2,1,4,4,4,1,2,2,5,1,2,6,4,6,10,1,1,1,-1,-1,10,1,10,1,1,1,1,1,1,1,1,1,1,6,2,1,10,4,1,1,1,2,1,4,4,6,1,1,5,0,0,0,4,4,3,5,4,4,7,8,4108,1,1,1,2,39,1,356,3,3540,Divorced,2,Early childhood education (ISCED 0) / no education,Student,Never had a job,3,1,Lower middle class,Sikhism,IN: General
4,1,4,4,4,2,1,2,3,1,2,2,2,1,1,1,2,2,7,3,5,3,1,4,1,5,5,2,2,4,1,2,1,1,4,1,1,1,2,1,1,1,1,4,1,2,2,2,1,1,1,1,1,2,2,1,2,2,1,2,1,2,356068,3,3,3,8,6366,1,2,1,2,24,1,356,4,1740,Married,1,Bachelor or equivalent (ISCED 6),Homemaker not otherwise employed,Never had a job,2,2,Upper middle class,Hindu,IN: Hindu (Other Backward Castes)
1,2,3,2,1,1,1,-1,1,-1,3,2,1,1,1,1,1,2,10,2,1,1,1,1,1,1,1,1,1,6,1,1,1,1,1,1,1,1,1,1,1,1,1,1,2,5,2,3,-1,1,-1,-1,4,-1,2,1,2,2,2,4,2,4,356067,-1,10,10,10,6065,1,2,1,2,52,1,356,5,1740,Married,3,Lower secondary education (ISCED 2),Self employed,"Farm owner, farm manager",2,2,Working class,Hindu,IN: Hindu (Scheduled Castes)
4,1,2,2,4,4,4,2,1,1,2,2,1,1,2,2,4,2,4,2,1,1,1,1,2,5,1,6,1,6,1,6,1,1,6,1,1,5,1,1,1,1,1,7,1,1,2,3,2,1,3,4,4,2,2,1,2,2,2,1,2,1,356068,4,6,7,6,8008,1,2,1,2,34,1,356,5,1740,Living together as married,3,Bachelor or equivalent (ISCED 6),Homemaker not otherwise employed,Never had a job,3,2,Lower middle class,Hindu,IN: General
4,3,1,1,1,1,1,2,3,2,2,3,2,2,1,1,1,2,7,3,1,1,1,1,1,-1,1,6,1,6,1,6,1,1,1,1,1,1,1,1,1,1,1,1,1,1,1,2,2,2,4,4,6,2,1,1,1,2,1,1,3,4,356067,3,10,10,5,6098,1,1,1,2,47,1,356,6,1740,Married,4,Bachelor or equivalent (ISCED 6),Full time (30 hours a week or more),"Professional and technical (for example: doctor, teacher, engineer, artist, accountant, nurse)",1,2,Lower middle class,Hindu,IN: Hindu (Other Backward Castes)
2,4,2,1,1,1,1,2,2,1,2,3,2,1,1,1,1,1,1,4,1,1,1,2,2,1,1,1,1,1,1,1,1,1,1,1,1,1,1,1,1,1,1,1,1,2,1,1,2,1,3,3,2,1,1,1,2,2,2,4,3,3,356116,2,4,5,1,6065,1,2,1,1,23,1,356,3,1740,Married,1,Upper secondary education (ISCED 3),Unemployed,"Farm worker (for example: farm labourer, tractor driver)",3,2,Working class,Islam; nfd,IN: Hindu (Other Backward Castes)
4,3,4,4,2,2,1,2,2,3,2,2,2,2,3,5,2,3,10,3,1,1,1,1,2,1,1,4,2,9,1,3,2,1,1,1,3,1,1,1,10,1,1,1,1,5,2,2,2,2,3,3,3,2,2,1,0,0,1,4,3,1,356068,2,10,10,5,4108,1,1,1,1,61,1,356,6,3540,Married,4,Upper secondary education (ISCED 3),Self employed,"Sales (for example: sales manager, shop owner, shop assistant, insurance agent, buyer)",3,2,Upper class,Hindu,IN: General
1,2,1,1,1,2,1,2,3,2,1,3,1,-1,4,2,3,1,8,1,4,8,5,8,6,8,5,8,8,7,3,9,5,1,9,1,1,10,9,6,6,8,9,6,1,1,2,2,2,1,2,1,4,1,1,4,2,2,1,1,1,3,356068,2,7,8,10,1208,1,2,1,2,30,1,356,5,1740,Married,3,Upper secondary education (ISCED 3),Part time (less than 30 hours a week),"Higher administrative (for example: banker, executive in big business, high government official, union official)",1,1,Upper middle class,Hindu,IN: Hindu (Scheduled Tribes)
4,3,4,4,1,1,1,2,1,2,2,4,1,1,1,1,1,2,10,2,1,1,1,1,1,1,1,1,1,1,1,1,1,1,1,1,1,1,1,1,1,1,1,1,1,1,1,2,2,2,1,1,2,2,2,1,1,2,0,4,2,3,356116,-1,10,10,1,6065,1,2,1,1,28,1,356,5,1740,Married,3,Lower secondary education (ISCED 2),Self employed,"Farm worker (for example: farm labourer, tractor driver)",3,1,Lower middle class,Islam; nfd,IN: Hindu (Other Backward Castes)
4,2,2,2,2,4,1,2,4,1,2,3,2,2,1,1,1,2,10,1,10,1,1,1,1,1,1,1,1,1,1,6,1,1,1,1,1,1,1,1,1,1,1,1,1,1,1,2,1,1,2,1,2,2,2,5,1,2,2,1,2,3,5,4,0,10,10,6098,1,1,1,2,42,1,356,4,1740,Married,2,Master or equivalent (ISCED 7),Unemployed,"Clerical (for example: secretary, clerk, office manager, civil servant, bookkeeper",3,2,Upper middle class,Hindu,IN: Hindu (Other Backward Castes)
3,4,1,2,1,1,2,1,4,1,2,1,4,1,1,5,1,3,4,1,1,1,1,1,1,9,1,1,-1,9,1,1,2,3,2,3,2,2,2,2,2,2,2,8,5,5,1,4,1,1,1,4,2,2,2,1,2,2,2,1,2,1,-1,3,10,-1,6,8046,2,1,1,1,36,1,356,15,1740,Married,2,Post-secondary non-tertiary education (ISCED 4),Self employed,"Sales (for example: sales manager, shop owner, shop assistant, insurance agent, buyer)",2,1,Lower middle class,Hindu,IN: Hindu (Scheduled Castes)
2,1,2,2,3,2,2,1,3,3,3,1,2,1,2,1,2,1,1,4,9,9,8,4,5,10,10,10,10,10,10,10,10,10,10,10,10,10,10,6,4,4,4,5,2,2,1,1,1,2,3,2,2,1,1,2,1,1,2,2,1,2,356068,2,8,9,1,1208,1,2,1,2,34,1,356,7,1740,Married,2,Bachelor or equivalent (ISCED 6),Full time (30 hours a week or more),"Farm worker (for example: farm labourer, tractor driver)",3,2,Lower middle class,Hindu,IN: Hindu (Other Backward Castes)
4,1,3,2,3,2,2,2,4,1,2,2,3,1,1,1,1,3,10,1,4,1,1,1,1,1,1,1,1,1,1,1,1,1,1,7,8,7,1,1,1,1,1,8,1,4,1,4,1,1,4,4,1,2,2,1,1,2,1,3,1,1,356068,4,3,10,10,8008,2,1,1,1,67,1,356,9,1740,Married,4,Early childhood education (ISCED 0) / no education,Retired/pensioned,"Unskilled worker (for example: labourer, porter, unskilled factory worker, cleaner)",2,2,Lower middle class,Hindu,IN: General
3,2,3,2,1,1,4,2,1,1,2,2,2,1,2,1,1,1,9,3,1,1,2,3,2,1,1,2,2,1,2,1,2,1,2,1,2,1,2,1,2,1,2,1,3,1,3,4,1,2,1,2,4,1,1,2,2,2,1,4,2,1,356068,1,8,10,8,1122,1,2,1,2,39,1,356,5,1740,Married,2,Upper secondary education (ISCED 3),Unemployed,Never had a job,1,2,Upper middle class,Hindu,IN: Hindu (Other Backward Castes)
4,1,3,3,1,-1,2,1,2,2,4,4,2,2,3,1,3,2,3,-1,1,3,1,4,1,3,4,3,-1,3,1,1,1,1,1,1,1,1,1,1,1,1,1,4,3,3,2,2,1,1,1,1,1,2,2,1,2,2,1,2,2,2,356068,2,7,4,8,6366,1,2,1,2,26,1,356,8,1740,Married,2,Upper secondary education (ISCED 3),Homemaker not otherwise employed,Never had a job,2,2,Lower middle class,Hindu,IN: Hindu (Other Backward Castes)
4,2,4,4,4,4,1,2,4,1,3,4,1,1,1,1,1,2,10,3,1,1,2,1,1,-1,1,3,1,5,1,6,1,1,10,1,1,9,1,1,1,1,2,4,1,1,3,3,1,1,4,2,1,2,2,1,1,2,2,1,3,4,356067,4,7,7,3,8046,1,1,1,1,52,1,356,6,3540,Married,2,Upper secondary education (ISCED 3),Self employed,"Sales (for example: sales manager, shop owner, shop assistant, insurance agent, buyer)",2,1,Upper class,Sikhism,IN: General
4,2,2,2,3,4,2,1,3,3,2,3,2,1,2,1,2,2,8,2,1,1,1,1,1,1,1,1,2,1,1,2,1,1,1,1,1,10,1,2,1,1,2,1,1,5,1,3,1,1,2,2,2,2,2,4,1,2,1,4,2,3,356116,4,8,5,4,7004,1,2,1,1,48,1,356,6,490,Married,3,Lower secondary education (ISCED 2),Self employed,"Unskilled worker (for example: labourer, porter, unskilled factory worker, cleaner)",3,1,Lower middle class,Islam; nfd,IN: General
4,1,1,2,4,4,1,2,3,1,3,2,1,1,3,1,1,2,10,2,1,1,1,1,1,1,1,5,1,7,1,5,10,1,1,1,1,6,1,1,1,5,1,1,1,1,2,1,2,1,4,4,3,2,2,1,0,0,0,2,2,1,356068,4,10,4,7,8008,1,1,1,1,38,1,356,5,1740,Married,2,Master or equivalent (ISCED 7),Full time (30 hours a week or more),"Clerical (for example: secretary, clerk, office manager, civil servant, bookkeeper",1,1,Lower middle class,Hindu,IN: General
3,3,1,1,3,2,4,2,2,1,4,2,2,2,1,1,2,1,8,1,3,1,7,3,5,1,3,8,8,10,10,7,9,8,9,6,9,9,5,9,10,3,9,7,2,3,1,3,1,1,1,2,2,1,1,1,0,2,2,2,2,2,356068,1,3,1,2,1208,1,2,1,2,22,1,356,6,1740,Married,4,Upper secondary education (ISCED 3),Homemaker not otherwise employed,Never had a job,2,1,Upper middle class,Hindu,IN: General
4,4,3,4,3,2,1,2,4,4,3,4,1,2,3,4,1,2,4,4,9,9,1,1,1,1,1,1,1,1,1,1,1,1,1,1,1,1,1,1,1,1,1,1,5,5,1,2,1,1,3,3,3,2,2,1,0,1,0,4,4,1,5,3,8,9,7,4108,2,1,1,1,32,1,356,5,3540,Married,2,Lower secondary education (ISCED 2),Full time (30 hours a week or more),"Farm worker (for example: farm labourer, tractor driver)",3,1,Lower class,Hindu,IN: General
4,1,1,3,2,2,3,1,4,3,4,2,1,2,3,4,4,1,9,1,8,6,8,4,7,4,9,1,1,4,8,3,7,4,8,10,-1,8,-1,1,-1,3,10,5,2,3,2,3,1,2,3,1,1,1,1,4,1,0,2,3,1,2,356068,3,8,1,7,1208,1,2,1,2,40,1,356,8,1740,Married,6,Lower secondary education (ISCED 2),Full time (30 hours a week or more),"Higher administrative (for example: banker, executive in big business, high government official, union official)",1,1,Upper middle class,Hindu,IN: Hindu (Scheduled Tribes)
4,3,4,3,1,1,1,2,1,2,2,2,1,1,1,1,1,2,10,2,1,1,1,1,1,1,1,1,1,1,1,1,1,1,1,1,1,1,1,1,1,1,1,1,2,1,1,2,2,2,1,1,4,2,2,1,0,2,0,4,3,4,356068,4,10,1,4,6065,1,2,1,1,46,1,356,6,1740,Married,4,Lower secondary education (ISCED 2),Self employed,"Farm owner, farm manager",3,1,Upper middle class,Hindu,IN: Hindu (Other Backward Castes)
2,3,1,2,1,1,1,2,2,3,3,2,-1,2,2,1,1,2,7,3,1,1,1,1,1,1,1,1,1,1,1,1,1,1,3,2,2,1,1,1,1,1,1,1,1,-1,1,1,2,1,4,3,4,2,1,1,2,2,2,4,1,2,-1,4,8,1,3,7216,1,2,1,1,28,1,356,3,490,Married,2,Primary education (ISCED 1),Unemployed,"Unskilled worker (for example: labourer, porter, unskilled factory worker, cleaner)",3,1,Lower middle class,Islam; nfd,IN: General
4,1,2,2,4,4,4,2,2,1,3,3,1,1,1,1,2,3,5,1,4,3,2,3,2,3,1,5,1,3,1,3,1,1,7,4,2,7,2,2,1,1,1,6,1,5,1,4,1,1,2,2,3,2,2,1,2,2,2,4,1,4,356068,2,7,6,6,8008,1,2,1,2,56,1,356,7,1740,Widowed,3,Upper secondary education (ISCED 3),Homemaker not otherwise employed,Never had a job,3,2,Lower middle class,Hindu,IN: Hindu (Other Backward Castes)
2,3,3,2,4,1,2,1,2,3,2,3,2,1,1,2,1,2,10,1,1,1,1,1,1,1,1,1,1,6,1,1,1,1,1,1,1,5,1,1,1,1,1,1,1,5,1,3,-1,1,1,2,3,2,2,1,2,2,2,4,1,3,356068,3,10,10,10,6065,1,2,1,1,48,1,356,6,1740,Married,3,Lower secondary education (ISCED 2),Self employed,"Farm owner, farm manager",2,1,Lower middle class,Hindu,IN: Hindu (Other Backward Castes)
3,2,3,3,3,2,2,2,2,3,1,3,1,1,1,1,1,3,9,3,3,2,3,2,3,2,3,2,3,2,3,2,3,2,2,2,3,2,3,2,3,2,3,2,5,2,2,2,1,1,1,1,1,-1,1,2,0,1,0,4,2,2,356067,2,9,9,9,1122,1,2,1,2,61,1,356,6,1740,Married,5,Upper secondary education (ISCED 3),Unemployed,Never had a job,1,2,Working class,Hindu,IN: Hindu (Other Backward Castes)
1,3,2,2,2,3,2,2,2,2,3,3,3,1,3,3,4,1,10,1,8,2,8,7,9,6,9,7,10,7,9,7,9,6,9,7,9,7,9,6,9,7,9,6,2,1,3,2,2,1,4,2,1,2,1,2,1,1,0,2,3,2,356067,1,9,9,5,1208,1,2,1,2,51,1,356,7,1740,Married,4,Bachelor or equivalent (ISCED 6),Homemaker not otherwise employed,"Semi-skilled worker (for example: bricklayer, bus driver, cannery worker, carpenter, sheet metal worker, baker)",2,2,Upper middle class,Islam; nfd,IN: General
4,1,3,3,3,2,4,2,4,1,1,1,4,2,2,1,1,3,10,1,1,1,1,1,1,1,1,1,1,6,1,5,1,1,1,1,1,5,1,1,1,1,1,5,1,1,1,4,1,1,4,4,1,2,2,1,2,0,1,1,1,1,356068,4,10,10,10,8008,1,1,1,1,40,1,356,6,1740,Married,3,Bachelor or equivalent (ISCED 6),Full time (30 hours a week or more),"Sales (for example: sales manager, shop owner, shop assistant, insurance agent, buyer)",2,1,Lower middle class,Hindu,IN: General
2,2,2,1,2,2,1,1,2,2,1,2,3,1,2,2,3,2,3,3,2,2,2,2,2,2,2,2,2,2,2,2,2,2,2,2,4,2,2,2,3,2,3,2,2,2,1,3,1,1,2,2,3,1,2,3,1,1,1,4,3,2,356116,2,2,1,2,6065,1,2,1,2,25,1,356,3,1740,Married,0,Bachelor or equivalent (ISCED 6),Unemployed,"Farm worker (for example: farm labourer, tractor driver)",2,2,Lower middle class,Hindu,IN: Hindu (Other Backward Castes)
4,2,1,2,2,3,1,2,1,2,3,2,3,1,2,1,1,1,8,2,1,1,1,1,1,1,1,1,1,1,1,2,1,2,1,1,1,6,2,2,1,1,1,2,1,1,1,2,1,1,2,1,4,1,2,1,2,2,1,2,2,1,356116,3,7,5,7,7216,1,2,1,1,40,1,356,6,490,Married,2,Upper secondary education (ISCED 3),Full time (30 hours a week or more),"Semi-skilled worker (for example: bricklayer, bus driver, cannery worker, carpenter, sheet metal worker, baker)",2,1,Lower middle class,Islam; nfd,IN: General
4,3,3,3,1,1,1,2,1,2,3,4,1,1,1,1,2,2,1,2,1,1,1,1,1,1,1,1,1,1,1,1,1,1,1,1,2,1,1,1,1,1,1,1,1,1,1,2,2,2,1,1,6,2,2,1,1,1,1,4,2,-1,356068,4,10,10,4,6065,1,2,1,1,53,1,356,4,1740,Married,2,Upper secondary education (ISCED 3),Self employed,"Farm owner, farm manager",3,1,Upper middle class,Hindu,IN: Hindu (Other Backward Castes)
3,1,3,4,1,2,3,1,2,3,4,4,3,1,2,2,3,1,9,3,1,2,2,3,2,3,2,3,2,3,2,3,2,3,2,2,1,3,2,2,2,3,2,2,3,3,1,2,1,2,2,1,1,2,2,4,0,0,2,2,3,1,356068,2,9,9,9,1122,1,2,1,1,56,1,356,6,1740,Married,2,Early childhood education (ISCED 0) / no education,Homemaker not otherwise employed,"Farm owner, farm manager",2,1,Lower middle class,Hindu,IN: Hindu (Other Backward Castes)
4,2,2,2,3,2,4,2,2,1,3,2,1,1,2,1,2,3,3,2,1,1,1,1,1,5,1,6,1,5,1,6,1,1,7,1,1,5,1,1,1,1,1,6,1,1,1,3,1,1,4,4,4,2,2,1,0,2,0,2,2,1,356068,4,6,7,7,8008,1,2,1,2,37,1,356,4,1740,Living together as married,2,Bachelor or equivalent (ISCED 6),Homemaker not otherwise employed,Never had a job,3,2,Lower middle class,Hindu,IN: Hindu (Other Backward Castes)
2,2,3,2,1,1,1,2,1,4,3,3,1,1,1,2,1,2,10,2,1,1,1,1,1,1,1,1,1,5,1,1,1,1,1,1,1,5,1,1,1,1,1,1,1,5,1,3,-1,1,1,4,3,2,2,1,2,2,2,4,2,4,356068,1,10,10,10,6065,1,2,1,1,60,1,356,4,1740,Married,2,Upper secondary education (ISCED 3),Self employed,"Farm owner, farm manager",2,2,Lower middle class,Hindu,IN: Hindu (Other Backward Castes)
4,1,4,2,2,4,4,2,4,1,2,1,4,2,1,1,1,3,10,4,1,1,1,1,1,1,1,1,1,9,1,1,1,1,1,1,1,10,1,1,1,1,1,1,5,5,1,2,1,1,1,2,1,2,2,1,0,0,0,2,1,1,356068,4,10,1,10,2024,1,2,1,1,57,1,356,11,1740,Living together as married,6,Primary education (ISCED 1),Full time (30 hours a week or more),"Skilled worker (for example: foreman, motor mechanic, printer, seamstress, tool and die maker, electrician)",2,1,Lower middle class,Hindu,IN: Hindu (Other Backward Castes)
3,4,2,3,3,2,4,1,3,2,2,2,2,2,1,3,2,2,8,2,7,8,6,8,6,7,5,8,5,8,6,8,8,6,9,8,5,9,6,9,6,8,6,8,3,2,2,1,2,-1,2,1,2,1,1,4,2,2,1,1,4,1,-1,2,8,8,6,1208,1,2,1,1,52,1,356,8,1740,Married,6,Primary education (ISCED 1),Full time (30 hours a week or more),"Clerical (for example: secretary, clerk, office manager, civil servant, bookkeeper",1,1,Upper middle class,Hindu,IN: Hindu (Scheduled Tribes)
2,2,3,3,2,3,2,1,3,3,1,3,2,1,1,3,2,1,10,3,2,3,2,3,2,3,2,3,2,3,2,3,2,3,2,3,3,3,2,3,2,3,2,3,5,5,1,2,2,1,2,3,3,1,1,2,1,1,1,4,2,2,356067,2,10,8,10,1122,1,2,1,2,41,1,356,8,1740,Married,2,Lower secondary education (ISCED 2),Unemployed,Never had a job,2,2,Lower middle class,Hindu,IN: Hindu (Other Backward Castes)
4,3,3,4,1,1,1,2,1,2,2,4,1,1,1,1,1,2,10,2,1,1,1,1,1,1,1,1,1,1,1,1,1,1,1,1,1,1,2,1,1,1,1,1,2,1,1,2,2,2,1,1,6,2,2,1,1,2,0,4,2,4,356068,-1,10,10,4,6065,1,2,1,1,53,1,356,6,1740,Married,4,Lower secondary education (ISCED 2),Self employed,"Farm owner, farm manager",2,1,Upper middle class,Hindu,IN: Hindu (Other Backward Castes)
4,2,4,4,3,4,1,1,1,1,2,4,1,1,1,2,2,3,7,4,1,1,1,1,1,4,1,3,1,1,1,5,5,3,5,4,1,1,1,1,1,1,1,3,3,1,4,3,1,2,4,4,1,2,2,1,1,0,1,3,4,1,356068,-1,10,9,8,8046,1,1,1,1,47,1,356,10,1740,Married,1,Upper secondary education (ISCED 3),Full time (30 hours a week or more),"Sales (for example: sales manager, shop owner, shop assistant, insurance agent, buyer)",2,1,Lower middle class,Hindu,IN: General
4,1,3,2,3,4,4,2,1,1,2,3,1,1,1,1,1,3,5,1,1,1,1,1,1,3,1,5,1,4,1,1,1,1,6,1,1,5,1,1,1,1,1,5,1,5,1,3,1,1,3,4,2,2,2,1,0,2,0,4,2,4,356067,3,7,7,6,8008,1,2,1,2,48,1,356,5,1740,Living together as married,2,Upper secondary education (ISCED 3),Homemaker not otherwise employed,Never had a job,3,2,Upper middle class,Hindu,IN: Hindu (Other Backward Castes)
3,1,4,4,3,2,2,1,1,1,2,2,1,-1,2,2,2,1,9,1,1,2,1,2,1,2,1,2,1,2,1,3,1,3,1,3,1,3,1,3,1,3,1,3,2,5,1,3,1,1,1,2,2,1,-1,3,2,0,1,2,3,2,356068,1,8,9,9,1122,1,2,1,1,55,1,356,7,1740,Married,4,Upper secondary education (ISCED 3),Self employed,"Semi-skilled worker (for example: bricklayer, bus driver, cannery worker, carpenter, sheet metal worker, baker)",2,1,Lower middle class,Hindu,IN: General
2,1,2,2,2,2,1,2,2,1,3,2,1,1,1,3,1,1,7,1,4,3,3,3,3,1,1,1,1,1,1,1,1,1,4,5,1,2,2,1,1,1,3,10,1,1,1,3,2,2,2,2,4,2,2,1,1,2,1,2,1,1,356067,2,3,6,7,1122,1,2,1,2,25,1,356,5,1740,Married,1,Bachelor or equivalent (ISCED 6),Full time (30 hours a week or more),"Professional and technical (for example: doctor, teacher, engineer, artist, accountant, nurse)",1,2,Lower middle class,Hindu,IN: Hindu (Other Backward Castes)
3,2,4,4,1,1,1,1,1,2,2,2,1,1,1,2,1,2,10,2,1,1,1,1,1,1,1,1,1,1,1,1,1,1,1,1,1,1,1,1,1,1,1,1,1,2,1,4,-1,1,1,4,2,2,2,1,2,2,2,4,2,4,356068,1,10,10,10,6065,1,2,1,1,58,1,356,5,1740,Married,2,Upper secondary education (ISCED 3),Self employed,"Farm owner, farm manager",2,2,Working class,Hindu,IN: Hindu (Other Backward Castes)
4,1,1,2,1,1,-1,2,1,1,2,1,1,1,1,1,1,-1,10,2,6,1,1,1,1,1,1,1,1,10,1,1,1,1,1,1,1,1,1,1,1,1,1,1,5,5,1,2,2,2,-1,-1,6,2,2,1,1,1,1,2,2,2,-1,4,10,1,1,2024,1,2,1,2,31,1,356,4,1740,Widowed,3,Upper secondary education (ISCED 3),Unemployed,"Unskilled worker (for example: labourer, porter, unskilled factory worker, cleaner)",2,1,Lower class,Hindu,IN: General
2,1,1,1,2,3,3,1,3,1,1,1,2,1,1,3,1,2,9,2,10,8,10,10,8,8,10,10,8,1,10,9,8,8,10,8,6,7,8,3,10,10,10,10,1,1,1,2,2,2,3,2,2,2,1,2,2,2,2,3,1,2,356068,2,9,0,9,1208,1,2,1,1,65,1,356,9,1740,Married,4,Upper secondary education (ISCED 3),Part time (less than 30 hours a week),"Semi-skilled worker (for example: bricklayer, bus driver, cannery worker, carpenter, sheet metal worker, baker)",2,1,Lower middle class,Islam; nfd,IN: General
3,2,2,2,2,2,1,2,2,2,1,2,3,2,2,2,4,2,5,3,2,2,2,2,2,2,2,2,2,2,2,2,2,2,2,2,2,3,2,2,2,2,2,2,2,3,2,2,1,1,2,1,3,1,2,2,2,2,1,4,2,2,356067,1,7,7,8,6065,1,2,1,1,32,1,356,8,1740,Married,1,Bachelor or equivalent (ISCED 6),Self employed,"Skilled worker (for example: foreman, motor mechanic, printer, seamstress, tool and die maker, electrician)",2,2,Lower middle class,Hindu,IN: Hindu (Other Backward Castes)
4,1,4,2,2,4,1,2,2,2,2,3,-1,1,2,1,1,2,8,3,1,1,1,1,1,-1,1,3,1,4,1,6,6,6,6,1,1,6,1,1,1,1,1,4,1,2,4,3,2,2,-1,4,1,1,2,2,1,1,1,1,4,4,356116,3,6,8,5,8046,1,1,1,1,60,1,356,4,1740,Married,2,Upper secondary education (ISCED 3),Full time (30 hours a week or more),"Clerical (for example: secretary, clerk, office manager, civil servant, bookkeeper",2,1,Lower middle class,Hindu,IN: Hindu (Scheduled Castes)
4,1,1,2,2,2,1,2,2,1,2,1,2,1,1,3,2,2,8,1,4,4,4,4,4,1,1,1,1,1,1,2,1,1,3,4,1,3,1,1,1,1,3,9,2,1,1,3,2,2,2,3,4,2,2,1,2,2,2,2,1,1,356067,2,8,8,8,1122,1,2,1,1,28,1,356,5,1740,Married,2,Bachelor or equivalent (ISCED 6),Full time (30 hours a week or more),"Professional and technical (for example: doctor, teacher, engineer, artist, accountant, nurse)",2,1,Lower middle class,Hindu,IN: Hindu (Other Backward Castes)
4,4,1,1,1,1,1,2,3,3,3,3,1,1,1,1,1,3,10,1,10,1,1,1,1,1,1,5,-1,6,1,7,1,1,1,1,1,6,1,1,1,1,1,6,1,1,1,3,2,2,4,4,7,-1,1,1,1,2,2,2,4,1,356067,4,10,10,1,6098,1,1,1,1,40,1,356,6,1740,Married,2,Upper secondary education (ISCED 3),Full time (30 hours a week or more),"Sales (for example: sales manager, shop owner, shop assistant, insurance agent, buyer)",2,2,Lower middle class,Hindu,IN: Hindu (Other Backward Castes)
3,2,2,2,2,2,1,2,2,2,1,2,3,2,2,2,4,2,5,3,2,2,2,2,2,2,2,2,2,2,2,2,2,2,2,2,2,3,2,2,2,2,2,2,2,3,2,2,1,1,2,1,3,1,2,2,2,2,1,4,2,2,356067,1,7,7,8,6065,1,2,1,1,32,1,356,8,1740,Married,1,Bachelor or equivalent (ISCED 6),Self employed,"Skilled worker (for example: foreman, motor mechanic, printer, seamstress, tool and die maker, electrician)",2,2,Lower middle class,Hindu,IN: Hindu (Other Backward Castes)
3,1,2,2,1,1,4,2,2,1,2,1,3,1,2,2,2,1,10,3,1,2,1,2,1,2,1,2,1,2,1,2,1,2,1,2,1,2,1,2,1,2,1,2,1,5,2,4,1,1,1,2,4,2,2,2,2,2,1,2,2,1,356068,1,8,9,10,1122,1,2,1,1,48,1,356,8,1740,Married,4,Upper secondary education (ISCED 3),Full time (30 hours a week or more),"Service (for example: restaurant owner, police officer, waitress, barber, caretaker)",2,1,Lower middle class,Hindu,IN: General
4,1,2,3,4,4,4,2,2,1,3,3,1,1,1,1,1,3,10,2,1,1,1,1,1,1,1,4,1,4,1,1,1,1,6,2,1,5,1,1,1,1,1,5,1,5,1,3,1,1,2,2,1,2,2,1,2,2,2,4,1,1,356068,2,8,8,6,8008,1,2,1,2,57,1,356,6,1740,Widowed,3,Upper secondary education (ISCED 3),Homemaker not otherwise employed,Never had a job,3,2,Lower middle class,Hindu,IN: Hindu (Other Backward Castes)
4,2,2,2,1,1,1,2,2,2,3,2,1,1,1,1,1,2,8,2,3,4,3,3,3,-1,-1,3,-1,3,-1,3,-1,1,10,4,-1,4,3,1,-1,-1,3,10,2,1,1,4,2,2,2,3,4,2,1,1,1,2,1,2,2,1,356068,3,4,8,7,1122,1,2,1,1,29,1,356,8,1740,Married,1,Master or equivalent (ISCED 7),Full time (30 hours a week or more),"Professional and technical (for example: doctor, teacher, engineer, artist, accountant, nurse)",1,1,Lower middle class,Hindu,IN: General
4,2,3,3,3,2,4,2,4,2,2,1,4,1,1,1,1,3,10,1,4,1,1,1,1,1,1,1,1,4,1,1,1,1,1,1,1,6,1,1,1,1,1,8,1,1,1,4,1,1,2,4,1,2,2,1,2,2,2,2,1,1,356068,4,10,5,10,8008,1,1,1,1,67,1,356,8,1740,Married,3,Upper secondary education (ISCED 3),Retired/pensioned,"Skilled worker (for example: foreman, motor mechanic, printer, seamstress, tool and die maker, electrician)",3,2,Upper middle class,Hindu,IN: General
4,1,2,2,4,4,4,2,2,1,3,3,1,1,2,1,2,3,4,2,1,1,1,1,1,3,1,5,1,4,1,5,1,1,6,1,1,5,1,1,1,1,1,6,1,2,1,3,1,1,4,4,2,2,2,4,2,2,2,4,2,1,356068,3,8,7,6,8008,1,2,1,2,47,1,356,4,1740,Living together as married,2,Lower secondary education (ISCED 2),Homemaker not otherwise employed,Never had a job,3,2,Upper middle class,Hindu,IN: Hindu (Scheduled Castes)
4,2,1,2,3,2,1,2,2,2,2,2,2,2,3,2,2,1,8,2,2,3,2,2,2,2,2,2,2,2,2,2,1,1,1,1,1,4,2,2,2,2,1,5,5,5,1,2,1,1,2,1,7,2,2,2,2,2,2,4,2,2,356115,2,7,8,6,7216,2,2,1,2,46,1,356,9,490,Married,3,Early childhood education (ISCED 0) / no education,Full time (30 hours a week or more),"Semi-skilled worker (for example: bricklayer, bus driver, cannery worker, carpenter, sheet metal worker, baker)",2,2,Lower middle class,Islam; nfd,IN: Hindu (Other Backward Castes)
4,2,1,1,1,2,1,2,2,1,2,2,2,1,2,1,1,2,10,1,10,1,1,1,1,1,1,1,-1,1,1,1,1,1,1,1,1,1,1,1,1,1,1,1,1,1,1,3,2,2,-1,1,2,2,1,1,2,2,2,2,2,2,356068,4,10,1,10,6098,1,2,1,1,33,1,356,6,1740,Married,0,Bachelor or equivalent (ISCED 6),Full time (30 hours a week or more),"Farm worker (for example: farm labourer, tractor driver)",2,2,Upper middle class,Buddhist,IN: Hindu (Scheduled Castes)
3,4,1,1,1,1,1,2,3,3,4,4,1,1,1,1,1,2,10,3,-1,1,1,1,1,-1,1,1,-1,-1,-1,1,1,1,1,5,1,4,1,1,1,1,1,1,1,1,2,2,1,1,4,4,4,-1,2,1,2,2,-1,2,4,4,5,4,10,10,1,6098,1,1,1,1,35,1,356,5,1740,Married,3,Upper secondary education (ISCED 3),Unemployed,"Unskilled worker (for example: labourer, porter, unskilled factory worker, cleaner)",2,1,Working class,Hindu,IN: Hindu (Scheduled Castes)
4,1,3,3,3,3,3,2,4,1,2,2,2,1,4,1,1,3,10,1,1,1,1,1,1,7,1,5,1,10,1,6,5,1,5,1,5,5,1,1,5,5,1,5,1,1,1,2,2,2,4,4,5,2,2,1,1,0,0,1,1,3,-1,4,10,10,10,8008,1,1,1,1,43,1,356,4,1740,Married,2,Master or equivalent (ISCED 7),Full time (30 hours a week or more),"Clerical (for example: secretary, clerk, office manager, civil servant, bookkeeper",1,1,Upper middle class,Hindu,IN: General
3,1,3,3,1,1,3,1,2,1,1,3,1,1,2,2,2,1,9,2,3,1,3,1,2,1,2,1,2,1,2,1,2,3,1,2,1,2,1,3,1,2,1,2,2,2,1,4,1,2,3,2,2,1,2,3,0,0,1,3,2,3,356116,2,8,9,9,1122,1,2,1,1,49,1,356,5,1740,Married,3,Upper secondary education (ISCED 3),Part time (less than 30 hours a week),"Semi-skilled worker (for example: bricklayer, bus driver, cannery worker, carpenter, sheet metal worker, baker)",2,1,Lower middle class,Hindu,IN: Hindu (Other Backward Castes)
1,4,1,4,1,3,3,2,4,3,2,3,2,2,1,4,2,2,9,1,8,6,8,6,9,7,6,8,5,8,6,9,7,9,7,8,7,8,5,8,7,8,6,8,2,3,1,1,2,1,3,2,2,1,2,2,1,2,-1,1,4,2,356068,3,6,9,9,1208,1,1,1,2,48,1,356,6,1740,Married,8,Lower secondary education (ISCED 2),Full time (30 hours a week or more),"Clerical (for example: secretary, clerk, office manager, civil servant, bookkeeper",2,1,Upper class,Islam; nfd,IN: General
1,2,3,3,1,1,1,1,2,4,2,2,2,1,1,1,1,3,10,1,1,1,1,1,1,1,1,1,1,5,1,1,1,1,1,1,1,3,1,1,1,1,1,1,1,1,1,4,-1,1,1,3,2,1,2,1,2,2,2,4,2,3,356068,-1,10,10,10,6065,1,2,1,1,50,1,356,6,1740,Married,4,Upper secondary education (ISCED 3),Self employed,"Farm owner, farm manager",2,1,Working class,Hindu,IN: Hindu (Scheduled Castes)
2,2,2,2,1,1,2,2,4,2,2,4,4,2,2,1,1,2,8,3,1,2,1,1,3,1,2,3,1,4,1,5,1,1,2,2,1,5,1,1,1,2,2,1,5,5,2,1,2,2,2,1,7,2,2,1,2,2,2,3,2,3,356067,3,9,8,1,2024,1,2,1,1,56,1,356,8,1740,Married,6,Lower secondary education (ISCED 2),Self employed,"Farm worker (for example: farm labourer, tractor driver)",2,1,Lower class,Hindu,IN: Hindu (Scheduled Castes)
2,3,1,1,1,1,1,2,1,3,3,3,1,2,3,1,1,2,6,3,1,1,1,1,1,1,1,1,1,1,1,1,1,1,1,2,2,2,1,1,2,1,1,2,1,-1,1,1,2,1,3,4,2,2,1,1,2,2,2,4,3,2,-1,4,7,5,7,7216,1,2,1,2,40,1,356,3,1740,Married,1,Lower secondary education (ISCED 2),Self employed,Never had a job,3,2,Lower middle class,Islam; nfd,IN: Hindu (Other Backward Castes)
4,3,2,2,1,1,1,2,1,2,2,4,1,1,1,1,2,2,1,2,1,1,1,1,1,1,1,1,1,1,1,1,1,1,1,1,1,1,1,1,1,1,1,1,1,1,1,2,2,2,1,1,6,2,2,1,1,2,1,4,2,4,356116,4,10,10,4,6065,1,2,1,1,41,1,356,5,1740,Married,3,Upper secondary education (ISCED 3),Self employed,"Farm owner, farm manager",3,1,Upper middle class,Hindu,IN: Hindu (Other Backward Castes)
4,3,4,3,2,1,1,2,4,2,2,4,2,1,1,1,1,2,10,4,1,1,1,1,1,6,1,6,1,5,1,5,6,5,5,1,1,1,1,1,1,1,2,5,1,2,4,3,1,-1,-1,4,1,2,2,1,2,1,1,1,3,1,356116,4,5,8,9,8046,1,1,1,1,43,1,356,10,1740,Married,2,Upper secondary education (ISCED 3),Unemployed,"Skilled worker (for example: foreman, motor mechanic, printer, seamstress, tool and die maker, electrician)",2,2,Upper middle class,Hindu,IN: General
4,2,4,3,2,2,4,2,4,1,2,2,2,1,2,1,1,3,10,2,1,1,1,1,1,5,1,4,1,6,1,6,5,1,5,1,1,1,1,1,1,1,1,5,1,1,1,2,2,2,4,4,4,2,2,1,0,0,0,1,3,1,356067,4,1,10,7,8008,1,1,1,1,39,1,356,6,1740,Married,1,Upper secondary education (ISCED 3),Full time (30 hours a week or more),"Skilled worker (for example: foreman, motor mechanic, printer, seamstress, tool and die maker, electrician)",3,1,Lower middle class,Hindu,IN: Hindu (Other Backward Castes)
3,3,1,1,3,2,4,1,2,3,3,3,4,1,4,4,4,2,9,1,9,7,8,5,8,7,6,8,6,9,7,5,6,8,8,5,7,5,8,7,8,5,8,5,2,1,1,4,1,2,2,2,3,1,1,1,2,2,1,3,3,2,356068,3,6,7,5,1208,1,1,1,2,29,1,356,8,1740,Married,4,Primary education (ISCED 1),Full time (30 hours a week or more),"Higher administrative (for example: banker, executive in big business, high government official, union official)",1,1,Upper middle class,Islam; nfd,IN: General
4,4,4,3,2,3,2,2,3,2,2,2,3,1,3,2,1,2,10,4,1,1,1,1,1,1,1,6,1,8,2,5,3,1,2,1,1,3,1,1,1,1,2,1,1,1,2,2,2,2,4,2,7,2,2,1,2,2,2,1,2,4,356067,4,7,7,2,2024,1,2,1,1,53,1,356,8,1740,Married,3,Master or equivalent (ISCED 7),Full time (30 hours a week or more),"Professional and technical (for example: doctor, teacher, engineer, artist, accountant, nurse)",1,1,Upper middle class,Hindu,IN: General
4,2,2,3,3,3,4,2,2,1,3,3,1,1,2,2,2,3,4,2,1,1,1,1,1,3,1,5,1,5,1,6,1,1,7,1,1,5,1,1,1,1,1,6,1,5,1,3,1,1,4,4,4,2,2,1,2,2,2,3,2,1,356068,4,8,6,6,8008,1,2,1,2,50,1,356,6,1740,Living together as married,2,Upper secondary education (ISCED 3),Homemaker not otherwise employed,Never had a job,3,2,Lower middle class,Hindu,IN: General
1,2,1,1,1,1,1,2,1,1,2,2,1,2,2,1,2,2,5,3,1,1,1,1,1,1,1,1,1,1,1,1,1,1,1,1,1,1,1,1,1,1,1,1,2,-1,1,2,2,1,4,3,2,2,2,1,1,0,0,4,3,1,-1,4,2,4,3,7216,2,2,1,2,65,1,356,6,1740,Widowed,2,Early childhood education (ISCED 0) / no education,Homemaker not otherwise employed,"Unskilled worker (for example: labourer, porter, unskilled factory worker, cleaner)",3,2,Lower middle class,Islam; nfd,IN: General
4,1,2,1,4,4,1,2,2,1,2,1,1,2,2,2,1,2,10,2,1,1,1,1,5,1,1,1,1,5,1,1,5,1,1,1,1,7,1,1,1,1,1,1,2,5,1,1,2,2,2,2,3,1,2,1,-1,-1,0,2,1,4,356067,4,10,4,6,8008,1,1,1,1,62,1,356,6,1740,Married,2,Upper secondary education (ISCED 3),Retired/pensioned,"Service (for example: restaurant owner, police officer, waitress, barber, caretaker)",2,2,Lower middle class,Hindu,IN: Hindu (Scheduled Castes)
4,3,3,3,1,1,1,2,1,2,2,4,1,1,1,1,1,2,2,2,1,1,1,1,1,1,1,1,1,1,1,1,1,1,1,1,1,1,1,1,1,1,1,1,1,1,1,2,2,2,1,1,6,2,2,1,0,2,0,4,2,4,356116,4,10,-1,4,6065,1,2,1,1,43,1,356,4,1740,Married,2,Upper secondary education (ISCED 3),Self employed,"Farm owner, farm manager",3,1,Upper middle class,Hindu,IN: Hindu (Other Backward Castes)
3,3,1,1,1,1,1,2,2,1,3,2,2,1,1,1,1,2,10,2,1,1,1,1,1,1,1,1,1,1,1,1,1,1,1,1,1,1,1,1,1,1,1,1,1,1,1,4,2,2,1,1,1,2,1,5,2,2,2,2,3,4,356068,4,10,0,10,6098,1,2,1,1,50,1,356,8,1740,Married,6,Doctoral or equivalent (ISCED 8),Full time (30 hours a week or more),"Professional and technical (for example: doctor, teacher, engineer, artist, accountant, nurse)",2,1,Upper middle class,Hindu,IN: Hindu (Scheduled Castes)
4,1,3,2,2,1,2,-1,3,1,1,1,2,1,1,2,3,2,10,2,1,10,1,10,10,1,10,1,1,10,1,10,10,10,1,1,10,10,10,1,1,10,1,1,2,1,1,2,2,2,3,3,6,2,1,1,1,1,1,4,2,3,356116,1,10,1,1,1122,1,2,1,1,28,1,356,5,1740,Married,1,Master or equivalent (ISCED 7),Full time (30 hours a week or more),"Professional and technical (for example: doctor, teacher, engineer, artist, accountant, nurse)",1,2,Upper middle class,Hindu,IN: General
1,3,1,3,2,4,3,1,4,3,3,2,4,2,2,4,5,2,9,2,9,8,6,8,8,5,8,5,9,7,9,4,7,6,4,9,6,9,6,9,5,9,5,8,2,5,1,2,2,1,2,3,3,1,2,3,2,2,1,2,4,2,356068,3,4,8,3,1208,1,1,1,1,37,1,356,5,1740,Married,8,Upper secondary education (ISCED 3),Full time (30 hours a week or more),"Higher administrative (for example: banker, executive in big business, high government official, union official)",2,1,Upper class,Islam; nfd,IN: General
4,4,1,3,1,1,1,2,1,4,2,2,1,2,1,1,1,2,10,1,1,1,1,1,1,4,1,1,-1,10,1,6,1,1,1,1,1,6,1,1,1,1,1,1,2,1,1,2,1,2,3,3,1,2,1,5,1,1,1,2,1,1,356068,1,6,1,6,2024,1,2,1,1,73,1,356,9,1740,Living together as married,3,Upper secondary education (ISCED 3),Self employed,"Farm owner, farm manager",2,2,Lower middle class,Hindu,IN: Hindu (Other Backward Castes)
2,1,1,2,2,1,3,2,4,4,3,2,2,2,2,2,1,1,7,1,9,3,8,3,8,4,6,3,8,5,5,8,5,4,6,3,8,6,7,6,4,3,4,8,2,3,1,3,-1,-1,3,2,2,1,2,1,1,2,1,4,2,-1,356068,2,5,9,10,1208,1,1,1,2,44,1,356,9,1740,Married,6,Upper secondary education (ISCED 3),Homemaker not otherwise employed,"Sales (for example: sales manager, shop owner, shop assistant, insurance agent, buyer)",2,2,Lower middle class,Islam; nfd,IN: General
4,2,4,3,3,4,1,2,4,2,3,3,2,1,1,1,1,2,10,4,1,1,1,1,1,5,1,6,1,6,1,6,4,3,4,1,1,6,1,1,1,1,1,4,1,1,3,3,2,2,4,4,6,2,2,5,0,0,0,4,4,4,356068,4,8,6,3,8046,1,1,1,1,39,1,356,5,1740,Married,3,Doctoral or equivalent (ISCED 8),Full time (30 hours a week or more),"Sales (for example: sales manager, shop owner, shop assistant, insurance agent, buyer)",2,1,Upper middle class,Hindu,IN: Hindu (Scheduled Castes)
2,4,1,1,1,1,1,2,2,-1,4,4,1,-1,1,1,1,2,10,1,10,1,1,1,1,1,1,1,1,1,1,1,2,1,1,1,1,1,1,1,1,1,1,1,1,-1,2,4,2,2,-1,1,2,2,1,-1,2,2,2,4,2,4,5,4,1,10,1,6098,2,2,1,2,58,1,356,8,1740,Married,7,Early childhood education (ISCED 0) / no education,Unemployed,Never had a job,2,2,Lower class,Hindu,IN: Hindu (Scheduled Castes)
3,3,1,3,2,1,1,1,4,2,4,3,2,2,3,4,4,2,9,2,8,6,9,4,9,5,8,6,9,5,8,6,4,8,4,9,6,9,1,10,1,8,7,6,1,5,3,3,2,1,3,2,1,1,1,1,-1,1,-1,3,4,2,356116,3,9,3,5,1208,1,1,1,2,55,1,356,6,1740,Married,8,Lower secondary education (ISCED 2),Full time (30 hours a week or more),"Sales (for example: sales manager, shop owner, shop assistant, insurance agent, buyer)",1,1,Lower middle class,Islam; nfd,IN: General
2,1,2,4,4,3,3,1,2,3,3,3,4,2,2,1,1,1,8,2,10,6,2,6,1,5,9,2,9,4,2,1,2,2,2,2,9,4,2,7,3,7,2,2,4,1,2,3,2,2,3,1,2,1,2,2,0,2,1,2,2,4,356067,1,2,1,6,1208,1,1,1,1,26,1,356,3,1740,Married,3,Master or equivalent (ISCED 7),Student,"Farm worker (for example: farm labourer, tractor driver)",3,2,Upper middle class,Islam; nfd,IN: Hindu (Other Backward Castes)
4,1,4,4,4,2,1,2,2,1,2,3,2,1,3,1,2,2,8,2,4,3,1,1,2,4,5,3,-1,5,1,1,1,1,4,1,1,1,2,1,1,1,1,4,1,2,1,1,1,2,1,2,1,2,2,1,2,2,2,3,1,1,356068,3,3,4,7,6366,1,2,1,1,52,1,356,7,1740,Married,3,Bachelor or equivalent (ISCED 6),Self employed,"Farm owner, farm manager",2,1,Upper middle class,Hindu,IN: Hindu (Other Backward Castes)
3,1,4,3,1,1,4,2,3,1,2,3,2,1,1,1,1,1,10,2,2,3,2,4,2,3,2,3,2,3,2,3,2,3,3,5,2,4,5,3,4,2,2,2,1,1,1,4,2,-1,1,1,2,2,1,2,2,2,1,3,1,1,356068,1,9,8,8,1122,1,2,1,2,46,1,356,6,1740,Married,2,Upper secondary education (ISCED 3),Full time (30 hours a week or more),"Clerical (for example: secretary, clerk, office manager, civil servant, bookkeeper",1,1,Lower middle class,Hindu,IN: General
4,1,3,3,2,2,2,2,4,2,3,3,3,1,1,1,1,2,10,2,3,1,1,1,1,-1,1,1,-1,1,1,1,1,1,1,1,1,2,1,1,1,1,3,1,2,1,1,2,1,1,1,1,1,2,2,1,1,2,1,3,2,2,356068,-1,10,5,6,6366,1,2,1,1,51,1,356,15,1740,Married,4,Upper secondary education (ISCED 3),Self employed,"Farm worker (for example: farm labourer, tractor driver)",3,2,Working class,Hindu,IN: Hindu (Other Backward Castes)
3,1,-1,3,2,1,1,2,2,2,2,1,1,1,4,5,1,1,10,4,10,8,6,9,4,8,4,9,4,7,9,4,8,5,9,5,7,5,9,5,5,8,5,6,2,3,1,2,1,2,3,1,2,1,2,1,0,2,0,3,-1,1,356068,3,4,1,9,1208,1,1,1,2,33,1,356,9,1740,Married,5,Primary education (ISCED 1),Homemaker not otherwise employed,"Higher administrative (for example: banker, executive in big business, high government official, union official)",1,1,Upper class,Hindu,IN: General
3,2,3,3,1,1,1,2,1,2,2,2,1,1,1,1,1,2,10,3,1,1,1,1,1,1,1,1,1,6,1,1,1,1,6,1,1,5,1,1,1,1,1,1,1,1,1,4,-1,1,1,4,2,2,2,1,2,2,2,3,2,2,5,4,10,10,10,6065,1,2,1,1,30,1,356,4,1740,Married,2,Upper secondary education (ISCED 3),Unemployed,"Farm owner, farm manager",2,1,Working class,Hindu,IN: Hindu (Scheduled Castes)
2,3,1,1,1,1,1,2,1,3,2,1,1,1,2,1,1,1,5,2,1,1,1,1,1,1,1,1,1,1,1,1,1,1,1,1,1,1,1,1,1,1,1,1,1,1,1,1,2,2,3,2,3,2,1,3,1,2,1,2,3,1,-1,3,0,0,5,7216,1,2,1,2,33,1,356,4,490,Married,0,Upper secondary education (ISCED 3),Homemaker not otherwise employed,"Unskilled worker (for example: labourer, porter, unskilled factory worker, cleaner)",3,2,Upper middle class,Hindu,IN: Hindu (Other Backward Castes)
4,3,2,2,3,3,1,1,2,2,2,3,2,2,1,2,1,1,6,3,3,2,1,1,1,1,2,2,5,7,1,1,1,1,1,1,1,4,1,1,1,1,1,7,1,1,1,2,1,1,3,2,2,2,2,2,1,1,1,2,3,1,-1,2,1,6,8,7216,1,2,1,1,48,1,356,3,490,Married,1,Lower secondary education (ISCED 2),Homemaker not otherwise employed,"Semi-skilled worker (for example: bricklayer, bus driver, cannery worker, carpenter, sheet metal worker, baker)",2,1,Lower middle class,Hindu,IN: General
4,1,2,2,3,3,2,2,3,1,2,2,3,1,3,5,2,3,9,2,1,1,1,1,1,1,1,6,-1,1,1,1,1,1,1,6,1,6,1,1,1,1,1,7,2,2,2,3,2,2,4,4,2,2,2,2,2,2,2,3,1,1,356067,4,6,5,6,6366,1,2,1,1,48,1,356,8,1740,Married,3,Upper secondary education (ISCED 3),Self employed,"Clerical (for example: secretary, clerk, office manager, civil servant, bookkeeper",2,1,Upper middle class,Hindu,IN: General
4,2,2,1,4,4,1,2,4,2,2,2,1,1,2,5,1,3,10,2,1,1,1,1,1,9,5,5,1,8,1,5,1,1,1,1,1,8,1,6,1,1,1,1,3,1,1,4,1,2,2,3,1,-1,2,5,2,2,2,4,2,-1,-1,4,8,7,8,2024,1,2,1,2,30,1,356,7,1740,Married,2,Master or equivalent (ISCED 7),Homemaker not otherwise employed,Never had a job,3,2,Lower middle class,Hindu,IN: General
-1,1,1,3,1,2,3,1,3,1,3,4,4,1,1,5,4,2,8,2,8,8,9,-1,8,10,7,3,1,7,4,9,3,8,4,8,4,8,1,5,8,6,9,5,1,4,1,1,2,1,2,3,2,2,2,1,0,0,1,2,2,1,356068,3,3,9,9,1208,1,1,1,1,18,1,356,5,1740,Married,8,Early childhood education (ISCED 0) / no education,Homemaker not otherwise employed,"Higher administrative (for example: banker, executive in big business, high government official, union official)",1,1,Upper class,Hindu,IN: General
4,4,1,2,2,1,2,2,1,2,4,4,1,2,1,5,1,2,9,4,2,1,1,3,1,5,4,1,1,10,1,5,9,1,1,3,8,1,1,1,1,1,3,10,2,1,1,4,2,2,4,2,7,2,2,1,2,0,0,4,4,2,356068,4,10,10,3,2024,1,2,1,1,37,1,356,4,1740,Married,2,Upper secondary education (ISCED 3),Full time (30 hours a week or more),"Sales (for example: sales manager, shop owner, shop assistant, insurance agent, buyer)",2,1,Lower middle class,Hindu,IN: Hindu (Other Backward Castes)
4,1,1,1,2,2,2,2,4,1,3,3,2,1,1,4,1,2,10,1,10,9,1,1,1,1,1,1,1,1,1,1,1,1,1,1,2,1,2,1,1,1,1,1,5,5,1,2,1,1,1,1,4,2,1,4,-1,-1,-1,4,1,1,-1,2,1,1,7,2024,2,2,1,2,52,1,356,15,1740,Widowed,7,Early childhood education (ISCED 0) / no education,Homemaker not otherwise employed,"Farm worker (for example: farm labourer, tractor driver)",2,2,Lower middle class,Islam; nfd,IN: General
2,3,2,3,2,2,2,2,2,2,1,2,2,2,2,2,3,1,2,4,1,1,1,1,1,1,1,1,1,1,1,1,1,1,1,1,1,1,1,1,1,1,1,1,3,2,1,3,1,1,2,2,2,1,2,2,1,1,2,3,2,2,356068,2,8,7,3,6065,2,1,1,1,53,1,356,8,1740,Married,4,Primary education (ISCED 1),Unemployed,"Farm owner, farm manager",2,2,Lower middle class,Hindu,IN: Hindu (Scheduled Castes)
2,3,3,2,1,1,1,2,1,2,2,2,2,1,1,2,1,2,10,2,1,1,1,1,1,1,1,1,1,5,1,1,1,1,1,1,1,1,1,1,1,1,1,1,1,1,1,4,-1,1,1,4,2,2,1,1,2,2,2,4,3,4,356068,-1,10,10,10,6065,1,2,1,2,40,1,356,4,1740,Married,2,Primary education (ISCED 1),Homemaker not otherwise employed,"Farm owner, farm manager",1,2,Working class,Hindu,IN: Hindu (Other Backward Castes)
4,3,1,1,1,1,1,2,2,3,2,2,2,1,2,1,1,2,9,3,1,1,1,1,1,1,1,1,1,1,1,1,1,1,1,1,1,1,1,1,1,1,1,1,1,-1,1,1,1,1,3,2,2,1,2,2,1,2,1,4,3,4,-1,4,3,5,6,7216,1,2,1,2,36,1,356,6,490,Married,1,Lower secondary education (ISCED 2),Homemaker not otherwise employed,Never had a job,3,2,Lower middle class,Hindu,IN: General
4,4,1,2,4,4,2,2,-1,1,2,1,-1,2,2,2,1,3,6,3,2,1,1,2,2,2,1,2,2,10,1,1,1,1,1,1,1,6,1,1,1,1,1,1,1,5,4,4,2,2,1,1,6,2,2,1,0,0,0,2,3,4,356068,3,5,3,8,8046,1,1,1,1,53,1,356,5,1740,Married,2,Upper secondary education (ISCED 3),Retired/pensioned,"Higher administrative (for example: banker, executive in big business, high government official, union official)",3,2,Upper middle class,Hindu,IN: General
4,2,3,4,1,1,1,2,2,2,2,2,2,1,3,1,1,2,10,3,1,1,1,1,1,1,1,1,1,10,1,2,1,1,1,1,1,1,1,1,7,1,1,1,2,1,1,2,2,2,2,2,1,2,1,1,0,0,0,4,2,1,356068,3,9,10,5,4108,1,1,1,1,41,1,356,4,3540,Married,2,Lower secondary education (ISCED 2),Part time (less than 30 hours a week),"Unskilled worker (for example: labourer, porter, unskilled factory worker, cleaner)",3,1,Lower middle class,Hindu,IN: Hindu (Other Backward Castes)
4,1,2,2,1,1,1,2,3,1,3,2,1,1,1,1,1,2,7,1,4,3,1,2,1,1,1,1,1,3,-1,1,-1,3,6,3,-1,3,3,1,-1,-1,1,10,1,1,1,4,2,2,2,2,5,2,1,1,1,2,1,2,2,1,356067,3,7,6,7,1122,1,2,1,1,52,1,356,6,1740,Married,2,Upper secondary education (ISCED 3),Self employed,"Farm owner, farm manager",3,1,Working class,Hindu,IN: Hindu (Other Backward Castes)
2,4,2,4,-1,1,1,1,1,4,3,4,2,-1,4,5,1,1,6,4,1,1,1,1,1,-1,-1,4,-1,-1,-1,5,-1,-1,-1,4,-1,4,1,1,-1,-1,1,5,1,-1,2,2,2,2,4,4,4,2,-1,1,2,2,2,4,4,1,356116,4,5,0,1,4108,1,1,1,1,56,1,356,5,3540,Married,1,Primary education (ISCED 1),Self employed,"Skilled worker (for example: foreman, motor mechanic, printer, seamstress, tool and die maker, electrician)",2,1,Lower middle class,Sikhism,IN: General
2,3,1,1,4,1,1,2,3,1,2,2,3,2,1,3,2,3,5,2,1,1,1,1,1,1,2,1,1,7,1,1,1,1,1,1,1,1,1,1,1,1,1,1,2,5,1,1,1,1,1,1,3,2,2,5,1,1,1,2,2,1,356068,2,2,7,6,2024,2,2,1,1,48,1,356,4,1740,Married,2,Early childhood education (ISCED 0) / no education,Self employed,Never had a job,3,1,Lower class,Hindu,IN: Hindu (Other Backward Castes)
4,1,3,3,2,2,4,2,3,1,2,2,2,2,4,1,1,3,10,1,4,1,1,1,1,5,1,4,1,7,1,5,5,1,4,4,1,6,1,1,1,1,1,1,1,1,1,4,2,2,4,4,4,2,2,1,1,0,0,1,1,2,-1,4,1,4,6,8008,1,1,1,1,62,1,356,4,1740,Widowed,2,Bachelor or equivalent (ISCED 6),Retired/pensioned,"Higher administrative (for example: banker, executive in big business, high government official, union official)",1,2,Upper middle class,Hindu,IN: General
4,3,3,4,1,1,1,2,1,2,2,2,1,1,1,1,1,2,10,2,1,1,1,1,1,1,1,1,1,1,1,1,1,1,1,1,1,1,1,1,1,1,1,1,1,1,1,2,2,2,1,1,1,2,2,1,0,2,1,4,2,-1,5,4,10,10,6,6065,1,2,1,1,62,1,356,5,1740,Married,3,Primary education (ISCED 1),Unemployed,"Unskilled worker (for example: labourer, porter, unskilled factory worker, cleaner)",3,1,Working class,Islam; nfd,IN: Hindu (Other Backward Castes)
4,3,1,1,1,1,1,1,1,3,2,2,1,1,2,1,1,2,9,3,1,1,1,1,1,1,1,1,1,1,1,1,1,1,1,1,1,1,1,1,1,1,1,1,1,1,4,4,2,1,4,2,2,1,1,1,2,1,2,3,3,3,-1,4,0,0,5,7216,1,2,1,1,59,1,356,3,490,Married,1,Upper secondary education (ISCED 3),Retired/pensioned,"Service (for example: restaurant owner, police officer, waitress, barber, caretaker)",3,1,Upper middle class,Hindu,IN: Hindu (Other Backward Castes)
3,2,4,4,1,1,1,2,1,-1,2,2,1,1,1,1,1,2,6,1,1,1,1,1,1,1,1,1,1,6,1,1,1,1,1,1,1,5,1,1,1,1,1,1,1,5,1,4,2,1,1,1,2,2,2,1,2,2,2,4,1,4,356067,2,10,10,10,6065,1,2,1,2,40,1,356,7,1740,Married,5,Primary education (ISCED 1),Homemaker not otherwise employed,"Farm owner, farm manager",2,2,Working class,Islam; nfd,IN: Hindu (Other Backward Castes)
4,1,2,1,2,3,3,1,2,2,1,2,3,2,3,3,4,2,10,1,8,6,9,7,6,8,9,9,6,7,9,6,6,9,6,-1,6,4,7,8,9,4,9,5,2,5,1,3,-1,1,2,2,1,1,1,4,0,1,-1,2,1,1,356068,1,7,1,10,1208,1,2,1,2,34,1,356,7,1740,Married,4,Early childhood education (ISCED 0) / no education,Full time (30 hours a week or more),"Higher administrative (for example: banker, executive in big business, high government official, union official)",1,1,Upper class,Hindu,IN: General
2,1,2,3,4,2,3,1,1,1,2,1,2,2,2,1,1,1,4,1,7,1,1,1,1,2,1,1,1,1,1,1,1,1,1,1,1,1,1,1,1,1,1,1,2,1,1,2,1,1,2,2,2,1,2,2,2,2,1,4,1,2,356068,1,2,0,6,1208,1,1,1,1,46,1,356,5,1740,Married,3,Master or equivalent (ISCED 7),Part time (less than 30 hours a week),"Professional and technical (for example: doctor, teacher, engineer, artist, accountant, nurse)",1,1,Upper middle class,Hindu,IN: General
3,4,4,4,1,1,2,2,4,2,4,4,1,2,1,1,1,2,3,4,2,1,1,1,1,1,1,3,1,7,7,3,1,1,5,1,1,4,1,1,1,1,1,1,5,5,1,4,2,2,4,2,7,2,1,1,2,2,2,4,4,2,356067,4,10,9,1,2024,1,2,1,1,58,1,356,3,1740,Married,1,Primary education (ISCED 1),Unemployed,"Farm worker (for example: farm labourer, tractor driver)",2,2,Lower class,Hindu,IN: Hindu (Scheduled Castes)
4,1,2,2,4,4,4,2,2,1,2,2,1,1,1,1,2,3,9,1,3,3,4,3,3,2,2,6,1,6,1,1,1,3,8,4,1,5,1,1,1,1,1,8,1,5,1,4,1,1,1,2,2,2,2,1,2,2,2,4,1,4,356068,1,9,7,9,8008,2,2,1,2,58,1,356,8,1740,Widowed,4,Early childhood education (ISCED 0) / no education,Homemaker not otherwise employed,Never had a job,3,2,Lower middle class,Hindu,IN: General
4,1,2,2,1,1,1,2,2,1,3,2,1,1,1,1,1,3,7,1,5,3,3,2,2,-1,-1,2,-1,2,-1,3,-1,1,10,3,-1,3,3,1,-1,-1,1,9,2,1,1,4,2,1,2,1,3,2,1,1,1,2,1,4,1,1,356068,2,7,6,7,1122,1,2,1,1,52,1,356,8,1740,Married,3,Upper secondary education (ISCED 3),Self employed,"Farm owner, farm manager",2,1,Working class,Hindu,IN: Hindu (Other Backward Castes)
4,1,1,2,4,4,4,2,2,1,3,3,1,1,1,1,2,3,8,2,3,4,2,2,3,1,1,6,1,3,1,4,1,1,8,5,1,5,1,1,1,1,1,8,1,5,1,4,1,1,1,1,1,2,2,1,2,2,2,4,2,4,356068,2,7,8,8,8008,2,2,1,2,56,1,356,8,1740,Widowed,4,Early childhood education (ISCED 0) / no education,Homemaker not otherwise employed,Never had a job,3,2,Lower middle class,Hindu,IN: Hindu (Scheduled Castes)
1,1,1,4,2,2,3,2,1,2,2,3,1,1,1,4,4,1,10,2,1,1,1,1,1,1,1,1,1,1,1,1,1,1,1,1,1,1,1,1,1,1,1,1,1,2,1,1,1,1,3,3,2,1,1,4,1,1,1,2,2,1,356068,1,2,1,4,1208,1,1,1,2,40,1,356,6,1740,Married,1,Upper secondary education (ISCED 3),Self employed,Never had a job,1,2,Upper middle class,Hindu,IN: General
4,1,3,4,4,2,1,2,2,1,2,2,1,1,2,2,1,1,10,2,3,4,1,3,1,4,1,1,-1,3,1,1,1,1,1,1,1,1,2,1,1,1,1,2,2,5,2,3,1,1,1,1,1,2,2,1,2,2,1,3,1,1,356068,2,4,7,6,6366,1,2,1,1,63,1,356,5,1740,Married,3,Bachelor or equivalent (ISCED 6),Self employed,"Farm owner, farm manager",2,1,Upper middle class,Hindu,IN: Hindu (Other Backward Castes)
4,1,3,4,4,2,1,2,2,1,3,-1,1,1,3,1,1,2,7,2,2,3,1,3,1,2,2,4,1,1,3,1,1,1,3,1,1,2,1,3,2,1,1,2,1,4,1,2,1,1,1,1,1,2,2,1,2,2,2,3,1,1,5,2,7,6,7,6366,1,2,1,1,37,1,356,6,1740,Married,4,Upper secondary education (ISCED 3),Self employed,"Sales (for example: sales manager, shop owner, shop assistant, insurance agent, buyer)",2,1,Lower middle class,Hindu,IN: Hindu (Other Backward Castes)
4,1,2,2,2,-1,3,1,4,1,2,4,1,2,4,1,1,3,4,2,1,1,1,1,1,1,1,1,1,10,1,1,1,1,1,1,1,1,1,1,1,1,1,5,5,1,1,2,2,2,4,-1,3,2,2,1,2,2,2,4,1,2,-1,4,8,6,10,2024,1,2,1,1,27,1,356,8,1740,Married,1,Upper secondary education (ISCED 3),Self employed,"Service (for example: restaurant owner, police officer, waitress, barber, caretaker)",2,2,Upper middle class,Hindu,IN: General
4,4,1,1,4,4,1,2,1,1,4,2,1,1,1,1,1,1,10,4,1,1,1,1,1,1,1,1,1,10,1,1,1,1,1,1,1,6,1,1,1,1,1,1,1,1,1,4,2,2,4,4,4,2,1,1,2,2,2,2,2,1,356068,4,1,10,9,2024,1,2,1,1,37,1,356,9,1740,Living together as married,1,Upper secondary education (ISCED 3),Self employed,"Sales (for example: sales manager, shop owner, shop assistant, insurance agent, buyer)",2,1,Lower middle class,Hindu,IN: General
3,1,3,2,2,3,1,2,4,2,2,2,3,1,2,3,2,3,10,1,1,2,1,2,2,2,1,2,1,2,1,2,1,2,1,2,1,2,1,2,1,2,1,2,2,-1,1,4,1,2,3,2,3,2,1,1,2,2,2,4,1,4,356067,3,9,9,10,1122,1,2,1,1,60,1,356,8,1740,Married,4,Upper secondary education (ISCED 3),Retired/pensioned,"Higher administrative (for example: banker, executive in big business, high government official, union official)",1,1,Lower middle class,Hindu,IN: Hindu (Other Backward Castes)
4,2,1,2,1,1,1,2,2,2,3,2,3,1,3,2,2,1,7,1,2,2,1,3,1,6,5,5,6,10,3,7,4,1,2,1,3,5,1,2,2,2,1,8,1,1,2,3,2,-1,3,3,4,2,2,1,2,2,2,3,2,1,356115,4,10,8,7,7004,1,2,1,1,29,1,356,5,490,Married,1,Bachelor or equivalent (ISCED 6),Self employed,"Sales (for example: sales manager, shop owner, shop assistant, insurance agent, buyer)",2,2,Lower middle class,Hindu,IN: Hindu (Scheduled Castes)
4,3,3,4,1,1,1,2,1,2,2,4,1,1,1,1,1,2,1,3,1,1,1,1,1,1,1,1,1,1,1,1,1,1,1,1,1,1,1,1,1,1,1,1,1,1,1,2,2,2,1,1,2,2,2,1,0,2,1,4,2,3,5,4,10,10,4,6065,1,1,1,1,27,1,356,3,1740,Married,1,Upper secondary education (ISCED 3),Self employed,"Unskilled worker (for example: labourer, porter, unskilled factory worker, cleaner)",3,1,Working class,Islam; nfd,IN: Hindu (Other Backward Castes)
4,1,3,2,4,4,4,2,2,1,3,3,1,1,2,1,2,3,1,2,3,2,4,2,2,3,1,5,1,3,1,4,1,3,5,3,1,2,1,2,1,1,3,5,1,5,1,4,1,1,3,3,4,2,2,1,2,2,2,3,2,4,356067,2,7,6,7,8008,1,2,1,2,46,1,356,6,1740,Living together as married,2,Upper secondary education (ISCED 3),Homemaker not otherwise employed,Never had a job,3,2,Lower middle class,Hindu,IN: Hindu (Other Backward Castes)
4,2,3,2,3,4,1,2,4,1,3,3,1,2,1,1,1,3,10,1,1,1,1,1,1,1,1,3,1,1,1,1,1,1,1,1,1,6,1,1,1,1,1,1,1,1,1,4,1,1,1,1,1,2,2,1,2,2,2,2,1,1,356068,4,5,6,7,2024,1,2,1,1,45,1,356,5,1740,Living together as married,2,Master or equivalent (ISCED 7),Full time (30 hours a week or more),"Farm owner, farm manager",2,1,Upper middle class,Hindu,IN: General
2,1,2,2,1,2,1,2,2,1,1,2,2,1,2,3,3,2,2,2,2,2,2,2,2,2,2,2,2,2,2,2,2,2,2,2,2,2,2,2,2,2,2,2,3,2,2,1,1,1,1,2,2,1,1,2,2,2,1,4,3,4,356116,1,2,4,3,6065,1,2,1,1,38,1,356,6,1740,Married,0,Primary education (ISCED 1),Part time (less than 30 hours a week),"Farm worker (for example: farm labourer, tractor driver)",1,2,Working class,Hindu,IN: Hindu (Scheduled Tribes)
4,2,2,4,1,1,2,2,1,1,2,2,2,1,1,1,1,2,7,1,2,1,1,1,1,1,1,5,1,9,2,5,1,1,1,1,1,5,1,3,2,1,5,10,1,1,1,4,2,2,1,1,2,1,2,1,2,2,2,2,1,4,356068,1,10,10,10,2024,1,2,1,2,31,1,356,4,1740,Married,2,Upper secondary education (ISCED 3),Self employed,"Sales (for example: sales manager, shop owner, shop assistant, insurance agent, buyer)",2,1,Lower middle class,Hindu,IN: General
3,1,3,3,2,1,4,2,3,1,1,1,2,1,2,4,1,3,10,1,2,4,2,3,2,3,2,3,2,3,2,3,2,3,2,3,2,3,2,3,2,3,4,2,3,1,1,4,2,-1,1,2,1,2,2,4,1,2,2,4,1,1,356067,1,7,9,9,1122,1,2,1,2,58,1,356,9,1740,Married,4,Primary education (ISCED 1),Homemaker not otherwise employed,Never had a job,2,2,Lower middle class,Hindu,IN: Hindu (Other Backward Castes)
3,2,3,1,1,1,1,2,4,-1,4,2,2,1,1,1,1,2,10,2,1,1,1,1,1,1,1,1,-1,1,1,1,1,1,1,1,1,1,1,1,1,1,1,10,1,5,1,3,2,2,1,1,4,2,1,1,2,2,2,4,1,4,356068,1,10,10,6,6098,1,1,1,1,36,1,356,11,1740,Married,4,Upper secondary education (ISCED 3),Unemployed,"Sales (for example: sales manager, shop owner, shop assistant, insurance agent, buyer)",2,1,Working class,Hindu,IN: Hindu (Other Backward Castes)
4,2,3,3,4,4,4,2,3,2,2,2,2,1,2,5,1,3,7,1,1,1,1,1,1,-1,1,1,-1,-1,1,-1,1,1,-1,1,1,7,1,1,1,1,1,7,3,-1,1,3,1,1,2,2,1,2,2,2,2,2,2,2,2,4,356116,-1,6,1,5,6366,2,2,1,2,45,1,356,9,1740,Widowed,4,Early childhood education (ISCED 0) / no education,Homemaker not otherwise employed,Never had a job,2,2,Lower class,Hindu,IN: Hindu (Other Backward Castes)
4,1,4,4,4,2,1,1,1,3,4,4,1,2,3,2,1,2,10,2,4,1,1,1,1,1,1,1,1,1,1,1,1,1,1,1,1,1,1,1,1,1,1,1,3,5,1,1,1,1,2,2,3,2,2,1,1,0,0,2,1,4,356067,4,7,9,6,4108,1,1,1,1,90,1,356,7,3540,Married,2,Early childhood education (ISCED 0) / no education,Self employed,"Farm worker (for example: farm labourer, tractor driver)",3,2,Lower middle class,Sikhism,IN: Hindu (Other Backward Castes)
4,1,3,2,3,3,4,2,2,1,3,3,1,1,3,4,4,2,4,2,4,3,2,1,1,3,1,4,1,1,1,5,1,2,6,1,2,4,1,1,1,1,1,4,1,1,1,4,1,1,2,3,3,2,2,1,2,2,2,2,2,4,356067,2,7,8,6,8008,1,2,1,2,38,1,356,7,1740,Living together as married,4,Lower secondary education (ISCED 2),Homemaker not otherwise employed,Never had a job,3,2,Lower middle class,Hindu,IN: Hindu (Scheduled Castes)
4,4,3,4,1,1,1,2,1,2,2,2,1,1,1,1,1,2,10,2,1,1,1,1,1,1,1,1,1,1,1,1,1,1,1,1,1,1,1,1,1,1,1,1,1,1,1,2,2,2,1,1,2,2,2,1,1,2,1,4,2,4,5,4,10,10,3,6065,1,1,1,1,48,1,356,5,1740,Married,3,Lower secondary education (ISCED 2),Self employed,"Farm worker (for example: farm labourer, tractor driver)",3,1,Working class,Islam; nfd,IN: Hindu (Other Backward Castes)
2,4,4,1,1,1,1,2,4,4,4,4,2,2,1,1,1,2,2,4,1,1,1,1,1,1,1,1,1,5,6,2,2,1,1,1,1,3,1,1,1,1,1,1,5,5,1,4,2,2,4,1,1,2,1,5,2,2,2,4,4,4,-1,3,10,9,1,2024,2,2,1,2,43,1,356,5,1740,Married,3,Early childhood education (ISCED 0) / no education,Self employed,"Farm worker (for example: farm labourer, tractor driver)",2,2,Lower class,Hindu,IN: Hindu (Scheduled Castes)
2,1,2,2,1,2,1,2,2,1,1,2,2,1,2,3,3,2,2,2,2,2,2,2,2,2,2,2,2,2,2,2,2,2,2,2,2,2,2,2,2,2,2,2,3,2,2,1,1,1,1,2,2,1,1,2,2,2,1,4,3,4,356116,1,2,4,3,6065,1,2,1,1,38,1,356,6,1740,Married,0,Primary education (ISCED 1),Part time (less than 30 hours a week),"Farm worker (for example: farm labourer, tractor driver)",1,2,Working class,Hindu,IN: Hindu (Scheduled Tribes)
4,1,4,4,1,1,1,2,1,1,2,2,1,1,2,3,1,2,10,2,1,1,1,1,1,1,1,1,1,5,1,5,1,5,5,1,1,1,1,1,1,1,1,6,1,1,1,3,2,1,3,3,2,2,2,1,2,2,2,1,2,4,356068,4,10,6,5,8008,1,1,1,2,28,1,356,5,1740,Married,1,Master or equivalent (ISCED 7),Full time (30 hours a week or more),"Professional and technical (for example: doctor, teacher, engineer, artist, accountant, nurse)",2,1,Upper class,Hindu,IN: General
3,1,4,4,2,1,1,1,1,2,1,1,1,2,3,2,1,1,10,1,1,1,1,1,1,1,1,1,1,1,1,1,1,1,1,1,1,1,1,1,1,1,1,1,1,1,1,1,1,1,1,1,4,2,2,5,0,0,0,1,1,3,356067,4,10,10,10,4108,1,1,1,1,34,1,356,6,3540,Married,2,Master or equivalent (ISCED 7),Part time (less than 30 hours a week),"Farm owner, farm manager",2,1,Lower middle class,Sikhism,IN: Hindu (Other Backward Castes)
3,2,3,1,4,4,1,2,4,1,3,3,2,2,4,2,2,3,7,2,1,1,1,1,1,-1,5,1,1,6,1,5,1,1,1,1,1,1,1,1,1,1,1,10,1,1,4,3,1,1,1,4,7,2,2,4,1,1,1,4,2,-1,-1,3,7,8,8,2024,1,2,1,2,53,1,356,5,1740,Married,2,Upper secondary education (ISCED 3),Part time (less than 30 hours a week),"Farm owner, farm manager",2,1,Lower middle class,Hindu,IN: General
3,2,1,2,3,1,2,1,4,2,2,2,1,1,1,2,3,2,10,4,8,6,9,3,8,5,8,5,8,5,7,4,9,2,9,6,9,5,8,5,9,4,6,9,3,3,4,2,2,2,3,1,2,1,1,4,2,2,0,2,1,1,356068,1,7,5,6,1208,1,1,1,2,24,1,356,4,1740,Married,4,Early childhood education (ISCED 0) / no education,Full time (30 hours a week or more),"Higher administrative (for example: banker, executive in big business, high government official, union official)",1,1,Upper middle class,Hindu,IN: General
4,2,2,3,2,2,4,2,2,1,3,3,1,1,1,1,2,2,4,3,1,1,1,1,1,3,1,5,1,4,1,5,1,1,6,1,1,4,1,1,1,1,1,5,1,1,2,4,2,2,4,4,3,2,2,1,2,2,2,3,3,4,5,2,8,8,7,8008,1,2,1,2,31,1,356,9,1740,Living together as married,2,Upper secondary education (ISCED 3),Homemaker not otherwise employed,Never had a job,3,2,Upper middle class,Hindu,IN: Hindu (Other Backward Castes)
2,1,3,2,3,2,2,2,1,3,2,2,1,1,1,1,1,2,8,3,1,2,1,1,1,1,1,1,1,1,1,1,1,1,1,1,1,1,1,2,1,1,1,1,2,3,1,4,1,1,2,3,1,1,1,2,1,1,1,3,1,2,356068,1,0,0,4,1208,1,1,1,2,31,1,356,7,1740,Married,3,Master or equivalent (ISCED 7),Homemaker not otherwise employed,"Professional and technical (for example: doctor, teacher, engineer, artist, accountant, nurse)",3,2,Upper middle class,Hindu,IN: General
4,3,3,2,1,1,1,2,1,2,2,2,1,1,1,1,1,2,1,2,1,1,1,1,1,1,1,1,1,1,1,1,1,1,1,1,1,1,1,1,1,1,1,1,1,1,1,2,2,2,1,1,6,2,2,1,1,2,1,4,2,4,5,2,10,10,1,6065,1,1,1,2,45,1,356,3,1740,Married,1,Upper secondary education (ISCED 3),Self employed,Never had a job,3,2,Working class,Hindu,IN: Hindu (Other Backward Castes)
4,2,3,3,4,4,4,2,2,1,3,3,1,1,1,1,2,3,8,2,2,2,2,2,2,3,1,6,1,3,1,4,1,1,6,1,1,5,1,1,1,1,2,5,1,5,1,4,1,1,3,3,3,2,2,1,2,2,2,4,3,1,5,2,6,7,7,8008,2,2,1,2,48,1,356,5,1740,Widowed,2,Early childhood education (ISCED 0) / no education,Homemaker not otherwise employed,Never had a job,3,2,Lower middle class,Hindu,IN: Hindu (Scheduled Castes)
4,3,2,1,1,1,1,2,2,2,3,3,1,1,1,2,1,2,10,2,4,4,1,1,1,-1,-1,1,-1,3,-1,1,-1,4,4,3,-1,3,4,1,-1,-1,1,7,1,5,1,3,2,2,2,2,4,2,1,1,1,2,1,2,4,1,356116,2,4,5,6,1122,1,2,1,1,49,1,356,5,1740,Married,3,Upper secondary education (ISCED 3),Self employed,"Service (for example: restaurant owner, police officer, waitress, barber, caretaker)",3,1,Lower middle class,Hindu,IN: Hindu (Other Backward Castes)
4,4,1,1,1,1,1,2,1,2,3,3,1,2,2,5,1,3,10,2,1,1,1,1,1,1,1,4,1,5,1,5,1,1,5,1,1,5,1,1,1,1,1,1,1,1,1,2,2,2,3,4,4,2,2,1,2,1,2,1,4,4,356116,4,4,1,5,8008,1,1,1,2,33,1,356,3,1740,Married,1,Master or equivalent (ISCED 7),Full time (30 hours a week or more),"Professional and technical (for example: doctor, teacher, engineer, artist, accountant, nurse)",2,1,Upper class,Hindu,IN: General
2,2,2,2,2,2,1,2,2,2,2,2,2,1,2,2,3,1,1,3,1,1,1,1,1,1,1,1,1,1,1,1,1,1,1,1,1,1,1,1,1,1,1,1,2,2,1,1,1,1,1,2,5,1,2,2,1,1,1,2,2,3,356116,2,0,1,2,6065,2,2,1,2,39,1,356,7,1740,Married,4,Primary education (ISCED 1),Homemaker not otherwise employed,"Farm worker (for example: farm labourer, tractor driver)",2,2,Working class,Hindu,IN: Hindu (Scheduled Castes)
2,3,1,1,1,1,1,2,3,1,3,3,2,2,1,1,1,3,6,2,2,2,1,1,1,1,1,1,1,1,1,1,1,1,1,1,1,6,1,1,1,1,1,1,1,5,1,2,1,2,1,4,6,2,1,1,2,2,2,4,2,3,-1,4,10,7,8,2024,1,2,1,1,52,1,356,2,1740,Living together as married,5,Lower secondary education (ISCED 2),Self employed,"Unskilled worker (for example: labourer, porter, unskilled factory worker, cleaner)",2,1,Working class,Hindu,IN: Hindu (Scheduled Castes)
4,4,1,2,1,1,1,2,1,4,4,4,1,1,1,1,1,2,10,4,2,1,1,1,1,1,1,1,1,1,1,5,4,1,1,2,1,4,1,1,1,1,1,1,1,1,1,4,2,2,2,4,7,2,2,1,2,2,2,2,4,2,356067,4,10,10,1,2024,1,2,1,1,24,1,356,3,1740,Married,0,Upper secondary education (ISCED 3),Full time (30 hours a week or more),"Skilled worker (for example: foreman, motor mechanic, printer, seamstress, tool and die maker, electrician)",2,1,Working class,Hindu,IN: Hindu (Scheduled Castes)
4,2,3,3,2,4,1,2,2,2,2,2,2,1,3,2,1,3,10,2,1,1,1,1,1,1,1,1,1,10,1,3,1,1,1,1,3,1,1,1,1,1,1,1,5,1,1,2,2,2,3,3,3,2,2,1,0,0,0,4,2,1,356116,3,8,10,8,4108,1,1,1,1,27,1,356,7,3540,Married,1,Master or equivalent (ISCED 7),Self employed,Never had a job,3,2,Upper class,Sikhism,IN: General
4,4,3,2,1,2,1,2,1,2,2,4,1,1,1,1,1,2,1,2,1,1,1,1,1,1,1,1,1,1,1,1,1,1,1,1,1,1,1,1,1,1,1,1,1,1,1,2,2,2,1,1,2,2,2,1,1,2,0,4,2,-1,5,-1,10,10,1,6065,1,1,1,1,24,1,356,3,1740,Married,1,Lower secondary education (ISCED 2),Self employed,"Farm worker (for example: farm labourer, tractor driver)",3,1,Working class,Hindu,IN: Hindu (Scheduled Castes)
3,1,3,2,2,3,1,1,4,1,4,3,1,1,2,4,3,2,8,3,8,10,1,1,5,6,6,6,4,6,4,9,5,8,4,8,6,4,8,4,7,3,9,5,4,5,3,1,1,2,2,2,2,2,-1,2,0,2,0,1,3,1,356068,1,4,8,7,1208,1,1,1,2,32,1,356,4,1740,Married,4,Early childhood education (ISCED 0) / no education,Full time (30 hours a week or more),"Professional and technical (for example: doctor, teacher, engineer, artist, accountant, nurse)",1,1,Upper middle class,Hindu,IN: Hindu (Other Backward Castes)
3,3,4,4,1,1,1,2,1,2,2,4,1,1,1,1,1,2,10,2,1,1,1,1,1,1,1,1,1,1,1,1,1,1,1,1,1,1,1,1,1,1,1,1,1,1,1,2,2,2,1,1,6,1,2,1,0,2,1,4,2,4,5,-1,10,10,1,6065,1,1,1,1,38,1,356,4,1740,Married,2,Upper secondary education (ISCED 3),Self employed,"Unskilled worker (for example: labourer, porter, unskilled factory worker, cleaner)",3,1,Working class,Hindu,IN: Hindu (Scheduled Castes)
4,1,3,3,3,3,4,2,2,1,3,3,1,1,2,2,2,2,3,2,3,2,2,3,2,4,1,3,1,4,1,5,1,1,6,3,1,5,1,1,1,1,2,5,1,1,1,4,1,1,4,4,3,2,2,1,0,2,0,2,2,4,356068,4,5,6,6,8008,1,2,1,2,42,1,356,4,1740,Living together as married,2,Upper secondary education (ISCED 3),Homemaker not otherwise employed,Never had a job,3,2,Lower middle class,Hindu,IN: General
3,2,2,2,1,1,1,2,3,2,3,2,3,1,1,1,1,2,7,1,6,4,1,1,1,-1,-1,-1,-1,3,1,1,-1,1,7,1,-1,4,1,1,1,1,1,8,1,1,1,4,2,2,2,2,4,2,1,1,1,2,1,2,2,1,356068,2,7,4,6,1122,1,2,1,1,28,1,356,5,1740,Married,2,Master or equivalent (ISCED 7),Full time (30 hours a week or more),"Professional and technical (for example: doctor, teacher, engineer, artist, accountant, nurse)",1,1,Lower middle class,Hindu,IN: General
4,3,2,2,4,4,1,2,1,2,1,3,2,2,2,1,2,2,9,3,1,1,1,1,1,1,6,1,1,1,1,5,1,1,3,1,1,5,1,1,1,1,1,8,2,1,1,1,2,2,4,4,6,2,2,3,2,2,2,2,1,3,356068,3,8,4,8,2024,1,2,1,1,71,1,356,2,1740,Married,2,Bachelor or equivalent (ISCED 6),Self employed,"Skilled worker (for example: foreman, motor mechanic, printer, seamstress, tool and die maker, electrician)",3,1,Lower middle class,Hindu,IN: Hindu (Scheduled Tribes)
3,2,3,2,3,3,2,1,1,1,3,3,3,2,3,4,3,2,8,3,8,6,9,5,9,5,9,6,8,5,8,5,8,6,9,6,8,6,9,7,9,6,9,7,1,1,1,4,1,1,1,3,2,1,2,3,2,1,2,1,3,1,356068,1,8,9,8,1208,1,1,1,2,45,1,356,7,1740,Married,4,Early childhood education (ISCED 0) / no education,Full time (30 hours a week or more),"Professional and technical (for example: doctor, teacher, engineer, artist, accountant, nurse)",1,1,Upper middle class,Hindu,IN: Hindu (Other Backward Castes)
2,2,2,3,1,1,1,2,1,1,3,1,2,2,1,2,2,2,7,3,1,1,1,1,1,1,1,1,1,1,1,1,1,1,1,1,1,4,1,1,1,1,1,1,2,5,1,2,1,2,2,3,3,2,2,1,1,1,1,2,4,1,356067,2,1,4,2,2024,1,2,1,2,44,1,356,6,1740,Living together as married,3,Primary education (ISCED 1),Homemaker not otherwise employed,"Farm worker (for example: farm labourer, tractor driver)",2,2,Working class,Hindu,IN: Hindu (Scheduled Castes)
3,4,3,3,2,1,1,1,2,4,1,2,1,1,1,1,1,2,6,4,2,3,1,5,1,-1,-1,1,1,8,5,6,7,1,1,1,6,6,5,5,6,4,6,1,1,1,1,3,1,1,2,2,6,1,2,1,0,0,2,2,4,2,356116,3,5,10,7,4108,1,1,1,1,42,1,356,5,3540,Married,3,Upper secondary education (ISCED 3),Self employed,"Sales (for example: sales manager, shop owner, shop assistant, insurance agent, buyer)",2,1,Lower middle class,Sikhism,IN: Hindu (Other Backward Castes)
3,3,2,3,2,2,1,1,2,2,3,2,2,-1,2,2,2,2,8,2,4,1,1,1,1,5,1,5,3,4,1,5,-1,1,4,1,1,1,1,1,1,1,1,4,1,1,2,2,2,2,4,4,6,2,2,2,1,2,2,1,2,2,356116,4,5,8,6,6098,1,1,1,1,64,1,356,8,1740,Married,3,Master or equivalent (ISCED 7),Retired/pensioned,"Higher administrative (for example: banker, executive in big business, high government official, union official)",1,2,Lower middle class,Hindu,IN: Hindu (Other Backward Castes)
4,4,3,3,2,1,1,2,3,3,3,2,2,1,3,5,2,3,10,3,2,2,1,1,1,1,1,1,1,10,1,3,1,1,1,1,2,3,1,2,10,1,1,1,3,2,2,2,2,2,3,4,4,2,2,1,0,0,0,4,4,1,356068,3,10,10,8,4108,1,1,1,1,41,1,356,5,3540,Married,2,Upper secondary education (ISCED 3),Self employed,"Skilled worker (for example: foreman, motor mechanic, printer, seamstress, tool and die maker, electrician)",3,1,Lower middle class,Sikhism,IN: Hindu (Other Backward Castes)
2,1,4,3,3,1,4,2,3,1,4,1,2,2,1,2,4,2,9,1,9,4,2,1,1,1,1,1,1,1,1,1,1,1,1,1,1,1,1,1,1,1,1,1,2,1,1,1,1,1,4,2,3,1,1,4,1,1,2,2,1,1,356068,1,8,2,8,1208,1,1,1,2,28,1,356,6,1740,Married,2,Master or equivalent (ISCED 7),Homemaker not otherwise employed,Never had a job,2,2,Upper middle class,Hindu,IN: General
3,1,3,4,2,3,1,2,2,1,2,2,3,1,4,2,2,3,10,2,2,1,3,1,3,2,3,1,3,1,2,1,3,1,3,1,3,1,3,1,3,1,3,1,1,5,1,3,1,2,1,1,1,2,2,4,1,1,2,3,1,2,356068,3,7,10,10,1122,1,2,1,2,55,1,356,6,1740,Married,3,Lower secondary education (ISCED 2),Homemaker not otherwise employed,"Farm worker (for example: farm labourer, tractor driver)",2,2,Lower middle class,Hindu,IN: Hindu (Other Backward Castes)
4,1,4,4,2,2,1,2,2,2,2,2,2,-1,1,2,1,3,10,1,4,1,1,1,1,1,1,1,1,1,1,1,1,1,1,1,1,1,1,1,1,1,1,1,2,1,1,2,1,1,1,3,3,1,2,3,0,1,0,4,1,1,-1,2,4,10,10,4108,1,1,1,2,30,1,356,7,3540,Living together as married,1,Doctoral or equivalent (ISCED 8),Full time (30 hours a week or more),"Professional and technical (for example: doctor, teacher, engineer, artist, accountant, nurse)",1,2,Upper middle class,Sikhism,IN: General
4,3,3,2,1,2,1,2,1,2,2,4,1,1,1,1,1,2,1,2,1,1,1,1,1,1,1,2,1,1,1,1,1,1,1,1,1,1,1,1,1,1,1,1,1,1,1,2,2,2,1,1,6,2,2,1,1,2,1,-1,2,-1,5,4,1,10,10,6065,1,1,1,2,27,1,356,3,1740,Married,1,Lower secondary education (ISCED 2),Homemaker not otherwise employed,Never had a job,3,2,Working class,Hindu,IN: Hindu (Other Backward Castes)
4,2,2,1,1,1,1,2,1,2,3,2,1,1,1,2,1,2,7,1,3,3,1,1,1,1,1,1,1,1,1,1,1,1,6,4,1,1,1,1,1,1,1,8,2,1,1,4,2,2,2,2,4,2,1,1,1,2,1,1,2,1,356068,2,6,5,7,1122,2,2,1,1,30,1,356,4,1740,Married,1,Bachelor or equivalent (ISCED 6),Full time (30 hours a week or more),"Sales (for example: sales manager, shop owner, shop assistant, insurance agent, buyer)",2,1,Lower middle class,Hindu,IN: Hindu (Other Backward Castes)
1,4,1,1,1,1,1,2,4,2,3,4,1,1,1,1,1,2,4,4,1,1,2,1,1,1,1,1,1,1,1,1,1,1,1,1,1,1,1,1,1,1,1,1,5,5,1,2,2,2,2,1,3,2,2,1,2,2,2,4,4,2,356067,2,9,6,2,2024,1,2,1,2,49,1,356,11,1740,Married,3,Primary education (ISCED 1),Homemaker not otherwise employed,"Farm worker (for example: farm labourer, tractor driver)",2,2,Lower class,Hindu,IN: Hindu (Scheduled Castes)
4,4,4,4,1,3,1,1,3,2,2,2,2,2,3,2,1,1,10,4,1,1,1,1,1,1,1,1,1,1,1,1,1,1,1,1,1,1,1,1,1,1,1,3,1,1,1,2,2,2,3,4,6,2,2,1,1,2,0,2,4,4,-1,2,7,7,7,4108,1,1,1,1,36,1,356,6,3540,Living together as married,2,Bachelor or equivalent (ISCED 6),Full time (30 hours a week or more),"Skilled worker (for example: foreman, motor mechanic, printer, seamstress, tool and die maker, electrician)",3,1,Working class,Sikhism,IN: Hindu (Scheduled Castes)
3,2,3,2,1,1,1,1,1,2,2,2,2,1,1,1,1,2,10,1,1,1,1,1,1,1,1,1,1,1,1,1,1,1,1,1,1,1,1,1,1,1,1,1,1,5,1,4,-1,1,1,3,1,2,2,1,2,2,2,4,1,4,356068,1,10,10,10,6065,1,1,1,1,50,1,356,4,1740,Married,3,Primary education (ISCED 1),Self employed,"Farm owner, farm manager",2,1,Working class,Hindu,IN: Hindu (Other Backward Castes)
2,2,2,2,2,2,2,1,2,2,2,3,3,1,2,2,3,2,1,3,2,2,2,2,2,2,2,2,2,2,2,2,2,2,2,2,2,2,1,1,1,1,1,1,2,4,1,1,1,1,2,2,3,1,2,3,1,2,1,4,4,3,356068,1,0,0,1,6065,1,1,1,1,37,1,356,3,1740,Married,1,Primary education (ISCED 1),Unemployed,"Farm worker (for example: farm labourer, tractor driver)",2,1,Lower middle class,Hindu,IN: Hindu (Other Backward Castes)
2,1,3,4,4,1,1,2,2,1,2,2,2,2,2,3,3,2,5,2,2,1,1,1,1,1,1,1,1,1,1,1,1,2,1,1,1,1,1,1,1,1,2,1,2,1,1,1,1,1,4,4,6,2,2,4,2,2,1,1,1,2,-1,4,5,0,6,6098,1,1,1,1,41,1,356,9,1740,Married,2,Bachelor or equivalent (ISCED 6),Full time (30 hours a week or more),"Service (for example: restaurant owner, police officer, waitress, barber, caretaker)",1,1,Lower middle class,Hindu,IN: Hindu (Other Backward Castes)
4,4,4,4,1,1,2,2,2,4,3,2,1,1,1,1,1,3,10,4,1,1,1,1,1,10,1,1,1,1,1,2,1,1,1,1,1,1,1,1,1,1,1,1,1,1,1,2,1,1,1,1,1,2,1,1,2,2,2,4,4,1,356068,1,7,8,4,8046,1,1,1,1,33,1,356,8,1740,Married,2,Lower secondary education (ISCED 2),Unemployed,"Sales (for example: sales manager, shop owner, shop assistant, insurance agent, buyer)",2,1,Lower middle class,Hindu,IN: General
4,2,1,2,1,1,1,2,1,2,3,3,1,2,1,5,1,1,10,3,2,2,1,2,2,1,1,1,1,10,1,7,1,1,1,1,1,1,1,1,1,1,1,1,2,5,1,1,1,1,3,3,1,2,2,1,2,2,2,2,3,1,5,2,7,8,6,2024,1,2,1,1,62,1,356,6,1740,Living together as married,2,Lower secondary education (ISCED 2),Retired/pensioned,"Unskilled worker (for example: labourer, porter, unskilled factory worker, cleaner)",2,2,Working class,Hindu,IN: Hindu (Scheduled Castes)
4,2,2,3,2,1,4,2,2,1,3,3,1,2,3,2,4,2,5,2,1,1,1,1,1,5,1,5,1,5,1,5,1,1,5,1,1,5,1,1,1,1,1,6,1,1,1,3,2,2,4,4,3,2,2,1,0,2,0,2,1,4,356068,4,8,8,7,8008,1,2,1,2,24,1,356,7,1740,Living together as married,1,Bachelor or equivalent (ISCED 6),Homemaker not otherwise employed,Never had a job,3,2,Upper middle class,Hindu,IN: General
4,3,2,2,1,2,1,2,1,2,2,4,1,1,1,1,1,2,10,2,1,1,1,1,1,1,1,1,1,1,1,1,1,1,1,1,1,1,1,1,1,1,1,1,1,1,1,2,2,2,1,1,6,2,2,1,1,2,0,4,2,4,5,4,10,10,10,6065,1,1,1,1,58,1,356,6,1740,Married,4,Primary education (ISCED 1),Self employed,"Farm owner, farm manager",3,1,Upper middle class,Islam; nfd,IN: Hindu (Other Backward Castes)
3,2,4,4,-1,2,2,2,4,2,2,2,1,1,1,1,1,3,8,3,3,3,2,1,1,1,1,4,1,5,1,4,1,1,6,1,1,6,2,1,1,1,1,7,1,2,1,2,2,1,1,4,3,2,2,1,-1,-1,-1,4,2,1,356068,3,9,6,6,8046,1,1,1,2,52,1,356,4,1740,Married,2,Bachelor or equivalent (ISCED 6),Self employed,"Sales (for example: sales manager, shop owner, shop assistant, insurance agent, buyer)",2,2,Lower middle class,Hindu,IN: Hindu (Other Backward Castes)
2,4,1,4,3,1,2,2,1,4,3,4,1,1,1,1,1,2,9,2,1,3,1,1,1,1,1,1,1,3,3,4,1,1,1,3,1,3,1,1,1,1,1,1,2,5,1,2,2,2,3,1,4,2,1,1,2,2,2,4,4,2,5,4,10,10,1,2024,2,2,1,1,82,1,356,4,1740,Married,5,Early childhood education (ISCED 0) / no education,Retired/pensioned,"Farm worker (for example: farm labourer, tractor driver)",2,2,Lower class,Hindu,IN: Hindu (Scheduled Castes)
3,3,3,3,2,1,1,2,3,2,3,2,1,2,2,4,3,2,9,3,1,1,1,1,1,1,5,1,1,6,1,6,1,1,1,1,1,1,1,1,1,1,1,9,2,1,2,2,-1,2,2,4,1,-1,2,4,2,2,2,1,1,-1,356068,2,7,7,9,2024,1,2,1,2,37,1,356,4,1740,Married,2,Upper secondary education (ISCED 3),Part time (less than 30 hours a week),"Service (for example: restaurant owner, police officer, waitress, barber, caretaker)",3,2,Lower middle class,Hindu,IN: Hindu (Other Backward Castes)
4,2,2,4,1,1,1,2,4,2,3,2,1,2,1,1,1,2,10,2,2,2,2,2,2,1,1,1,1,2,1,1,1,1,1,1,1,5,1,1,1,1,1,1,1,1,3,3,1,1,2,3,2,2,2,1,1,1,1,2,2,4,356067,4,8,4,6,2024,1,2,1,2,33,1,356,6,1740,Living together as married,4,Primary education (ISCED 1),Homemaker not otherwise employed,Never had a job,2,2,Lower class,"Catholic, nfd",IN: Hindu (Scheduled Tribes)
2,1,3,3,1,1,2,1,3,1,2,2,2,2,3,1,2,2,3,1,4,5,4,5,4,5,5,4,5,5,5,5,5,5,5,5,5,5,5,5,5,5,5,4,3,1,2,1,1,1,1,2,2,1,2,2,1,1,1,4,1,2,356116,2,8,4,7,6065,1,1,1,1,36,1,356,4,1740,Married,1,Post-secondary non-tertiary education (ISCED 4),Part time (less than 30 hours a week),"Farm worker (for example: farm labourer, tractor driver)",3,1,Working class,Hindu,IN: General
4,2,4,3,1,1,1,2,2,4,4,3,1,-1,2,2,1,1,10,4,1,1,1,1,1,1,1,1,1,6,1,1,1,1,1,1,1,1,1,1,1,1,1,5,3,5,1,2,1,1,3,2,3,1,2,1,1,2,1,4,2,2,356067,3,10,5,7,4108,2,2,1,1,66,1,356,8,3540,Living together as married,3,Early childhood education (ISCED 0) / no education,Retired/pensioned,"Semi-skilled worker (for example: bricklayer, bus driver, cannery worker, carpenter, sheet metal worker, baker)",3,1,Lower middle class,Sikhism,IN: Hindu (Scheduled Castes)
2,2,2,2,1,1,1,2,3,2,2,2,3,1,1,2,2,1,1,2,3,3,2,2,2,2,2,2,2,2,3,2,7,2,2,2,2,2,2,2,2,2,2,2,3,2,1,2,1,1,1,2,2,1,2,3,1,1,1,4,2,3,356116,3,7,6,3,6065,1,1,1,1,33,1,356,7,1740,Married,2,Upper secondary education (ISCED 3),Self employed,"Farm owner, farm manager",1,1,Lower middle class,Hindu,IN: General
4,2,1,1,1,4,1,1,2,2,2,3,2,1,1,1,1,2,10,2,1,1,1,1,1,-1,-1,-1,-1,-1,1,1,1,1,1,1,1,1,1,1,1,1,1,1,1,1,1,2,2,2,2,1,1,2,1,5,2,2,2,1,1,3,356068,4,0,0,10,6098,1,1,1,1,42,1,356,7,1740,Married,5,Bachelor or equivalent (ISCED 6),Full time (30 hours a week or more),"Professional and technical (for example: doctor, teacher, engineer, artist, accountant, nurse)",1,1,Upper middle class,Hindu,IN: Hindu (Other Backward Castes)
2,3,1,4,1,1,1,2,1,3,3,2,1,1,1,1,1,3,7,1,6,6,6,4,4,3,4,4,3,3,3,3,3,3,3,3,3,2,3,2,3,3,3,3,5,5,3,4,1,1,1,4,4,2,1,1,1,2,1,2,1,1,356067,3,3,6,6,2024,1,2,1,1,50,1,356,2,1740,Living together as married,0,Primary education (ISCED 1),Self employed,"Semi-skilled worker (for example: bricklayer, bus driver, cannery worker, carpenter, sheet metal worker, baker)",2,1,Lower class,Hindu,IN: Hindu (Scheduled Castes)
2,2,1,1,2,2,1,1,4,2,1,1,2,1,2,2,3,2,2,3,1,1,1,1,1,1,1,1,1,1,1,1,1,1,1,1,1,1,1,1,1,1,1,1,2,2,1,1,1,1,1,2,3,1,1,2,2,1,2,3,2,3,356067,3,2,2,2,6065,1,1,1,1,28,1,356,4,1740,Married,3,Post-secondary non-tertiary education (ISCED 4),Retired/pensioned,"Sales (for example: sales manager, shop owner, shop assistant, insurance agent, buyer)",1,1,Working class,Hindu,IN: Hindu (Other Backward Castes)
4,1,3,3,1,3,1,1,2,4,2,2,1,2,3,3,4,1,10,3,1,1,1,1,1,4,1,5,1,5,1,1,1,1,1,1,1,4,1,1,1,1,1,5,1,1,1,2,1,1,3,2,6,2,2,3,1,0,0,2,1,2,-1,4,10,9,6,4108,1,2,1,1,30,1,356,5,3540,Living together as married,1,Doctoral or equivalent (ISCED 8),Full time (30 hours a week or more),"Professional and technical (for example: doctor, teacher, engineer, artist, accountant, nurse)",1,2,Upper middle class,Sikhism,IN: General
4,1,4,4,3,2,1,2,3,1,2,2,3,1,1,2,2,2,9,2,4,2,1,1,1,4,1,1,-1,3,1,1,1,1,3,1,1,2,1,1,1,1,1,1,1,2,1,3,1,1,1,2,1,2,2,1,2,2,2,3,2,2,356068,3,3,5,10,6366,1,1,1,1,37,1,356,4,1740,Married,2,Bachelor or equivalent (ISCED 6),Self employed,"Sales (for example: sales manager, shop owner, shop assistant, insurance agent, buyer)",2,1,Upper middle class,Hindu,IN: Hindu (Other Backward Castes)
2,2,1,1,2,1,1,2,2,2,2,2,2,1,1,1,1,2,10,2,10,10,1,1,1,1,1,1,1,1,1,1,1,1,1,1,1,1,1,1,1,1,1,1,1,1,1,3,2,2,1,1,1,2,1,5,2,2,2,2,2,4,356068,4,10,0,10,6098,1,1,1,2,38,1,356,8,1740,Married,6,Bachelor or equivalent (ISCED 6),Full time (30 hours a week or more),"Clerical (for example: secretary, clerk, office manager, civil servant, bookkeeper",1,2,Upper middle class,Hindu,IN: Hindu (Other Backward Castes)
4,1,2,3,2,1,3,2,3,2,2,2,2,-1,2,5,1,2,8,2,1,1,1,1,1,-1,1,6,-1,6,1,6,1,1,6,1,1,6,1,1,1,1,1,7,1,1,3,3,2,2,4,4,3,2,2,1,2,2,2,2,2,2,356068,4,6,1,5,6366,1,1,1,1,47,1,356,6,1740,Married,2,Upper secondary education (ISCED 3),Self employed,"Sales (for example: sales manager, shop owner, shop assistant, insurance agent, buyer)",2,1,Lower middle class,Hindu,IN: Hindu (Other Backward Castes)
4,4,3,3,1,1,2,2,4,2,2,2,4,1,1,1,1,2,7,2,1,3,1,1,4,1,1,5,1,7,1,5,1,1,1,1,1,3,1,1,1,1,1,1,1,1,1,3,2,2,2,1,4,2,2,1,2,2,2,3,2,4,356068,2,8,9,9,2024,1,2,1,2,28,1,356,6,1740,Married,2,Post-secondary non-tertiary education (ISCED 4),Part time (less than 30 hours a week),"Clerical (for example: secretary, clerk, office manager, civil servant, bookkeeper",2,2,Lower middle class,Hindu,IN: General
4,1,4,4,1,1,1,1,2,2,4,3,2,2,3,2,1,2,10,2,2,1,1,1,1,1,1,3,1,6,1,1,1,1,1,1,1,1,1,1,1,1,2,6,1,5,2,2,1,1,3,3,6,2,2,4,1,1,1,3,1,4,-1,3,8,8,5,4108,1,2,1,1,66,1,356,9,3540,Living together as married,3,Primary education (ISCED 1),Part time (less than 30 hours a week),"Sales (for example: sales manager, shop owner, shop assistant, insurance agent, buyer)",3,2,Lower middle class,Sikhism,IN: Hindu (Other Backward Castes)
4,1,2,2,2,1,3,2,3,1,3,2,3,2,3,5,1,2,8,2,1,1,1,1,1,-1,1,1,1,1,1,7,1,1,7,1,1,1,1,1,1,1,1,7,1,1,3,3,2,2,4,4,2,2,2,2,2,2,0,3,2,4,356067,4,5,1,6,6366,1,1,1,1,43,1,356,7,1740,Married,3,Bachelor or equivalent (ISCED 6),Self employed,"Sales (for example: sales manager, shop owner, shop assistant, insurance agent, buyer)",2,1,Lower middle class,Islam; nfd,IN: Hindu (Other Backward Castes)
4,2,1,3,3,3,2,2,2,2,3,2,1,2,1,1,1,2,6,2,6,5,8,5,2,3,3,4,3,3,2,6,2,1,1,1,1,1,1,1,1,1,2,1,5,1,1,2,1,1,3,3,4,2,2,5,1,2,1,1,2,1,356067,2,3,2,5,2024,1,2,1,1,29,1,356,6,1740,Living together as married,2,Bachelor or equivalent (ISCED 6),Full time (30 hours a week or more),"Professional and technical (for example: doctor, teacher, engineer, artist, accountant, nurse)",2,1,Lower middle class,Hindu,IN: General
4,1,2,3,3,2,3,2,1,2,3,1,1,2,1,5,1,2,10,1,1,1,1,1,1,1,1,1,1,9,1,1,1,1,1,1,1,1,1,1,1,1,1,1,1,1,1,2,2,2,4,4,6,2,2,5,2,2,2,4,2,3,-1,4,10,10,5,2024,1,2,1,1,64,1,356,8,1740,Widowed,4,Upper secondary education (ISCED 3),Retired/pensioned,"Sales (for example: sales manager, shop owner, shop assistant, insurance agent, buyer)",2,2,Lower middle class,Hindu,IN: General
4,2,1,1,1,1,1,1,2,1,2,2,2,1,1,1,1,2,10,2,1,1,1,1,1,1,1,1,1,1,1,1,1,1,1,1,1,1,1,1,1,1,1,1,1,1,1,3,2,2,2,1,2,2,1,5,2,2,2,2,1,4,356068,4,10,1,10,6098,1,1,1,1,48,1,356,8,1740,Married,2,Master or equivalent (ISCED 7),Full time (30 hours a week or more),"Higher administrative (for example: banker, executive in big business, high government official, union official)",3,2,Upper middle class,Hindu,IN: Hindu (Scheduled Castes)
4,3,3,4,3,3,2,2,4,1,2,2,4,1,1,1,1,2,9,1,1,1,1,1,3,1,1,1,1,2,1,1,1,1,1,1,1,5,1,5,1,1,4,1,1,1,1,3,1,1,2,1,1,1,2,1,2,2,2,1,1,1,356068,1,7,10,10,2024,1,2,1,2,32,1,356,7,1740,Married,2,Post-secondary non-tertiary education (ISCED 4),Self employed,"Sales (for example: sales manager, shop owner, shop assistant, insurance agent, buyer)",3,2,Upper middle class,Hindu,IN: General
1,3,2,2,1,2,1,2,2,2,1,1,3,2,1,1,1,1,3,3,2,4,3,3,3,3,3,3,3,3,3,3,3,3,3,3,3,3,3,3,3,3,3,3,2,1,2,1,1,1,1,2,3,2,2,1,2,1,1,4,3,2,356068,3,8,8,6,6065,1,1,1,1,49,1,356,6,1740,Married,4,Upper secondary education (ISCED 3),Part time (less than 30 hours a week),"Farm worker (for example: farm labourer, tractor driver)",2,1,Lower middle class,Hindu,IN: Hindu (Other Backward Castes)
4,1,1,2,1,2,1,2,2,2,4,1,1,2,1,2,1,1,6,1,6,5,5,4,7,5,4,3,3,3,3,2,3,3,3,3,3,2,3,3,3,1,1,5,4,1,1,2,2,1,2,2,4,2,2,1,2,1,2,3,1,1,356067,2,2,6,2,2024,1,2,1,2,33,1,356,6,1740,Living together as married,1,Bachelor or equivalent (ISCED 6),Homemaker not otherwise employed,Never had a job,2,2,Lower middle class,Hindu,IN: General
4,4,2,4,4,4,3,2,2,2,2,4,2,1,2,1,1,2,9,3,1,1,1,1,1,1,1,1,1,1,1,1,1,1,1,1,1,1,1,1,1,1,1,1,5,5,1,4,1,1,1,1,1,2,1,1,2,2,2,4,3,4,356067,2,10,9,7,2024,1,2,1,1,67,1,356,3,1740,Married,1,Primary education (ISCED 1),Self employed,"Sales (for example: sales manager, shop owner, shop assistant, insurance agent, buyer)",2,1,Lower middle class,Hindu,IN: General
3,2,1,1,3,3,1,2,2,2,2,4,2,1,1,1,1,2,10,1,10,1,1,1,1,1,1,1,-1,1,1,1,1,1,1,1,1,1,1,1,1,1,1,1,1,1,1,3,2,2,1,1,4,2,1,5,2,2,2,4,1,3,5,1,10,0,10,6098,1,1,1,2,37,1,356,7,1740,Married,2,Bachelor or equivalent (ISCED 6),Full time (30 hours a week or more),"Unskilled worker (for example: labourer, porter, unskilled factory worker, cleaner)",1,2,Upper middle class,Hindu,IN: Hindu (Scheduled Castes)
4,4,3,3,2,3,1,2,2,2,2,2,2,2,3,5,2,3,10,4,1,5,1,1,1,1,1,4,1,9,1,3,1,1,1,1,2,1,1,1,10,1,1,1,4,1,1,2,2,2,2,2,1,2,2,1,0,0,0,4,4,1,356068,2,10,10,9,4108,1,2,1,2,40,1,356,4,3540,Living together as married,1,Master or equivalent (ISCED 7),Student,Never had a job,3,2,Lower middle class,Sikhism,IN: Hindu (Other Backward Castes)
2,4,3,3,4,4,4,2,2,4,3,3,2,2,3,5,2,2,5,4,7,5,6,4,3,7,6,4,6,6,1,6,6,1,1,1,5,6,6,4,6,1,1,1,2,2,1,4,2,2,3,3,6,2,1,4,1,0,1,2,3,3,356068,3,6,5,7,4108,1,2,1,2,36,1,356,7,3540,Married,2,Upper secondary education (ISCED 3),Full time (30 hours a week or more),"Professional and technical (for example: doctor, teacher, engineer, artist, accountant, nurse)",1,2,Lower middle class,Sikhism,IN: Hindu (Scheduled Castes)
2,2,2,1,1,1,1,2,2,2,1,1,3,1,2,2,2,2,2,2,4,4,4,3,3,2,3,3,3,4,4,2,2,2,2,2,2,2,3,2,1,2,2,2,2,2,1,1,1,1,1,2,2,1,2,2,2,2,2,3,2,3,356067,2,1,1,2,6065,1,2,1,2,28,1,356,6,1740,Married,2,Upper secondary education (ISCED 3),Retired/pensioned,"Clerical (for example: secretary, clerk, office manager, civil servant, bookkeeper",2,2,Working class,Hindu,IN: Hindu (Other Backward Castes)
4,1,1,1,1,1,1,2,2,2,2,3,2,2,3,4,1,3,10,1,1,1,2,1,1,1,3,4,1,6,1,1,1,1,1,1,1,1,1,1,1,1,1,5,1,1,1,2,1,1,3,3,4,2,2,1,1,0,0,1,1,4,356067,3,6,10,9,4108,1,2,1,1,28,1,356,5,3540,Living together as married,1,Bachelor or equivalent (ISCED 6),Full time (30 hours a week or more),"Sales (for example: sales manager, shop owner, shop assistant, insurance agent, buyer)",2,2,Lower middle class,Sikhism,IN: Hindu (Other Backward Castes)
2,1,2,1,2,1,2,1,2,2,2,2,2,2,2,3,3,1,3,2,2,2,2,2,2,2,2,2,2,2,2,2,2,2,2,2,2,2,2,2,2,1,2,2,2,1,2,1,1,1,1,1,3,1,2,2,1,1,1,4,1,3,356068,2,9,9,2,6065,1,2,1,1,58,1,356,7,1740,Married,3,Upper secondary education (ISCED 3),Part time (less than 30 hours a week),"Farm owner, farm manager",1,1,Working class,Hindu,IN: Hindu (Other Backward Castes)
3,3,3,3,1,1,1,2,3,3,3,-1,4,1,2,1,2,2,3,2,1,1,1,1,1,1,1,5,1,8,1,1,1,1,1,1,1,1,1,1,1,1,1,6,1,1,2,3,-1,-1,3,-1,6,-1,2,1,2,2,2,2,1,1,356068,4,7,5,8,6098,1,2,1,1,35,1,356,6,1740,Living together as married,3,Bachelor or equivalent (ISCED 6),Full time (30 hours a week or more),"Professional and technical (for example: doctor, teacher, engineer, artist, accountant, nurse)",1,1,Upper middle class,Hindu,IN: Hindu (Other Backward Castes)
4,2,2,3,4,4,1,2,2,3,2,2,2,1,3,5,2,1,10,4,1,1,1,1,1,1,1,4,1,10,1,5,1,1,1,1,1,1,1,1,4,1,1,1,1,5,2,2,2,2,3,4,6,2,2,1,0,0,0,4,4,1,356116,3,10,9,7,4108,1,2,1,1,70,1,356,7,3540,Living together as married,3,Primary education (ISCED 1),Self employed,Never had a job,3,2,Lower middle class,Sikhism,IN: Hindu (Other Backward Castes)
2,2,2,1,1,1,1,1,2,2,3,2,2,2,1,2,2,1,1,2,2,1,1,1,1,1,1,1,1,1,1,1,1,1,2,1,2,1,1,1,1,1,1,1,2,1,1,1,1,1,1,1,2,1,2,2,2,2,2,3,2,3,356067,2,1,1,1,6065,1,2,1,1,47,1,356,5,1740,Married,3,Upper secondary education (ISCED 3),Self employed,"Farm owner, farm manager",2,1,Working class,Hindu,IN: General
2,1,2,2,2,2,2,2,3,1,1,2,3,2,2,2,2,2,2,1,3,4,4,4,5,4,4,3,3,3,3,3,4,4,3,2,3,3,3,3,3,3,3,8,3,2,1,1,1,1,1,2,3,1,2,2,1,1,1,3,1,3,5,3,6,7,4,6065,1,2,1,1,66,1,356,10,1740,Widowed,5,Primary education (ISCED 1),Homemaker not otherwise employed,"Farm worker (for example: farm labourer, tractor driver)",2,2,Working class,Hindu,IN: Hindu (Other Backward Castes)
4,3,4,4,2,2,1,2,2,3,2,2,2,2,3,5,2,3,10,3,1,1,1,1,2,1,1,4,2,9,1,3,2,1,1,1,3,1,1,1,10,1,1,1,1,5,2,2,2,2,3,3,3,2,2,1,0,0,1,4,3,1,356068,2,10,10,5,4108,1,1,1,1,61,1,356,6,3540,Married,4,Upper secondary education (ISCED 3),Self employed,"Sales (for example: sales manager, shop owner, shop assistant, insurance agent, buyer)",3,2,Upper class,Hindu,IN: General
2,1,2,2,2,2,2,2,3,1,1,2,3,2,2,2,2,2,2,1,3,4,4,4,5,4,4,3,3,3,3,3,4,4,3,2,3,3,3,3,3,3,3,8,3,2,1,1,1,1,1,2,3,1,2,2,1,1,1,3,1,3,5,3,6,7,4,6065,1,2,1,1,66,1,356,10,1740,Widowed,5,Primary education (ISCED 1),Homemaker not otherwise employed,"Farm worker (for example: farm labourer, tractor driver)",2,2,Working class,Hindu,IN: Hindu (Other Backward Castes)
4,3,3,3,1,2,1,2,1,2,2,4,1,1,1,1,1,2,10,2,1,1,1,1,1,1,1,1,1,1,1,1,1,1,1,1,1,1,1,1,1,1,1,1,1,1,1,2,2,2,1,1,2,2,2,2,1,2,1,4,2,4,5,4,10,10,1,6065,1,2,1,1,30,1,356,3,1740,Married,1,Upper secondary education (ISCED 3),Self employed,"Unskilled worker (for example: labourer, porter, unskilled factory worker, cleaner)",3,1,Working class,Islam; nfd,IN: Hindu (Other Backward Castes)
2,2,2,2,1,1,2,2,2,2,2,2,3,1,2,3,3,2,3,3,2,2,1,1,1,1,1,1,1,1,1,1,1,1,1,1,1,1,1,1,1,1,1,1,2,1,2,2,2,1,2,1,4,2,1,2,1,1,1,3,2,4,356067,2,6,7,2,6065,1,2,1,1,56,1,356,10,1740,Married,6,Upper secondary education (ISCED 3),Homemaker not otherwise employed,"Farm owner, farm manager",1,1,Working class,Islam; nfd,IN: Hindu (Other Backward Castes)
4,3,3,2,1,1,1,2,1,2,2,4,1,1,1,1,1,2,10,2,1,1,1,1,1,1,1,1,1,1,1,1,1,1,1,1,1,1,1,1,1,1,1,1,1,1,1,2,2,2,1,1,2,2,2,1,1,2,0,4,2,4,5,4,10,10,1,6065,1,2,1,2,40,1,356,6,1740,Married,4,Primary education (ISCED 1),Homemaker not otherwise employed,"Sales (for example: sales manager, shop owner, shop assistant, insurance agent, buyer)",2,2,Working class,Hindu,IN: Hindu (Other Backward Castes)
4,3,3,3,1,1,1,2,1,2,2,4,1,1,1,1,1,2,10,2,1,1,1,1,1,1,1,1,1,1,1,1,1,1,1,1,1,1,1,1,1,1,1,1,1,1,1,2,2,2,1,1,2,2,2,1,0,2,1,4,2,4,5,4,10,10,1,6065,1,2,1,2,45,1,356,6,1740,Married,4,Lower secondary education (ISCED 2),Homemaker not otherwise employed,Never had a job,3,2,Working class,Islam; nfd,IN: Hindu (Other Backward Castes)
4,3,3,2,1,2,1,2,1,2,3,4,1,1,1,1,1,2,10,2,1,1,1,1,1,1,1,1,1,1,1,1,1,1,1,1,1,1,1,1,1,1,1,1,1,1,1,2,2,2,1,1,2,2,2,1,1,2,0,4,2,4,5,4,10,1,1,6065,1,2,1,1,36,1,356,4,490,Married,2,Upper secondary education (ISCED 3),Self employed,"Unskilled worker (for example: labourer, porter, unskilled factory worker, cleaner)",3,1,Upper middle class,Islam; nfd,IN: Hindu (Other Backward Castes)
4,3,3,3,1,2,1,2,1,2,2,4,1,1,1,1,1,2,1,2,1,1,1,1,1,1,1,1,1,1,1,1,1,1,1,1,1,1,1,1,1,1,1,1,1,1,1,2,2,2,1,1,2,2,2,1,0,2,1,4,3,4,5,4,10,10,1,6065,1,2,1,1,28,1,356,2,1740,Married,0,Upper secondary education (ISCED 3),Self employed,"Farm worker (for example: farm labourer, tractor driver)",3,1,Lower middle class,Hindu,IN: Hindu (Other Backward Castes)
4,3,3,2,1,2,1,2,1,2,2,4,1,1,1,1,1,2,1,2,1,1,1,1,1,1,1,1,1,1,1,1,1,1,1,1,1,1,1,1,1,1,1,1,1,1,1,2,2,2,1,1,6,2,2,1,1,2,1,4,2,-1,5,4,10,10,1,6065,1,2,1,2,45,1,356,4,1740,Married,2,Lower secondary education (ISCED 2),Homemaker not otherwise employed,Never had a job,3,2,Upper middle class,Hindu,IN: Hindu (Other Backward Castes)
4,3,3,2,1,2,1,2,1,2,2,4,1,1,1,1,1,2,1,2,1,1,1,1,1,1,1,1,1,1,1,1,1,1,1,1,1,1,1,1,1,1,1,1,1,1,1,2,2,2,1,1,6,2,2,1,1,2,0,4,2,-1,5,4,10,10,1,6065,1,2,1,2,25,1,356,6,1740,Married,0,Upper secondary education (ISCED 3),Homemaker not otherwise employed,Never had a job,3,2,Upper middle class,Hindu,IN: Hindu (Other Backward Castes)
4,2,3,-1,3,3,-1,1,4,4,4,4,2,-1,1,3,3,2,4,2,1,1,1,1,1,1,2,5,-1,6,1,6,3,1,-1,1,3,5,1,1,1,1,1,1,1,1,1,2,-1,-1,2,1,2,2,2,1,2,2,2,4,2,2,356116,2,10,6,6,5056,1,1,1,2,35,1,356,5,4220,Married,3,Upper secondary education (ISCED 3),Full time (30 hours a week or more),"Clerical (for example: secretary, clerk, office manager, civil servant, bookkeeper",1,2,Lower middle class,"Catholic, nfd",IN: Hindu (Other Backward Castes)
4,2,3,3,2,2,1,1,3,2,2,-1,2,1,2,2,2,3,6,2,4,5,5,5,5,5,5,7,7,6,1,-1,1,1,3,4,4,4,4,4,3,2,-1,-1,1,5,1,-1,-1,1,2,-1,2,1,2,1,1,2,2,4,2,3,356068,2,8,8,6,5056,1,2,1,1,44,1,356,4,4220,Married,2,Lower secondary education (ISCED 2),Self employed,"Farm worker (for example: farm labourer, tractor driver)",2,1,Lower middle class,Hindu,IN: Hindu (Other Backward Castes)
4,1,3,3,2,2,1,2,3,1,2,2,3,2,2,1,2,3,10,2,1,1,1,1,1,5,10,1,-1,3,1,1,1,2,4,1,1,1,2,1,1,1,1,9,1,1,2,2,1,1,2,2,2,2,2,1,2,1,0,4,2,3,-1,4,7,7,9,5056,1,1,1,1,47,1,356,6,4220,Married,2,Upper secondary education (ISCED 3),Self employed,"Sales (for example: sales manager, shop owner, shop assistant, insurance agent, buyer)",2,1,Lower middle class,Hindu,IN: General
2,3,2,1,2,2,2,2,1,3,3,3,1,2,1,2,1,3,8,2,9,1,1,1,1,1,1,6,-1,1,1,1,1,1,1,1,1,1,1,1,1,1,1,1,1,1,1,4,1,1,1,1,1,2,2,1,1,2,2,4,3,1,356068,1,10,10,5,5056,1,1,1,1,74,1,356,7,4220,Married,3,Upper secondary education (ISCED 3),Unemployed,"Sales (for example: sales manager, shop owner, shop assistant, insurance agent, buyer)",2,2,Upper middle class,Hindu,IN: Hindu (Other Backward Castes)
-1,1,4,1,1,2,1,1,3,1,1,1,3,1,2,1,2,2,4,1,4,5,5,8,8,9,9,4,5,5,-1,4,9,4,10,4,9,3,8,3,9,3,10,3,4,3,3,2,-1,1,-1,-1,4,1,1,4,2,1,1,2,1,4,356115,1,2,3,8,4108,1,2,1,2,36,1,356,12,490,Living together as married,0,Master or equivalent (ISCED 7),Part time (less than 30 hours a week),"Higher administrative (for example: banker, executive in big business, high government official, union official)",1,1,Upper class,Hindu,IN: Hindu (Other Backward Castes)
4,2,2,3,4,2,2,2,2,2,2,3,2,-1,2,2,1,3,10,2,1,1,1,1,1,1,1,1,1,1,1,1,1,2,3,1,1,2,3,2,2,2,2,2,1,1,3,2,2,2,2,2,2,2,2,1,1,2,1,3,2,4,356068,2,10,7,6,5056,1,1,1,1,36,1,356,4,4220,Married,2,Master or equivalent (ISCED 7),Full time (30 hours a week or more),"Professional and technical (for example: doctor, teacher, engineer, artist, accountant, nurse)",1,1,Upper middle class,Hindu,IN: Hindu (Other Backward Castes)
4,2,2,3,4,4,3,2,4,2,2,3,3,2,3,1,1,1,9,3,1,1,1,1,1,1,1,1,1,1,1,1,1,1,1,1,1,1,1,1,1,1,1,1,1,1,2,2,1,1,-1,1,4,2,2,2,1,1,1,4,2,2,356068,4,5,8,8,5056,1,1,1,1,59,1,356,4,4220,Married,2,Master or equivalent (ISCED 7),Full time (30 hours a week or more),"Professional and technical (for example: doctor, teacher, engineer, artist, accountant, nurse)",1,2,Upper class,Hindu,IN: Hindu (Other Backward Castes)
4,1,2,2,1,2,1,2,1,1,3,3,1,1,1,1,1,3,10,1,7,2,1,3,4,4,1,1,1,1,1,1,1,1,1,1,1,2,5,3,3,2,1,7,1,1,1,2,-1,-1,2,1,1,2,2,1,2,2,2,4,1,2,356068,1,9,1,5,3113,1,2,1,1,48,1,356,5,2940,Married,2,Master or equivalent (ISCED 7),Self employed,"Farm owner, farm manager",2,1,Lower middle class,Hindu,IN: Hindu (Scheduled Castes)
-1,1,2,3,1,3,4,2,4,1,3,1,2,1,4,1,1,1,10,1,1,1,1,1,1,1,1,1,1,1,1,2,1,1,1,1,1,1,1,1,1,1,1,1,4,4,1,1,1,1,4,4,2,1,1,1,2,1,-1,2,1,1,356068,-1,2,0,10,3113,1,2,1,1,21,1,356,5,2940,Married,1,Lower secondary education (ISCED 2),Full time (30 hours a week or more),"Service (for example: restaurant owner, police officer, waitress, barber, caretaker)",3,1,Upper class,Hindu,IN: General
4,3,3,3,2,1,3,2,4,3,2,2,3,2,1,2,2,1,7,1,3,2,2,2,2,1,1,2,1,2,1,2,2,2,2,2,1,2,2,2,1,1,1,1,1,2,2,2,-1,-1,2,2,3,2,1,4,2,2,2,2,-1,1,356116,4,7,5,7,3075,2,1,1,2,36,1,356,10,2940,Married,2,Upper secondary education (ISCED 3),Full time (30 hours a week or more),"Sales (for example: sales manager, shop owner, shop assistant, insurance agent, buyer)",2,2,Lower middle class,Hindu,IN: Hindu (Scheduled Tribes)
4,2,3,3,-1,1,3,1,3,2,2,1,2,1,3,2,1,2,8,3,7,1,1,1,1,1,8,8,1,10,1,1,10,10,1,7,7,1,1,10,1,1,1,-1,1,-1,1,4,1,2,4,3,7,2,-1,1,-1,2,2,3,-1,2,356116,1,4,-1,5,3113,1,2,1,2,36,1,356,2,2940,Married,2,Bachelor or equivalent (ISCED 6),Self employed,"Skilled worker (for example: foreman, motor mechanic, printer, seamstress, tool and die maker, electrician)",2,2,Lower class,Hindu,IN: Hindu (Other Backward Castes)
1,4,4,4,4,1,3,2,4,1,3,3,3,1,1,1,1,2,10,2,5,1,1,1,8,1,1,1,1,1,1,1,1,1,1,1,1,8,5,1,1,1,1,10,5,5,1,4,1,1,-1,1,1,2,1,1,0,0,0,4,-1,1,356067,1,10,2,1,3113,2,2,1,2,28,1,356,6,2940,Married,4,Primary education (ISCED 1),Full time (30 hours a week or more),"Unskilled worker (for example: labourer, porter, unskilled factory worker, cleaner)",3,2,Working class,Hindu,IN: Hindu (Other Backward Castes)
3,2,3,3,-1,-1,1,2,3,2,3,3,3,2,1,1,1,-1,10,2,1,1,1,1,1,1,1,1,1,1,1,1,1,1,1,1,1,1,1,1,1,1,1,1,1,4,1,2,-1,-1,3,3,3,2,2,1,0,0,0,-1,2,2,356067,4,-1,10,-1,3075,1,1,1,2,19,1,356,4,2940,Married,2,Upper secondary education (ISCED 3),Unemployed,"Unskilled worker (for example: labourer, porter, unskilled factory worker, cleaner)",3,2,Lower class,Hindu,IN: Hindu (Scheduled Tribes)
4,3,3,3,1,1,1,2,2,3,3,3,1,1,4,3,4,1,5,3,1,1,1,1,1,10,8,9,1,10,5,9,6,1,6,1,1,1,1,1,6,1,1,6,1,1,3,1,2,2,4,4,5,-1,2,3,1,2,1,3,3,2,-1,4,7,5,5,5091,1,1,1,2,49,1,356,4,4220,Married,2,Master or equivalent (ISCED 7),Full time (30 hours a week or more),"Professional and technical (for example: doctor, teacher, engineer, artist, accountant, nurse)",1,2,Upper class,Hindu,IN: General
4,2,3,3,2,2,2,2,2,2,3,2,2,1,2,2,1,2,10,2,1,1,1,9,1,1,1,1,1,9,1,1,1,1,1,1,1,1,1,1,1,1,1,6,1,1,1,2,1,1,3,3,2,2,2,1,2,2,2,3,2,1,356068,4,5,8,5,3113,1,2,1,1,40,1,356,5,2940,Married,2,Upper secondary education (ISCED 3),Retired/pensioned,"Sales (for example: sales manager, shop owner, shop assistant, insurance agent, buyer)",2,1,Lower middle class,Hindu,IN: General
4,2,2,2,2,2,2,2,4,2,2,3,3,1,2,3,2,2,7,1,4,4,5,3,2,2,3,3,2,8,2,4,3,3,3,1,2,2,2,1,2,2,2,2,1,1,2,3,2,2,3,3,3,2,2,4,2,2,2,3,2,1,356068,4,7,8,6,3075,1,1,1,1,37,1,356,6,2940,Married,1,Bachelor or equivalent (ISCED 6),Full time (30 hours a week or more),"Service (for example: restaurant owner, police officer, waitress, barber, caretaker)",1,1,Lower middle class,Hindu,IN: Hindu (Scheduled Castes)
4,1,2,3,2,2,2,2,4,1,3,3,3,1,2,5,5,2,1,2,2,2,2,2,2,2,2,5,2,10,3,6,3,3,3,1,2,2,2,2,2,2,2,2,2,1,3,1,2,2,2,2,4,2,2,3,2,2,1,3,1,1,356068,4,7,6,6,3075,1,1,1,1,50,1,356,5,2940,Married,2,Upper secondary education (ISCED 3),Full time (30 hours a week or more),"Clerical (for example: secretary, clerk, office manager, civil servant, bookkeeper",1,1,Lower middle class,Hindu,IN: Hindu (Scheduled Tribes)
4,1,4,4,2,2,4,2,2,1,2,3,1,1,2,2,1,2,9,1,2,3,2,2,2,3,2,2,2,2,1,2,1,1,3,2,2,3,2,2,2,2,2,2,1,1,1,3,2,2,2,2,2,2,2,1,1,2,1,2,1,2,356067,1,7,7,8,3075,1,2,1,1,51,1,356,4,2940,Married,2,Bachelor or equivalent (ISCED 6),Self employed,"Unskilled worker (for example: labourer, porter, unskilled factory worker, cleaner)",3,1,Working class,Buddhist,IN: Hindu (Scheduled Castes)
3,2,2,2,1,1,1,2,1,2,3,2,1,1,3,2,1,2,5,3,1,1,1,1,1,-1,1,4,-1,-1,1,3,1,5,-1,2,2,4,1,1,1,1,1,-1,1,2,2,2,-1,1,2,3,1,2,2,1,1,1,2,3,4,2,356068,3,8,1,9,5091,1,1,1,2,27,1,356,5,4220,Married,2,Bachelor or equivalent (ISCED 6),Self employed,"Sales (for example: sales manager, shop owner, shop assistant, insurance agent, buyer)",2,2,Upper middle class,Hindu,IN: Hindu (Other Backward Castes)
4,4,3,3,-1,-1,1,2,1,4,3,3,1,2,4,5,5,2,10,4,1,1,1,1,1,1,1,1,1,9,1,1,1,1,1,1,1,1,1,1,1,1,1,1,1,5,1,4,2,2,4,4,6,2,2,5,0,0,0,3,4,2,356115,4,10,10,9,3075,1,2,1,1,62,1,356,6,2940,Married,3,Bachelor or equivalent (ISCED 6),Full time (30 hours a week or more),"Service (for example: restaurant owner, police officer, waitress, barber, caretaker)",2,1,Lower class,Hindu,IN: Hindu (Scheduled Tribes)
4,1,4,4,1,2,3,2,2,1,2,2,1,1,1,2,1,2,8,1,2,2,2,2,2,2,2,2,2,2,2,2,1,2,2,2,2,2,2,2,2,2,2,2,1,1,1,1,2,2,1,2,2,2,2,2,1,2,2,1,1,4,356067,2,6,6,8,3075,1,2,1,1,33,1,356,5,2940,Married,2,Lower secondary education (ISCED 2),Self employed,"Unskilled worker (for example: labourer, porter, unskilled factory worker, cleaner)",3,1,Lower class,Buddhist,IN: Hindu (Scheduled Castes)
4,2,2,4,2,1,2,2,3,2,3,2,2,2,4,2,1,3,9,2,1,1,1,1,1,1,1,1,1,6,1,5,1,1,4,1,1,6,1,1,1,1,1,6,2,1,4,2,1,1,3,2,4,2,2,1,2,2,2,4,2,3,356068,4,9,7,6,5056,1,2,1,1,40,1,356,10,4220,Married,2,Bachelor or equivalent (ISCED 6),Full time (30 hours a week or more),"Professional and technical (for example: doctor, teacher, engineer, artist, accountant, nurse)",1,1,Upper middle class,Hindu,IN: Hindu (Scheduled Tribes)
3,3,3,4,3,4,3,2,3,4,3,3,2,1,2,2,1,1,5,2,1,1,1,1,1,-1,1,9,-1,1,1,10,-1,8,1,5,5,6,1,1,-1,1,1,1,1,5,4,3,-1,-1,2,4,7,1,2,1,0,0,0,4,3,2,356115,3,3,10,8,5091,2,2,1,1,76,1,356,1,4220,Widowed,3,Early childhood education (ISCED 0) / no education,Unemployed,"Farm worker (for example: farm labourer, tractor driver)",1,1,Lower middle class,Hindu,IN: General
4,1,4,4,1,2,4,2,2,1,2,2,1,1,2,4,1,2,9,1,2,2,2,2,2,2,2,2,2,2,2,2,2,3,4,2,2,2,2,2,2,2,1,3,1,1,1,2,2,2,1,3,2,2,2,1,2,2,2,1,1,4,356067,2,5,6,8,3075,1,2,1,2,27,1,356,4,2940,Married,2,Upper secondary education (ISCED 3),Self employed,"Farm worker (for example: farm labourer, tractor driver)",3,2,Lower class,Hindu,IN: Hindu (Other Backward Castes)
4,1,2,1,1,1,1,2,1,1,4,4,2,1,2,2,1,3,9,1,3,4,4,2,2,1,1,1,1,1,1,2,2,2,2,2,1,3,1,2,4,4,1,2,1,5,1,4,1,1,2,2,3,1,1,3,0,0,0,2,1,1,356067,2,9,8,8,3113,1,2,1,1,39,1,356,7,2940,Married,2,Upper secondary education (ISCED 3),Part time (less than 30 hours a week),"Sales (for example: sales manager, shop owner, shop assistant, insurance agent, buyer)",2,1,Lower middle class,Hindu,IN: Hindu (Scheduled Castes)
4,1,2,4,1,1,1,2,2,1,2,2,1,1,-1,4,2,2,10,1,1,1,1,1,1,-1,-1,1,1,1,1,1,1,1,1,1,1,1,1,1,1,1,1,6,1,1,1,2,2,2,3,3,4,2,1,5,1,2,2,2,2,2,356068,4,6,6,8,3113,1,2,1,1,45,1,356,5,2940,Married,3,Bachelor or equivalent (ISCED 6),Full time (30 hours a week or more),"Sales (for example: sales manager, shop owner, shop assistant, insurance agent, buyer)",2,1,Lower middle class,Hindu,IN: General
4,2,1,4,4,1,1,2,4,4,4,4,1,2,3,4,2,2,10,1,1,1,1,1,1,1,1,1,1,1,1,1,6,1,1,1,1,1,1,1,1,1,1,1,1,5,3,4,2,2,3,3,4,2,2,2,2,2,0,2,2,1,356068,4,10,4,10,5091,1,2,1,1,48,1,356,6,4220,Living together as married,2,Upper secondary education (ISCED 3),Full time (30 hours a week or more),"Farm worker (for example: farm labourer, tractor driver)",2,1,Working class,Hindu,IN: Hindu (Other Backward Castes)
4,2,4,4,-1,-1,4,2,4,1,3,3,4,1,-1,3,3,1,5,2,1,1,1,1,1,1,1,1,1,1,1,1,1,1,1,1,1,1,1,1,1,1,1,1,2,4,2,1,-1,-1,4,4,4,2,2,3,0,0,0,3,2,2,356068,4,9,9,9,3075,1,2,1,1,50,1,356,5,2940,Married,3,Upper secondary education (ISCED 3),Self employed,"Farm worker (for example: farm labourer, tractor driver)",2,1,Working class,Hindu,IN: Hindu (Other Backward Castes)
4,2,2,3,1,1,2,2,2,1,2,2,2,1,3,1,1,1,4,3,1,1,1,2,1,1,1,3,1,10,1,8,1,1,-1,1,1,1,1,1,1,1,1,3,2,5,1,4,2,2,3,3,2,2,2,2,1,2,2,-1,1,1,356068,-1,1,3,1,3113,1,2,1,2,31,1,356,2,2940,Married,2,Bachelor or equivalent (ISCED 6),Self employed,"Professional and technical (for example: doctor, teacher, engineer, artist, accountant, nurse)",2,2,Upper middle class,Hindu,IN: General
3,1,1,4,1,1,2,2,4,1,3,2,1,2,1,1,1,2,7,2,1,1,1,1,1,1,1,1,1,1,1,1,1,1,1,1,1,1,1,1,1,1,1,1,1,5,4,2,1,1,4,4,6,2,2,4,2,0,0,4,1,3,356067,4,10,10,1,5091,1,2,1,2,33,1,356,7,4220,Married,2,Post-secondary non-tertiary education (ISCED 4),Full time (30 hours a week or more),"Professional and technical (for example: doctor, teacher, engineer, artist, accountant, nurse)",2,2,Upper middle class,"Catholic, nfd",IN: Hindu (Scheduled Castes)
4,2,1,1,2,2,1,1,1,2,2,1,1,1,1,4,1,2,9,2,3,3,3,1,2,1,2,2,3,1,1,1,1,1,2,2,1,1,1,1,1,1,1,2,4,3,1,1,2,2,3,3,3,1,1,4,0,1,1,3,2,1,356068,2,9,8,10,3113,1,2,1,2,63,1,356,6,2940,Married,2,Upper secondary education (ISCED 3),Part time (less than 30 hours a week),"Sales (for example: sales manager, shop owner, shop assistant, insurance agent, buyer)",2,1,Upper middle class,Hindu,IN: General
4,3,1,2,2,3,1,2,2,3,3,3,1,1,2,1,1,2,10,2,1,1,1,1,1,1,1,1,1,1,1,5,6,1,1,1,1,6,1,1,1,1,1,1,1,4,1,4,-1,-1,4,4,1,2,2,5,0,1,1,2,2,1,5,1,1,10,10,5091,1,2,1,1,50,1,356,4,4220,Living together as married,2,Upper secondary education (ISCED 3),Full time (30 hours a week or more),"Professional and technical (for example: doctor, teacher, engineer, artist, accountant, nurse)",2,1,Lower middle class,Hindu,IN: Hindu (Other Backward Castes)
4,3,2,3,3,1,1,2,2,2,4,-1,1,1,3,2,2,2,7,3,1,5,1,1,1,-1,1,5,1,5,1,5,1,1,-1,1,1,5,1,1,1,1,1,4,1,2,2,2,-1,-1,2,3,2,2,2,2,2,2,2,2,3,2,356116,4,10,4,6,5091,1,1,1,2,28,1,356,6,4220,Married,3,Bachelor or equivalent (ISCED 6),Self employed,"Sales (for example: sales manager, shop owner, shop assistant, insurance agent, buyer)",2,2,Upper class,Hindu,IN: Hindu (Other Backward Castes)
4,1,4,4,1,2,4,2,2,1,2,2,1,1,3,4,1,2,9,1,1,2,2,3,2,2,2,2,1,1,1,4,2,3,4,3,1,5,1,1,1,1,1,1,1,5,1,3,2,2,3,3,2,2,2,1,2,2,2,2,1,4,356067,4,6,4,8,3075,1,2,1,1,65,1,356,5,2940,Married,3,Lower secondary education (ISCED 2),Self employed,"Unskilled worker (for example: labourer, porter, unskilled factory worker, cleaner)",3,1,Working class,Hindu,IN: Hindu (Scheduled Tribes)
4,1,2,2,1,1,1,2,1,2,3,3,1,1,2,1,2,2,8,1,3,3,2,2,1,2,1,2,2,3,1,2,3,3,2,2,1,1,2,3,3,3,2,2,1,1,1,2,2,2,2,2,3,-1,1,2,1,2,2,3,1,1,356068,1,7,9,9,3113,1,2,1,1,46,1,356,9,2940,Married,3,Upper secondary education (ISCED 3),Part time (less than 30 hours a week),"Farm owner, farm manager",2,1,Upper middle class,Hindu,IN: General
4,1,2,3,4,3,1,2,3,1,2,2,3,2,3,3,3,2,10,2,7,6,1,1,1,7,4,4,-1,7,1,8,5,2,8,5,3,6,2,1,2,1,1,8,2,1,4,2,-1,-1,3,4,4,2,2,1,1,0,1,4,1,2,356068,4,8,9,8,5056,1,2,1,1,40,1,356,4,4220,Married,2,Bachelor or equivalent (ISCED 6),Full time (30 hours a week or more),"Professional and technical (for example: doctor, teacher, engineer, artist, accountant, nurse)",1,1,Upper middle class,Hindu,IN: Hindu (Other Backward Castes)
4,1,1,2,1,1,1,2,2,1,3,3,1,-1,3,3,2,2,10,3,1,1,1,1,1,1,1,1,1,-1,1,1,1,1,1,1,1,1,1,1,1,1,1,1,1,1,1,2,2,2,3,3,1,2,-1,5,2,2,2,3,4,2,-1,3,10,10,6,3113,1,2,1,2,46,1,356,3,2940,Married,2,Post-secondary non-tertiary education (ISCED 4),Self employed,"Professional and technical (for example: doctor, teacher, engineer, artist, accountant, nurse)",1,1,Upper class,Hindu,IN: Hindu (Other Backward Castes)
4,3,2,2,-1,2,1,2,2,2,2,2,2,1,3,2,1,2,4,3,1,1,1,1,1,1,2,6,1,2,1,3,1,1,-1,1,1,5,1,1,1,1,1,8,2,5,2,2,-1,1,1,3,1,2,-1,3,1,1,2,3,4,4,356067,4,10,10,3,5091,1,1,1,2,43,1,356,5,4220,Married,2,Upper secondary education (ISCED 3),Homemaker not otherwise employed,"Clerical (for example: secretary, clerk, office manager, civil servant, bookkeeper",2,2,Upper class,Hindu,IN: General
4,1,4,4,1,2,4,2,2,1,2,2,1,1,3,2,1,2,10,1,1,2,2,2,3,2,3,2,3,2,1,1,1,4,5,4,1,5,1,1,1,1,1,4,1,5,1,3,2,2,3,3,1,2,2,1,2,2,2,2,1,2,356067,4,7,6,9,3075,1,2,1,1,30,1,356,5,2940,Married,2,Upper secondary education (ISCED 3),Self employed,"Farm worker (for example: farm labourer, tractor driver)",3,1,Working class,Hindu,IN: Hindu (Other Backward Castes)
4,1,4,4,4,4,4,2,-1,3,4,3,-1,2,2,1,1,2,2,2,2,7,4,3,7,3,6,4,7,3,7,5,5,4,6,3,6,3,6,3,6,3,6,4,2,2,1,1,2,2,4,3,2,2,1,1,-1,-1,-1,1,4,2,356068,3,5,2,6,3075,2,1,1,2,50,1,356,4,2940,Widowed,2,Early childhood education (ISCED 0) / no education,Self employed,Never had a job,2,1,Lower class,Hindu,IN: Hindu (Other Backward Castes)
2,3,3,1,2,1,2,2,3,2,3,2,1,1,3,2,2,2,4,3,1,1,1,1,1,1,1,1,1,1,1,1,1,1,1,1,1,4,1,1,1,1,1,3,1,3,1,4,-1,2,1,3,4,2,2,2,1,2,2,1,1,1,5,-1,-1,1,8,3113,1,2,1,2,50,1,356,7,490,Married,3,Upper secondary education (ISCED 3),Self employed,"Semi-skilled worker (for example: bricklayer, bus driver, cannery worker, carpenter, sheet metal worker, baker)",2,1,Lower middle class,Hindu,IN: General
4,1,4,4,1,2,4,2,2,1,2,2,1,1,3,4,1,2,9,1,1,2,2,2,2,1,2,2,1,2,1,3,2,4,4,4,1,5,1,3,2,1,1,4,1,5,1,3,2,2,3,3,2,2,2,1,2,2,2,2,1,2,356068,4,6,4,7,3075,1,2,1,1,40,1,356,6,2940,Married,2,Upper secondary education (ISCED 3),Self employed,"Farm worker (for example: farm labourer, tractor driver)",3,1,Working class,Hindu,IN: Hindu (Other Backward Castes)
4,1,2,2,2,3,3,2,4,1,3,1,1,1,3,2,1,1,9,1,2,2,1,2,2,1,1,4,1,8,1,4,1,1,1,1,1,1,1,1,1,1,1,1,2,4,2,2,2,2,3,3,2,2,2,4,2,2,2,3,2,1,356067,3,10,9,9,3075,1,2,1,2,45,1,356,3,2940,Married,1,Upper secondary education (ISCED 3),Part time (less than 30 hours a week),"Service (for example: restaurant owner, police officer, waitress, barber, caretaker)",1,1,Lower middle class,Hindu,IN: Hindu (Scheduled Tribes)
4,1,4,4,4,4,-1,1,-1,2,3,3,-1,1,3,3,4,1,2,2,2,3,5,3,2,1,5,1,2,3,1,4,6,1,4,4,4,2,4,4,3,3,4,4,3,2,1,1,-1,-1,3,2,6,1,2,4,0,1,0,3,1,3,356068,4,3,4,3,3075,1,1,1,2,34,1,356,5,2940,Married,2,Early childhood education (ISCED 0) / no education,Self employed,Never had a job,2,1,Lower middle class,Hindu,IN: Hindu (Scheduled Castes)
4,2,3,4,1,-1,1,2,2,1,2,2,2,1,1,2,1,2,8,2,1,1,1,1,1,1,1,1,1,1,1,1,1,1,7,1,1,6,1,1,1,1,1,6,1,1,1,2,-1,-1,2,1,4,2,2,1,2,1,1,2,2,1,356068,-1,6,10,10,5056,1,2,1,1,46,1,356,5,4220,Married,2,Master or equivalent (ISCED 7),Homemaker not otherwise employed,"Professional and technical (for example: doctor, teacher, engineer, artist, accountant, nurse)",2,1,Upper middle class,Hindu,IN: General
4,1,3,4,4,3,3,1,4,2,3,3,3,2,3,1,2,2,10,4,1,1,1,1,1,1,1,1,1,9,1,10,1,1,1,1,1,1,1,1,1,1,1,8,1,1,3,2,2,2,4,4,7,2,2,5,2,2,0,4,2,3,5,4,10,10,7,5091,1,2,1,1,54,1,356,4,4220,Living together as married,2,Bachelor or equivalent (ISCED 6),Full time (30 hours a week or more),"Farm worker (for example: farm labourer, tractor driver)",2,1,Upper middle class,Hindu,IN: General
4,1,2,2,-1,1,1,2,2,1,3,2,1,1,2,2,1,2,5,2,1,1,1,1,1,1,1,1,-1,-1,1,1,1,1,1,1,1,1,1,1,1,1,1,-1,1,4,1,3,1,1,1,3,1,2,1,2,1,2,1,2,1,2,-1,2,10,10,6,5091,1,1,1,2,38,1,356,4,4220,Married,2,Upper secondary education (ISCED 3),Homemaker not otherwise employed,Never had a job,2,2,Upper middle class,Hindu,IN: Hindu (Other Backward Castes)
4,1,2,4,2,1,4,2,4,1,1,-1,2,2,4,1,2,-1,10,1,1,1,1,1,1,5,1,1,1,1,1,5,1,1,1,1,1,1,1,1,1,1,1,7,5,5,1,2,2,2,4,4,2,2,2,1,0,0,0,4,1,3,356067,-1,-1,-1,4,5091,1,2,1,2,44,1,356,3,4220,Married,1,Upper secondary education (ISCED 3),Part time (less than 30 hours a week),"Clerical (for example: secretary, clerk, office manager, civil servant, bookkeeper",1,1,Lower middle class,"Catholic, nfd",IN: Hindu (Scheduled Castes)
4,1,4,4,1,2,4,2,3,1,2,2,1,1,1,4,1,2,9,1,1,2,2,2,2,1,2,2,1,2,1,4,2,4,4,5,1,5,1,1,1,1,1,4,1,1,1,3,2,2,3,3,2,2,2,1,2,2,2,2,1,4,356116,4,6,6,7,3075,1,1,1,1,48,1,356,5,2940,Married,2,Upper secondary education (ISCED 3),Self employed,"Unskilled worker (for example: labourer, porter, unskilled factory worker, cleaner)",2,1,Working class,Hindu,IN: Hindu (Other Backward Castes)
4,1,4,4,4,4,4,1,1,1,-1,-1,1,2,1,3,1,1,10,1,1,1,1,1,1,-1,1,1,1,10,1,1,1,1,1,1,1,1,1,1,1,1,1,1,1,5,2,1,2,2,4,4,4,2,2,1,0,0,0,4,1,4,356068,4,10,10,3,5091,1,2,1,2,48,1,356,3,4220,Widowed,2,Upper secondary education (ISCED 3),Full time (30 hours a week or more),"Professional and technical (for example: doctor, teacher, engineer, artist, accountant, nurse)",1,1,Lower middle class,Hindu,IN: Hindu (Other Backward Castes)
4,2,1,2,3,1,1,2,1,1,2,2,2,1,2,2,2,1,10,2,1,1,1,1,1,1,1,1,-1,-1,-1,1,1,1,1,10,1,1,1,1,1,6,1,1,3,-1,3,3,2,2,3,3,2,2,2,3,1,1,1,4,3,2,356115,4,10,10,1,5091,1,1,1,1,61,1,356,3,4220,Married,2,Early childhood education (ISCED 0) / no education,Retired/pensioned,"Skilled worker (for example: foreman, motor mechanic, printer, seamstress, tool and die maker, electrician)",1,1,Working class,Hindu,IN: General
4,3,2,4,-1,1,1,2,1,2,3,-1,1,1,3,3,2,2,9,3,1,1,1,2,1,6,1,1,-1,1,-1,1,1,1,-1,1,1,7,1,1,1,1,1,-1,2,5,2,1,2,1,2,4,2,2,1,3,2,2,2,3,2,2,356116,4,10,10,7,5091,1,2,1,2,29,1,356,6,4220,Married,1,Upper secondary education (ISCED 3),Self employed,"Service (for example: restaurant owner, police officer, waitress, barber, caretaker)",3,2,Upper middle class,Hindu,IN: Hindu (Other Backward Castes)
3,4,3,4,1,1,-1,2,1,4,4,3,1,1,4,1,1,2,10,4,8,1,1,1,1,1,1,10,10,10,1,10,1,1,8,1,1,1,1,1,1,10,1,1,1,1,1,4,-1,1,3,3,4,2,2,5,2,2,1,4,4,1,356068,4,9,10,7,5091,1,2,1,1,34,1,356,4,4220,Living together as married,2,Upper secondary education (ISCED 3),Full time (30 hours a week or more),"Semi-skilled worker (for example: bricklayer, bus driver, cannery worker, carpenter, sheet metal worker, baker)",3,1,Working class,Hindu,IN: Hindu (Other Backward Castes)
4,4,4,3,1,3,1,1,4,1,3,3,4,2,4,5,1,2,10,4,1,1,1,1,1,1,1,1,1,10,10,10,1,1,1,1,1,1,1,1,1,1,1,10,2,1,1,1,2,-1,4,4,4,2,2,5,0,2,2,1,4,1,356067,4,1,10,10,5091,1,2,1,1,27,1,356,5,4220,Living together as married,0,Bachelor or equivalent (ISCED 6),Full time (30 hours a week or more),"Skilled worker (for example: foreman, motor mechanic, printer, seamstress, tool and die maker, electrician)",3,2,Lower middle class,Hindu,IN: Hindu (Other Backward Castes)
4,2,4,3,2,1,2,1,1,3,3,2,1,1,1,2,2,2,9,1,8,1,1,1,1,10,1,1,1,6,1,1,1,1,1,7,1,6,2,-1,1,1,5,1,5,5,1,4,1,2,2,1,2,2,2,2,2,2,2,1,2,4,356116,2,10,9,6,3113,2,2,1,2,46,1,356,6,2940,Married,3,Early childhood education (ISCED 0) / no education,Self employed,"Service (for example: restaurant owner, police officer, waitress, barber, caretaker)",2,1,Lower class,Hindu,IN: Hindu (Other Backward Castes)
4,3,1,3,3,3,4,2,2,2,3,2,1,1,1,1,1,2,3,3,1,1,1,1,1,1,1,1,-1,1,1,1,1,1,6,1,1,1,1,1,1,1,1,8,1,5,1,3,1,1,2,1,4,2,2,1,2,2,2,4,3,4,356067,4,10,10,5,5056,1,2,1,2,67,1,356,6,4220,Married,4,Primary education (ISCED 1),Retired/pensioned,"Sales (for example: sales manager, shop owner, shop assistant, insurance agent, buyer)",2,2,Upper middle class,Hindu,IN: Hindu (Other Backward Castes)
2,3,3,3,4,1,2,1,1,2,3,2,2,1,2,3,1,2,8,3,1,1,1,1,1,8,1,1,-1,-1,-1,6,1,1,-1,1,1,1,1,1,1,1,1,10,1,5,1,1,1,1,2,3,3,2,1,1,0,1,2,4,3,4,356116,3,10,5,8,5091,1,2,1,2,54,1,356,5,4220,Widowed,1,Lower secondary education (ISCED 2),Self employed,"Sales (for example: sales manager, shop owner, shop assistant, insurance agent, buyer)",2,2,Upper class,Hindu,IN: General
4,1,2,1,2,1,1,2,2,1,3,2,1,2,2,4,1,2,7,1,6,1,1,1,1,1,1,1,1,1,1,1,1,1,1,1,1,5,1,1,1,1,1,1,2,1,1,4,1,2,1,1,3,2,2,1,2,2,2,2,1,4,356068,2,5,5,6,3113,1,2,1,1,43,1,356,5,2940,Living together as married,2,Upper secondary education (ISCED 3),Part time (less than 30 hours a week),"Service (for example: restaurant owner, police officer, waitress, barber, caretaker)",3,1,Lower middle class,Hindu,IN: Hindu (Other Backward Castes)
4,3,2,3,-1,1,1,2,2,2,3,3,1,1,2,2,1,2,8,3,1,1,1,1,1,1,1,1,-1,1,1,1,1,1,-1,3,1,1,1,1,1,1,1,-1,2,5,1,2,1,1,2,3,2,2,1,1,-1,-1,-1,3,3,4,356116,2,10,10,8,5091,2,2,1,2,68,1,356,2,4220,Married,4,Early childhood education (ISCED 0) / no education,Homemaker not otherwise employed,"Farm worker (for example: farm labourer, tractor driver)",2,2,Upper middle class,Hindu,IN: Hindu (Scheduled Castes)
4,2,2,3,2,1,2,2,2,2,3,-1,1,1,3,2,2,2,9,3,1,1,1,1,1,1,1,1,1,1,1,1,1,1,1,1,1,4,1,1,1,1,1,-1,1,5,1,2,1,1,-1,2,2,2,2,3,1,1,1,3,3,2,356067,-1,10,7,7,5091,2,2,1,2,53,1,356,2,4220,Married,3,Primary education (ISCED 1),Self employed,"Farm worker (for example: farm labourer, tractor driver)",2,2,Lower class,Hindu,IN: Hindu (Scheduled Castes)
3,3,3,2,3,1,1,2,1,3,3,3,1,1,3,2,2,2,8,2,4,6,1,4,4,1,1,1,-1,1,1,1,1,1,1,6,1,5,1,1,1,1,1,-1,1,5,1,2,1,1,2,3,2,2,1,1,2,2,-1,3,4,3,356116,4,7,8,9,5091,2,2,1,2,62,1,356,1,4220,Widowed,3,Early childhood education (ISCED 0) / no education,Unemployed,"Unskilled worker (for example: labourer, porter, unskilled factory worker, cleaner)",2,2,Lower middle class,Hindu,IN: Hindu (Other Backward Castes)
4,2,3,3,3,3,2,1,1,1,3,2,1,1,2,1,1,2,8,3,1,4,1,1,1,1,1,5,-1,10,1,1,1,1,7,1,1,6,1,1,1,1,1,6,1,1,2,2,2,2,3,3,6,2,1,1,1,2,2,3,3,1,356067,4,8,7,8,5091,1,2,1,1,35,1,356,6,4220,Married,2,Bachelor or equivalent (ISCED 6),Full time (30 hours a week or more),"Professional and technical (for example: doctor, teacher, engineer, artist, accountant, nurse)",1,1,Lower middle class,Hindu,IN: General
3,2,1,3,3,3,2,2,2,2,2,2,1,1,3,2,1,2,4,2,1,1,1,1,1,-1,-1,6,1,5,1,1,1,6,1,1,1,6,4,1,1,1,1,5,1,-1,1,3,1,1,-1,-1,3,2,2,1,2,2,2,4,1,4,356116,4,10,6,6,5091,1,2,1,2,28,1,356,4,4220,Married,2,Bachelor or equivalent (ISCED 6),Self employed,"Skilled worker (for example: foreman, motor mechanic, printer, seamstress, tool and die maker, electrician)",2,2,Lower middle class,"Catholic, nfd",IN: Hindu (Scheduled Castes)
3,3,2,3,3,1,1,2,1,2,3,3,1,1,3,3,3,2,3,2,1,1,1,1,1,3,1,4,1,4,1,4,1,1,1,1,1,1,1,1,1,1,1,1,1,5,2,1,-1,-1,-1,4,2,2,2,2,1,2,2,3,4,2,356067,4,6,6,8,5091,1,2,1,2,21,1,356,5,4220,Married,2,Bachelor or equivalent (ISCED 6),Homemaker not otherwise employed,Never had a job,3,2,Upper middle class,Hindu,IN: Hindu (Other Backward Castes)
